row_id,paper_folder,field,reason,a_value,b_value,a_description,b_description,adjudicated_value,adjudicator_id,adjudication_note,gt_ambiguity
10.1037--edu0000095#flora_285,10.1037--edu0000095,replication_type,disagreement,direct,close extension,The Pathway Project cognitive strategies professional development program improves academic writing outcomes for secondary school Latinos and English learners,A cognitive strategies approach to text-based analytical writing improves the academic writing performance of mainstreamed Latino English learners and other secondary students.,,,,
10.1037--edu0000095#flora_285,10.1037--edu0000095,original_url,disagreement,,https://doi.org/10.3102/0002831212439434,The Pathway Project cognitive strategies professional development program improves academic writing outcomes for secondary school Latinos and English learners,A cognitive strategies approach to text-based analytical writing improves the academic writing performance of mainstreamed Latino English learners and other secondary students.,,,,
10.1002--npr2.70078#flora_17,10.1002--npr2.70078,replication_type,disagreement,direct,close extension,"Data-driven classification identifies a novel subtype of psychiatric disorders characterized by pronounced enlarged ventricles and cognitive impairment (EVCI), predominantly associated with schizophre",Patients with enlarged ventricles and cognitive impairment constitute a distinct psychiatric subgroup characterized by a high prevalence of schizophrenia.,,,,
10.1007--s11145-018-9858-1#flora_239,10.1007--s11145-018-9858-1,result,disagreement,inconclusive,success,Masked suffix priming facilitates processing of complex words relative to simple words in adults through overlapping suffixes between prime and target,"Morphologically complex target words show facilitation when preceded by primes sharing a derivational suffix, whereas simple target words do not show facilitation from merely sharing an orthographic e",,,,
10.1007--s11145-018-9858-1#flora_239,10.1007--s11145-018-9858-1,replication_type,disagreement,direct,close extension,Masked suffix priming facilitates processing of complex words relative to simple words in adults through overlapping suffixes between prime and target,"Morphologically complex target words show facilitation when preceded by primes sharing a derivational suffix, whereas simple target words do not show facilitation from merely sharing an orthographic e",,,,
10.1080--10510974.2018.1466718#flora_111,10.1080--10510974.2018.1466718,replication_type,disagreement,direct,close extension,The relationship between nonverbal immediacy behaviors and cognitive learning,"Instructor nonverbal immediacy behaviors are positively related to students' cognitive learning, including perceived learning and learning loss.",,,,
10.1080--10510974.2018.1466718#flora_112,10.1080--10510974.2018.1466718,replication_type,disagreement,direct,close extension,The relationship between student perceptions of instructor humor and students' reports of learning,Instructor humor orientation is positively related to instructor nonverbal immediacy.,,,,
10.1080--10510974.2018.1466718#flora_113,10.1080--10510974.2018.1466718,replication_type,disagreement,direct,close extension,The relationship of teacher clarity and immediacy with student cognitive learning,Instructor clarity is positively related to students' cognitive learning.,,,,
10.1111--j.1743-6109.2010.01970.x#flora_373,10.1111--j.1743-6109.2010.01970.x,replication_type,disagreement,close experiment,direct,The original FSFI study validated the six-factor structure and psychometric properties of the Female Sexual Function Index in a clinical sample; this replication evaluates whether those psychometric p,"The original FSFI has a six-factor structure corresponding to desire, arousal, lubrication, orgasm, satisfaction, and pain, with adequate psychometric properties.",,,,
10.17605--osf.io--ehjdm#flora_6,10.17605--osf.io--ehjdm,replication_type,disagreement,direct,close extension,Anchor precision influences the degree of adjustment in numerical estimates,"Greater precision in a numerical anchor causes less objective adjustment than a round anchor, with anchor precision influencing the degree of adjustment.",,,,
10.1521--pedi_2013_27_117#flora_443,10.1521--pedi_2013_27_117,result,audit_sample,success,success,Clark et al. (2003) found that both the changeable state and stable trait components of SNAP personality scales predict depressive symptoms in recurrent major depressive disorder patients receiving co,Stable trait and changeable state components of personality assessments among patients with recurrent major depressive disorder differentially predict depressive symptom levels and changes during cogn,,,,
10.1080--02619768.2014.882308#flora_310,10.1080--02619768.2014.882308,original_url,disagreement,,https://doi.org/10.1177/0146167205284288,"Psychological need satisfaction leads to self-determined motivation, which then influences dispositional variables (attitude, subjective norm, self-efficacy) and behavioral intention in the contexts o","Psychological need satisfaction predicts self-determined motivation, which predicts attitudes, subjective norms, perceived behavioral control or self-efficacy, and behavioral intentions in exercise an",,,,
10.1525--mp.2012.30.2.161#flora_93,10.1525--mp.2012.30.2.161,original_url,disagreement,,https://doi.org/10.1037/a0022406,"The original study claimed that musical preferences are structured by five orthogonal dimensions (Mellow, Unpretentious, Sophisticated, Intense, Contemporary); Study 3 tested whether this structure em","Musical preferences are structured by five dimensions resembling Mellow, Unpretentious, Sophisticated, Intense, and Contemporary even when the excerpts are drawn solely from the rock genre.",,,,
10.1007--s40732-020-00396-0#flora_482,10.1007--s40732-020-00396-0,replication_type,disagreement,direct,close experiment,The original study tested the effects of foreign tact and bidirectional intraverbal training on emergent verbal relations in teaching a foreign language vocabulary to adults.,Foreign tact and native-to-foreign intraverbal training are more effective than foreign-to-native intraverbal training in producing emergent verbal relations during foreign-language learning.,,,,
10.1007--s00426-019-01203-4#flora_105,10.1007--s00426-019-01203-4,result,disagreement,success,inconclusive,"Social threat (angry faces) causes lower heart rate and reduced body sway compared to neutral and happy faces, with the effect modulated by state anxiety","Viewing angry faces as a social threat induces a freezing response characterized by reduced heart rate, with the effect particularly pronounced among participants high in state anxiety.",,,,
10.1007--s10664-025-10739-6#flora_229,10.1007--s10664-025-10739-6,replication_type,disagreement,close experiment,close extension,The original lab study claimed that biometric sensors can predict the interruptibility of software developers with high accuracy (91.5%) in a controlled lab environment.,"Shorter time windows, particularly a 10-second window, produce better interruptibility-classification performance than longer time windows.",,,,
10.1002--smj.2905#flora_223,10.1002--smj.2905,replication_type,disagreement,close experiment,close extension,Women CEOs receive higher compensation than male CEOs,Female CEOs receive higher compensation than male CEOs because their minority status makes them a rare and valuable resource for their firms.,,,,
10.3389--fpsyg.2018.02476#flora_459,10.3389--fpsyg.2018.02476,replication_type,disagreement,direct,close experiment,"Bilingual adults show a smaller sequential congruency effect than monolingual adults, suggesting bilinguals more efficiently disengage attention from previous stimuli.","Bilingual adults show a smaller sequential congruency effect than monolingual adults, indicating more efficient disengagement of attention from previous stimuli.",,,,
10.1007--s10882-014-9400-6#flora_236,10.1007--s10882-014-9400-6,replication_type,disagreement,close experiment,direct,"Feeley et al. (2011) taught toddlers with Down syndrome to make requests using multiple opportunities, prompting, and social reinforcement","Prompting, multiple opportunities, and high rates of social reinforcement increase increasingly sophisticated social and instrumental requesting in toddlers with Down syndrome.",,,,
10.1097--acm.0000000000002311#flora_342,10.1097--acm.0000000000002311,replication_type,disagreement,direct,close extension,"The CRIT (Chief Resident Immersion Training) interspecialty educational intervention for chief residents in the care of older adults, originally developed at Boston Medical Center","The Chief Resident Immersion Training program improves chief residents' geriatric knowledge, clinical confidence, teaching skills, and interspecialty practice.",,,,
10.1158--1055-9965.epi-11-0870-t#flora_395,10.1158--1055-9965.epi-11-0870-t,result,audit_sample,failure,failure,Replication of the association between rs9600079 on chromosome 13q22 and prostate cancer risk in European-ancestry men,The original study claimed that the rs9600079 locus was associated with prostate cancer risk in men of Japanese ancestry.,,,,
10.1016--0163-6383(90)90029-8#flora_513,10.1016--0163-6383(90)90029-8,result,disagreement,success,failure,"Tactile/kinesthetic stimulation effects on preterm neonates' clinical course, weight gain, and sleep/wake behavior",Tactile/kinesthetic stimulation increases activity and produces more mature sleep/wake behaviors in preterm infants.,,,,
10.1016--0163-6383(90)90029-8#flora_513,10.1016--0163-6383(90)90029-8,replication_type,disagreement,close experiment,direct,"Tactile/kinesthetic stimulation effects on preterm neonates' clinical course, weight gain, and sleep/wake behavior",Tactile/kinesthetic stimulation increases activity and produces more mature sleep/wake behaviors in preterm infants.,,,,
10.1016--j.ynirp.2022.100147#flora_486,10.1016--j.ynirp.2022.100147,result,disagreement,success,inconclusive,NAcc response during gain anticipation does not differ between fibromyalgia patients and healthy controls,Whole-brain reward-related neural activity differs between fibromyalgia patients and healthy controls during monetary reward processing.,,,,
10.1016--j.ynirp.2022.100147#flora_486,10.1016--j.ynirp.2022.100147,replication_type,disagreement,direct,close extension,NAcc response during gain anticipation does not differ between fibromyalgia patients and healthy controls,Whole-brain reward-related neural activity differs between fibromyalgia patients and healthy controls during monetary reward processing.,,,,
10.1108--neje-04-2020-0005#flora_353,10.1108--neje-04-2020-0005,result,disagreement,inconclusive,failure,Participation in an international consulting project improves self-reported entrepreneurial competencies,Participation in an entrepreneurship education experience involving classroom instruction and international consulting fieldwork increases students' self-reported entrepreneurial competencies.,,,,
10.1108--neje-04-2020-0005#flora_353,10.1108--neje-04-2020-0005,replication_type,disagreement,conceptual,close extension,Participation in an international consulting project improves self-reported entrepreneurial competencies,Participation in an entrepreneurship education experience involving classroom instruction and international consulting fieldwork increases students' self-reported entrepreneurial competencies.,,,,
10.1108--neje-04-2020-0005#flora_353,10.1108--neje-04-2020-0005,original_url,disagreement,,https://doi.org/10.1111/jsbm.12023,Participation in an international consulting project improves self-reported entrepreneurial competencies,Participation in an entrepreneurship education experience involving classroom instruction and international consulting fieldwork increases students' self-reported entrepreneurial competencies.,,,,
10.1017--xps.2017.22#flora_279,10.1017--xps.2017.22,result,audit_sample,inconclusive,inconclusive,"The outcome of a college football game affects presidential approval, university satisfaction, and mood.","The outcome of a college football game affects students' negative mood, reducing negative mood among students at the winning school and increasing it among students at the losing school.",,,,
10.1371--journal.pone.0209704#flora_440,10.1371--journal.pone.0209704,result,disagreement,success,failure,"Participants obey an authority figure's instructions to administer electric shocks to a learner, entering an agentic state where they are insensitive to the victim's suffering.",Participants obey an authority figure by administering escalating electric shocks to a learner who gives incorrect answers and expresses distress.,,,,
10.1007--s11251-018-9451-7#flora_245,10.1007--s11251-018-9451-7,result,disagreement,failure,inconclusive,Subgoal labeled expository text interacts with subgoal labeled worked examples to improve problem solving performance in chemistry,Placing subgoal labels in both expository text and worked examples improves novel problem-solving performance more than placing labels in only one or neither type of instructional material.,,,,
10.1007--s10648-019-09468-2#flora_121,10.1007--s10648-019-09468-2,result,audit_sample,failure,failure,"Longhand note-taking produces superior immediate test performance compared to laptop note-taking for factual and conceptual questions (Mueller and Oppenheimer 2014, Experiment 2)","Mueller and Oppenheimer's Experiment 2 claimed that taking notes longhand rather than on a laptop improves immediate lecture-test performance, particularly on conceptual questions, and that laptop not",,,,
10.1525--collabra.216#flora_92,10.1525--collabra.216,result,disagreement,failure,success,Larger magnitude of vertical spatial difference in an organization chart causes stronger power judgments of a leader,A leader positioned vertically above another leader is judged as more powerful than a leader positioned at the same vertical level.,,,,
10.1525--collabra.216#flora_92,10.1525--collabra.216,replication_type,disagreement,close extension,close experiment,Larger magnitude of vertical spatial difference in an organization chart causes stronger power judgments of a leader,A leader positioned vertically above another leader is judged as more powerful than a leader positioned at the same vertical level.,,,,
10.5964--jnc.7047#flora_208,10.5964--jnc.7047,result,disagreement,failure,inconclusive,Bidirectional associations between executive function and math/literacy achievement from preschool to kindergarten,"The original study claimed that executive function prospectively predicted math achievement, but not literacy achievement, across kindergarten, within a broader pattern of reciprocal associations betw",,,,
10.17605--osf.io--ahcpw#fred_296,10.17605--osf.io--ahcpw,replication_type,disagreement,close experiment,close extension,Study 4 tested whether affect-poor (no-empathy) conditions yield scope-sensitive responses and affect-rich (empathy) conditions yield scope-insensitive responses in recommended prison sentence for a m,"In Study 4, sentencing judgments were expected to be scope-sensitive when participants received no empathy instruction and relatively scope-insensitive when participants received an empathy instructio",,,,
10.17605--osf.io--ahcpw#new145,10.17605--osf.io--ahcpw,replication_type,disagreement,close experiment,close extension,"The original study found that affect-rich targets (music book) produced scope-insensitive subjective valuation while affect-poor targets (cash) produced scope-sensitive valuation, as evidenced by a si","In Study 2, cash as an affect-poor target was expected to produce scope-sensitive willingness to work, whereas a music book as an affect-rich target was expected to produce scope-insensitive willingne",,,,
10.17605--osf.io--ahcpw#new146,10.17605--osf.io--ahcpw,replication_type,disagreement,close experiment,close extension,"The original study found that affect-rich presentation (pictures of pandas) produced scope-insensitive subjective valuation while affect-poor presentation (dots) produced scope-sensitive valuation, as","In Study 3, presenting pandas as affect-poor dots was expected to produce scope-sensitive donation judgments, whereas presenting pandas as affect-rich pictures was expected to produce scope-insensitiv",,,,
10.17605--osf.io--4hjck#new163,10.17605--osf.io--4hjck,original_url,disagreement,https://doi.org/10.1177/0272989x,,"Numeracy is associated with stronger bets effect, with higher numeracy showing greater difference in bet attractiveness between loss and no-loss conditions",Higher numeracy is associated with a weaker positive-negative attribute framing effect.,,,,
10.1037--a0024923#fred_218,10.1037--a0024923,replication_type,disagreement,close extension,direct,5-and 6-year-olds' and parents' sensitivity to proportion when evaluating niceness of givers in collaborative versus individual effort contexts,"In a Giving Game, adults judge givers who provide a greater proportion of their available resources as nicer, whereas young children favor givers who provide a greater absolute amount.",,,,
10.31234--osf.io--3bhja#fred_283,10.31234--osf.io--3bhja,replication_type,disagreement,close experiment,direct,"The effect of involuntary job loss on mean-level changes in openness, agreeableness, and conscientiousness, moderated by unemployment duration and gender, as tested using latent change models in a wor","Unemployment was claimed to cause a mean-level decline in conscientiousness relative to employment, with the change varying by unemployment duration and respondents' gender.",,,,
10.1177--2515245920958687#fred_246,10.1177--2515245920958687,replication_type,disagreement,close experiment,close extension,Attention to fear-relevant stimuli (snakes) differs between adults and young children.,Adults and young children detect fear-relevant snakes more readily than nonfear-relevant stimuli.,,,,
10.1177--2515245920958687#fred_246,10.1177--2515245920958687,original_url,disagreement,,https://doi.org/10.1111/j.1467-9280.2008.02081.x,Attention to fear-relevant stimuli (snakes) differs between adults and young children.,Adults and young children detect fear-relevant snakes more readily than nonfear-relevant stimuli.,,,,
10.1177--2515245920958687#new186,10.1177--2515245920958687,replication_type,disagreement,close experiment,direct,People are reluctant to tempt fate (avoid actions that might cause negative outcomes).,"Instilling action or inaction goals influences subsequent motor and cognitive output (Albarracín et al., 2008, Experiment 5).",,,,
10.1177--2515245920958687#new187,10.1177--2515245920958687,replication_type,disagreement,close experiment,close extension,Individuals express more willingness to reconcile after a conflict if their psychological needs are restored.,"Instilling action or inaction goals influences subsequent motor and cognitive output (Albarracín et al., 2008, Experiment 5).",,,,
10.1177--2515245920958687#new188,10.1177--2515245920958687,result,disagreement,inconclusive,failure,Individuals make more generous offers in negotiations with happy negotiation partners compared with angry negotiation partners.,"Instilling action or inaction goals influences subsequent motor and cognitive output (Albarracín et al., 2008, Experiment 7).",,,,
10.1177--2515245920958687#new188,10.1177--2515245920958687,replication_type,disagreement,close experiment,direct,Individuals make more generous offers in negotiations with happy negotiation partners compared with angry negotiation partners.,"Instilling action or inaction goals influences subsequent motor and cognitive output (Albarracín et al., 2008, Experiment 7).",,,,
10.1177--2515245920958687#new189,10.1177--2515245920958687,replication_type,disagreement,close experiment,close extension,Encouraging a belief in determinism increases cheating behavior.,"Instilling action or inaction goals influences subsequent motor and cognitive output (Albarracín et al., 2008, Experiment 7).",,,,
10.17605--osf.io--j9mfn#fred_300,10.17605--osf.io--j9mfn,replication_type,disagreement,close experiment,close extension,Action identification is higher for the non-suffering character compared to the suffering character.,Action identification is higher for a nonsuffering character than for a suffering character.,,,,
10.17605--osf.io--j9mfn#fred_301,10.17605--osf.io--j9mfn,replication_type,disagreement,close experiment,close extension,Mind attribution is higher for the non-suffering character compared to the suffering character.,Mind attribution is higher for a nonsuffering character than for a suffering character.,,,,
10.17605--osf.io--j9mfn#fred_302,10.17605--osf.io--j9mfn,replication_type,disagreement,close experiment,close extension,Action identification is higher for the 1st-person perspective compared to the 3rd-person perspective.,Action identification is higher when participants adopt the character's first-person perspective than when they adopt an objective third-person perspective.,,,,
10.17605--osf.io--j9mfn#fred_303,10.17605--osf.io--j9mfn,replication_type,disagreement,close experiment,close extension,Mind attribution is higher for the 1st-person perspective compared to the 3rd-person perspective.,Mind attribution is higher when participants adopt the character's first-person perspective than when they adopt an objective third-person perspective.,,,,
10.17605--osf.io--j3ue4#fred_15,10.17605--osf.io--j3ue4,replication_type,disagreement,direct,close extension,Public exposure increases shame more than guilt over one's misconduct,Stronger moral beliefs about the transgression produce a stronger increase in guilt than in shame.,,,,
10.1002--rrq.62#fred_298,10.1002--rrq.62,result,disagreement,failure,inconclusive,The effect of adding teacher phone calls to a voluntary summer reading program providing matched books and teacher scaffolding on reading comprehension,Providing children with books matched to their reading levels and interests plus teacher-led comprehension and fluency lessons and parent-supported reading activities improves summer-to-fall reading c,,,,
10.1037--0022-3514.83.2.406#fred_99,10.1037--0022-3514.83.2.406,replication_type,disagreement,direct,close experiment,Exposure to elderly-related words causes participants to walk more slowly,Exposure to an elderly stereotype prime causes participants to walk more slowly than participants exposed to a neutral prime.,,,,
10.1037--0022-3514.83.2.406#fred_100,10.1037--0022-3514.83.2.406,replication_type,disagreement,direct,close extension,Exposure to elderly-related words causes participants to walk more slowly,Exposure to an elderly stereotype prime causes participants to walk more slowly than participants exposed to a neutral prime.,,,,
10.1016--j.cogdev.2017.10.004#fred_222,10.1016--j.cogdev.2017.10.004,replication_type,disagreement,close experiment,direct,24-month-old children's anticipatory helping behavior is influenced by an experimenter's knowledge state about an object's location,Children inform an experimenter about an object's new location more frequently when the experimenter was absent and therefore ignorant during the object's relocation than when she observed the relocat,,,,
10.1080--09658211.2011.590505#fred_264,10.1080--09658211.2011.590505,result,disagreement,failure,inconclusive,Intrusion and avoidance of intrusive memories predict anxiety at 6-month follow-up,"Intrusion and avoidance of intrusive memories predict depression and anxiety symptoms six months later, controlling for baseline symptoms.",,,,
10.1080--09658211.2011.590505#fred_265,10.1080--09658211.2011.590505,result,audit_sample,inconclusive,inconclusive,Intrusion and avoidance of intrusive memories predict depression at 6-month follow-up,"Intrusion and avoidance of intrusive memories of stressful life events predict depression symptoms six months later, controlling for baseline depression.",,,,
10.1111--bjso.12217#fred_220,10.1111--bjso.12217,result,audit_sample,success,success,"Affectively charged prime images influence subsequent judgments of neutral target images, producing an AMP effect that measures implicit attitudes.","The affect misattribution procedure produces a positive priming effect, and warning participants about the potential influence of the prime does not significantly diminish that effect.",,,,
10.1002--ejsp.2748#mainf_ba5c51248e,10.1002--ejsp.2748,replication_type,disagreement,close experiment,direct,"Outgroup criticism elicits stronger defensive reactions than ingroup criticism, measured through costly behavioral responses (bonus withholding)",Participants respond more defensively to criticism of their ingroup when it comes from an outgroup member than when it comes from an ingroup member.,,,,
10.1016--j.actpsy.2020.103138#mainf_66fa4788f8,10.1016--j.actpsy.2020.103138,replication_type,disagreement,close extension,close experiment,Age of acquisition effects in picture and word naming as tested by Lambon Ralph and Ehsan (2006),"Age of acquisition affects written word naming, with the magnitude of the effect differing from picture naming because orthography-to-phonology mappings are more systematic.",,,,
10.1016--j.actpsy.2022.103717#mainf_a2b6f468cd,10.1016--j.actpsy.2022.103717,result,disagreement,failure,inconclusive,"The 'brain drain' effect found in Ward et al.'s (2017) second experiment, where closer proximity to one's smartphone (on desk) impaired working memory capacity (OSpan performance) compared to other lo",The smartphone attachment and dependency inventory has a two-factor structure consisting of smartphone dependence and emotional attachment.,,,,
10.1016--j.jesp.2023.104549#mainf_72fbf7d05c,10.1016--j.jesp.2023.104549,result,audit_sample,failure,failure,Priming analytic thinking through a scrambled sentence task reduces belief in conspiracy theories,"In Study 4, presenting questionnaires in a difficult-to-read font to induce analytic thinking was claimed to reduce generic conspiracist beliefs compared with an easy-to-read font condition.",,,,
10.1098--rsos.210641#mainf_f69e708375,10.1098--rsos.210641,replication_type,disagreement,direct,close extension,Age-related differences in empathy (sharing of a narrator's emotion) measured with the EmpaToM paradigm,Older adults show preserved empathic responses relative to younger adults.,,,,
10.1098--rsos.210641#mainf_d05d14818f,10.1098--rsos.210641,replication_type,disagreement,direct,close extension,Age-related differences in compassion (concern for the narrator) measured with the EmpaToM paradigm,Older adults show enhanced compassion relative to younger adults.,,,,
10.1098--rsos.210641#mainf_52894d82df,10.1098--rsos.210641,result,disagreement,success,inconclusive,Age-related differences in Theory of Mind (reasoning about the narrator's thoughts) measured with the EmpaToM paradigm,Older adults show a decline in Theory of Mind performance relative to younger adults.,,,,
10.1098--rsos.210641#mainf_52894d82df,10.1098--rsos.210641,replication_type,disagreement,direct,close extension,Age-related differences in Theory of Mind (reasoning about the narrator's thoughts) measured with the EmpaToM paradigm,Older adults show a decline in Theory of Mind performance relative to younger adults.,,,,
10.1177--01461672211052120#mainf_cf2790f362,10.1177--01461672211052120,replication_type,disagreement,close experiment,close extension,Pro-sacrificial harm judgments in the switch dilemma as a function of blood alcohol concentration,Higher blood alcohol concentration is associated with greater willingness to accept instrumental harm in the switch dilemma.,,,,
10.1177--0956797617747090#mainf_5711a463c7,10.1177--0956797617747090,result,disagreement,failure,inconclusive,"Anticipatory-looking false-belief task with two false-belief conditions (False Belief 1 and False Belief 2), measuring differential looking score to belief-congruent vs belief-incongruent locations",Participants should look proportionally more toward the belief-congruent than the belief-incongruent location in a false-belief anticipatory-looking task.,,,,
10.3389--fpsyg.2014.00786#mainf_5df2ffe3fd,10.3389--fpsyg.2014.00786,replication_type,disagreement,direct,close extension,Averaging two guesses within one person provides a more accurate answer than either guess alone in the delayed condition,"In the delayed condition, averaging two general-knowledge guesses made three weeks apart by one person produces a more accurate estimate than either individual guess alone.",,,,
10.1016--j.jesp.2020.104052#mainf_e0e12977e6,10.1016--j.jesp.2020.104052,result,disagreement,failure,inconclusive,People in joint evaluation mode overpredict happiness differences between quantitatively different word tasks but not between qualitatively different word tasks.,"In Study 2, joint evaluation causes people to overpredict differences in happiness between quantitatively different word-reading tasks relative to single evaluation, but not between qualitatively diff",,,,
10.1371--journal.pone.0029081#mainf_4a16210cbe,10.1371--journal.pone.0029081,replication_type,disagreement,close experiment,close extension,Activating the stereotype of old age through scrambled sentences priming causes participants to walk more slowly,"Exposure to words related to old age causes participants to walk more slowly after completing a scrambled-sentences task, without awareness of the prime's influence.",,,,
10.1371--journal.pone.0029081#mainf_4a16210cbe,10.1371--journal.pone.0029081,original_url,disagreement,https://doi.org/10.1037/0022-3514.71.2.230,,Activating the stereotype of old age through scrambled sentences priming causes participants to walk more slowly,"Exposure to words related to old age causes participants to walk more slowly after completing a scrambled-sentences task, without awareness of the prime's influence.",,,,
10.1177--2515245918777487#mainf_3dc6d2cee6,10.1177--2515245918777487,result,disagreement,inconclusive,failure,Exposure to hostility-related sentence primes (80% hostile vs. 20% hostile) causes participants to rate a vignette protagonist and ambiguously hostile behaviors as more hostile,Exposure to a higher proportion of hostility-related sentences causes participants to rate ambiguously hostile behaviors as more hostile.,,,,
10.1177--1745691618755704#mainf_2d568f212f,10.1177--1745691618755704,result,audit_sample,failure,failure,Priming with intelligence-related categories (professor) improved trivia performance compared to priming with stupidity-related categories (hooligan).,Priming participants with intelligence-related professor concepts causes better performance on a general-knowledge trivia task than priming them with stupidity-related soccer-hooligan concepts.,,,,
10.1177--1745691616664694#mainf_5573c20497,10.1177--1745691616664694,result,disagreement,failure,success,A high commitment prime reduces exit and neglect forgiveness responses and increases voice and loyalty forgiveness responses compared to a low commitment prime when reacting to hypothetical betrayals ,"The original study predicted that priming high commitment would cause participants to report greater loyalty responses to hypothetical partner betrayals than priming low commitment, although the origi",,,,
10.1257--mac.6.3.1#mainf_86241f5ed5,10.1257--mac.6.3.1,result,disagreement,inconclusive,failure,"Tests whether urbanization, population density, millennia of agriculture, state history, and technology mediate the effect of geography on economic development through institutions as proposed in the ","Among countries colonized by European states, countries that were more developed around 1500 were claimed to have become relatively poorer by 1995, producing a reversal of fortune.",,,,
10.1257--mac.6.3.1#mainf_86241f5ed5,10.1257--mac.6.3.1,replication_type,disagreement,close extension,close experiment,"Tests whether urbanization, population density, millennia of agriculture, state history, and technology mediate the effect of geography on economic development through institutions as proposed in the ","Among countries colonized by European states, countries that were more developed around 1500 were claimed to have become relatively poorer by 1995, producing a reversal of fortune.",,,,
10.1257--mac.6.3.1#mainf_86241f5ed5,10.1257--mac.6.3.1,original_url,disagreement,https://doi.org/10.1257/aer.91.5.1231,https://doi.org/10.1086/341748,"Tests whether urbanization, population density, millennia of agriculture, state history, and technology mediate the effect of geography on economic development through institutions as proposed in the ","Among countries colonized by European states, countries that were more developed around 1500 were claimed to have become relatively poorer by 1995, producing a reversal of fortune.",,,,
10.1111--j.1540-6261.2012.01744.x#mainf_0715da0871,10.1111--j.1540-6261.2012.01744.x,result,disagreement,failure,reversal,The effect of compensation committee independence on CEO pay,The requirement for fully independent compensation committees decreases CEO pay in noncompliant firms relative to compliant firms.,,,,
10.1177--1091142114537893#mainf_a7f158b2c0,10.1177--1091142114537893,result,disagreement,success,inconclusive,The effect of New Jersey's 2004 income tax increase on net out-migration of millionaires among taxpayers earning all income in New Jersey,"The 2004 New Jersey income tax increase had little or no effect on the relative net out-migration of taxpayers earning more than $500,000 compared with other affluent taxpayers.",,,,
10.1007--s00181-005-0242-z#mainf_4b29ee1c0d,10.1007--s00181-005-0242-z,replication_type,disagreement,direct,close experiment,Cairns and Davis (1998) tested and rejected the Hotelling Valuation Principle using cross-sectional data on gold mines,"The alternative mineral-valuation equations, particularly those incorporating discounting and inflation, should predict gold-mine values more accurately than the Hotelling Valuation Principle.",,,,
10.7554--elife.17584#new370,10.7554--elife.17584,result,disagreement,failure,success,Coadministration of iRGD peptide with DOX does not cause body weight loss in mice bearing orthotopic 22Rv1 prostate tumors,Treatment with doxorubicin alone or in combination with iRGD at the lower dose does not cause a shift in mouse body weight during treatment.,,,,
10.7554--elife.17584#new371,10.7554--elife.17584,result,disagreement,failure,inconclusive,Coadministration of iRGD peptide with DOX increases TUNEL staining (apoptosis) in tumor tissue in mice bearing orthotopic 22Rv1 prostate tumors,Coadministration of iRGD with doxorubicin increases tumor-cell apoptosis as measured by TUNEL staining.,,,,
10.7554--elife.26030#new374,10.7554--elife.26030,result,audit_sample,success,success,"R172K mutant IDH2 acquired enhanced conversion of alpha-ketoglutarate to 2-hydroxyglutarate (2HG), resulting in intracellular 2HG accumulation over 100 times higher than vector control and wild-type I",The cancer-associated IDH2 R172 mutation acquires a gain of function for alpha-ketoglutarate-dependent NADPH consumption compared with wild-type IDH2.,,,,
10.7554--elife.26030#new375,10.7554--elife.26030,result,audit_sample,success,success,"2HG levels are elevated in AML patient samples with IDH1 or IDH2 mutations compared to wild-type IDH samples, with 2HG/glutamate ratio above a threshold distinguishing mutant from wild-type",Expression of R172K mutant IDH2 causes greatly increased intracellular accumulation of the oncometabolite 2-hydroxyglutarate compared with wild-type IDH2 and vector control cells.,,,,
10.7554--elife.26030#new376,10.7554--elife.26030,result,disagreement,success,inconclusive,The cancer-associated IDH2 R172 mutation exhibits a loss-of-function for isocitrate-dependent NADPH production and a gain-of-function for alpha-ketoglutarate-dependent NADPH consumption compared to wi,AML patient samples with an IDH1 mutation have elevated intracellular 2-hydroxyglutarate relative to AML samples without an IDH mutation.,,,,
10.7554--elife.26030#new376,10.7554--elife.26030,original_url,disagreement,https://doi.org/10.1016/j.ccr.2010.01.20,https://doi.org/10.1016/j.ccr.2010.01.020,The cancer-associated IDH2 R172 mutation exhibits a loss-of-function for isocitrate-dependent NADPH production and a gain-of-function for alpha-ketoglutarate-dependent NADPH consumption compared to wi,AML patient samples with an IDH1 mutation have elevated intracellular 2-hydroxyglutarate relative to AML samples without an IDH mutation.,,,,
10.7554--elife.26030#new377,10.7554--elife.26030,original_url,disagreement,https://doi.org/10.1016/j.ccr.2010.01.20,https://doi.org/10.1016/j.ccr.2010.01.020,R172K mutant IDH2 acquires enhanced conversion of alpha-ketoglutarate to 2-hydroxyglutarate (2HG),AML patient samples with an IDH2 mutation have elevated intracellular 2-hydroxyglutarate relative to AML samples without an IDH mutation.,,,,
10.7554--elife.26030#new378,10.7554--elife.26030,original_url,disagreement,https://doi.org/10.1016/j.ccr.2010.01.20,https://doi.org/10.1016/j.ccr.2010.01.020,2HG is elevated in AML patients with IDH mutations compared to wild-type IDH samples,AML patient samples carrying either an IDH1 or IDH2 mutation have elevated intracellular 2-hydroxyglutarate relative to AML samples without an IDH mutation.,,,,
10.7554--elife.21253#new380,10.7554--elife.21253,replication_type,disagreement,close experiment,direct,Inhibition of BET bromodomains with (+)-JQ1 down-regulated MYC expression in MM.1S-luc cells,Treatment of MM.1S cells with (+)-JQ1 reduces MYC expression at 1 hour compared with baseline.,,,,
10.7554--elife.21253#new381,10.7554--elife.21253,replication_type,disagreement,close experiment,direct,(+)-JQ1 treatment prolonged overall survival in MM.1S-luc orthotopic xenograft model,Treatment of MM.1S cells with (+)-JQ1 reduces MYC expression at 8 hours compared with baseline.,,,,
10.7554--elife.21253#new382,10.7554--elife.21253,result,disagreement,failure,inconclusive,(+)-JQ1 treatment reduced tumor burden in MM.1S-luc orthotopic xenograft model,Treatment with (+)-JQ1 prolongs overall survival in mice bearing bioluminescent MM.1S tumors compared with vehicle control.,,,,
10.7554--elife.21253#new382,10.7554--elife.21253,replication_type,disagreement,close experiment,direct,(+)-JQ1 treatment reduced tumor burden in MM.1S-luc orthotopic xenograft model,Treatment with (+)-JQ1 prolongs overall survival in mice bearing bioluminescent MM.1S tumors compared with vehicle control.,,,,
10.7554--elife.21253#new383,10.7554--elife.21253,result,disagreement,success,failure,Inhibition of BET bromodomains with (+)-JQ1 down-regulates MYC expression in MM.1S-luc cells,Treatment with (+)-JQ1 reduces tumor burden in mice bearing bioluminescent MM.1S tumors compared with vehicle control.,,,,
10.7554--elife.45120#new387,10.7554--elife.45120,result,disagreement,inconclusive,failure,Stromal caveolin-1 expression remodels the intratumoral microenvironment facilitating tumor invasion and correlating with increased metastatic burden,Stromal Cav1 expression increases the metastatic burden of tumors formed by LM-4175 breast cancer cells.,,,,
10.7554--elife.45120#new387,10.7554--elife.45120,replication_type,disagreement,close experiment,direct,Stromal caveolin-1 expression remodels the intratumoral microenvironment facilitating tumor invasion and correlating with increased metastatic burden,Stromal Cav1 expression increases the metastatic burden of tumors formed by LM-4175 breast cancer cells.,,,,
10.7554--elife.45120#new388,10.7554--elife.45120,result,disagreement,success,failure,Cav1WT pMEFs have increased ECM remodeling capabilities compared to Cav1KO pMEFs,"Stromal Cav1 expression does not alter primary tumor growth, despite its reported effect on metastatic progression.",,,,
10.7554--elife.45120#new388,10.7554--elife.45120,replication_type,disagreement,close extension,direct,Cav1WT pMEFs have increased ECM remodeling capabilities compared to Cav1KO pMEFs,"Stromal Cav1 expression does not alter primary tumor growth, despite its reported effect on metastatic progression.",,,,
10.7554--elife.45120#new389,10.7554--elife.45120,result,disagreement,failure,inconclusive,Stromal Cav1 expression increases primary tumor growth when co-injected with LM-4175 breast cancer cells,Stromal Cav1 expression increases the alignment of fibronectin fibers within primary tumors.,,,,
10.7554--elife.45120#new390,10.7554--elife.45120,result,disagreement,inconclusive,reversal,Stromal Cav1 expression increases metastatic burden when co-injected with LM-4175 breast cancer cells,Greater intratumoral fibronectin fiber alignment is positively correlated with greater metastatic burden.,,,,
10.7554--elife.56651#new398,10.7554--elife.56651,result,disagreement,failure,inconclusive,ceRNA depletion reduces PTEN-3'UTR luciferase reporter activity,Depletion of candidate PTEN ceRNAs decreases PTEN protein expression in wild-type cells through a microRNA-dependent mechanism that is attenuated when DICER is disrupted.,,,,
10.7554--elife.56651#new399,10.7554--elife.56651,result,disagreement,reversal,inconclusive,ceRNA overexpression increases PTEN-3'UTR luciferase reporter activity,Depletion of candidate PTEN ceRNAs VAPA and CNOT6L increases cell proliferation through a DICER-dependent mechanism.,,,,
10.7554--elife.43511#new407,10.7554--elife.43511,result,disagreement,failure,inconclusive,miR-34a expression is lower in CD44+ prostate cancer stem cells than in CD44- cells,MiR-34a reduces luciferase activity from the wild-type CD44 3′UTR reporter relative to the control oligo condition.,,,,
10.7554--elife.43511#new408,10.7554--elife.43511,result,audit_sample,failure,failure,miR-34a expression inhibits tumor regeneration in LAPC4 prostate cancer cells,MiR-34a reduces luciferase activity from the double-mutant CD44 3′UTR reporter relative to the control oligo condition.,,,,
10.7554--elife.39944#1,10.7554--elife.39944,result,disagreement,failure,inconclusive,Reduction of Met in B16-F10 exosomes by shRNA decreased lung and bone metastatic burden compared to control exosomes,"Exosomes from highly metastatic B16-F10 melanoma cells, through transfer of MET to bone marrow-derived cells, increase primary tumor metastatic burden, whereas MET reduction in exosomes decreases lung",,,,
10.7554--elife.39944#1,10.7554--elife.39944,replication_type,disagreement,close experiment,direct,Reduction of Met in B16-F10 exosomes by shRNA decreased lung and bone metastatic burden compared to control exosomes,"Exosomes from highly metastatic B16-F10 melanoma cells, through transfer of MET to bone marrow-derived cells, increase primary tumor metastatic burden, whereas MET reduction in exosomes decreases lung",,,,
10.7554--elife.25801#1,10.7554--elife.25801,result,audit_sample,inconclusive,inconclusive,F. nucleatum DNA abundance is higher in colorectal carcinoma tissue compared to adjacent normal tissue as measured by qPCR,Fusobacterium nucleatum DNA abundance is substantially higher in colorectal carcinoma tissue than in adjacent normal tissue.,,,,
10.1158--1055-9965.epi-08-1223#new483,10.1158--1055-9965.epi-08-1223,replication_type,disagreement,close experiment,direct,A common variant on chromosome 8q24 (rs1447295) is associated with prostate cancer risk,The rs6983267 variant in the centromeric 8q24 linkage disequilibrium block is associated with prostate cancer risk.,,,,
10.1158--1055-9965.epi-08-1223#new484,10.1158--1055-9965.epi-08-1223,replication_type,disagreement,close experiment,direct,A variant in the 8q24 centromeric LD block (rs6983267) is associated with prostate cancer risk,The 11q13 variant rs10896450 is associated with reduced prostate cancer risk.,,,,
10.1158--1055-9965.epi-08-1223#new485,10.1158--1055-9965.epi-08-1223,replication_type,disagreement,close experiment,direct,A variant on 11q13 (rs10896450) is associated with prostate cancer risk,"The rs721048 variant at 2p15 is associated with increased prostate cancer risk, particularly among homozygous carriers.",,,,
10.1158--1055-9965.epi-08-1223#new486,10.1158--1055-9965.epi-08-1223,replication_type,disagreement,close experiment,direct,A variant on 2p15 (rs721048) is associated with prostate cancer risk,"The RNASEL E541D variant is associated with prostate cancer risk, with minor-allele homozygotes having reduced risk.",,,,
10.1158--1055-9965.epi-08-1223#new487,10.1158--1055-9965.epi-08-1223,replication_type,disagreement,close experiment,direct,The RNASEL E541D (rs627928) variant is associated with prostate cancer risk,"The RNASEL R462Q variant is associated with increased prostate cancer risk, particularly among carriers of the minor allele.",,,,
10.1158--1055-9965.epi-08-1223#new487,10.1158--1055-9965.epi-08-1223,original_url,disagreement,,https://doi.org/10.1158/1055-9965.epi-04-0637,The RNASEL E541D (rs627928) variant is associated with prostate cancer risk,"The RNASEL R462Q variant is associated with increased prostate cancer risk, particularly among carriers of the minor allele.",,,,
10.1158--1055-9965.epi-08-1223#new488,10.1158--1055-9965.epi-08-1223,replication_type,disagreement,close experiment,direct,The RNASEL R462Q (rs486907) variant is associated with prostate cancer risk,The EZH2 rs2302427 variant is associated with reduced risk of prostate cancer among carriers of the minor allele.,,,,
10.1158--1055-9965.epi-08-1223#new488,10.1158--1055-9965.epi-08-1223,original_url,disagreement,https://doi.org/10.1158/1055-9965.epi-04-0637,,The RNASEL R462Q (rs486907) variant is associated with prostate cancer risk,The EZH2 rs2302427 variant is associated with reduced risk of prostate cancer among carriers of the minor allele.,,,,
10.1158--1055-9965.epi-08-1223#new489,10.1158--1055-9965.epi-08-1223,replication_type,disagreement,close experiment,direct,The EZH2 D185H (rs2302427) variant is associated with prostate cancer risk,"Variation in the NKX3-1 gene is associated with prostate cancer risk, particularly in relation to aggressive disease.",,,,
10.1186--s12913-023-09505-5#1,10.1186--s12913-023-09505-5,result,audit_sample,success,success,Latent class analysis identifying six subgroups of informal dementia care dyads based on sociodemographic characteristics in a German sample of 551 dyads,The original study claimed that six latent classes of community-dwelling informal dementia care dyads could be identified and that these dyad subgroups differed in health care-related outcomes.,,,,
10.3389--fninf.2018.00046#1,10.3389--fninf.2018.00046,replication_type,disagreement,close experiment,direct,The polychronization network model generating polychronous groups,"A minimal spiking neural network with spike-timing-dependent plasticity exhibits polychronization, slow oscillations and gamma rhythms, and thousands of polychronous groups.",,,,
10.1177--1534508420953894#1,10.1177--1534508420953894,result,disagreement,success,inconclusive,Using interval likelihood ratios to estimate post-test probabilities of math risk in a gated screening framework with middle school students.,Using interval likelihood ratios rather than dichotomized likelihood ratios improves the efficiency and diagnostic accuracy of a gated screening framework for identifying math risk among middle school,,,,
10.3389--fnhum.2020.00265#1,10.3389--fnhum.2020.00265,replication_type,disagreement,close extension,close experiment,Training effects on BCI performance (ITR and online accuracy) and P300 physiological measures during virtual wheelchair navigation using tactile stimulation,Training across five sessions improves tactile P300-based BCI performance and enables wheelchair navigation in a virtual environment.,,,,
10.1016--j.jsat.2013.07.013#1,10.1016--j.jsat.2013.07.013,result,disagreement,success,inconclusive,A single 20-minute computer-delivered brief intervention (e-SBI) for postpartum drug use reduces self-reported drug use at follow-up,A single 20-minute computer-delivered e-SBI intervention plus two non-tailored mailings reduces postpartum women's self-reported drug use.,,,,
10.1007--s12662-024-00979-x#1,10.1007--s12662-024-00979-x,replication_type,disagreement,direct,close experiment,"Investigating the stability of pairwise differences between accelerometry, diary, and questionnaire for measuring physical activity, and assessing reliability and validity of these tools in adults and","The original study examined the stability, test-retest reliability, and validity of physical activity estimates obtained using accelerometry with 10- and 60-second epochs, a physical activity diary, a",,,,
10.1525--mp.2012.30.2.161#new22~10.1525--mp.2012.30.2.161#new25,10.1525--mp.2012.30.2.161,original_url,disagreement,,https://doi.org/10.1037/a0022406,"The original study claimed that musical preferences are structured by five orthogonal dimensions (Mellow, Unpretentious, Sophisticated, Intense, Contemporary); Study 2 tested whether this structure em","Musical preferences are structured by five dimensions resembling Mellow, Unpretentious, Sophisticated, Intense, and Contemporary even when the excerpts are drawn solely from the jazz genre.",,,,
10.1525--mp.2012.30.2.161#new21~10.1525--mp.2012.30.2.161#new24,10.1525--mp.2012.30.2.161,replication_type,disagreement,direct,close experiment,"The original study claimed that musical preferences are structured by five orthogonal dimensions (Mellow, Unpretentious, Sophisticated, Intense, Contemporary) derived from preferences for musical exce","Preferences for musical excerpts from diverse genres are structured by five orthogonal dimensions—Mellow, Unpretentious, Sophisticated, Intense, and Contemporary—and are defined by musical attributes ",,,,
10.1525--mp.2012.30.2.161#new21~10.1525--mp.2012.30.2.161#new24,10.1525--mp.2012.30.2.161,original_url,disagreement,,https://doi.org/10.1037/a0022406,"The original study claimed that musical preferences are structured by five orthogonal dimensions (Mellow, Unpretentious, Sophisticated, Intense, Contemporary) derived from preferences for musical exce","Preferences for musical excerpts from diverse genres are structured by five orthogonal dimensions—Mellow, Unpretentious, Sophisticated, Intense, and Contemporary—and are defined by musical attributes ",,,,
10.1016--j.cortex.2022.12.003#new39~10.1016--j.cortex.2022.12.003#new54,10.1016--j.cortex.2022.12.003,result,audit_sample,inconclusive,inconclusive,"Participants learned to adjust Go/NoGo responses in line with subliminally presented rewarding and punishing cues, constituting instrumental conditioning without conscious awareness of the cues.",Subliminal rewarding and punishing cues produce instrumental Go/NoGo conditioning without conscious awareness of the cues.,,,,
10.1101--2021.11.30.470372#new47~10.1101--2021.11.30.470372#new62,10.1101--2021.11.30.470372,result,disagreement,inconclusive,failure,"Knockdown of CRAF, but not BRAF, attenuates phospho-MEK induction after RAF inhibitor treatment in wild-type RAF cells",GDC-0879-induced phospho-MEK activation in mutant RAS cells depends on CRAF depletion but not BRAF depletion.,,,,
10.1101--2021.11.30.470372#new45~10.1101--2021.11.30.470372#new60,10.1101--2021.11.30.470372,result,disagreement,failure,success,"Knockdown of CRAF, but not BRAF, reverses phospho-MEK induction after GDC-0879 treatment in wild-type RAF cells","RAF inhibitors selectively inhibit proliferation of BRAF(V600E) cancer cells but not wild-type RAF/RAS or mutant RAS cells, whereas the MEK inhibitor inhibits proliferation across these cell types.",,,,
10.1037--xge0000644#new54~10.1037--xge0000644#new69,10.1037--xge0000644,replication_type,disagreement,close experiment,close extension,"An anchor selectively increases the accessibility of anchor-consistent knowledge, measured by faster lexical decision responses to anchor-consistent words following a comparative judgment about car pr",A high car-price anchor increases accessibility of words associated with expensive cars and a low car-price anchor increases accessibility of words associated with inexpensive cars in a subsequent lex,,,,
10.1037--xge0000644#new53~10.1037--xge0000644#new68,10.1037--xge0000644,replication_type,disagreement,close experiment,close extension,"An anchor selectively increases the accessibility of anchor-consistent knowledge, measured by faster lexical decision responses to anchor-consistent words following a comparative judgment about temper",A high temperature anchor increases accessibility of summer-related words and a low temperature anchor increases accessibility of winter-related words in a subsequent lexical decision task.,,,,
10.1037--xge0000644#new52~10.1037--xge0000644#new67,10.1037--xge0000644,replication_type,disagreement,close experiment,close extension,"An anchor selectively increases the accessibility of anchor-consistent knowledge, measured by faster lexical decision responses to anchor-consistent words following a comparative judgment about car pr",A high car-price anchor increases accessibility of words associated with expensive cars and a low car-price anchor increases accessibility of words associated with inexpensive cars in a subsequent lex,,,,
10.1037--xge0000644#new51~10.1037--xge0000644#new66,10.1037--xge0000644,replication_type,disagreement,close experiment,close extension,"An anchor selectively increases the accessibility of anchor-consistent knowledge, measured by faster lexical decision responses to anchor-consistent words following a comparative judgment about temper",A high temperature anchor increases accessibility of summer-related words and a low temperature anchor increases accessibility of winter-related words in a subsequent lexical decision task.,,,,
10.1007--s10882-014-9400-6#new78~10.1007--s10882-014-9400-6#new88,10.1007--s10882-014-9400-6,replication_type,disagreement,close experiment,direct,"Feeley et al. (2011) taught toddlers with Down syndrome to imitate verbal sounds using multiple opportunities, prompting, and social reinforcement","Prompting, multiple opportunities, and high rates of social reinforcement increase verbal imitation of sounds in toddlers with Down syndrome.",,,,
10.1158--1055-9965.epi-11-0870-t#new86~10.1158--1055-9965.epi-11-0870-t#new92,10.1158--1055-9965.epi-11-0870-t,result,audit_sample,success,success,Replication of the association between rs13385191 (C2orf43) on chromosome 2p24 and prostate cancer risk in European-ancestry men,The original study claimed that the rs13385191 locus was associated with prostate cancer risk in men of Japanese ancestry.,,,,
10.1016--0163-6383(90)90029-8#new94~10.1016--0163-6383(90)90029-8#new103,10.1016--0163-6383(90)90029-8,result,disagreement,success,inconclusive,Tactile/kinesthetic stimulation effects on preterm neonates' clinical course and sleep/wake behavior,Tactile/kinesthetic stimulation improves preterm infants' performance on the Brazelton Neonatal Behavioral Assessment Scale.,,,,
10.1016--0163-6383(90)90029-8#new94~10.1016--0163-6383(90)90029-8#new103,10.1016--0163-6383(90)90029-8,replication_type,disagreement,close experiment,direct,Tactile/kinesthetic stimulation effects on preterm neonates' clinical course and sleep/wake behavior,Tactile/kinesthetic stimulation improves preterm infants' performance on the Brazelton Neonatal Behavioral Assessment Scale.,,,,
10.1016--j.ynirp.2022.100147#new99~10.1016--j.ynirp.2022.100147#new111,10.1016--j.ynirp.2022.100147,replication_type,disagreement,direct,close extension,MPFC response is reduced during gain anticipation in fibromyalgia patients compared to healthy controls,Altered reward-related activity extends beyond the focused medial prefrontal cortex region into a broader anterior medial prefrontal cortex region.,,,,
10.1016--j.ynirp.2022.100147#new98~10.1016--j.ynirp.2022.100147#new110,10.1016--j.ynirp.2022.100147,result,disagreement,inconclusive,success,MPFC response during non-punishment outcomes is enhanced in patients with fibromyalgia compared to healthy controls,Fibromyalgia patients show reduced anterior insula responses during anticipation of monetary rewards.,,,,
10.1016--j.ynirp.2022.100147#new98~10.1016--j.ynirp.2022.100147#new110,10.1016--j.ynirp.2022.100147,replication_type,disagreement,direct,close extension,MPFC response during non-punishment outcomes is enhanced in patients with fibromyalgia compared to healthy controls,Fibromyalgia patients show reduced anterior insula responses during anticipation of monetary rewards.,,,,
10.1016--j.ynirp.2022.100147#new97~10.1016--j.ynirp.2022.100147#new109,10.1016--j.ynirp.2022.100147,result,disagreement,success,failure,NAcc response during gain anticipation does not differ between patients with fibromyalgia and healthy controls,Fibromyalgia patients show reduced anterior cingulate cortex responses during anticipation of monetary rewards.,,,,
10.1016--j.ynirp.2022.100147#new97~10.1016--j.ynirp.2022.100147#new109,10.1016--j.ynirp.2022.100147,replication_type,disagreement,direct,close extension,NAcc response during gain anticipation does not differ between patients with fibromyalgia and healthy controls,Fibromyalgia patients show reduced anterior cingulate cortex responses during anticipation of monetary rewards.,,,,
10.1016--j.ynirp.2022.100147#new96~10.1016--j.ynirp.2022.100147#new108,10.1016--j.ynirp.2022.100147,result,disagreement,inconclusive,success,MPFC response during gain anticipation is reduced in patients with fibromyalgia compared to healthy controls,Greater medial prefrontal cortex response to non-punishment outcomes is positively associated with greater mood disturbance.,,,,
10.1016--j.ynirp.2022.100147#new96~10.1016--j.ynirp.2022.100147#new108,10.1016--j.ynirp.2022.100147,replication_type,disagreement,direct,close extension,MPFC response during gain anticipation is reduced in patients with fibromyalgia compared to healthy controls,Greater medial prefrontal cortex response to non-punishment outcomes is positively associated with greater mood disturbance.,,,,
10.1016--j.ynirp.2022.100147#new100~10.1016--j.ynirp.2022.100147#new107,10.1016--j.ynirp.2022.100147,replication_type,disagreement,direct,close extension,MPFC response is increased during non-punishment outcomes in fibromyalgia patients compared to healthy controls,Nucleus accumbens responses during anticipation of monetary reward gains do not differ between fibromyalgia patients and healthy controls.,,,,
10.1108--neje-04-2020-0005#new102~10.1108--neje-04-2020-0005#new113,10.1108--neje-04-2020-0005,result,audit_sample,inconclusive,inconclusive,Students who participated in an international consulting project with disadvantaged entrepreneurs in South Africa showed significant increases in entrepreneurial competencies as measured by the Morris,Participation in an entrepreneurship education experience involving classroom instruction and international consulting fieldwork increases students' self-reported entrepreneurial competencies.,,,,
10.1037--xge0000788#new123~10.1037--xge0000788#new128,10.1037--xge0000788,result,disagreement,inconclusive,failure,Clark et al. (2014) found that exposure to morally blameworthy behavior increases belief in free will compared to morally neutral behavior,Exposure to an immoral or blameworthy situation increases participants' belief in free will compared with exposure to a morally neutral situation.,,,,
10.1037--xge0000788#new123~10.1037--xge0000788#new128,10.1037--xge0000788,replication_type,disagreement,close extension,direct,Clark et al. (2014) found that exposure to morally blameworthy behavior increases belief in free will compared to morally neutral behavior,Exposure to an immoral or blameworthy situation increases participants' belief in free will compared with exposure to a morally neutral situation.,,,,
10.1037--xge0000788#new123~10.1037--xge0000788#new128,10.1037--xge0000788,original_url,disagreement,,https://doi.org/10.1037/a0035480,Clark et al. (2014) found that exposure to morally blameworthy behavior increases belief in free will compared to morally neutral behavior,Exposure to an immoral or blameworthy situation increases participants' belief in free will compared with exposure to a morally neutral situation.,,,,
10.1525--collabra.216#new126~10.1525--collabra.216#new132,10.1525--collabra.216,result,disagreement,success,failure,Describing a leader as powerful causes participants to place the leader's box higher in an organization chart,"A greater magnitude of vertical elevation between a leader and subordinates causes the leader to be judged as more powerful, even when hierarchical rank remains unchanged.",,,,
10.1525--collabra.216#new126~10.1525--collabra.216#new132,10.1525--collabra.216,replication_type,disagreement,direct,close experiment,Describing a leader as powerful causes participants to place the leader's box higher in an organization chart,"A greater magnitude of vertical elevation between a leader and subordinates causes the leader to be judged as more powerful, even when hierarchical rank remains unchanged.",,,,
10.1525--collabra.216#new125~10.1525--collabra.216#new131,10.1525--collabra.216,replication_type,disagreement,direct,close experiment,Information about a leader's power is reflected in the vertical positioning of the leader's box in an organization chart,Describing a leader as powerful rather than powerless causes participants to place the leader's box higher in an organization chart.,,,,
10.5964--jnc.7047#new129~10.5964--jnc.7047#new134,10.5964--jnc.7047,result,disagreement,failure,inconclusive,Bidirectional associations between executive function and math/literacy achievement from preschool to kindergarten,"The original study claimed bidirectional associations between executive function and math achievement, as well as associations between executive function and literacy achievement, across the transitio",,,,
10.1525--collabra.168#new135~10.1525--collabra.168#new137,10.1525--collabra.168,result,disagreement,failure,success,The explicit association between brightness and positivity tested with chromatic blue color patches using a rating task in Study 1 of the original,The original Study 2 claimed that brightness is implicitly associated with positivity when using achromatic black-and-white stimuli.,,,,
10.17605--osf.io--4hjck#new157~10.17605--osf.io--4hjck#new164,10.17605--osf.io--4hjck,result,audit_sample,inconclusive,inconclusive,Higher numeracy is associated with weaker frequency-percentage effect,Higher numeracy is associated with a weaker frequency-percentage framing effect.,,,,
10.1177--2515245920958687#new185~10.1177--2515245920958687#new195,10.1177--2515245920958687,result,audit_sample,failure,failure,Implicit and explicit attitude tests diverge due to structural fit between the measure and the construct.,Implicit and explicit race attitudes are less strongly correlated when participants are instructed to respond without bias than when they are instructed to express their true feelings.,,,,
10.1177--2515245920958687#new183~10.1177--2515245920958687#new191,10.1177--2515245920958687,original_url,disagreement,,https://doi.org/10.1111/j.1467-9280.2008.02072.x,Exposure to offensive behavior affects where people direct their gaze during intergroup interactions.,People look toward rather than away from a person engaging in potentially offensive behavior.,,,,
10.17605--osf.io--j9mfn#new196~10.17605--osf.io--j9mfn#new210,10.17605--osf.io--j9mfn,replication_type,disagreement,close experiment,close extension,Mind attribution is higher for the liked character compared to the disliked character.,Mind attribution is higher for a liked character than for a disliked character.,,,,
10.17605--osf.io--j9mfn#new195~10.17605--osf.io--j9mfn#new209,10.17605--osf.io--j9mfn,replication_type,disagreement,close experiment,close extension,Action identification is higher for the liked character compared to the disliked character.,Action identification is higher for a liked character than for a disliked character.,,,,
10.17605--osf.io--j9mfn#new194~10.17605--osf.io--j9mfn#new208,10.17605--osf.io--j9mfn,replication_type,disagreement,close experiment,close extension,Action identification is positively correlated with mind attribution.,Higher-level action identification is positively correlated with mind attribution.,,,,
10.1002--rrq.62#new213~10.1002--rrq.62#new227,10.1002--rrq.62,result,disagreement,failure,inconclusive,The effect of a voluntary summer reading program providing matched books and teacher scaffolding on reading comprehension,"A voluntary summer reading program providing students with books matched to their reading levels and interests, together with teacher scaffolding and parent support, improves subsequent reading compre",,,,
10.1002--rrq.62#new213~10.1002--rrq.62#new227,10.1002--rrq.62,replication_type,disagreement,direct,close extension,The effect of a voluntary summer reading program providing matched books and teacher scaffolding on reading comprehension,"A voluntary summer reading program providing students with books matched to their reading levels and interests, together with teacher scaffolding and parent support, improves subsequent reading compre",,,,
10.1016--j.cogdev.2017.10.004#new222~10.1016--j.cogdev.2017.10.004#new233,10.1016--j.cogdev.2017.10.004,result,audit_sample,failure,failure,15-month-old infants look longer when an experimenter reaches for an object in a location inconsistent with her false belief about its location,Infants look longer when an experimenter reaches for an object in its actual location rather than the location where she falsely believes it to be.,,,,
10.1016--j.cogdev.2017.10.004#new220~10.1016--j.cogdev.2017.10.004#new231,10.1016--j.cogdev.2017.10.004,result,audit_sample,success,success,18-month-old infants' helping behavior is influenced by an experimenter's false belief about an object's location,Infants help an experimenter with a false belief by opening the box containing the desired toy rather than the empty box the experimenter attempts to open.,,,,
10.1016--j.actpsy.2020.103138#new249~10.1016--j.actpsy.2020.103138#new261,10.1016--j.actpsy.2020.103138,result,disagreement,success,inconclusive,"Age of acquisition effects in picture naming are larger than in word naming due to arbitrary mapping between perceptual, semantic, and phonological representations","Age of acquisition affects spoken word naming, with the magnitude of the effect differing from picture naming because orthography-to-phonology mappings are more systematic.",,,,
10.1177--01461672211052120#new260~10.1177--01461672211052120#new276,10.1177--01461672211052120,replication_type,disagreement,close experiment,close extension,Pro-sacrificial harm judgments in the footbridge dilemma as a function of blood alcohol concentration,Higher blood alcohol concentration is associated with greater willingness to accept instrumental harm in the footbridge dilemma.,,,,
10.1177--0956797617747090#new267~10.1177--0956797617747090#new283,10.1177--0956797617747090,replication_type,disagreement,direct,close experiment,Anticipatory-looking false-belief task measuring differential looking score (DLS) to belief-congruent vs belief-incongruent locations,Participants should show belief-congruent anticipatory looking in the Low and Watts false-belief paradigm when the actress's final turn is consistent with the belief-congruent location.,,,,
10.1177--0956797617747090#new266~10.1177--0956797617747090#new282,10.1177--0956797617747090,result,disagreement,failure,inconclusive,Anticipatory-looking false-belief task measuring differential looking score (DLS) to belief-congruent vs belief-incongruent locations,Participants should show belief-congruent anticipatory looking in the Low and Watts false-belief paradigm when using the original stimulus materials and procedure.,,,,
10.1177--0956797617747090#new266~10.1177--0956797617747090#new282,10.1177--0956797617747090,replication_type,disagreement,direct,close experiment,Anticipatory-looking false-belief task measuring differential looking score (DLS) to belief-congruent vs belief-incongruent locations,Participants should show belief-congruent anticipatory looking in the Low and Watts false-belief paradigm when using the original stimulus materials and procedure.,,,,
10.3389--fpsyg.2014.00786#new281~10.3389--fpsyg.2014.00786#new296,10.3389--fpsyg.2014.00786,replication_type,disagreement,direct,close extension,Averaging two guesses within one person provides a more accurate answer than either guess alone in the immediate condition,"In the immediate condition, averaging two successive general-knowledge guesses from one person produces a more accurate estimate than either individual guess alone.",,,,
10.1371--journal.pone.0029081#new291~10.1371--journal.pone.0029081#new302,10.1371--journal.pone.0029081,replication_type,disagreement,close experiment,close extension,Activating the stereotype of old age through scrambled sentences priming causes participants to walk more slowly,"Exposure to words related to old age causes participants to walk more slowly after completing a scrambled-sentences task, without awareness of the prime's influence.",,,,
10.1371--journal.pone.0029081#new291~10.1371--journal.pone.0029081#new302,10.1371--journal.pone.0029081,original_url,disagreement,https://doi.org/10.1037/0022-3514.71.2.230,,Activating the stereotype of old age through scrambled sentences priming causes participants to walk more slowly,"Exposure to words related to old age causes participants to walk more slowly after completing a scrambled-sentences task, without awareness of the prime's influence.",,,,
10.1111--j.1540-6261.2012.01744.x#new304~10.1111--j.1540-6261.2012.01744.x#new317,10.1111--j.1540-6261.2012.01744.x,result,disagreement,failure,inconclusive,The effect of board independence on CEO pay in firms with and without blockholder directors,"The negative effect of board noncompliance on CEO pay is concentrated in firms without nonemployee blockholder directors, while blockholder directors mute the effect.",,,,
10.1007--s00181-018-1457-0#new316~10.1007--s00181-018-1457-0#new326,10.1007--s00181-018-1457-0,result,disagreement,inconclusive,success,The effect of deregulation of the German Trade and Crafts Code of 2004 on market entry in crafts trades,The 2004 deregulation of German crafts trades increases the probability of being self-employed in both fully deregulated B1-trades and partially deregulated A-trades.,,,,
10.7554--elife.51019#new327~10.7554--elife.51019#new333,10.7554--elife.51019,result,audit_sample,failure,failure,PTEN 3'UTR derepressed PTENP1 abundance.,"Overexpression of the PTEN 3′UTR increases, or derepresses, PTENP1 abundance in DU145 cells.",,,,
10.7554--elife.51019#new323~10.7554--elife.51019#new329,10.7554--elife.51019,result,disagreement,success,inconclusive,Overexpression of PTEN 3'UTR inhibited DU145 cell proliferation,"Downregulation of PTEN and/or PTENP1 increases proliferation of DU145 prostate cancer cells, with the strongest effect when both are downregulated.",,,,
10.7554--elife.45426#new354~10.7554--elife.45426#new357,10.7554--elife.45426,result,audit_sample,inconclusive,inconclusive,"CD133, the combination of CD29/CD24, and the combination of CD44/CD166 correlated with high Wnt activity (TOP-GFP[high] population)","High Wnt activity, measured by the TOP-GFP reporter, is correlated with expression of CD133, the combination of CD29/CD24, and the combination of CD44/CD166 in colon cancer stem cell populations.",,,,
10.7554--elife.45120#new392~10.7554--elife.45120#new386,10.7554--elife.45120,result,disagreement,reversal,success,Positive correlation between fibronectin fiber orientation and metastatic burden,Cav1WT fibroblasts contract and remodel collagen matrices more strongly than Cav1KO fibroblasts.,,,,
10.7554--elife.45120#new391~10.7554--elife.45120#new385,10.7554--elife.45120,result,audit_sample,inconclusive,inconclusive,Stromal Cav1 expression increases intratumoral fibronectin fiber alignment,"Cav1WT fibroblasts express more alpha-smooth muscle actin than Cav1KO fibroblasts, consistent with increased fibroblast activation and extracellular-matrix remodeling capacity.",,,,
10.7554--elife.17044#new396~10.7554--elife.17044#new393,10.7554--elife.17044,result,disagreement,inconclusive,success,Doxorubicin treatment inhibits tumor growth in A549 lung adenocarcinoma xenografts,Treatment with cimetidine does not change tumor volume in ACHN human renal cell carcinoma xenografts compared with vehicle control.,,,,
10.7554--elife.56651#new404~10.7554--elife.56651#new396,10.7554--elife.56651,result,disagreement,inconclusive,failure,"Depletion of putative PTEN ceRNAs (SERINC1, VAPA, CNOT6L) decreased PTEN protein expression, and this effect was attenuated when DICER was disrupted","Depletion of candidate PTEN ceRNAs SERINC1, VAPA, and CNOT6L reduces activity of a luciferase reporter containing the PTEN 3′UTR.",,,,
10.7554--elife.43511#new412~10.7554--elife.43511#new406,10.7554--elife.43511,result,disagreement,failure,inconclusive,miR-34a regulates CD44 expression through putative binding sites in the 3'UTR of CD44,MiR-34a represses luciferase activity from a wild-type CD44 3′UTR reporter more strongly than from a reporter with both putative miR-34a binding sites mutated.,,,,
10.7554--elife.43511#new411~10.7554--elife.43511#new405,10.7554--elife.43511,result,disagreement,failure,inconclusive,miR-34a expression inhibits tumor growth of LAPC4 cells in vivo,CD44 expression is inversely correlated with miR-34a expression in prostate cancer tumors.,,,,
10.7554--elife.43511#new410~10.7554--elife.43511#new404,10.7554--elife.43511,result,disagreement,failure,inconclusive,miR-34a is underexpressed in CD44+ versus CD44- LAPC4 prostate cancer cells,MiR-34a expression is increased in residual prostate cancer xenograft tumors after miR-34a expression is induced in the tumor cells.,,,,
10.7554--elife.25306#new418~10.7554--elife.25306#new412,10.7554--elife.25306,result,disagreement,success,failure,I-BET151 selectively inhibits BCL2 expression in MLL-fusion leukaemic MV4;11 cells,Daily I-BET151 treatment increases survival in mice bearing MLL-fusion leukaemia xenografts compared with vehicle treatment.,,,,
10.7554--elife.25306#new416~10.7554--elife.25306#new410,10.7554--elife.25306,result,disagreement,inconclusive,success,I-BET151 treatment extends survival and reduces disease burden in a xenograft mouse model of MLL-fusion leukaemia,I-BET151 selectively inhibits the growth of MLL-fusion leukaemia cells such as MV4;11 while having little effect on non-MLL-fusion K-562 cells.,,,,
10.7554--elife.25306#new416~10.7554--elife.25306#new410,10.7554--elife.25306,replication_type,disagreement,close experiment,direct,I-BET151 treatment extends survival and reduces disease burden in a xenograft mouse model of MLL-fusion leukaemia,I-BET151 selectively inhibits the growth of MLL-fusion leukaemia cells such as MV4;11 while having little effect on non-MLL-fusion K-562 cells.,,,,
10.7554--elife.18173#new430~10.7554--elife.18173#new421,10.7554--elife.18173,result,disagreement,failure,inconclusive,Anti-CD47 antibody treatment increases lymphocytic infiltration in tumors,Anti-CD47 antibody treatment increases lymphocytic infiltration into syngeneic breast tumors.,,,,
10.7554--elife.18173#new430~10.7554--elife.18173#new421,10.7554--elife.18173,original_url,disagreement,,https://doi.org/10.1073/pnas.1121623109,Anti-CD47 antibody treatment increases lymphocytic infiltration in tumors,Anti-CD47 antibody treatment increases lymphocytic infiltration into syngeneic breast tumors.,,,,
10.7554--elife.18173#new429~10.7554--elife.18173#new420,10.7554--elife.18173,result,disagreement,success,failure,"Anti-CD47 antibody treatment causes short-term anemia (reduced red blood cells, hemoglobin, and hematocrit)",Anti-CD47 antibody treatment reduces the final weight of syngeneic breast tumors compared with IgG control treatment.,,,,
10.7554--elife.18173#new429~10.7554--elife.18173#new420,10.7554--elife.18173,original_url,disagreement,,https://doi.org/10.1073/pnas.1121623109,"Anti-CD47 antibody treatment causes short-term anemia (reduced red blood cells, hemoglobin, and hematocrit)",Anti-CD47 antibody treatment reduces the final weight of syngeneic breast tumors compared with IgG control treatment.,,,,
10.7554--elife.18173#new428~10.7554--elife.18173#new419,10.7554--elife.18173,result,disagreement,failure,success,Blocking the SIRPa/CD47 interaction with anti-CD47 antibody reduces tumor weight in syngeneic breast cancer models,Anti-CD47 antibody treatment causes short-term anemia without unacceptable toxicity in mice.,,,,
10.7554--elife.18173#new428~10.7554--elife.18173#new419,10.7554--elife.18173,original_url,disagreement,,https://doi.org/10.1073/pnas.1121623109,Blocking the SIRPa/CD47 interaction with anti-CD47 antibody reduces tumor weight in syngeneic breast cancer models,Anti-CD47 antibody treatment causes short-term anemia without unacceptable toxicity in mice.,,,,
10.7554--elife.34364#new434~10.7554--elife.34364#new427,10.7554--elife.34364,result,disagreement,success,inconclusive,Deletion of the pks island does not affect E. coli growth in vitro,The pks island promotes neoplasia and tumorigenesis in AOM-treated germ-free Il10-/- mice mono-associated with E. coli NC101.,,,,
10.7554--elife.34364#new433~10.7554--elife.34364#new426,10.7554--elife.34364,replication_type,disagreement,close extension,direct,The absence of the pks island reduces tumorigenic potential but not inflammatory potential of E. coli NC101 in germ-free Il10-/- mice treated with AOM,The pks island promotes invasion of the colon by E. coli NC101 in AOM-treated germ-free Il10-/- mice.,,,,
10.7554--elife.34364#new432~10.7554--elife.34364#new425,10.7554--elife.34364,result,disagreement,success,inconclusive,Deletion of the pks island does not affect E. coli NC101 growth in vitro,Deletion of the pks island does not alter colonic inflammation in AOM-treated germ-free Il10-/- mice mono-associated with E. coli.,,,,
10.7554--elife.21634#new439~10.7554--elife.21634#new434,10.7554--elife.21634,result,audit_sample,failure,failure,Expression of PREX2 mutant isoforms (PREX2[G844D] and PREX2[Q1430*]) decreases tumor-free survival compared to PREX2[WT] and GFP controls in immunodeficient mice,Expression of PREX2[Q1430*] in NRAS[G12D] melanocytes causes shorter tumor-free survival in mice than expression of PREX2[WT].,,,,
10.7554--elife.21634#new438~10.7554--elife.21634#new433,10.7554--elife.21634,result,disagreement,success,failure,"Ectopic expression of PREX2 isoforms (PREX2[WT], PREX2[G844D], PREX2[Q1430*]) in NRAS[G12D] melanocytes confirmed by Western blot detection of V5-tagged proteins",Expression of PREX2[G844D] in NRAS[G12D] melanocytes causes shorter tumor-free survival in mice than expression of PREX2[WT].,,,,
10.7554--elife.21634#new438~10.7554--elife.21634#new433,10.7554--elife.21634,replication_type,disagreement,close experiment,direct,"Ectopic expression of PREX2 isoforms (PREX2[WT], PREX2[G844D], PREX2[Q1430*]) in NRAS[G12D] melanocytes confirmed by Western blot detection of V5-tagged proteins",Expression of PREX2[G844D] in NRAS[G12D] melanocytes causes shorter tumor-free survival in mice than expression of PREX2[WT].,,,,
10.7554--elife.30274#new450~10.7554--elife.30274#new442,10.7554--elife.30274,result,disagreement,inconclusive,success,c-Myc overexpression increases total RNA levels in P493-6 Burkitt's lymphoma cells,Induction of c-Myc increases expression of genes that are already transcriptionally active.,,,,
10.7554--elife.30274#new448~10.7554--elife.30274#new440,10.7554--elife.30274,result,disagreement,inconclusive,success,c-Myc induction increases total RNA levels in P493-6 Burkitt's lymphoma cells,"Tetracycline represses c-Myc expression in P493-6 cells, and removal of tetracycline reactivates c-Myc expression.",,,,
10.1158--1055-9965.epi-08-1223#new490~10.1158--1055-9965.epi-08-1223#new482,10.1158--1055-9965.epi-08-1223,replication_type,disagreement,close experiment,direct,The NKX3-1 C154T (rs2228013) variant is associated with prostate cancer risk,The rs1447295 variant at the 8q24 locus is associated with increased prostate cancer risk.,,,,
10.1080--17470218.2016.1253756#new499~10.1080--17470218.2016.1253756#new506,10.1080--17470218.2016.1253756,result,disagreement,inconclusive,failure,"The influence of six semantic variables (familiarity, age-of-acquisition, sensory experience ratings, imageability, semantic transparency, and lexeme meaning dominance) on lexical decision times and w",Lexeme meaning dominance influences the processing speed of English compound words.,,,,
10.1177--0022022100031003001#new508~10.1177--0022022100031003001#new522,10.1177--0022022100031003001,result,audit_sample,success,success,Individualism-Collectivism index scores vary across national cultures as measured by work values,National differences in Individualism-Collectivism are reflected in country-level work values and cultural attitudes.,,,,
10.1111--famp.12710#new515~10.1111--famp.12710#new559,10.1111--famp.12710,replication_type,disagreement,close experiment,direct,OurRelationship program produces greater reductions in communication conflict than the ePREP program,The OurRelationship program produces a greater reduction in communication conflict than the ePREP program.,,,,
10.1111--famp.12710#new514~10.1111--famp.12710#new558,10.1111--famp.12710,result,disagreement,success,failure,Both OurRelationship and ePREP online programs produce reliable improvements in relationship functioning relative to a waitlist control group for low-income couples seeking help,The OurRelationship and ePREP programs reduce the presence or frequency of intimate partner violence relative to a waitlist control group among low-income couples.,,,,
10.1111--famp.12710#new514~10.1111--famp.12710#new558,10.1111--famp.12710,replication_type,disagreement,close experiment,direct,Both OurRelationship and ePREP online programs produce reliable improvements in relationship functioning relative to a waitlist control group for low-income couples seeking help,The OurRelationship and ePREP programs reduce the presence or frequency of intimate partner violence relative to a waitlist control group among low-income couples.,,,,
10.5018--economics-ejournal.ja.2018-3#new528~10.5018--economics-ejournal.ja.2018-3#new583,10.5018--economics-ejournal.ja.2018-3,result,disagreement,failure,success,The effect of education on total industrialisation in the second phase of Prussian industrialisation (1882),"Education had a positive causal effect on industrialisation in the non-metal, non-textile sector during the second phase of Prussian industrialisation, from 1849 to 1882.",,,,
10.5018--economics-ejournal.ja.2018-3#new527~10.5018--economics-ejournal.ja.2018-3#new582,10.5018--economics-ejournal.ja.2018-3,result,disagreement,reversal,failure,The effect of education on total industrialisation in the first phase of Prussian industrialisation (1849),"Education had a positive causal effect on textile-sector industrialisation during the second phase of Prussian industrialisation, from 1849 to 1882.",,,,
10.5018--economics-ejournal.ja.2018-3#new524~10.5018--economics-ejournal.ja.2018-3#new579,10.5018--economics-ejournal.ja.2018-3,result,disagreement,reversal,failure,BHW's claim that pre-industrial education had a positive causal effect on total industrialisation in the first phase of Prussian industrialisation (1849),"Education had a positive causal effect on industrialisation in the non-metal, non-textile sector during the first phase of Prussian industrialisation.",,,,
10.3386--w21801#new540~10.3386--w21801#new603,10.3386--w21801,replication_type,disagreement,close extension,close experiment,A statistically significant increase in unemployment for black workers in Miami following the hypothetical 1994 Mariel Boatlift,A nonexistent 1994 Mariel Boatlift would appear to produce a spurious increase in Miami unemployment when analyzed with a small conventional control group.,,,,
10.3386--w21801#new539~10.3386--w21801#new602,10.3386--w21801,result,disagreement,failure,success,A large and long lasting negative difference in wages between Miami and its control in the 1982-1985 period for high school dropouts,The Mariel Boatlift caused a large and lasting decline in the wages of selected groups of low-skilled workers in Miami relative to a synthetic control.,,,,
10.3386--w21801#new539~10.3386--w21801#new602,10.3386--w21801,replication_type,disagreement,close extension,direct,A large and long lasting negative difference in wages between Miami and its control in the 1982-1985 period for high school dropouts,The Mariel Boatlift caused a large and lasting decline in the wages of selected groups of low-skilled workers in Miami relative to a synthetic control.,,,,
10.3386--w21801#new538~10.3386--w21801#new601,10.3386--w21801,replication_type,disagreement,close extension,close experiment,The Mariel Boatlift had no significant impact on wages and employment of low-skilled non-Cuban workers in Miami,The Mariel Boatlift did not significantly increase unemployment among low-skilled non-Cuban workers in Miami.,,,,
10.3386--w21801#new535~10.3386--w21801#new600,10.3386--w21801,replication_type,disagreement,conceptual,close experiment,The Mariel Boatlift had no significant impact on wages and employment of low-skilled non-Cuban workers in Miami.,The Mariel Boatlift had no significant negative effect on the wages of low-skilled non-Cuban workers in Miami.,,,,
10.1002--jae.2886#new550~10.1002--jae.2886#new607,10.1002--jae.2886,replication_type,disagreement,close extension,close experiment,"The Economics profession gradually evolved into a small world, with the co-author network of economists satisfying all four criteria for the small world hypothesis by the 1990s","Using co-authorship data, the Economics profession forms a small world by the 1990s, with a large giant component, short distances, high clustering, and highly connected researchers linking otherwise ",,,,
10.1002--jae.2886#new549~10.1002--jae.2886#new606,10.1002--jae.2886,replication_type,disagreement,close extension,close experiment,"The Economics profession gradually evolved into a small world, with the co-author network of economists satisfying all four criteria for the small world hypothesis by the 1990s","The Economics co-authorship network becomes a small world by the 1990s, with highly connected researchers producing short average distances and increasing connectedness.",,,,
10.1002--jae.2886#new548~10.1002--jae.2886#new605,10.1002--jae.2886,replication_type,disagreement,close experiment,direct,"The Economics profession gradually evolved into a small world, with the co-author network of economists satisfying all four criteria for the small world hypothesis by the 1990s","The Economics co-authorship network becomes a small world by the 1990s, characterized by a large connected component, short distances, and high clustering, with highly connected researchers driving th",,,,
10.1111--sjoe.12341#new556~10.1111--sjoe.12341#new611,10.1111--sjoe.12341,replication_type,disagreement,close extension,close experiment,"Protection from iodine deficiency in utero, provided by iodized oil capsule distribution programs, increases educational attainment.","Protection from iodine deficiency in utero increases educational attainment in Tanzania, with particularly large effects for girls.",,,,
10.1371--journal.pone.0051382#new570~10.1371--journal.pone.0051382#new619,10.1371--journal.pone.0051382,result,disagreement,reversal,inconclusive,Object color implied by verbal context affects picture verification speed (match vs. mismatch),Sentences implying an object's color cause faster verification of pictures showing the object in the mismatching color than pictures showing it in the matching color.,,,,
10.1371--journal.pone.0051382#new570~10.1371--journal.pone.0051382#new619,10.1371--journal.pone.0051382,replication_type,disagreement,direct,close extension,Object color implied by verbal context affects picture verification speed (match vs. mismatch),Sentences implying an object's color cause faster verification of pictures showing the object in the mismatching color than pictures showing it in the matching color.,,,,
10.1371--journal.pone.0051382#new569~10.1371--journal.pone.0051382#new618,10.1371--journal.pone.0051382,replication_type,disagreement,direct,close extension,Object color implied by verbal context affects picture verification speed (match vs. mismatch),Sentences implying an object's color cause faster verification of pictures showing the object in the mismatching color than pictures showing it in the matching color.,,,,
10.1371--journal.pone.0051382#new568~10.1371--journal.pone.0051382#new617,10.1371--journal.pone.0051382,replication_type,disagreement,direct,close extension,Implied object shape from verbal context affects picture verification speed (match vs. mismatch),Sentences implying an object's shape cause faster and more accurate verification of pictures showing the object in the matching shape than pictures showing it in the mismatching shape.,,,,
10.1371--journal.pone.0051382#new567~10.1371--journal.pone.0051382#new616,10.1371--journal.pone.0051382,replication_type,disagreement,direct,close extension,Implied object shape from verbal context affects picture verification speed (match vs. mismatch),Sentences implying an object's shape cause faster and more accurate verification of pictures showing the object in the matching shape than pictures showing it in the mismatching shape.,,,,
10.1371--journal.pone.0051382#new566~10.1371--journal.pone.0051382#new615,10.1371--journal.pone.0051382,replication_type,disagreement,direct,close extension,Implied object orientation from verbal context affects picture verification speed (match vs. mismatch),Sentences implying a particular object orientation cause faster verification of pictures showing the object in the matching orientation than pictures showing it in the mismatching orientation.,,,,
10.1371--journal.pone.0051382#new565~10.1371--journal.pone.0051382#new614,10.1371--journal.pone.0051382,replication_type,disagreement,direct,close extension,Implied object orientation from verbal context affects picture verification speed (match vs. mismatch),Sentences implying a particular object orientation cause faster verification of pictures showing the object in the matching orientation than pictures showing it in the mismatching orientation.,,,,
10.1016--j.jesp.2015.09.003#new594~10.1016--j.jesp.2015.09.003#new630,10.1016--j.jesp.2015.09.003,result,disagreement,inconclusive,failure,"Positive-high affect narrows the breadth of attention compared to neutral affect and positive-low affect, as measured by response times to global and local targets in a Navon letter task, using German","In Experiment 1, positive-high affect was hypothesized to narrow attentional breadth compared with positive-low affect, with relatively greater local than global processing after positive-high stimuli",,,,
10.1016--j.jesp.2015.09.003#new593~10.1016--j.jesp.2015.09.003#new629,10.1016--j.jesp.2015.09.003,replication_type,disagreement,direct,conceptual,"Positive-high affect (appetitive dessert pictures) narrows the breadth of attention compared to neutral affect (rock pictures), as measured by slower response times to global targets in a Navon letter","In Experiment 2, positive-high affect was hypothesized to narrow attentional breadth compared with neutral affect, such that responses to global targets would be slower after positive-high than after ",,,,
10.1016--j.jesp.2015.09.003#new592~10.1016--j.jesp.2015.09.003#new628,10.1016--j.jesp.2015.09.003,result,disagreement,inconclusive,success,"Positive-high affect narrows attentional breadth compared to neutral affect in the Navon letter task, tested with German-rated stimuli and including a positive-low affect condition","In Experiment 2, positive-high affect induced by dessert pictures was hypothesized to narrow attentional breadth compared with neutral affect induced by rock pictures, producing slower responses to gl",,,,
10.1016--j.jesp.2015.09.003#new592~10.1016--j.jesp.2015.09.003#new628,10.1016--j.jesp.2015.09.003,replication_type,disagreement,conceptual,direct,"Positive-high affect narrows attentional breadth compared to neutral affect in the Navon letter task, tested with German-rated stimuli and including a positive-low affect condition","In Experiment 2, positive-high affect induced by dessert pictures was hypothesized to narrow attentional breadth compared with neutral affect induced by rock pictures, producing slower responses to gl",,,,
10.3758--s13421-017-0708-1#new604~10.3758--s13421-017-0708-1#new634,10.3758--s13421-017-0708-1,result,disagreement,failure,success,Sentence-picture verification task produces a match advantage for color,"Color implied by a sentence produces a match advantage, with faster responses to object pictures whose colors match the implied color.",,,,
10.3758--s13421-017-0708-1#new604~10.3758--s13421-017-0708-1#new634,10.3758--s13421-017-0708-1,replication_type,disagreement,close extension,conceptual,Sentence-picture verification task produces a match advantage for color,"Color implied by a sentence produces a match advantage, with faster responses to object pictures whose colors match the implied color.",,,,
10.3758--s13421-017-0708-1#new601~10.3758--s13421-017-0708-1#new633,10.3758--s13421-017-0708-1,result,disagreement,failure,inconclusive,Sentence-picture verification task produces a mismatch advantage for color (faster responses when the picture color mismatches the implied color in the sentence),"Color implied by a sentence produces a mismatch advantage, with responses to mismatching object colors faster than responses to matching colors.",,,,
10.3758--s13423-020-01834-4#new610~10.3758--s13423-020-01834-4#new639,10.3758--s13423-020-01834-4,result,disagreement,reversal,inconclusive,Participants selected the optimal default significantly less than chance when using a complex advice-giving paradigm with default-framing confound,"In Study 1h, choice architects selecting a default to influence a new employee toward a higher-paying or more vacation-rich job selected the optimal default at below-chance levels when the option attr",,,,
10.3758--s13423-020-01834-4#new610~10.3758--s13423-020-01834-4#new639,10.3758--s13423-020-01834-4,replication_type,disagreement,conceptual,close experiment,Participants selected the optimal default significantly less than chance when using a complex advice-giving paradigm with default-framing confound,"In Study 1h, choice architects selecting a default to influence a new employee toward a higher-paying or more vacation-rich job selected the optimal default at below-chance levels when the option attr",,,,
10.3758--s13423-020-01834-4#new610~10.3758--s13423-020-01834-4#new639,10.3758--s13423-020-01834-4,original_url,disagreement,,https://doi.org/10.1073/pnas.1708413114,Participants selected the optimal default significantly less than chance when using a complex advice-giving paradigm with default-framing confound,"In Study 1h, choice architects selecting a default to influence a new employee toward a higher-paying or more vacation-rich job selected the optimal default at below-chance levels when the option attr",,,,
10.3758--s13423-020-01834-4#new609~10.3758--s13423-020-01834-4#new638,10.3758--s13423-020-01834-4,result,disagreement,success,reversal,Participants selected the optimal default significantly less than chance when using a complex advice-giving paradigm with default-framing confound,"In Study 1h, choice architects selecting a default to influence a new employee toward a higher-paying or more vacation-rich job selected the optimal default at below-chance levels.",,,,
10.3758--s13423-020-01834-4#new609~10.3758--s13423-020-01834-4#new638,10.3758--s13423-020-01834-4,replication_type,disagreement,direct,conceptual,Participants selected the optimal default significantly less than chance when using a complex advice-giving paradigm with default-framing confound,"In Study 1h, choice architects selecting a default to influence a new employee toward a higher-paying or more vacation-rich job selected the optimal default at below-chance levels.",,,,
10.3758--s13423-020-01834-4#new609~10.3758--s13423-020-01834-4#new638,10.3758--s13423-020-01834-4,original_url,disagreement,,https://doi.org/10.1073/pnas.1708413114,Participants selected the optimal default significantly less than chance when using a complex advice-giving paradigm with default-framing confound,"In Study 1h, choice architects selecting a default to influence a new employee toward a higher-paying or more vacation-rich job selected the optimal default at below-chance levels.",,,,
10.3758--s13423-020-01834-4#new608~10.3758--s13423-020-01834-4#new637,10.3758--s13423-020-01834-4,result,disagreement,reversal,success,"Participants selected the optimal default at above-chance levels using a simplified paradigm free of the default-framing confound, testing the same original effect from Zlatev et al. (2017) Study 1h","In Study 1h, choice architects selecting a default to influence a new employee toward a higher-paying or more vacation-rich job selected the optimal default at below-chance levels.",,,,
10.3758--s13423-020-01834-4#new608~10.3758--s13423-020-01834-4#new637,10.3758--s13423-020-01834-4,replication_type,disagreement,conceptual,direct,"Participants selected the optimal default at above-chance levels using a simplified paradigm free of the default-framing confound, testing the same original effect from Zlatev et al. (2017) Study 1h","In Study 1h, choice architects selecting a default to influence a new employee toward a higher-paying or more vacation-rich job selected the optimal default at below-chance levels.",,,,
10.3758--s13423-020-01834-4#new608~10.3758--s13423-020-01834-4#new637,10.3758--s13423-020-01834-4,original_url,disagreement,,https://doi.org/10.1073/pnas.1708413114,"Participants selected the optimal default at above-chance levels using a simplified paradigm free of the default-framing confound, testing the same original effect from Zlatev et al. (2017) Study 1h","In Study 1h, choice architects selecting a default to influence a new employee toward a higher-paying or more vacation-rich job selected the optimal default at below-chance levels.",,,,
10.3758--s13421-023-01471-x#new619~10.3758--s13421-023-01471-x#new644,10.3758--s13421-023-01471-x,result,audit_sample,failure,failure,Distraction during encoding improves delayed memory performance for complex visual stimuli such as faces,"Distraction during encoding of faces, presented in blocked task conditions, improves delayed memory performance compared with simple-span encoding.",,,,
10.3758--s13421-023-01471-x#new618~10.3758--s13421-023-01471-x#new643,10.3758--s13421-023-01471-x,result,disagreement,failure,inconclusive,Distraction during encoding improves delayed memory performance for complex visual stimuli such as faces,Distraction during encoding of faces improves delayed memory performance compared with encoding without distraction.,,,,
10.1001--archneurol.2011.155#new628~10.1001--archneurol.2011.155#new653,10.1001--archneurol.2011.155,replication_type,disagreement,direct,close experiment,The polyT repeat (rs10524523) in TOMM40 is associated with risk for late-onset Alzheimer's disease,The very-long allele of the APOE ε3–TOMM40 polyT polymorphism is associated with increased risk of late-onset Alzheimer's disease.,,,,
10.1001--archneurol.2011.155#new627~10.1001--archneurol.2011.155#new652,10.1001--archneurol.2011.155,replication_type,disagreement,direct,close experiment,The polyT repeat (rs10524523) in TOMM40 is associated with age at onset of late-onset Alzheimer's disease,The APOE ε3–TOMM40 polyT polymorphism haplotype groups are associated with age at onset of late-onset Alzheimer's disease.,,,,
10.3758--s13421-024-01583-y#new636~10.3758--s13421-024-01583-y#new660,10.3758--s13421-024-01583-y,replication_type,disagreement,close experiment,close extension,Noise in the second half of a spoken passage impairs retention of information presented in the first half of the passage,Rabbitt's Experiment 3 claimed that presenting noise during the second half of a spoken passage impairs retention of information presented in the first half.,,,,
10.3758--s13421-024-01583-y#new635~10.3758--s13421-024-01583-y#new659,10.3758--s13421-024-01583-y,replication_type,disagreement,close experiment,close extension,Noise in the second half of a spoken passage impairs retention of information presented in the first half of the passage,Rabbitt's Experiment 3 claimed that presenting noise during the second half of a spoken passage impairs retention of information presented in the first half.,,,,
10.3758--s13421-024-01583-y#new634~10.3758--s13421-024-01583-y#new658,10.3758--s13421-024-01583-y,result,disagreement,inconclusive,reversal,Noise in the second half of a spoken passage impairs retention of information presented in the first half of the passage,Rabbitt's Experiment 3 claimed that presenting noise during the second half of a spoken passage impairs retention of information presented in the first half.,,,,
10.3758--s13421-024-01583-y#new634~10.3758--s13421-024-01583-y#new658,10.3758--s13421-024-01583-y,replication_type,disagreement,close experiment,close extension,Noise in the second half of a spoken passage impairs retention of information presented in the first half of the passage,Rabbitt's Experiment 3 claimed that presenting noise during the second half of a spoken passage impairs retention of information presented in the first half.,,,,
10.1016--j.leaqua.2022.101633#new647~10.1016--j.leaqua.2022.101633#new675,10.1016--j.leaqua.2022.101633,result,audit_sample,failure,failure,White leaders are evaluated more favorably than non-White leaders when credit for successful organizational performance is attributed to the leader,"When successful organizational performance is attributed to the leader, White leaders are evaluated more favorably than non-White leaders.",,,,
10.1016--j.leaqua.2022.101633#new645~10.1016--j.leaqua.2022.101633#new673,10.1016--j.leaqua.2022.101633,result,audit_sample,failure,failure,White leaders are evaluated more favorably than non-White leaders when credit for successful organizational performance is attributed to the leader,"When successful organizational performance is attributed to the leader, White leaders are evaluated more favorably than non-White leaders.",,,,
10.1016--j.leaqua.2022.101633#new644~10.1016--j.leaqua.2022.101633#new672,10.1016--j.leaqua.2022.101633,result,audit_sample,failure,failure,White leaders are evaluated more favorably than non-White leaders when credit for successful organizational performance is attributed to the leader,"When successful organizational performance is attributed to the leader, White leaders are evaluated more favorably than non-White leaders.",,,,
10.1016--j.leaqua.2022.101633#new643~10.1016--j.leaqua.2022.101633#new671,10.1016--j.leaqua.2022.101633,replication_type,disagreement,conceptual,close experiment,White leaders are evaluated more favorably than non-White leaders when credit for successful organizational performance is attributed to the leader,"When successful organizational performance is attributed to the leader, White leaders are evaluated more favorably than non-White leaders.",,,,
10.1016--j.leaqua.2022.101633#new641~10.1016--j.leaqua.2022.101633#new669,10.1016--j.leaqua.2022.101633,result,disagreement,failure,inconclusive,White leaders are evaluated more favorably than non-White leaders when credit for successful organizational performance is attributed to the leader,"In the absence of racial cues, participants perceive a business leader as White more often than a non-leader.",,,,
10.1016--j.leaqua.2022.101633#new641~10.1016--j.leaqua.2022.101633#new669,10.1016--j.leaqua.2022.101633,replication_type,disagreement,close experiment,conceptual,White leaders are evaluated more favorably than non-White leaders when credit for successful organizational performance is attributed to the leader,"In the absence of racial cues, participants perceive a business leader as White more often than a non-leader.",,,,
10.1016--j.leaqua.2022.101633#new640~10.1016--j.leaqua.2022.101633#new668,10.1016--j.leaqua.2022.101633,result,disagreement,failure,inconclusive,Being White is a component of the business leader prototype; leaders are perceived as White more than non-leaders regardless of base rate information,"In the absence of racial cues, participants perceive a business leader as White more often than a non-leader.",,,,
10.1016--j.leaqua.2022.101633#new640~10.1016--j.leaqua.2022.101633#new668,10.1016--j.leaqua.2022.101633,replication_type,disagreement,conceptual,close experiment,Being White is a component of the business leader prototype; leaders are perceived as White more than non-leaders regardless of base rate information,"In the absence of racial cues, participants perceive a business leader as White more often than a non-leader.",,,,
10.1037--0096-3445.123.2.161#neg,10.1037--0096-3445.123.2.161,is_replication_paper,disagreement,no,yes,,,,,,
10.1192--bjp.138.4.321#neg,10.1192--bjp.138.4.321,is_replication_paper,disagreement,no,yes,,,,,,
10.1016--j.cognition.2019.104157#neg,10.1016--j.cognition.2019.104157,is_replication_paper,disagreement,no,yes,,,,,,
10.1111--j.1467-9280.2008.02076.x#neg,10.1111--j.1467-9280.2008.02076.x,is_replication_paper,disagreement,no,yes,,,,,,
10.1080--13803390701550110#neg,10.1080--13803390701550110,is_replication_paper,disagreement,no,yes,,,,,,
10.1038--ng.3434#neg,10.1038--ng.3434,is_replication_paper,disagreement,no,yes,,,,,,
10.1037--edu0000095#new1,10.1037--edu0000095,row_exists,only coder a listed this entry,present,,"The Pathway Project cognitive strategies professional development program improves analytical writing outcomes for Latino and mainstreamed English learner secondary students, Year 1",,,,,
10.1037--edu0000095#new2,10.1037--edu0000095,row_exists,only coder a listed this entry,present,,"The Pathway Project cognitive strategies professional development program improves analytical writing outcomes for Latino and mainstreamed English learner secondary students, Year 2",,,,,
10.1037--edu0000095#new3,10.1037--edu0000095,row_exists,only coder a listed this entry,present,,The Pathway Project cognitive strategies professional development program improves academic writing outcomes for secondary school Latinos and English learners,,,,,
10.1525--mp.2012.30.2.161#new19,10.1525--mp.2012.30.2.161,row_exists,only coder a listed this entry,present,,Replication of the five-factor MUSIC preference model using musical excerpts from a variety of genres and subgenres; tests whether preferences are based on musical attributes rather than genres.,,,,,
10.1525--mp.2012.30.2.161#new20,10.1525--mp.2012.30.2.161,row_exists,only coder a listed this entry,present,,Replication of the five-factor MUSIC preference model using jazz musical pieces; tests whether the MUSIC factors emerge within a single genre.,,,,,
10.1080--00330124.2012.681509#new32,10.1080--00330124.2012.681509,row_exists,only coder a listed this entry,present,,Direct replication of the SoVI social vulnerability index applied to Norwegian municipalities following the original US county-level methodology as closely as possible,,,,,
10.1080--00330124.2012.681509#new33,10.1080--00330124.2012.681509,row_exists,only coder a listed this entry,present,,Replication of the SoVI index of social vulnerability for Norwegian municipalities following the original US county-level methodology as closely as possible,,,,,
10.1016--j.cortex.2022.12.003#new38,10.1016--j.cortex.2022.12.003,row_exists,only coder a listed this entry,present,,"Subliminal instrumental conditioning can occur without conscious awareness of the cues, as demonstrated by learning to adjust Go/NoGo behavior in response to subliminally presented rewarding and punis",,,,,
10.1101--2021.11.30.470372#new43,10.1101--2021.11.30.470372,row_exists,only coder a listed this entry,present,,RAF inhibitors PLX4720 and GDC-0879 selectively inhibit BRAF(V600E) cell proliferation while MEK inhibitor PD0325901 inhibits proliferation of all cell lines,,,,,
10.1101--2021.11.30.470372#new44,10.1101--2021.11.30.470372,row_exists,only coder a listed this entry,present,,"Knockdown of CRAF, but not BRAF, reverses phospho-MEK induction after PLX4720 treatment in wild-type RAF cells",,,,,
10.1080--02699931.2018.1429389#new56,10.1080--02699931.2018.1429389,row_exists,only coder a listed this entry,present,,Briefly presented subliminal primes selectively influence implicit attitudes such that IAT effects reflect prime valence rather than explicit behavioral information about the target person.,,,,,
10.1080--02699931.2018.1429389#new57,10.1080--02699931.2018.1429389,row_exists,only coder a listed this entry,present,,Briefly presented subliminal primes selectively influence implicit attitudes such that IAT effects reflect prime valence rather than explicit behavioral information about the target person.,,,,,
10.1111--psyp.13546#new61,10.1111--psyp.13546,row_exists,only coder a listed this entry,present,,Higher IU is associated with greater threat generalization during acquisition training and delayed learning of cue pairings during extinction training,,,,,
10.1111--psyp.13546#new62,10.1111--psyp.13546,row_exists,only coder a listed this entry,present,,Higher IU is associated with greater threat generalization during acquisition training and delayed learning of cue pairings during extinction training,,,,,
10.1073--pnas.2103313118#new67,10.1073--pnas.2103313118,row_exists,only coder a listed this entry,present,,Poverty impairs cognitive function,,,,,
10.1073--pnas.2103313118#new68,10.1073--pnas.2103313118,row_exists,only coder a listed this entry,present,,Economic decision-making in poverty depletes behavioral control,,,,,
10.1073--pnas.2103313118#new70,10.1073--pnas.2103313118,row_exists,only coder a listed this entry,present,,Scarcity frames value,,,,,
10.1007--s10882-014-9400-6#new77,10.1007--s10882-014-9400-6,row_exists,only coder a listed this entry,present,,"Teaching infants with Down syndrome to imitate verbal sounds using multiple opportunities, prompting, and high rates of social reinforcement",,,,,
10.1158--1055-9965.epi-11-0870-t#new82,10.1158--1055-9965.epi-11-0870-t,row_exists,only coder a listed this entry,present,,SNP rs13385191 on chromosome 2p24 is associated with prostate cancer risk,,,,,
10.1158--1055-9965.epi-11-0870-t#new83,10.1158--1055-9965.epi-11-0870-t,row_exists,only coder a listed this entry,present,,SNP rs12653946 on chromosome 5p15 is associated with prostate cancer risk,,,,,
10.1158--1055-9965.epi-11-0870-t#new84,10.1158--1055-9965.epi-11-0870-t,row_exists,only coder a listed this entry,present,,SNP rs1983891 on chromosome 6p21 is associated with prostate cancer risk,,,,,
10.1158--1055-9965.epi-11-0870-t#new85,10.1158--1055-9965.epi-11-0870-t,row_exists,only coder a listed this entry,present,,SNP rs339331 on chromosome 6p22 is associated with prostate cancer risk,,,,,
10.1002--cpp.686#new106,10.1002--cpp.686,row_exists,only coder a listed this entry,present,,Attachment insecurity predicts improvement in group therapy outcome for complicated grief,,,,,
10.1002--cpp.686#new107,10.1002--cpp.686,row_exists,only coder a listed this entry,present,,Quality of object relations predicts improvement in group therapy outcome for complicated grief,,,,,
10.1007--s11251-018-9451-7#new111,10.1007--s11251-018-9451-7,row_exists,only coder a listed this entry,present,,Subgoal labeled expository text interacts with subgoal labeled worked examples to improve problem solving performance,,,,,
10.1007--s10648-019-09468-2#new114,10.1007--s10648-019-09468-2,row_exists,only coder a listed this entry,present,,The effect of note-taking method (longhand vs laptop) on immediate test performance for factual and conceptual questions (experiment 1),,,,,
10.1037--xge0000788#new118,10.1037--xge0000788,row_exists,only coder a listed this entry,present,,Moral blame increases belief in free will,,,,,
10.1037--xge0000788#new119,10.1037--xge0000788,row_exists,only coder a listed this entry,present,,Moral blame increases belief in free will,,,,,
10.1037--xge0000788#new120,10.1037--xge0000788,row_exists,only coder a listed this entry,present,,Moral blame increases belief in free will,,,,,
10.1037--xge0000788#new121,10.1037--xge0000788,row_exists,only coder a listed this entry,present,,Clark et al. (2014) Study 1 found that exposure to morally blameworthy scenarios increases belief in free will compared to morally neutral scenarios,,,,,
10.1037--xge0000788#new122,10.1037--xge0000788,row_exists,only coder a listed this entry,present,,Clark et al. (2014) Study 2 found that exposure to immoral behavior increases belief in free will compared to morally neutral behavior,,,,,
10.5964--jnc.7047#new128,10.5964--jnc.7047,row_exists,only coder a listed this entry,present,,Reciprocal associations between executive function and math achievement across preschool and kindergarten (STAR sample),,,,,
10.1525--collabra.168#new131,10.1525--collabra.168,row_exists,only coder a listed this entry,present,,The implicit association between brightness and positivity tested with chromatic (blue) color patches using the Implicit Association Test,,,,,
10.1525--collabra.168#new132,10.1525--collabra.168,row_exists,only coder a listed this entry,present,,The explicit association between brightness and positivity tested with chromatic (blue) color patches using a rating task,,,,,
10.1525--collabra.168#new133,10.1525--collabra.168,row_exists,only coder a listed this entry,present,,The implicit association between brightness and positivity tested with achromatic (black-and-white) stimuli using the Implicit Association Test,,,,,
10.1525--collabra.168#new134,10.1525--collabra.168,row_exists,only coder a listed this entry,present,,The implicit association between brightness and positivity tested with chromatic blue color patches using the IAT in Study 1 of the original,,,,,
10.1177--1948550618775410#new138,10.1177--1948550618775410,row_exists,only coder a listed this entry,present,,"Reading literary fiction compared to popular genre fiction improves Theory of Mind performance on the Reading the Mind in the Eyes Test (RMET), as tested in Experiment 5 of Kidd and Castano (2013).",,,,,
10.1177--1948550618775410#new141,10.1177--1948550618775410,row_exists,only coder a listed this entry,present,,"Reading literary fiction compared to popular genre fiction improves Theory of Mind performance on the Reading the Mind in the Eyes Test (RMET), as tested in Experiment 5 of Kidd and Castano (2013).",,,,,
10.17605--osf.io--ahcpw#new147,10.17605--osf.io--ahcpw,row_exists,only coder a listed this entry,present,,Study 2 tested whether affect-poor (cash) targets yield scope-sensitive responses and affect-rich (music book) targets yield scope-insensitive responses in willingness to work at a campus bookstore.,,,,,
10.17605--osf.io--ahcpw#new148,10.17605--osf.io--ahcpw,row_exists,only coder a listed this entry,present,,Study 3 tested whether affect-poor (dot) presentations yield scope-sensitive responses and affect-rich (picture) presentations yield scope-insensitive responses in donation willingness for panda rescu,,,,,
10.17605--osf.io--4hjck#new156,10.17605--osf.io--4hjck,row_exists,only coder a listed this entry,present,,Higher numeracy is associated with weaker positive-negative framing effect,,,,,
10.17605--osf.io--4hjck#new159,10.17605--osf.io--4hjck,row_exists,only coder a listed this entry,present,,Higher numeracy is associated with stronger bets effect,,,,,
10.17605--osf.io--4hjck#new160,10.17605--osf.io--4hjck,row_exists,only coder a listed this entry,present,,"Numeracy moderates the positive-negative attribute framing effect, with lower numeracy associated with stronger framing bias",,,,,
10.17605--osf.io--4hjck#new161,10.17605--osf.io--4hjck,row_exists,only coder a listed this entry,present,,"Numeracy moderates the frequency-percentage effect, with lower numeracy associated with stronger frequency-percentage bias",,,,,
10.17605--osf.io--4hjck#new162,10.17605--osf.io--4hjck,row_exists,only coder a listed this entry,present,,"Numeracy is associated with more optimal choices in competing affective decisions, with lower numeracy associated with stronger ratio bias",,,,,
10.1037--a0024923#new169,10.1037--a0024923,row_exists,only coder a listed this entry,present,,5-year-olds' sensitivity to proportion when assessing the niceness of givers in a noncollaborative Giving Game,,,,,
10.1037--a0024923#new170,10.1037--a0024923,row_exists,only coder a listed this entry,present,,children's and adults' sensitivity to proportion when evaluating niceness of givers in collaborative versus individual effort contexts,,,,,
10.1037--a0024923#new171,10.1037--a0024923,row_exists,only coder a listed this entry,present,,5-year-olds' sensitivity to proportion when assessing the niceness of givers in a Giving Game,,,,,
10.1037--a0024923#new172,10.1037--a0024923,row_exists,only coder a listed this entry,present,,children's and adults' sensitivity to proportion when evaluating niceness of givers in collaborative versus individual effort contexts,,,,,
10.1177--2515245920958687#new181,10.1177--2515245920958687,row_exists,only coder a listed this entry,present,,Instilling action or inaction goals influences subsequent motor and cognitive output (Experiment 5).,,,,,
10.1177--2515245920958687#new182,10.1177--2515245920958687,row_exists,only coder a listed this entry,present,,Instilling action or inaction goals influences subsequent motor and cognitive output (Experiment 7).,,,,,
10.1002--rrq.62#new211,10.1002--rrq.62,row_exists,only coder a listed this entry,present,,A voluntary summer reading program providing matched books and teacher scaffolding improves reading comprehension for low-income elementary students,,,,,
10.1002--rrq.62#new212,10.1002--rrq.62,row_exists,only coder a listed this entry,present,,The effect of a voluntary summer reading program providing matched books and teacher scaffolding on reading comprehension,,,,,
10.1016--j.cogdev.2017.10.004#new217,10.1016--j.cogdev.2017.10.004,row_exists,only coder a listed this entry,present,,"18-month-old infants' helping behavior in response to an experimenter's false belief about the location of a toy, measuring whether infants help by opening the box containing the toy or the empty box ",,,,,
10.1016--j.cogdev.2017.10.004#new218,10.1016--j.cogdev.2017.10.004,row_exists,only coder a listed this entry,present,,"15-month-old infants' looking time to expected vs. unexpected reaching trials when an experimenter with a false belief reaches for an object, testing whether infants form action expectations based on ",,,,,
10.1016--j.cogdev.2017.10.004#new219,10.1016--j.cogdev.2017.10.004,row_exists,only coder a listed this entry,present,,"18-month-old infants' looking time to expected vs. unexpected reaching trials when an experimenter with a false belief reaches for an object, testing whether infants form action expectations based on ",,,,,
10.1002--ejsp.2748#new247,10.1002--ejsp.2748,row_exists,only coder a listed this entry,present,,"The bystander ISE: uninvolved bystanders view intergroup criticism as inappropriate, measured via behavioral bonus allocation and self-report",,,,,
10.1016--j.intell.2020.101471#new252,10.1016--j.intell.2020.101471,row_exists,only coder a listed this entry,present,,Growth mindset predicts improvement in mathematics grades across a challenging transition to junior high school,,,,,
10.1525--collabra.277#new272,10.1525--collabra.277,row_exists,only coder a listed this entry,present,,Experiment 2 of Lichtenfeld et al. (2009): processing the word red impairs verbal analogy test performance,,,,,
10.1525--collabra.277#new273,10.1525--collabra.277,row_exists,only coder a listed this entry,present,,Experiment 2 of Lichtenfeld et al. (2009): processing the word red impairs verbal analogy test performance,,,,,
10.1525--collabra.277#new274,10.1525--collabra.277,row_exists,only coder a listed this entry,present,,Experiment 2 of Lichtenfeld et al. (2009): processing the word red impairs general knowledge test performance,,,,,
10.3389--fpsyg.2014.00786#new280,10.3389--fpsyg.2014.00786,row_exists,only coder a listed this entry,present,,Averaging two guesses within a person improves estimation accuracy on general knowledge questions compared to a single guess (immediate condition),,,,,
10.1027--1864-9335--a000186#new284,10.1027--1864-9335--a000186,row_exists,only coder a listed this entry,present,,Priming with cleanliness reduces the severity of moral judgments.,,,,,
10.1027--1864-9335--a000186#new285,10.1027--1864-9335--a000186,row_exists,only coder a listed this entry,present,,Exposure to cleanliness-related words reduces the severity of moral judgments.,,,,,
10.1016--j.jesp.2020.104052#new287,10.1016--j.jesp.2020.104052,row_exists,only coder a listed this entry,present,,"People in joint evaluation overpredict the difference in happiness between quantitatively different options compared to people in single evaluation, but not for qualitatively different options (Study ",,,,,
10.1371--journal.pone.0029081#new290,10.1371--journal.pone.0029081,row_exists,only coder a listed this entry,present,,Activating the concept of old age through scrambled sentences priming causes participants to walk more slowly,,,,,
10.1371--journal.pone.0042510#new296,10.1371--journal.pone.0042510,row_exists,only coder a listed this entry,present,,"Plotting close-together points on graph paper causes people to report stronger emotional bonds to their parents, siblings, and hometown",,,,,
10.1371--journal.pone.0042510#new297,10.1371--journal.pone.0042510,row_exists,only coder a listed this entry,present,,Plotting distant points on graph paper causes people to estimate that unhealthy foods contain fewer calories than healthy foods,,,,,
10.1111--j.1540-6261.2012.01744.x#new306,10.1111--j.1540-6261.2012.01744.x,row_exists,only coder a listed this entry,present,,CEO pay decreases 17% more in firms with noncompliant boards (majority non-independent directors) than in firms with compliant boards (majority independent directors),,,,,
10.1111--j.1540-6261.2012.01744.x#new307,10.1111--j.1540-6261.2012.01744.x,row_exists,only coder a listed this entry,present,,The effect of board independence on CEO pay is moderated by the presence of blockholder directors (nonemployee directors owning 5%+ of shares),,,,,
10.1111--j.1540-6261.2012.01744.x#new308,10.1111--j.1540-6261.2012.01744.x,row_exists,only coder a listed this entry,present,,The effect of board independence on CEO pay varies with institutional ownership concentration (top vs. bottom quartiles),,,,,
10.1111--j.1540-6261.2012.01744.x#new309,10.1111--j.1540-6261.2012.01744.x,row_exists,only coder a listed this entry,present,,Compensation committee independence requirement does not significantly affect CEO pay,,,,,
10.1177--1091142114537893#new312,10.1177--1091142114537893,row_exists,only coder a listed this entry,present,,The effect of New Jersey's 2004 income tax increase on net out-migration of millionaires relative to other affluent taxpayers,,,,,
10.1177--1091142114537893#new313,10.1177--1091142114537893,row_exists,only coder a listed this entry,present,,The effect of New Jersey's 2004 income tax increase on net out-migration of millionaires relative to other affluent taxpayers,,,,,
10.7554--elife.51019#new319,10.7554--elife.51019,row_exists,only coder a listed this entry,present,,Downregulation of PTEN and/or PTENP1 increased DU145 cell proliferation,,,,,
10.7554--elife.51019#new320,10.7554--elife.51019,row_exists,only coder a listed this entry,present,,Knockdown of PTEN or PTENP1 by target-specific siRNA decreased PTEN and PTENP1 mRNA expression,,,,,
10.7554--elife.51019#new321,10.7554--elife.51019,row_exists,only coder a listed this entry,present,,Knockdown of PTEN or PTENP1 by target-specific siRNA decreased PTEN protein levels,,,,,
10.7554--elife.51019#new322,10.7554--elife.51019,row_exists,only coder a listed this entry,present,,Overexpression of PTEN 3'UTR derepressed PTENP1 mRNA expression,,,,,
10.7554--elife.09976#new344,10.7554--elife.09976,row_exists,only coder a listed this entry,present,,RAF inhibitors paradoxically activate MEK/ERK signaling in BRAF[WT] cancer cell lines while BRAF[V600E] mutant lines remain susceptible to RAF inhibitor-induced growth inhibition.,,,,,
10.7554--elife.09976#new345,10.7554--elife.09976,row_exists,only coder a listed this entry,present,,"Silencing CRAF, but not BRAF, reverses MEK activation upon treatment with RAF inhibitors in KRAS-mutant HCT116 cells.",,,,,
10.7554--elife.09976#new346,10.7554--elife.09976,row_exists,only coder a listed this entry,present,,"RAF inhibitors differentially affect CRAF-BRAF heterodimer kinase domain interaction, destabilizing it with PLX4720 and stabilizing it with GDC-0879.",,,,,
10.7554--elife.45426#new351,10.7554--elife.45426,row_exists,only coder a listed this entry,present,,"Correlation of cell surface markers (CD133, CD29/CD24, CD44/CD166) with TOP-GFP high vs low populations in colon cancer stem cell cultures",,,,,
10.7554--elife.45426#new352,10.7554--elife.45426,row_exists,only coder a listed this entry,present,,"Clonogenic potential of TOP-GFP high vs low fractions with HGF, MFCM, and PHA665752 treatments in colon cancer stem cell cultures",,,,,
10.7554--elife.45426#new353,10.7554--elife.45426,row_exists,only coder a listed this entry,present,,Tumorigenicity of TOP-GFP high vs low fractions with and without MFCM co-injection in nude mice,,,,,
10.7554--elife.17584#new364,10.7554--elife.17584,row_exists,only coder a listed this entry,present,,"Effect of coadministration of iRGD on DOX accumulation in tumor tissue (Figure 2B of Sugahara et al., 2010)",,,,,
10.7554--elife.17584#new365,10.7554--elife.17584,row_exists,only coder a listed this entry,present,,"Effect of coadministration of iRGD on tumor weight at 1 mg/kg DOX (Figure 2C of Sugahara et al., 2010)",,,,,
10.7554--elife.17584#new366,10.7554--elife.17584,row_exists,only coder a listed this entry,present,,"Effect of coadministration of iRGD on body weight shift at 1 mg/kg DOX (Supplementary Figure 9A of Sugahara et al., 2010)",,,,,
10.7554--elife.17584#new367,10.7554--elife.17584,row_exists,only coder a listed this entry,present,,"Effect of coadministration of iRGD on TUNEL staining in tumors and heart tissue at 1 mg/kg DOX (Figure 2D of Sugahara et al., 2010)",,,,,
10.7554--elife.21253#new384,10.7554--elife.21253,row_exists,only coder a listed this entry,present,,(+)-JQ1 treatment prolongs overall survival in MM.1S-luc orthotopic xenograft model,,,,,
10.7554--elife.21253#new385,10.7554--elife.21253,row_exists,only coder a listed this entry,present,,(+)-JQ1 treatment reduces tumor burden in MM.1S-luc orthotopic xenograft model,,,,,
10.7554--elife.56651#new400,10.7554--elife.56651,row_exists,only coder a listed this entry,present,,ceRNA depletion reduces PTEN protein expression,,,,,
10.7554--elife.56651#new401,10.7554--elife.56651,row_exists,only coder a listed this entry,present,,ceRNA depletion increases cell proliferation,,,,,
10.7554--elife.56651#new402,10.7554--elife.56651,row_exists,only coder a listed this entry,present,,"Silencing putative PTEN ceRNAs (SERINC1, VAPA, CNOT6L, ZNF460, PTEN) decreased luciferase activity of a chimeric construct with the PTEN 3'UTR",,,,,
10.7554--elife.56651#new403,10.7554--elife.56651,row_exists,only coder a listed this entry,present,,"Overexpression of the 3'UTRs of putative PTEN ceRNAs (SERINC1, VAPA, CNOT6L, PTEN) increased luciferase activity, suggesting inhibition of PTEN 3'UTR was relieved",,,,,
10.7554--elife.25306#new414,10.7554--elife.25306,row_exists,only coder a listed this entry,present,,I-BET151 selectively inhibits the growth of the MLL-fusion leukaemic cell line MV4;11,,,,,
10.7554--elife.25306#new415,10.7554--elife.25306,row_exists,only coder a listed this entry,present,,I-BET151 selectively inhibits BCL2 expression in MV4;11 MLL-fusion leukaemic cells,,,,,
10.7554--elife.29747#new421,10.7554--elife.29747,row_exists,only coder a listed this entry,present,,"Ewing's sarcoma cell lines are more sensitive to the PARP inhibitor olaparib than osteosarcoma cell lines, as measured by colony formation assay",,,,,
10.7554--elife.29747#new422,10.7554--elife.29747,row_exists,only coder a listed this entry,present,,EWS-FLI1 rearrangement confers sensitivity to olaparib in mouse mesenchymal cells,,,,,
10.7554--elife.29747#new423,10.7554--elife.29747,row_exists,only coder a listed this entry,present,,Depletion of EWS-FLI1 from A673 Ewing's sarcoma cells partially rescues olaparib sensitivity,,,,,
10.7554--elife.10860#new441,10.7554--elife.10860,row_exists,only coder a listed this entry,present,,The effect of IDH1 and IDH2 mutations on global methylation levels and 2HG production in 293T cells (Figure 1B of the original),,,,,
10.7554--elife.10860#new442,10.7554--elife.10860,row_exists,only coder a listed this entry,present,,"The effect of IDH2 mutations on differentiation of 3T3-L1 cells into adipocytes, assessed by Oil-Red-O staining and adipocyte marker expression (Figure 2A/B and 2D of the original)",,,,,
10.7554--elife.10860#new443,10.7554--elife.10860,row_exists,only coder a listed this entry,present,,"The role of KDM4C histone demethylase in differentiation of 3T3-L1 cells, assessed by siRNA knockdown and Oil-Red-O staining (Figure 4D of the original)",,,,,
10.1007--s40279-025-02201-w#new472,10.1007--s40279-025-02201-w,row_exists,only coder a listed this entry,present,,,,,,,
10.1007--s40279-025-02201-w#new473,10.1007--s40279-025-02201-w,row_exists,only coder a listed this entry,present,,,,,,,
10.1007--s40279-025-02201-w#new474,10.1007--s40279-025-02201-w,row_exists,only coder a listed this entry,present,,,,,,,
10.1007--s40279-025-02201-w#new475,10.1007--s40279-025-02201-w,row_exists,only coder a listed this entry,present,,,,,,,
10.1007--s40279-025-02201-w#new476,10.1007--s40279-025-02201-w,row_exists,only coder a listed this entry,present,,,,,,,
10.1007--s40279-025-02201-w#new477,10.1007--s40279-025-02201-w,row_exists,only coder a listed this entry,present,,,,,,,
10.1007--s40279-025-02201-w#new478,10.1007--s40279-025-02201-w,row_exists,only coder a listed this entry,present,,,,,,,
10.1007--s40279-025-02201-w#new479,10.1007--s40279-025-02201-w,row_exists,only coder a listed this entry,present,,,,,,,
10.1158--1055-9965.epi-08-1223#new491,10.1158--1055-9965.epi-08-1223,row_exists,only coder a listed this entry,present,,"Variants in PPARG, TLR10, PODXL, CDH1, ELAC2, IL1RN, TLR1, TLR6, TLR4, CYP17A1, CDKN1B, TGFB1, CYP1A1 are associated with prostate cancer risk",,,,,
10.1371--journal.pone.0284404#new494,10.1371--journal.pone.0284404,row_exists,only coder a listed this entry,present,,VSTM1-v2 promotes the differentiation and activation of Th17 cells,,,,,
10.1371--journal.pone.0284404#new495,10.1371--journal.pone.0284404,row_exists,only coder a listed this entry,present,,Neutrophils are required for DC-driven differentiation of naive CD4+ T cells into Th17 cells,,,,,
10.1080--17470218.2016.1253756#new498,10.1080--17470218.2016.1253756,row_exists,only coder a listed this entry,present,,"The influence of six semantic variables (valence, arousal, imageability, concreteness, sensory experience ratings, and body-object interaction ratings) on lexical decision times for English compound w",,,,,
10.1177--0022022100031003001#new504,10.1177--0022022100031003001,row_exists,only coder a listed this entry,present,,National culture's Individualism-Collectivism dimension as measured by work values items in commercial airline pilots,,,,,
10.1177--0022022100031003001#new505,10.1177--0022022100031003001,row_exists,only coder a listed this entry,present,,National culture's Power Distance dimension as measured by work values items in commercial airline pilots,,,,,
10.1177--0022022100031003001#new506,10.1177--0022022100031003001,row_exists,only coder a listed this entry,present,,National culture's Masculinity-Femininity dimension as measured by work values items in commercial airline pilots,,,,,
10.1177--0022022100031003001#new507,10.1177--0022022100031003001,row_exists,only coder a listed this entry,present,,National culture's Uncertainty Avoidance dimension as measured by work values items in commercial airline pilots,,,,,
10.3386--w21801#new536,10.3386--w21801,row_exists,only coder a listed this entry,present,,The Mariel Boatlift caused a large and long-lasting negative difference in wages between Miami and its control group in the 1982-1985 period.,,,,,
10.3386--w21801#new537,10.3386--w21801,row_exists,only coder a listed this entry,present,,Analyzing a hypothetical non-existent Mariel Boatlift in 1994 produces a spurious significant increase in unemployment for black workers due to small sample size.,,,,,
10.1002--jae.2886#new542,10.1002--jae.2886,row_exists,only coder a listed this entry,present,,"Economics profession evolved into a small world network by the 1990s, with small average distance, high clustering, and a giant component",,,,,
10.1002--jae.2886#new543,10.1002--jae.2886,row_exists,only coder a listed this entry,present,,"Economics profession evolved into a small world network by the 1990s, with small average distance, high clustering, and a giant component",,,,,
10.1002--jae.2886#new544,10.1002--jae.2886,row_exists,only coder a listed this entry,present,,"Economics profession evolved into a small world network by the 1990s, with small average distance, high clustering, and a giant component",,,,,
10.1002--jae.2886#new545,10.1002--jae.2886,row_exists,only coder a listed this entry,present,,"Economics profession evolved into a small world network by the 1990s, with small average distance, high clustering, and a giant component",,,,,
10.1002--jae.2886#new546,10.1002--jae.2886,row_exists,only coder a listed this entry,present,,"Economics profession evolved into a small world network by the 1990s, with small average distance, high clustering, and a giant component",,,,,
10.1002--jae.2886#new547,10.1002--jae.2886,row_exists,only coder a listed this entry,present,,"The Economics profession gradually evolved into a small world, with the co-author network of economists satisfying all four criteria for the small world hypothesis by the 1990s",,,,,
10.1111--sjoe.12341#new553,10.1111--sjoe.12341,row_exists,only coder a listed this entry,present,,Protection from iodine deficiency in utero through iodized oil capsule supplementation increases educational attainment.,,,,,
10.1111--sjoe.12341#new554,10.1111--sjoe.12341,row_exists,only coder a listed this entry,present,,Protection from iodine deficiency in utero through iodized oil capsule supplementation increases educational attainment.,,,,,
10.1371--journal.pone.0051382#new559,10.1371--journal.pone.0051382,row_exists,only coder a listed this entry,present,,"Implied object orientation in a sentence affects picture verification speed, with matching orientation producing faster responses than mismatching orientation.",,,,,
10.1371--journal.pone.0051382#new560,10.1371--journal.pone.0051382,row_exists,only coder a listed this entry,present,,"Implied object orientation in a sentence affects picture verification speed, with matching orientation producing faster responses than mismatching orientation.",,,,,
10.1371--journal.pone.0051382#new561,10.1371--journal.pone.0051382,row_exists,only coder a listed this entry,present,,"Language comprehenders mentally represent the shape of objects, with matching shape producing faster picture verification responses than mismatching shape.",,,,,
10.1371--journal.pone.0051382#new562,10.1371--journal.pone.0051382,row_exists,only coder a listed this entry,present,,"Language comprehenders mentally represent the shape of objects, with matching shape producing faster picture verification responses than mismatching shape.",,,,,
10.1371--journal.pone.0051382#new563,10.1371--journal.pone.0051382,row_exists,only coder a listed this entry,present,,"Object color implied by a sentence affects picture verification speed, with mismatching color producing faster responses than matching color.",,,,,
10.1371--journal.pone.0051382#new564,10.1371--journal.pone.0051382,row_exists,only coder a listed this entry,present,,"Object color implied by a sentence affects picture verification speed, with mismatching color producing faster responses than matching color.",,,,,
10.1177--0956797613486983#new572,10.1177--0956797613486983,row_exists,only coder a listed this entry,present,,Activation of attachment concerns increases preferences for warm foods among individuals with high anxious attachment.,,,,,
10.1177--0956797613486983#new573,10.1177--0956797613486983,row_exists,only coder a listed this entry,present,,Activation of attachment concerns increases preferences for warm foods among individuals with high anxious attachment.,,,,,
10.1177--1745691615605826#new577,10.1177--1745691615605826,row_exists,only coder a listed this entry,present,,Grammatical aspect influences perceived intentionality for criminal behavior,,,,,
10.1177--1745691615605826#new578,10.1177--1745691615605826,row_exists,only coder a listed this entry,present,,Grammatical aspect influences perceived intentionality for criminal behavior,,,,,
10.1177--1745691615605826#new579,10.1177--1745691615605826,row_exists,only coder a listed this entry,present,,Grammatical aspect influences perceived intentionality for criminal behavior,,,,,
10.1177--1745691615605826#new580,10.1177--1745691615605826,row_exists,only coder a listed this entry,present,,Grammatical aspect influences perceived intentionality for criminal behavior,,,,,
10.1177--1745691615605826#new581,10.1177--1745691615605826,row_exists,only coder a listed this entry,present,,Grammatical aspect influences perceived intentionality for criminal behavior,,,,,
10.1177--1745691615605826#new582,10.1177--1745691615605826,row_exists,only coder a listed this entry,present,,Grammatical aspect influences perceived intentionality for criminal behavior,,,,,
10.1177--1745691615605826#new583,10.1177--1745691615605826,row_exists,only coder a listed this entry,present,,Grammatical aspect influences perceived intentionality for criminal behavior,,,,,
10.1177--1745691615605826#new584,10.1177--1745691615605826,row_exists,only coder a listed this entry,present,,Grammatical aspect influences perceived intentionality for criminal behavior,,,,,
10.1177--1745691615605826#new585,10.1177--1745691615605826,row_exists,only coder a listed this entry,present,,Grammatical aspect influences perceived intentionality for criminal behavior,,,,,
10.1177--1745691615605826#new586,10.1177--1745691615605826,row_exists,only coder a listed this entry,present,,Grammatical aspect influences perceived intentionality for criminal behavior,,,,,
10.1016--j.jesp.2015.09.003#new591,10.1016--j.jesp.2015.09.003,row_exists,only coder a listed this entry,present,,Positive-high affect (dessert pictures) narrows attentional breadth compared to neutral affect (rock pictures) in the Navon letter task,,,,,
10.3758--s13421-017-0708-1#new597,10.3758--s13421-017-0708-1,row_exists,only coder a listed this entry,present,,"Sentence-picture verification task testing whether a color match advantage exists during language comprehension, where participants are faster and more accurate when the pictured object's color matche",,,,,
10.3758--s13421-017-0708-1#new598,10.3758--s13421-017-0708-1,row_exists,only coder a listed this entry,present,,Sentence-picture verification task testing whether a color match advantage persists when picture saturation is reduced to the lowest level at which the hue can still be recognized,,,,,
10.3758--s13421-017-0708-1#new599,10.3758--s13421-017-0708-1,row_exists,only coder a listed this entry,present,,"Sentence-picture verification task testing whether a color match advantage persists when picture saturation is reduced, conducted in a lab setting with low-saturation stimuli",,,,,
10.3758--s13421-017-0708-1#new600,10.3758--s13421-017-0708-1,row_exists,only coder a listed this entry,present,,Sentence-picture verification task testing whether a color match advantage exists when pictures are shown completely in grayscale,,,,,
10.3758--s13421-017-0708-1#new602,10.3758--s13421-017-0708-1,row_exists,only coder a listed this entry,present,,Sentence-picture verification task produces a match advantage for color (faster responses when the picture color matches the implied color in the sentence),,,,,
10.3758--s13421-017-0708-1#new603,10.3758--s13421-017-0708-1,row_exists,only coder a listed this entry,present,,Sentence-picture verification task produces a match advantage for color,,,,,
10.3758--s13423-020-01834-4#new607,10.3758--s13423-020-01834-4,row_exists,only coder a listed this entry,present,,Participants selected the optimal default at below-chance levels using the complex advice-giving paradigm with default-framing confound from Zlatev et al. (2017) Study 1h,,,,,
10.3758--s13421-023-01471-x#new614,10.3758--s13421-023-01471-x,row_exists,only coder a listed this entry,present,,The McCabe effect — benefit of distraction during encoding on delayed memory for complex visual stimuli (faces and doors),,,,,
10.3758--s13421-023-01471-x#new615,10.3758--s13421-023-01471-x,row_exists,only coder a listed this entry,present,,The McCabe effect with pure vs. mixed task blocks for faces with picture distraction,,,,,
10.3758--s13421-023-01471-x#new616,10.3758--s13421-023-01471-x,row_exists,only coder a listed this entry,present,,The McCabe effect with set size 1 vs. 3 for faces with picture distraction,,,,,
10.3758--s13421-023-01471-x#new617,10.3758--s13421-023-01471-x,row_exists,only coder a listed this entry,present,,The McCabe effect with intentional vs. incidental encoding for faces with math distraction,,,,,
10.1001--archneurol.2011.155#new625,10.1001--archneurol.2011.155,row_exists,only coder a listed this entry,present,,The original claim that APOE 3-TOMM40 polyT repeat (rs10524523) haplotypes are associated with age at onset in APOE 33 and 34 individuals,,,,,
10.1001--archneurol.2011.155#new626,10.1001--archneurol.2011.155,row_exists,only coder a listed this entry,present,,The original claim that APOE 3-TOMM40 polyT repeat (rs10524523) haplotypes are associated with risk for late-onset Alzheimer's disease,,,,,
10.3758--s13421-024-01583-y#new631,10.3758--s13421-024-01583-y,row_exists,only coder a listed this entry,present,,noise in the second half of a spoken passage impairs retention of information presented in the first half of the passage,,,,,
10.3758--s13421-024-01583-y#new632,10.3758--s13421-024-01583-y,row_exists,only coder a listed this entry,present,,noise in the second half of a spoken passage impairs retention of information presented in the first half of the passage,,,,,
10.3758--s13421-024-01583-y#new633,10.3758--s13421-024-01583-y,row_exists,only coder a listed this entry,present,,noise in the second half of a spoken passage impairs retention of information presented in the first half of the passage,,,,,
10.1016--j.leaqua.2022.101633#new639,10.1016--j.leaqua.2022.101633,row_exists,only coder a listed this entry,present,,Being White is a component of the business leader prototype; leaders are perceived as White more than non-leaders regardless of base rate information,,,,,
10.17705--1atrr.00014#new5,10.17705--1atrr.00014,row_exists,only coder b listed this entry,,present,Satisfaction with prior information-system use positively influences users' intention to continue using the system.,,,,,
10.17705--1atrr.00014#new6,10.17705--1atrr.00014,row_exists,only coder b listed this entry,,present,Confirmation of prior expectations positively influences users' satisfaction with information-system use.,,,,,
10.17705--1atrr.00014#new7,10.17705--1atrr.00014,row_exists,only coder b listed this entry,,present,Perceived usefulness of the information system positively influences users' satisfaction with its use.,,,,,
10.17705--1atrr.00014#new8,10.17705--1atrr.00014,row_exists,only coder b listed this entry,,present,Perceived usefulness of the information system positively influences users' intention to continue using it.,,,,,
10.1371--journal.pone.0053234#new11,10.1371--journal.pone.0053234,row_exists,only coder b listed this entry,,present,The original study claimed that the single nucleotide polymorphism rs11190870 near the LBX1 gene was associated with susceptibility to adolescent idiopathic scoliosis.,,,,,
10.1371--journal.pone.0053234#new12,10.1371--journal.pone.0053234,row_exists,only coder b listed this entry,,present,The original study claimed that the single nucleotide polymorphism rs625039 near the LBX1 gene was associated with susceptibility to adolescent idiopathic scoliosis.,,,,,
10.1080--10510974.2018.1466718#new16,10.1080--10510974.2018.1466718,row_exists,only coder b listed this entry,,present,Students' perceptions of instructor humor orientation are positively related to their reported learning.,,,,,
10.1080--10510974.2018.1466718#new17,10.1080--10510974.2018.1466718,row_exists,only coder b listed this entry,,present,Instructor clarity is positively related to instructor nonverbal immediacy behaviors.,,,,,
10.1017--s1930297500002941#new28,10.1017--s1930297500002941,row_exists,only coder b listed this entry,,present,"Aggregating multiple responses to Raven's Progressive Matrices items through majority vote increases collective intelligence as group size increases, with diminishing returns.",,,,,
10.1017--s1930297500002941#new29,10.1017--s1930297500002941,row_exists,only coder b listed this entry,,present,Aggregating responses produces a collective IQ that exceeds the performance of the best-performing individual in the group.,,,,,
10.1037--edu0000146#new33,10.1037--edu0000146,row_exists,only coder b listed this entry,,present,"Writing about the personal usefulness of course material increases students’ interest and academic performance, particularly among initially lower-performing students.",,,,,
10.17605--osf.io--82bwv#new36,10.17605--osf.io--82bwv,row_exists,only coder b listed this entry,,present,Commission errors in a flanker task elicit a robust error-related negativity in event-related potentials relative to correct responses.,,,,,
10.17605--osf.io--82bwv#new37,10.17605--osf.io--82bwv,row_exists,only coder b listed this entry,,present,Auditory startle responses are potentiated when the noise burst follows an error rather than a correct response.,,,,,
10.17605--osf.io--82bwv#new38,10.17605--osf.io--82bwv,row_exists,only coder b listed this entry,,present,The magnitude of the error-related negativity is negatively correlated with the magnitude of error-potentiated startle.,,,,,
10.1017--s0142716423000127#new40,10.1017--s0142716423000127,row_exists,only coder b listed this entry,,present,Positive and negative social-bias orientations cause native English-speaking listeners to rate non-native English speech differently in terms of accentedness relative to a control condition.,,,,,
10.1017--s0142716423000127#new41,10.1017--s0142716423000127,row_exists,only coder b listed this entry,,present,Positive and negative social-bias orientations cause native English-speaking listeners to rate non-native English speech differently in terms of comprehensibility relative to a control condition.,,,,,
10.1017--s0142716423000127#new42,10.1017--s0142716423000127,row_exists,only coder b listed this entry,,present,Positive and negative social-bias orientations cause native English-speaking listeners to rate non-native English speech differently in terms of segmental errors relative to a control condition.,,,,,
10.1017--s0142716423000127#new43,10.1017--s0142716423000127,row_exists,only coder b listed this entry,,present,Positive and negative social-bias orientations cause native English-speaking listeners to rate non-native English speech differently in terms of intonation relative to a control condition.,,,,,
10.1017--s0142716423000127#new44,10.1017--s0142716423000127,row_exists,only coder b listed this entry,,present,Positive and negative social-bias orientations cause native English-speaking listeners to rate non-native English speech differently in terms of flow relative to a control condition.,,,,,
10.1007--s10664-025-10739-6#new47,10.1007--s10664-025-10739-6,row_exists,only coder b listed this entry,,present,"Biometric sensor data can predict software developers' perceived interruptibility with high accuracy, significantly outperforming a majority-classifier baseline in a controlled laboratory setting.",,,,,
10.1007--s10664-025-10739-6#new48,10.1007--s10664-025-10739-6,row_exists,only coder b listed this entry,,present,Perceived mental workload is strongly negatively associated with software developers' perceived interruptibility.,,,,,
10.1007--s10664-025-10739-6#new49,10.1007--s10664-025-10739-6,row_exists,only coder b listed this entry,,present,Interruptions are more disruptive to software developers during periods of high mental workload.,,,,,
10.1007--s10664-025-10739-6#new50,10.1007--s10664-025-10739-6,row_exists,only coder b listed this entry,,present,Interruption lag is weakly associated with software developers' perceived interruptibility.,,,,,
10.21203--rs.3.rs-8351701--v1#new57,10.21203--rs.3.rs-8351701--v1,row_exists,only coder b listed this entry,,present,"Lower ambiguity tolerance was associated with stronger connectivity in threat- and error-monitoring circuits, operationalized in this replication as stronger amygdala–anterior insula connectivity amon",,,,,
10.21203--rs.3.rs-8351701--v1#new58,10.21203--rs.3.rs-8351701--v1,row_exists,only coder b listed this entry,,present,"Lower ambiguity tolerance was associated with stronger connectivity between the orbitofrontal cortex and anterior cingulate cortex, reflecting threat-related warning signals; this replication tested t",,,,,
10.1080--02699931.2015.1136270#new77,10.1080--02699931.2015.1136270,row_exists,only coder b listed this entry,,present,Attentional retraining toward neutral stimuli reduces negative attentional bias in dysphoric individuals.,,,,,
10.1177--0956797619837942#new84,10.1177--0956797619837942,row_exists,only coder b listed this entry,,present,Higher working memory capacity is positively associated with probe-caught mind wandering during a low-demand breath-awareness task.,,,,,
10.1177--0956797619837942#new85,10.1177--0956797619837942,row_exists,only coder b listed this entry,,present,Self-caught mind-wandering episodes are not associated with working memory capacity during the breath-awareness task.,,,,,
10.1016--j.jml.2022.104352#new97,10.1016--j.jml.2022.104352,row_exists,only coder b listed this entry,,present,Single-talker training improves identification of the English /r/-/l/ contrast but produces poorer generalization to novel talkers than multiple-talker training.,,,,,
10.1016--0163-6383(90)90029-8#new101,10.1016--0163-6383(90)90029-8,row_exists,only coder b listed this entry,,present,Tactile/kinesthetic stimulation produces greater daily weight gain in preterm infants than standard care.,,,,,
10.1016--0163-6383(90)90029-8#new102,10.1016--0163-6383(90)90029-8,row_exists,only coder b listed this entry,,present,Tactile/kinesthetic stimulation shortens the post-treatment hospital stay of preterm infants.,,,,,
10.1016--j.ynirp.2022.100147#new105,10.1016--j.ynirp.2022.100147,row_exists,only coder b listed this entry,,present,Fibromyalgia patients show reduced medial prefrontal cortex responses compared with healthy controls during anticipation of monetary reward gains.,,,,,
10.1016--j.ynirp.2022.100147#new106,10.1016--j.ynirp.2022.100147,row_exists,only coder b listed this entry,,present,Fibromyalgia patients show enhanced medial prefrontal cortex responses compared with healthy controls to non-punishment monetary outcomes.,,,,,
10.1017--xps.2017.22#new115,10.1017--xps.2017.22,row_exists,only coder b listed this entry,,present,"The outcome of a college football game affects presidential approval, with students at the winning school becoming more approving and students at the losing school becoming less approving.",,,,,
10.1017--xps.2017.22#new116,10.1017--xps.2017.22,row_exists,only coder b listed this entry,,present,"The outcome of a college football game affects students' satisfaction with their university, increasing satisfaction among students at the winning school and decreasing it among students at the losing",,,,,
10.1017--xps.2017.22#new117,10.1017--xps.2017.22,row_exists,only coder b listed this entry,,present,"The outcome of a college football game affects students' positive mood, improving mood among students at the winning school and worsening mood among students at the losing school.",,,,,
10.1037--xge0000788#new129,10.1037--xge0000788,row_exists,only coder b listed this entry,,present,"Immoral behavior increases belief in free will, partly because it increases the desire to punish the wrongdoer.",,,,,
10.17605--osf.io--knjhu#new143,10.17605--osf.io--knjhu,row_exists,only coder b listed this entry,,present,"In Baron and Hershey's Experiment 1, decisions made by patients that resulted in successful outcomes were evaluated more favorably than identical decisions that resulted in failed outcomes.",,,,,
10.17605--osf.io--wmqtb#new153,10.17605--osf.io--wmqtb,row_exists,only coder b listed this entry,,present,"Goals divide outcomes into positive and negative emotional domains, such that performance above a goal produces positive emotion and performance below a goal produces negative emotion.",,,,,
10.17605--osf.io--wmqtb#new154,10.17605--osf.io--wmqtb,row_exists,only coder b listed this entry,,present,Falling short of a specific goal produces lower satisfaction than performing better than usual without a specific goal.,,,,,
10.17605--osf.io--wmqtb#new155,10.17605--osf.io--wmqtb,row_exists,only coder b listed this entry,,present,An equivalent loss below a goal elicits more emotion than an equivalent gain above a goal.,,,,,
10.17605--osf.io--wmqtb#new156,10.17605--osf.io--wmqtb,row_exists,only coder b listed this entry,,present,People exert more effort on an additional unit of work when they are below a goal than when they are above it.,,,,,
10.17605--osf.io--wmqtb#new157,10.17605--osf.io--wmqtb,row_exists,only coder b listed this entry,,present,A person who is below a goal and approaching it exerts approximately twice as much effort as a person who has surpassed a goal while producing the same amount of work.,,,,,
10.17605--osf.io--wmqtb#new158,10.17605--osf.io--wmqtb,row_exists,only coder b listed this entry,,present,A person who has surpassed a goal exerts approximately half as much effort as a person who is below a goal and approaching it while producing the same amount of work.,,,,,
10.17605--osf.io--wmqtb#new159,10.17605--osf.io--wmqtb,row_exists,only coder b listed this entry,,present,"When people are above their goals, they exert more effort on an additional unit of work when they are closer to the goal than when they are farther away.",,,,,
10.17605--osf.io--wmqtb#new160,10.17605--osf.io--wmqtb,row_exists,only coder b listed this entry,,present,"When people are below their goals, they exert more effort on an additional unit of work when they are closer to the goal than when they are farther away.",,,,,
10.17605--osf.io--wmqtb#new161,10.17605--osf.io--wmqtb,row_exists,only coder b listed this entry,,present,"When a difficult goal cannot be attained, people exert more effort in the short run when they are closer to the goal than when they are farther away.",,,,,
10.17605--osf.io--4hjck#new166,10.17605--osf.io--4hjck,row_exists,only coder b listed this entry,,present,Lower numeracy is associated with more positive affect toward the affectively appealing option with less favorable objective probabilities.,,,,,
10.17605--osf.io--4hjck#new167,10.17605--osf.io--4hjck,row_exists,only coder b listed this entry,,present,Lower numeracy is associated with lower affective precision regarding the affectively appealing option with less favorable objective probabilities.,,,,,
10.17605--osf.io--4hjck#new168,10.17605--osf.io--4hjck,row_exists,only coder b listed this entry,,present,"Higher numeracy is associated with a stronger bets effect, namely a larger difference in bet attractiveness between loss and no-loss conditions.",,,,,
10.17605--osf.io--w34fb#new171,10.17605--osf.io--w34fb,row_exists,only coder b listed this entry,,present,Body focus causes observers to perceive a target as having lower agency.,,,,,
10.17605--osf.io--w34fb#new172,10.17605--osf.io--w34fb,row_exists,only coder b listed this entry,,present,Body focus causes observers to perceive a target as having higher experience.,,,,,
10.17605--osf.io--w34fb#new173,10.17605--osf.io--w34fb,row_exists,only coder b listed this entry,,present,Attractiveness is positively associated with perceived agency.,,,,,
10.17605--osf.io--w34fb#new174,10.17605--osf.io--w34fb,row_exists,only coder b listed this entry,,present,Sexual suggestiveness is negatively associated with perceived agency.,,,,,
10.1177--2515245920958687#new190,10.1177--2515245920958687,row_exists,only coder b listed this entry,,present,People look toward rather than away from a person engaging in potentially offensive behavior.,,,,,
10.1177--2515245920958687#new192,10.1177--2515245920958687,row_exists,only coder b listed this entry,,present,Global versus local processing styles produce assimilation versus contrast in social judgment.,,,,,
10.1177--2515245920958687#new194,10.1177--2515245920958687,row_exists,only coder b listed this entry,,present,Implicit and explicit race attitudes are less strongly correlated when participants are instructed to respond without bias than when they are instructed to express their true feelings.,,,,,
10.1177--2515245920958687#new196,10.1177--2515245920958687,row_exists,only coder b listed this entry,,present,People are reluctant to tempt fate and avoid actions associated with tempting fate.,,,,,
10.1177--2515245920958687#new197,10.1177--2515245920958687,row_exists,only coder b listed this entry,,present,People are reluctant to tempt fate and avoid actions associated with tempting fate.,,,,,
10.1177--2515245920958687#new198,10.1177--2515245920958687,row_exists,only coder b listed this entry,,present,Restoring psychological needs after a conflict increases willingness to reconcile.,,,,,
10.1177--2515245920958687#new199,10.1177--2515245920958687,row_exists,only coder b listed this entry,,present,Restoring psychological needs after a conflict increases willingness to reconcile.,,,,,
10.1177--2515245920958687#new200,10.1177--2515245920958687,row_exists,only coder b listed this entry,,present,Negotiators make more generous offers to happy negotiation partners than to angry negotiation partners.,,,,,
10.1177--2515245920958687#new201,10.1177--2515245920958687,row_exists,only coder b listed this entry,,present,Negotiators make more generous offers to happy negotiation partners than to angry negotiation partners.,,,,,
10.1177--2515245920958687#new202,10.1177--2515245920958687,row_exists,only coder b listed this entry,,present,"Encouraging belief in determinism, rather than free will, increases cheating.",,,,,
10.1177--2515245920958687#new203,10.1177--2515245920958687,row_exists,only coder b listed this entry,,present,"Encouraging belief in determinism, rather than free will, increases cheating.",,,,,
10.1177--1948550618808863#new224,10.1177--1948550618808863,row_exists,only coder b listed this entry,,present,Study 1 tested whether White students would have less knowledge of historical racism than Black students and whether historical knowledge would mediate racial differences in perceptions of isolated an,,,,,
10.1177--1948550618808863#new225,10.1177--1948550618808863,row_exists,only coder b listed this entry,,present,Study 2 tested whether White students would have less knowledge of historical racism than Black students and whether historical knowledge would mediate racial differences in perceptions of isolated an,,,,,
10.1016--j.actpsy.2020.103138#new259,10.1016--j.actpsy.2020.103138,row_exists,only coder b listed this entry,,present,"Age of acquisition affects spoken picture naming, with the effect reflecting the arbitrary mapping between pictorial, semantic, and phonological representations.",,,,,
10.1016--j.actpsy.2020.103138#new260,10.1016--j.actpsy.2020.103138,row_exists,only coder b listed this entry,,present,"Age of acquisition affects written picture naming, with the effect reflecting the arbitrary mapping between pictorial, semantic, and orthographic representations.",,,,,
10.1016--j.actpsy.2022.103717#new263,10.1016--j.actpsy.2022.103717,row_exists,only coder b listed this entry,,present,"Having one's smartphone closer in proximity, particularly on the desk, reduces working-memory performance on the OSpan task.",,,,,
10.1016--j.actpsy.2022.103717#new264,10.1016--j.actpsy.2022.103717,row_exists,only coder b listed this entry,,present,Smartphone location does not affect sustained attention performance on the Cue-Dependent Go/No-Go task.,,,,,
10.1016--j.actpsy.2022.103717#new265,10.1016--j.actpsy.2022.103717,row_exists,only coder b listed this entry,,present,Whether a smartphone is powered on or off does not affect performance on the cognitive-capacity and sustained-attention tasks.,,,,,
10.1016--j.actpsy.2022.103717#new266,10.1016--j.actpsy.2022.103717,row_exists,only coder b listed this entry,,present,"Smartphone attachment and dependency moderate the effect of smartphone location on OSpan working-memory performance, with higher reliance producing a larger brain-drain effect.",,,,,
10.1016--j.jesp.2023.104549#new271,10.1016--j.jesp.2023.104549,row_exists,only coder b listed this entry,,present,"In Study 2, priming analytic thinking with analytic words in a scrambled-sentence task was claimed to reduce belief in conspiracy theories compared with a neutral-word control condition.",,,,,
10.1177--0956797617747090#new284,10.1177--0956797617747090,row_exists,only coder b listed this entry,,present,Participants should look proportionally more toward the belief-congruent than the belief-incongruent location in a false-belief anticipatory-looking task.,,,,,
10.1525--collabra.185#new288,10.1525--collabra.185,row_exists,only coder b listed this entry,,present,"Descriptions of pursuing hopes are more positive in emotional tone, whereas descriptions of pursuing duties show more attention to social relationships.",,,,,
10.31234--osf.io--drfht#new294,10.31234--osf.io--drfht,row_exists,only coder b listed this entry,,present,Placebo analgesia reduces participants' first-hand pain ratings.,,,,,
10.1177--2515245918777487#new304,10.1177--2515245918777487,row_exists,only coder b listed this entry,,present,Exposure to a higher proportion of hostility-related sentences causes participants to judge an ambiguously hostile protagonist as more hostile.,,,,,
10.1177--1745691616664694#new311,10.1177--1745691616664694,row_exists,only coder b listed this entry,,present,The original study claimed that priming high commitment would cause participants to report less exit in response to hypothetical partner betrayals than priming low commitment.,,,,,
10.1177--1745691616664694#new312,10.1177--1745691616664694,row_exists,only coder b listed this entry,,present,The original study claimed that priming high commitment would cause participants to report less neglect in response to hypothetical partner betrayals than priming low commitment.,,,,,
10.1177--1745691616664694#new313,10.1177--1745691616664694,row_exists,only coder b listed this entry,,present,"The original study predicted that priming high commitment would cause participants to report greater voice responses to hypothetical partner betrayals than priming low commitment, although the origina",,,,,
10.1007--s00181-005-0242-z#new322,10.1007--s00181-005-0242-z,row_exists,only coder b listed this entry,,present,"The Hotelling Valuation Principle predicts that the value of a mineral deposit is determined by reserves multiplied by the current net price of the mineral, with the regression slope equal to one.",,,,,
10.1007--s00181-005-0242-z#new323,10.1007--s00181-005-0242-z,row_exists,only coder b listed this entry,,present,"A valuation equation incorporating an intertemporal discount factor should explain mineral-mine values without reference to scale effects in production, with a zero intercept and unit slope.",,,,,
10.1007--s00181-005-0242-z#new324,10.1007--s00181-005-0242-z,row_exists,only coder b listed this entry,,present,A valuation equation allowing price and cost inflation to differ should produce a zero intercept and unit slope for mineral-mine values.,,,,,
10.7554--elife.04363#new336,10.7554--elife.04363,row_exists,only coder b listed this entry,,present,"Glioblastoma stem-like cells and U87MG cells express very low levels of the endothelial marker Tie2, whereas normal human endothelial cells express Tie2 robustly.",,,,,
10.7554--elife.04363#new337,10.7554--elife.04363,row_exists,only coder b listed this entry,,present,"Selective killing of glioblastoma stem-like cell-derived endothelial cells with ganciclovir reduces and degenerates xenograft tumors, demonstrating that these endothelial cells contribute functionally",,,,,
10.7554--elife.11566#new339,10.7554--elife.11566,row_exists,only coder b listed this entry,,present,Expression of the GNAO1 R243H mutation increases anchorage-independent colony formation compared with wild-type GNAO1 in human mammary epithelial cells.,,,,,
10.7554--elife.11414#new363,10.7554--elife.11414,row_exists,only coder b listed this entry,,present,MAP3K8 kinase activity is required to maintain MEK and ERK activation in RPMI-7951 cells.,,,,,
10.7554--elife.43511#new401,10.7554--elife.43511,row_exists,only coder b listed this entry,,present,Let-7b is underexpressed in CD44-positive LAPC4 prostate cancer stem cells relative to CD44-negative cells.,,,,,
10.7554--elife.43511#new402,10.7554--elife.43511,row_exists,only coder b listed this entry,,present,MiR-34a is underexpressed in CD44-positive LAPC4 prostate cancer stem cells relative to CD44-negative cells.,,,,,
10.7554--elife.34364#new423,10.7554--elife.34364,row_exists,only coder b listed this entry,,present,Deletion of the pks island from E. coli NC101 does not substantially affect bacterial growth in vitro.,,,,,
10.7554--elife.34364#new424,10.7554--elife.34364,row_exists,only coder b listed this entry,,present,Deletion of the pks island has little or no effect on survival of AOM-treated mice mono-associated with E. coli NC101.,,,,,
10.7554--elife.21634#new431,10.7554--elife.21634,row_exists,only coder b listed this entry,,present,Expression of PREX2[G844D] in NRAS[G12D] melanocytes causes shorter tumor-free survival in mice than expression of GFP.,,,,,
10.7554--elife.21634#new432,10.7554--elife.21634,row_exists,only coder b listed this entry,,present,Expression of PREX2[Q1430*] in NRAS[G12D] melanocytes causes shorter tumor-free survival in mice than expression of GFP.,,,,,
10.1007--s40279-025-02201-w#new447,10.1007--s40279-025-02201-w,row_exists,only coder b listed this entry,,present,Age-related differences affect maximal and rapid hip-extensor torque characteristics and dynamic postural balance in healthy young and older females.,,,,,
10.1007--s40279-025-02201-w#new448,10.1007--s40279-025-02201-w,row_exists,only coder b listed this entry,,present,A single oral dose of ATP supplementation improves lower-body resistance-exercise performance and physiological responses in recreationally resistance-trained males.,,,,,
10.1007--s40279-025-02201-w#new449,10.1007--s40279-025-02201-w,row_exists,only coder b listed this entry,,present,Wearing a compressive garment changes the kinematics of jump-landing tasks.,,,,,
10.1007--s40279-025-02201-w#new450,10.1007--s40279-025-02201-w,row_exists,only coder b listed this entry,,present,Caffeine increases strength and power performance in resistance-trained females during the early follicular phase.,,,,,
10.1007--s40279-025-02201-w#new451,10.1007--s40279-025-02201-w,row_exists,only coder b listed this entry,,present,"A heel wedge alters hip, pelvis, and trunk biomechanics during squatting in resistance-trained individuals.",,,,,
10.1007--s40279-025-02201-w#new452,10.1007--s40279-025-02201-w,row_exists,only coder b listed this entry,,present,Listening to preferred rather than nonpreferred music improves resistance-exercise performance.,,,,,
10.1007--s40279-025-02201-w#new453,10.1007--s40279-025-02201-w,row_exists,only coder b listed this entry,,present,"Consuming caffeinated chewing gum acutely enhances jump performance, muscle strength, and power in resistance-trained men.",,,,,
10.1007--s40279-025-02201-w#new454,10.1007--s40279-025-02201-w,row_exists,only coder b listed this entry,,present,Passive recovery improves performance and reduces physiological stress across phases of short-distance repeated-sprint exercise.,,,,,
10.1186--1471-2350-13-27#new473,10.1186--1471-2350-13-27,row_exists,only coder b listed this entry,,present,The original study claimed that specific genetic variants were associated with hypertension as a binary trait in African Americans.,,,,,
10.1186--1471-2350-13-27#new474,10.1186--1471-2350-13-27,row_exists,only coder b listed this entry,,present,The original study claimed that specific genetic variants were associated with systolic blood pressure in African Americans.,,,,,
10.1186--1471-2350-13-27#new475,10.1186--1471-2350-13-27,row_exists,only coder b listed this entry,,present,The original study claimed that specific genetic variants were associated with diastolic blood pressure in African Americans.,,,,,
10.1186--1471-2350-13-27#new476,10.1186--1471-2350-13-27,row_exists,only coder b listed this entry,,present,The original study claimed that variants in STK39 were associated with systolic blood pressure.,,,,,
10.1186--1471-2350-13-27#new477,10.1186--1471-2350-13-27,row_exists,only coder b listed this entry,,present,The original study claimed that variants in STK39 were associated with diastolic blood pressure.,,,,,
10.1186--1471-2350-13-27#new478,10.1186--1471-2350-13-27,row_exists,only coder b listed this entry,,present,The original study claimed that variants in CDH13 were associated with systolic blood pressure.,,,,,
10.1186--1471-2350-13-27#new479,10.1186--1471-2350-13-27,row_exists,only coder b listed this entry,,present,The original study claimed that variants in CDH13 were associated with diastolic blood pressure.,,,,,
10.1016--0022-3999(93)90123-w#new493,10.1016--0022-3999(93)90123-w,row_exists,only coder b listed this entry,,present,The original study claimed that the Illness Behaviour Questionnaire measures a General Hypochondriasis factor reflecting a phobic attitude toward health.,,,,,
10.1016--0022-3999(93)90123-w#new494,10.1016--0022-3999(93)90123-w,row_exists,only coder b listed this entry,,present,The original study claimed that the Illness Behaviour Questionnaire measures a Disease Conviction factor reflecting certainty about physical disease and reluctance to accept medical reassurance.,,,,,
10.1016--0022-3999(93)90123-w#new495,10.1016--0022-3999(93)90123-w,row_exists,only coder b listed this entry,,present,"The original study claimed that the Illness Behaviour Questionnaire measures a Psychological versus Somatic Focusing factor, with scores indicating acceptance or rejection of a psychological explanati",,,,,
10.1016--0022-3999(93)90123-w#new496,10.1016--0022-3999(93)90123-w,row_exists,only coder b listed this entry,,present,The original study claimed that the Illness Behaviour Questionnaire measures an Affective Inhibition factor concerning difficulty expressing negative feelings.,,,,,
10.1016--0022-3999(93)90123-w#new497,10.1016--0022-3999(93)90123-w,row_exists,only coder b listed this entry,,present,"The original study claimed that the Illness Behaviour Questionnaire measures an Affective Disturbance factor involving anxiety, depression, and tension.",,,,,
10.1016--0022-3999(93)90123-w#new498,10.1016--0022-3999(93)90123-w,row_exists,only coder b listed this entry,,present,The original study claimed that the Illness Behaviour Questionnaire measures a Denial factor involving attribution of life problems to sickness and denial of environmental or psychological causes.,,,,,
10.1016--0022-3999(93)90123-w#new499,10.1016--0022-3999(93)90123-w,row_exists,only coder b listed this entry,,present,The original study claimed that the Illness Behaviour Questionnaire measures an Irritability factor concerning irritability and interpersonal friction.,,,,,
10.1080--17470218.2016.1253756#new501,10.1080--17470218.2016.1253756,row_exists,only coder b listed this entry,,present,"Familiarity influences the processing speed of English compound words, with more familiar compounds processed faster.",,,,,
10.1080--17470218.2016.1253756#new502,10.1080--17470218.2016.1253756,row_exists,only coder b listed this entry,,present,"Age of acquisition influences the processing speed of English compound words, with compounds learned earlier processed faster.",,,,,
10.1080--17470218.2016.1253756#new503,10.1080--17470218.2016.1253756,row_exists,only coder b listed this entry,,present,Sensory experience ratings influence the processing speed of English compound words.,,,,,
10.1080--17470218.2016.1253756#new504,10.1080--17470218.2016.1253756,row_exists,only coder b listed this entry,,present,Imageability influences the processing speed of English compound words.,,,,,
10.1080--17470218.2016.1253756#new505,10.1080--17470218.2016.1253756,row_exists,only coder b listed this entry,,present,Semantic transparency influences the processing speed of English compound words.,,,,,
10.1002--ijc.23682#new509,10.1002--ijc.23682,row_exists,only coder b listed this entry,,present,The EPHB1 rs1515366 variant was associated with altered risk of esophageal squamous cell carcinoma.,,,,,
10.1002--ijc.23682#new510,10.1002--ijc.23682,row_exists,only coder b listed this entry,,present,The PGLYRP2 rs959117 variant was associated with altered risk of esophageal squamous cell carcinoma.,,,,,
10.1002--ijc.23682#new511,10.1002--ijc.23682,row_exists,only coder b listed this entry,,present,The PIK3C3 rs52911 variant was associated with altered risk of esophageal squamous cell carcinoma.,,,,,
10.1002--ijc.23682#new512,10.1002--ijc.23682,row_exists,only coder b listed this entry,,present,The SLC9A9 rs956062 variant was associated with altered risk of esophageal squamous cell carcinoma.,,,,,
10.1016--0006-8993(90)90328-9#new514,10.1016--0006-8993(90)90328-9,row_exists,only coder b listed this entry,,present,Narcoleptic canines have elevated dopamine concentrations in the amygdala compared with control canines.,,,,,
10.1016--0006-8993(90)90328-9#new515,10.1016--0006-8993(90)90328-9,row_exists,only coder b listed this entry,,present,Narcoleptic canines have elevated DOPAC concentrations in the amygdala compared with control canines.,,,,,
10.1016--0006-8993(90)90328-9#new516,10.1016--0006-8993(90)90328-9,row_exists,only coder b listed this entry,,present,Narcoleptic canines have elevated DOPAC concentrations in the reticularis parvicellularis compared with control canines.,,,,,
10.1016--0006-8993(90)90328-9#new517,10.1016--0006-8993(90)90328-9,row_exists,only coder b listed this entry,,present,Narcoleptic canines have elevated norepinephrine concentrations in the reticularis oralis compared with control canines.,,,,,
10.1016--0006-8993(90)90328-9#new518,10.1016--0006-8993(90)90328-9,row_exists,only coder b listed this entry,,present,Narcoleptic canines have lower norepinephrine concentrations in the preoptic hypothalamus than control canines.,,,,,
10.1016--0006-8993(90)90328-9#new519,10.1016--0006-8993(90)90328-9,row_exists,only coder b listed this entry,,present,Narcoleptic canines have elevated DOPAC concentrations in the caudate compared with control canines.,,,,,
10.1016--0006-8993(90)90328-9#new520,10.1016--0006-8993(90)90328-9,row_exists,only coder b listed this entry,,present,Narcoleptic canines have elevated DOPAC concentrations in the reticularis oralis compared with control canines.,,,,,
10.1016--j.neurobiolaging.2009.09.004#new527,10.1016--j.neurobiolaging.2009.09.004,row_exists,only coder b listed this entry,,present,The ACE rs4291 variant was associated with Alzheimer's disease risk.,,,,,
10.1016--j.neurobiolaging.2009.09.004#new528,10.1016--j.neurobiolaging.2009.09.004,row_exists,only coder b listed this entry,,present,The ACE rs1799752 Alu insertion/deletion variant was associated with Alzheimer's disease risk.,,,,,
10.1016--j.neurobiolaging.2009.09.004#new529,10.1016--j.neurobiolaging.2009.09.004,row_exists,only coder b listed this entry,,present,The BACE1 rs638405 variant was associated with Alzheimer's disease risk.,,,,,
10.1016--j.neurobiolaging.2009.09.004#new530,10.1016--j.neurobiolaging.2009.09.004,row_exists,only coder b listed this entry,,present,"The BDNF C-270T polymorphism was associated with Alzheimer's disease, particularly among patients lacking APOE-epsilon4.",,,,,
10.1016--j.neurobiolaging.2009.09.004#new531,10.1016--j.neurobiolaging.2009.09.004,row_exists,only coder b listed this entry,,present,The ECE1 rs213045 variant was associated with protection against Alzheimer's disease.,,,,,
10.1016--j.neurobiolaging.2009.09.004#new532,10.1016--j.neurobiolaging.2009.09.004,row_exists,only coder b listed this entry,,present,"The HSPG2 rs3767140 variant was associated with Alzheimer's disease, particularly among APOE-epsilon4 carriers.",,,,,
10.1016--j.neurobiolaging.2009.09.004#new533,10.1016--j.neurobiolaging.2009.09.004,row_exists,only coder b listed this entry,,present,The IDE rs464954 variant was associated with Alzheimer's disease conditional on APOE-epsilon4 background.,,,,,
10.1016--j.neurobiolaging.2009.09.004#new534,10.1016--j.neurobiolaging.2009.09.004,row_exists,only coder b listed this entry,,present,The IL-1alpha rs1800587 variant was associated with early-onset Alzheimer's disease.,,,,,
10.1016--j.neurobiolaging.2009.09.004#new535,10.1016--j.neurobiolaging.2009.09.004,row_exists,only coder b listed this entry,,present,The IL6 rs1800795 promoter polymorphism was associated with Alzheimer's disease.,,,,,
10.1016--j.neurobiolaging.2009.09.004#new536,10.1016--j.neurobiolaging.2009.09.004,row_exists,only coder b listed this entry,,present,The IL10 rs1800896 promoter polymorphism was associated with sporadic Alzheimer's disease.,,,,,
10.1016--j.neurobiolaging.2009.09.004#new537,10.1016--j.neurobiolaging.2009.09.004,row_exists,only coder b listed this entry,,present,The MAPT rs9891103 variant was associated with male early-onset Alzheimer's disease.,,,,,
10.1016--j.neurobiolaging.2009.09.004#new538,10.1016--j.neurobiolaging.2009.09.004,row_exists,only coder b listed this entry,,present,The MAPT H1c haplotype was associated with late-onset Alzheimer's disease.,,,,,
10.1016--j.neurobiolaging.2009.09.004#new539,10.1016--j.neurobiolaging.2009.09.004,row_exists,only coder b listed this entry,,present,The PLAU rs2227564 variant was associated with late-onset Alzheimer's disease and elevated amyloid-beta 42.,,,,,
10.1016--j.neurobiolaging.2009.09.004#new540,10.1016--j.neurobiolaging.2009.09.004,row_exists,only coder b listed this entry,,present,PRNP M129V genotype was associated with risk of early-onset Alzheimer's disease.,,,,,
10.1016--j.neurobiolaging.2009.09.004#new541,10.1016--j.neurobiolaging.2009.09.004,row_exists,only coder b listed this entry,,present,The PSEN1 rs1800839 regulatory-region polymorphism was associated with early-onset Alzheimer's disease.,,,,,
10.1016--j.neurobiolaging.2009.09.004#new542,10.1016--j.neurobiolaging.2009.09.004,row_exists,only coder b listed this entry,,present,The PSEN1 E318G (rs362373) variant was associated with Alzheimer's disease.,,,,,
10.1016--j.neurobiolaging.2009.09.004#new543,10.1016--j.neurobiolaging.2009.09.004,row_exists,only coder b listed this entry,,present,The SORL1 rs661057 variant was associated with late-onset Alzheimer's disease.,,,,,
10.1016--j.neurobiolaging.2009.09.004#new544,10.1016--j.neurobiolaging.2009.09.004,row_exists,only coder b listed this entry,,present,The SORL1 rs668387 variant was associated with late-onset Alzheimer's disease.,,,,,
10.1016--j.neurobiolaging.2009.09.004#new545,10.1016--j.neurobiolaging.2009.09.004,row_exists,only coder b listed this entry,,present,The SORL1 rs689021 variant was associated with late-onset Alzheimer's disease.,,,,,
10.1016--j.neurobiolaging.2009.09.004#new546,10.1016--j.neurobiolaging.2009.09.004,row_exists,only coder b listed this entry,,present,The SORL1 rs641120 variant was associated with late-onset Alzheimer's disease.,,,,,
10.1016--j.neurobiolaging.2009.09.004#new547,10.1016--j.neurobiolaging.2009.09.004,row_exists,only coder b listed this entry,,present,The SORL1 rs12285364 variant was associated with late-onset Alzheimer's disease.,,,,,
10.1016--j.neurobiolaging.2009.09.004#new548,10.1016--j.neurobiolaging.2009.09.004,row_exists,only coder b listed this entry,,present,The SORL1 rs3824968 variant was associated with late-onset Alzheimer's disease.,,,,,
10.1016--j.neurobiolaging.2009.09.004#new549,10.1016--j.neurobiolaging.2009.09.004,row_exists,only coder b listed this entry,,present,The SORL1 rs2282649 variant was associated with late-onset Alzheimer's disease.,,,,,
10.1016--j.neurobiolaging.2009.09.004#new550,10.1016--j.neurobiolaging.2009.09.004,row_exists,only coder b listed this entry,,present,The SORL1 rs1010159 variant was associated with late-onset Alzheimer's disease.,,,,,
10.1016--j.neurobiolaging.2009.09.004#new551,10.1016--j.neurobiolaging.2009.09.004,row_exists,only coder b listed this entry,,present,"The TFCP2 rs11550090 variant was associated with sporadic Alzheimer's disease, with the minor allele originally reported as protective.",,,,,
10.1016--j.neurobiolaging.2009.09.004#new552,10.1016--j.neurobiolaging.2009.09.004,row_exists,only coder b listed this entry,,present,The TGF-beta1 rs1800469 variant was associated with late-onset Alzheimer's disease.,,,,,
10.1111--famp.12710#new554,10.1111--famp.12710,row_exists,only coder b listed this entry,,present,The OurRelationship and ePREP programs produce greater improvements in relationship satisfaction than a waitlist control group among low-income couples.,,,,,
10.1111--famp.12710#new555,10.1111--famp.12710,row_exists,only coder b listed this entry,,present,The OurRelationship and ePREP programs produce greater improvements in emotional intimacy than a waitlist control group among low-income couples.,,,,,
10.1111--famp.12710#new556,10.1111--famp.12710,row_exists,only coder b listed this entry,,present,The OurRelationship and ePREP programs reduce communication conflict relative to a waitlist control group among low-income couples.,,,,,
10.1111--famp.12710#new557,10.1111--famp.12710,row_exists,only coder b listed this entry,,present,The OurRelationship and ePREP programs reduce breakup potential relative to a waitlist control group among low-income couples.,,,,,
10.1007--s10508-025-03297-x#new561,10.1007--s10508-025-03297-x,row_exists,only coder b listed this entry,,present,Greater exposure to sexually dominant behavior in pornography increases adolescents’ likelihood of engaging in sexually dominant behavior.,,,,,
10.1007--s10508-025-03297-x#new562,10.1007--s10508-025-03297-x,row_exists,only coder b listed this entry,,present,Adolescents who engage in more sexually dominant behaviors report lower levels of partnered sexual satisfaction.,,,,,
10.1007--s10508-025-03297-x#new563,10.1007--s10508-025-03297-x,row_exists,only coder b listed this entry,,present,Greater exposure to sexually dominant behaviors in pornography leads to lower partnered sexual satisfaction indirectly through increased sexually dominant behavior.,,,,,
10.1002--art.39932#new568,10.1002--art.39932,row_exists,only coder b listed this entry,,present,The GDF5 variant rs143383 is associated with susceptibility to osteoarthritis.,,,,,
10.1002--art.39932#new569,10.1002--art.39932,row_exists,only coder b listed this entry,,present,The CHST11 variant rs835487 is associated with osteoarthritis susceptibility.,,,,,
10.1002--art.39932#new570,10.1002--art.39932,row_exists,only coder b listed this entry,,present,The FTO variant rs8044769 is associated with osteoarthritis susceptibility.,,,,,
10.1371--journal.pone.0110118#new572,10.1371--journal.pone.0110118,row_exists,only coder b listed this entry,,present,"Self-initiated auditory action-effects are perceived as less intense than externally generated or observed auditory action-effects, indicating sensory attenuation.",,,,,
10.1371--journal.pone.0110118#new573,10.1371--journal.pone.0110118,row_exists,only coder b listed this entry,,present,"The perceived interval between a voluntary action and its sensory effect is shorter than the interval between externally generated events, producing temporal binding.",,,,,
10.5018--economics-ejournal.ja.2018-3#new576,10.5018--economics-ejournal.ja.2018-3,row_exists,only coder b listed this entry,,present,"Education had a positive causal effect on overall Prussian industrialisation during the first phase of industrialisation, measured in 1849.",,,,,
10.5018--economics-ejournal.ja.2018-3#new577,10.5018--economics-ejournal.ja.2018-3,row_exists,only coder b listed this entry,,present,Education had a positive causal effect on metal-sector industrialisation during the first phase of Prussian industrialisation.,,,,,
10.5018--economics-ejournal.ja.2018-3#new578,10.5018--economics-ejournal.ja.2018-3,row_exists,only coder b listed this entry,,present,Education had a positive causal effect on textile-sector industrialisation during the first phase of Prussian industrialisation.,,,,,
10.1177--073953298600700307#new585,10.1177--073953298600700307,row_exists,only coder b listed this entry,,present,"Newspaper uses-and-gratifications statements produce three distinct factors: surveillance, diversion, and interaction.",,,,,
10.1177--073953298600700307#new586,10.1177--073953298600700307,row_exists,only coder b listed this entry,,present,Weekday newspaper subscribers are strongly oriented toward obtaining immediate knowledge of big news events.,,,,,
10.1177--073953298600700307#new587,10.1177--073953298600700307,row_exists,only coder b listed this entry,,present,Weekday single-copy newspaper readers are strongly oriented toward finding interesting or unusual stories to tell others.,,,,,
10.1177--073953298600700307#new588,10.1177--073953298600700307,row_exists,only coder b listed this entry,,present,Weekday newspaper non-readers are strongly oriented toward using a newspaper simply to pass the time.,,,,,
10.1177--073953298600700307#new589,10.1177--073953298600700307,row_exists,only coder b listed this entry,,present,"Sunday newspaper subscribers are oriented toward immediate knowledge of big news events, being happy, and obtaining more information about events they have seen.",,,,,
10.1177--073953298600700307#new590,10.1177--073953298600700307,row_exists,only coder b listed this entry,,present,Sunday single-copy readers are oriented toward understanding what is going on and toward using the newspaper simply to pass the time.,,,,,
10.1177--073953298600700307#new591,10.1177--073953298600700307,row_exists,only coder b listed this entry,,present,Sunday newspaper non-readers are oriented toward passing the time and toward obtaining more information about events they have seen.,,,,,
10.1080--02699931.2020.1719982#new593,10.1080--02699931.2020.1719982,row_exists,only coder b listed this entry,,present,Pairing tastes with smells produces evaluative conditioning of the smells.,,,,,
10.1080--02699931.2020.1719982#new594,10.1080--02699931.2020.1719982,row_exists,only coder b listed this entry,,present,Evaluative conditioning from taste pairings is stronger for smells than for visual stimuli.,,,,,
10.1080--02699931.2020.1719982#new595,10.1080--02699931.2020.1719982,row_exists,only coder b listed this entry,,present,Evaluative conditioning occurs for smell-taste pairings that participants do not explicitly remember.,,,,,
10.1016--j.neuroimage.2008.04.023#new649,10.1016--j.neuroimage.2008.04.023,row_exists,only coder b listed this entry,,present,Stop trials produce greater activity in the subthalamic nucleus than go trials.,,,,,
10.1016--j.neuroimage.2008.04.023#new650,10.1016--j.neuroimage.2008.04.023,row_exists,only coder b listed this entry,,present,Individuals with short SSRT show greater subthalamic nucleus activity than individuals with long SSRT.,,,,,
10.1016--j.psyneuen.2016.08.017#new655,10.1016--j.psyneuen.2016.08.017,row_exists,only coder b listed this entry,,present,"Acute systemic administration of the 5-HT2C receptor agonist MK212 disrupts active maternal behaviors in postpartum rats, particularly pup retrieval.",,,,,
10.1016--j.psyneuen.2016.08.017#new656,10.1016--j.psyneuen.2016.08.017,row_exists,only coder b listed this entry,,present,Acute administration of MK212 disrupts pup retrieval and other maternal behaviors in postpartum rats.,,,,,
10.2466--pr0.2000.87.2.493#new662,10.2466--pr0.2000.87.2.493,row_exists,only coder b listed this entry,,present,Male and female college students agree about which traits typify men and women.,,,,,
10.2466--pr0.2000.87.2.493#new663,10.2466--pr0.2000.87.2.493,row_exists,only coder b listed this entry,,present,College students identify numerous gender-stereotypic traits distinguishing the typical man from the typical woman.,,,,,
10.2466--pr0.2000.87.2.493#new664,10.2466--pr0.2000.87.2.493,row_exists,only coder b listed this entry,,present,Male and female students agree about which poles of the questionnaire traits are socially desirable.,,,,,
10.2466--pr0.2000.87.2.493#new665,10.2466--pr0.2000.87.2.493,row_exists,only coder b listed this entry,,present,Students attribute more socially desirable traits to men than to women.,,,,,
10.2466--pr0.2000.87.2.493#new666,10.2466--pr0.2000.87.2.493,row_exists,only coder b listed this entry,,present,Male and female students rate themselves as less different from the opposite-sex prototype than the typical man and typical woman are from each other.,,,,,
