row_id,replication_doi,paper_folder,external_row_id,original_hint,is_replication_paper,why_negative,result,replication_type,original_url,original_title,original_authors,original_year,original_journal,description,citation_sentence,gt_ambiguity,notes
10.1037--edu0000095#flora_285,10.1037/edu0000095,10.1037--edu0000095,flora_285,A Cognitive Strategies Approach to Reading and Writing Instruction for English Language Learners in Secondary School (2007.0),yes,,success,direct,,A randomized field trial of the Pathway Project cognitive strategies approach to text-based analytical writing for mainstreamed English learners in secondary school,"Kim, J.; Olson, C.; Scarcella, R.; Kramer, J.; Pearson, M.; Van Dyk, D.",2011,,The Pathway Project cognitive strategies professional development program improves academic writing outcomes for secondary school Latinos and English learners,"This prior study yielded effect sizes of .35 in Year 1 and .67 in Year 2 on an on-demand assessment of academic writing. It also showed that the Pathway Project had a small but statistically significant impact on the writing subtest of the California Standards Test (CST; Kim et al., 2011; Olson et al., 2012).",clear,[ling26: no entry matched this anchor] Year 2 of the AUHSD replication; original SAUSD study identified as Kim et al. (2011) and Olson et al. (2012); no DOI available for the original study in the paper.
,10.1037/edu0000095,10.1037--edu0000095,,,yes,,success,close experiment,,Pathway Project randomized controlled trial in the Santa Ana Unified School District,"Kim, J.; Olson, C.; Scarcella, R.; Kramer, J.; Pearson, M.; Van Dyk, D.",2011,,"The Pathway Project cognitive strategies professional development program improves analytical writing outcomes for Latino and mainstreamed English learner secondary students, Year 1","This prior study yielded effect sizes of .35 in Year 1 and .67 in Year 2 on an on-demand assessment of academic writing. It also showed that the Pathway Project had a small but statistically significant impact on the writing subtest of the California Standards Test (CST; Kim et al., 2011; Olson et al., 2012).",clear," [ling26: extra entry, not in the external record] [ling26: no entry matched this anchor]"
,10.1037/edu0000095,10.1037--edu0000095,,,yes,,success,close experiment,,Pathway Project randomized controlled trial in the Santa Ana Unified School District,"Kim, J.; Olson, C.; Scarcella, R.; Kramer, J.; Pearson, M.; Van Dyk, D.",2011,,"The Pathway Project cognitive strategies professional development program improves analytical writing outcomes for Latino and mainstreamed English learner secondary students, Year 2","This prior study yielded effect sizes of .35 in Year 1 and .67 in Year 2 on an on-demand assessment of academic writing. It also showed that the Pathway Project had a small but statistically significant impact on the writing subtest of the California Standards Test (CST; Kim et al., 2011; Olson et al., 2012).",clear," [ling26: extra entry, not in the external record] [ling26: no entry matched this anchor]"
,10.1037/edu0000095,10.1037--edu0000095,,,yes,,success,direct,,A randomized field trial of the Pathway Project cognitive strategies approach to text-based analytical writing for mainstreamed English learners in secondary school,"Kim, J.; Olson, C.; Scarcella, R.; Kramer, J.; Pearson, M.; Van Dyk, D.",2011,,The Pathway Project cognitive strategies professional development program improves academic writing outcomes for secondary school Latinos and English learners,"This prior study yielded effect sizes of .35 in Year 1 and .67 in Year 2 on an on-demand assessment of academic writing. It also showed that the Pathway Project had a small but statistically significant impact on the writing subtest of the California Standards Test (CST; Kim et al., 2011; Olson et al., 2012).",clear,"Year 1 of the AUHSD replication; original SAUSD study identified as Kim et al. (2011) and Olson et al. (2012); no DOI available for the original study in the paper. [ling26: extra entry, not in the external record]"
10.3390--su12083069#flora_99,10.3390/su12083069,10.3390--su12083069,flora_99,Household food waste dehydration technique as a pretreatment method for food waste minimisation (2016.0),yes,,success,direct,https://doi.org/10.1108/BFJ-04-2017-0255,Assessment of household food waste in Hungary,"Szabó-Bódi, B.; Kasza, G.; Szakos, D.",2018,British Food Journal,"The first Hungarian household food waste measurement using the FUSIONS methodology, which found 68.04 kg of food waste per capita annually with 48.70% avoidable.",This study was a replication of the first Hungarian household food waste measurement conducted in 2016 with the same methodology.,clear,
10.1080--13561820.2016.1233096#flora_51,10.1080/13561820.2016.1233096,10.1080--13561820.2016.1233096,flora_51,Validation of the interprofessional collaborative competency attainment survey (ICCAS) (2014.0),yes,,success,close experiment,https://doi.org/10.3109/13561820.2014.917407,Validation of the interprofessional collaborative competency attainment survey (ICCAS),"Archibald, D.; Trumpower, D.; MacDonald, C. J.",2014,Journal of Interprofessional Care,"Validation of the ICCAS instrument for assessing interprofessional collaborative competency attainment, demonstrating its internal factor structure and pre-post effect sizes.","In their psychometric study of the ICCAS instrument, the authors obtained data from 584 participants from 15 different IPECP programmes in Canada and New Zealand (Archibald, Trumpower, & MacDonald, 2014).",clear,"The replication made two deliberate methodological changes from the original: (1) changed the rating scale from 7-point Likert to 5-point qualitative, and (2) added a transition item. These changes keep the same general paradigm but prevent classification as 'direct.' The authors explicitly state they followed the Ottawa methodology, and the results are framed as confirming/validating the original instrument."
10.1002--npr2.70078#flora_17,10.1002/npr2.70078,10.1002--npr2.70078,flora_17,Correction to “Clinical Characteristics of Patients With Enlarged Ventricles and Cognitive Impairment ( <scp>EVCI</scp> ): Case Series” (2025.0),yes,,success,direct,,Proposal for a Novel Classification of Patients With Enlarged Ventricles and Cognitive Impairment Based on Data-Driven Analysis of Neuroimaging Results in Patients With Psychiatric Disorders,Yasuda Y; Ito S; Matsumoto J,2025,Neuropsychopharmacology Reports,"Data-driven classification identifies a novel subtype of psychiatric disorders characterized by pronounced enlarged ventricles and cognitive impairment (EVCI), predominantly associated with schizophrenia.","These findings are consistent with the trends observed in our previous study (see Table S1, which is a modified version of table 5 in the previous paper [6]).",clear,
10.17705--1atrr.00014#flora_447,10.17705/1atrr.00014,10.17705--1atrr.00014,flora_447,Understanding Information Systems Continuance: An Expectation-Confirmation Model1 (2001.0),yes,,success,conceptual,,Understanding information systems continuance: an expectation-confirmation model,"Bhattacherjee, A",2001,MIS Quarterly,"IS Continuance Model predicting continuance intention from satisfaction, confirmation, and perceived usefulness in web-based banking.",[3] published one of the earliest and most cited scholarly papers in the IS field that conceptualizes and tests a theoretical model of IT continuance that takes into account the distinctions between adoption and continued use of IT.,clear,"The paper's body identifies the original study only by reference number [3]; the author name and year appear only in the reference list, which is used as the citation_sentence. The original DOI is not provided in the paper. Conceptual replication; original N=122 from Table 3; all five hypotheses supported at p<.01."
10.1007--s11145-018-9858-1#flora_239,10.1007/s11145-018-9858-1,10.1007--s11145-018-9858-1,flora_239,Does<i>darkness</i>lead to<i>happiness</i>? Masked suffix priming effects (2008.0),yes,,inconclusive,direct,,Does darkness lead to happiness? Masked suffix priming effects,"Dunabeitia, J.; Perea, M.; Carreiras, M.",2008,Language and Cognitive Processes,Masked suffix priming facilitates processing of complex words relative to simple words in adults through overlapping suffixes between prime and target,"This first experiment replicates the study by Dunabeitia, [20], but with our own stimuli and in child and adult populations.",ambiguous,"The adult results replicate the original Dunabeitia et al. (2008) finding, but fourth and fifth graders show no morphological effect while sixth graders show a marginal effect, yielding a mixed pattern across age groups within one experiment."
10.1371--journal.pone.0053234#flora_438,10.1371/journal.pone.0053234,10.1371--journal.pone.0053234,flora_438,A genome-wide association study identifies common variants near LBX1 associated with adolescent idiopathic scoliosis (2011.0),yes,,success,close extension,,A genome-wide association study identifies common variants near LBX1 associated with adolescent idiopathic scoliosis,"Takahashi, Y; Kou, I; Takahashi, A; Johnson, T; Kono, K",2011,Nature Genetics,"Association between common variants near LBX1 (rs11190870, rs625039, rs11598564) and adolescent idiopathic scoliosis susceptibility","Recently, a genome-wide association study (GWAS) was performed in a Japanese population, and three SNPs (rs11190870, rs625039 and rs11598564), all of which were located near the gene LBX1 on chromosome 10q24.31, were reported to be associated with AIS susceptibility [1].",clear,
10.1080--10510974.2018.1466718#flora_111,10.1080/10510974.2018.1466718,10.1080--10510974.2018.1466718,flora_111,The Relationship Between Selected Immediacy Behaviors and Cognitive Learning (1987.0),yes,,success,direct,https://doi.org/10.1080/23808985.1987.11678663,The relationship between selected immediacy behaviors and cognitive learning,"Richmond, V; Gorham, J; McCroskey, J",1987,Annals of the International Communication Association,The relationship between nonverbal immediacy behaviors and cognitive learning,This study replicated [15] study on nonverbal immediacy and cognitive learning (H1b),clear,
10.1080--10510974.2018.1466718#flora_112,10.1080/10510974.2018.1466718,10.1080--10510974.2018.1466718,flora_112,The relationship between student perceptions of instructor humor and students’ reports of learning (1999.0),yes,,success,direct,https://doi.org/10.1080/03634529909379152,The relationship between student perceptions of instructor humor and students' reports of learning,"Wanzer, M; Frymier, A",1999,Communication Education,The relationship between student perceptions of instructor humor and students' reports of learning,"For humor, this study replicated [19] findings.",clear,
10.1080--10510974.2018.1466718#flora_113,10.1080/10510974.2018.1466718,10.1080--10510974.2018.1466718,flora_113,"The relationship of teacher clarity and immediacy with student state receiver apprehension, affect, and cognitive learning (2001.0)",yes,,success,direct,https://doi.org/10.1080/03634520109379232,"The relationship of teacher clarity and immediacy with student state receiver apprehension, affect, and cognitive learning","Chesebro, J; McCroskey, J",2001,Communication Education,The relationship of teacher clarity and immediacy with student cognitive learning,"This study replicates and extends three widely cited instructional communication research studies regarding instructor clarity, humor, immediacy, and students' learning: [15], Wanzer and[19][4][4].",clear,
10.3102--0013189x20922993#flora_203,10.3102/0013189x20922993,10.3102--0013189x20922993,flora_203,"Different Tests, Different Answers (2011.0)",yes,,success,close extension,,"Different tests, different answers: The stability of teacher value-added estimates across outcome measures","Papay, John",2011,American Educational Research Journal,Teacher VAM scores from models using spring-to-spring test score changes are essentially orthogonal (correlation of -.10) to those same teachers' VAM scores from a model using fall-to-fall test score changes,Results from the current study generally align with findings from a similar analysis embedded in Papay (2011) and hold up against the additional robustness checks we are able to bring to bear.,clear,
10.1111--j.1743-6109.2010.01970.x#flora_373,10.1111/j.1743-6109.2010.01970.x,10.1111--j.1743-6109.2010.01970.x,flora_373,The Female Sexual Function Index (FSFI): A Multidimensional Self-Report Instrument for the Assessment of Female Sexual Function (2000.0),yes,,success,close experiment,https://doi.org/10.1080/009262300278597,The Female Sexual Function Index (FSFI): A multidimensional self-report instrument for the assessment of female sexual function,Rosen R; Brown C; Heiman J; Leiblum S; Meston C; Shabsigh R; Ferguson D; Agostino D; R,2000,J Sex Marital Ther,"The original FSFI study validated the six-factor structure and psychometric properties of the Female Sexual Function Index in a clinical sample; this replication evaluates whether those psychometric properties (factor structure, internal consistency, construct validity) hold in an unselected twin sample.",The FSFI—a 19-item self-report questionnaire—was chosen [12].,clear,"The paper uses reference number [12] rather than explicitly naming the original authors and year in the text body; the original study is Rosen et al. (2000) as cited in reference [12]. The replication evaluates the FSFI's six-factor structure, internal consistency, and CFA fit in a twin sample (N=744 for EFA, N=930 for the FSFI subsample). The authors explicitly state 'we were successful in replicating the six-factor structure of the original FSFI.' The FSFI-LL development and validation is a separate new instrument contribution, not a replication entry."
10.17605--osf.io--ehjdm#flora_6,10.17605/osf.io/ehjdm,10.17605--osf.io--ehjdm,flora_6,Precision of the Anchor Influences the Amount of Adjustment (2008.0),yes,,inconclusive,direct,,Anchor precision influences the amount of adjustment,"Janiszewski, C.; Uy, D.",2008,Psychological Science,Anchor precision influences the degree of adjustment in numerical estimates,These findings represent a partial replication of Janiszewski and Uy (2008).,clear,"Paper title says 'Replication of Study 4b' but the text clarifies that Study 4a was selected for replication instead of 4b. The authors explicitly call it a 'partial replication' and report all effects weaker than the original, with no interaction. Authors explicitly characterize the replication as 'partial replication' due to failure to replicate the interaction and weaker effect sizes, though the central main effect of precision was significant in the expected direction."
10.1521--pedi_2013_27_117#flora_443,10.1521/pedi_2013_27_117,10.1521--pedi_2013_27_117,flora_443,Separate Personality Traits From States To Predict Depression (2003.0),yes,,success,close experiment,https://doi.org/10.1521/pedi.17.2.152.23990,Separate personality traits from states to predict future depression,"Clark, L; Vittengl, J; Kraft, D; Jarrett, R",2003,Journal of Personality Disorders,Clark et al. (2003) found that both the changeable state and stable trait components of SNAP personality scales predict depressive symptoms in recurrent major depressive disorder patients receiving cognitive therapy.,"Using a new, larger data set of patients with recurrent depression treated with acute-phase CT [24], we aimed to replicate and extend Clark et al.'s (2003) findings.",clear,
10.1080--02619768.2014.882308#flora_310,10.1080/02619768.2014.882308,10.1080--02619768.2014.882308,flora_310,From Psychological Need Satisfaction to Intentional Behavior: Testing a Motivational Sequence in Two Behavioral Contexts (2006.0),yes,,inconclusive,close extension,,From psychological need satisfaction to intentional behavior: Testing a motivational sequence in two behavioral contexts,"Hagger, M; Chatzisarantis, N; Harris, J",2006,Personality and Social Psychology Bulletin,"Psychological need satisfaction leads to self-determined motivation, which then influences dispositional variables (attitude, subjective norm, self-efficacy) and behavioral intention in the contexts of exercise and dieting.","In this article, we report on our study that replicated a study of [14] in which Self-Determination Theory (SDT) and the Theory of Planned Behavior (TBP) are combined according [22] proposal to distinguish between global level psychological needs, contextual-level and situational-level motivational constructs.",ambiguous,"The replication uses IMBP (largely based on TPB) rather than TPB directly, and applies the model to teachers' use of digital learning materials rather than the original health domain (exercising and dieting). The authors conclude 'cautiously positive' with hedging language, noting the model 'potentially provides' a more comprehensive explanation, and report that the self-efficacy path coefficient is weaker than in the original study. Authors describe results as 'cautiously positive' and 'potentially provides,' using hedging language; key path coefficients are significant and in the expected direction but some findings (e.g., self-efficacy contribution) contrast with the original, making the overall outcome genuinely ambiguous between success and inconclusive."
10.1525--mp.2012.30.2.161#flora_93,10.1525/mp.2012.30.2.161,10.1525--mp.2012.30.2.161,flora_93,The structure of musical preferences: A five-factor model. (2011.0),yes,,success,close extension,,The structure of musical preferences: A five-factor model,Rentfrow; Goldberg; Levitin,2011,Journal of Personality and Social Psychology,"The original study claimed that musical preferences are structured by five orthogonal dimensions (Mellow, Unpretentious, Sophisticated, Intense, Contemporary); Study 3 tested whether this structure emerges using rock music excerpts only.","Rentfrow, Goldberg, and Levitin (2011) examined preferences for audio excerpts taken from a variety of musical genres, so it is difficult to know for sure the extent to which attributes were the main force underlying musical preferences.",clear,
,10.1525/mp.2012.30.2.161,10.1525--mp.2012.30.2.161,,,yes,,success,direct,,The structure of musical preferences: A five-factor model,"Rentfrow, Peter J.; Goldberg, Lewis R.; Levitin, Daniel J.",2011,Journal of Personality and Social Psychology,Replication of the five-factor MUSIC preference model using musical excerpts from a variety of genres and subgenres; tests whether preferences are based on musical attributes rather than genres.,"One of the objectives of this study was to test the robustness of the MUSIC model (Rentfrow, Goldberg, & Levitin, 2011).",clear," [ling26: extra entry, not in the external record] [ling26: no entry matched this anchor]"
,10.1525/mp.2012.30.2.161,10.1525--mp.2012.30.2.161,,,yes,,success,direct,,The structure of musical preferences: A five-factor model,"Rentfrow, Peter J.; Goldberg, Lewis R.; Levitin, Daniel J.",2011,Journal of Personality and Social Psychology,Replication of the five-factor MUSIC preference model using jazz musical pieces; tests whether the MUSIC factors emerge within a single genre.,"Rentfrow, Goldberg, and Levitin (2011) examined preferences for audio excerpts taken from a variety of musical genres, so it is difficult to know for sure the extent to which attributes were the main force underlying musical preferences.",clear," [ling26: extra entry, not in the external record] [ling26: no entry matched this anchor]"
,10.1525/mp.2012.30.2.161,10.1525--mp.2012.30.2.161,,,yes,,success,direct,,The structure of musical preferences: A five-factor model,Rentfrow; Goldberg; Levitin,2011,Journal of Personality and Social Psychology,"The original study claimed that musical preferences are structured by five orthogonal dimensions (Mellow, Unpretentious, Sophisticated, Intense, Contemporary) derived from preferences for musical excerpts across genres; Study 1 replicated this using 50 excerpts from 21 genres.","Study 1 was designed to replicate the five-factor music-preference model reported in Rentfrow, Goldberg, and Levitin (2011).",clear," [ling26: extra entry, not in the external record]"
,10.1525/mp.2012.30.2.161,10.1525--mp.2012.30.2.161,,,yes,,success,close extension,,The structure of musical preferences: A five-factor model,Rentfrow; Goldberg; Levitin,2011,Journal of Personality and Social Psychology,"The original study claimed that musical preferences are structured by five orthogonal dimensions (Mellow, Unpretentious, Sophisticated, Intense, Contemporary); Study 2 tested whether this structure emerges using jazz music excerpts only.","Rentfrow, Goldberg, and Levitin (2011) examined preferences for audio excerpts taken from a variety of musical genres, so it is difficult to know for sure the extent to which attributes were the main force underlying musical preferences.",clear," [ling26: extra entry, not in the external record]"
10.1080--09658211.2023.2198327#flora_315,10.1080/09658211.2023.2198327,10.1080--09658211.2023.2198327,flora_315,The Formation of False Memories (1995.0),yes,,,,,,,,,,,, [ling26: no entry matched this anchor] [ling26: no entry matched this anchor]
10.1017--s1930297500002941#flora_145,10.1017/s1930297500002941,10.1017--s1930297500002941,flora_145,Crowd IQ (2012.0),yes,,success,close experiment,,Crowd IQ: Measuring the intelligence of crowdsourcing platforms,"Kosinski, M; Bachrach, Y; Kasneci, G; Van Gael, J; Graepel, T",2012,Annual ACM Web Science Conference,"Aggregating multiple responses through majority vote improves collective IQ performance, with collective IQ increasing with group size showing diminishing returns",We conducted a partial replication of Kosinski et al.'s (2012) study to re-examine the hypothesis that the overall task performance would be significantly enhanced by tapping into a wisdom-of-the-crowd effect at the micro-task level.,clear,"The paper labels this a 'partial replication' with deliberate methodological simplifications (focus on group size only, larger base sample, different sampling approach, all 60 test items included). The original study's statistics are not reported in this paper, so all original statistical fields are left blank."
10.1177--0022219419897268#flora_402,10.1177/0022219419897268,10.1177--0022219419897268,flora_402,"The Relationship of Handwriting Speed, Working Memory, Language Comprehension and Outlines to Lecture Note‐taking and Test‐taking among College Students (2012.0)",yes,,,,,,,,,,,, [ling26: no entry matched this anchor] [ling26: no entry matched this anchor]
10.1007--s40732-020-00396-0#flora_482,10.1007/s40732-020-00396-0,10.1007--s40732-020-00396-0,flora_482,Tact training versus bidirectional intraverbal training in teaching a foreign language (2013.0),yes,,success,direct,,Tact training versus bidirectional intraverbal training in teaching a foreign language,"Dounavi, K.",2014,Journal of Applied Behavior Analysis,The original study tested the effects of foreign tact and bidirectional intraverbal training on emergent verbal relations in teaching a foreign language vocabulary to adults.,"The present study aimed to replicate the findings of Dounavi (Journal of Applied Behavior Analysis, 47(1), 165–170 2014)",clear,"The authors explicitly state they replicated Dounavi (2014) and the results confirm the original findings: foreign tact and N-F intraverbal training were more effective than F-N training. Minor methodological refinements (added N-F baseline probe, no feedback during probes, counterbalanced posttraining probes, added third participant, added 4-week follow-up) do not change the direct replication classification. The paper reports a successful direct replication of Dounavi (2014) with minor methodological refinements (added N-F baseline probe, no feedback during probes, counterbalanced posttraining probes, added a third participant, added 4-week follow-up). The discussion explicitly states 'The present study replicated Dounavi's (2014) research.' The original DOI was not found in the paper and is left blank."
10.1037--edu0000146#flora_40,10.1037/edu0000146,10.1037--edu0000146,flora_40,Promoting Interest and Performance in High School Science Classes (2009.0),yes,,,,,,,,,,,, [ling26: no entry matched this anchor] [ling26: no entry matched this anchor]
10.1007--s00426-019-01203-4#flora_105,10.1007/s00426-019-01203-4,10.1007--s00426-019-01203-4,flora_105,Gaze direction differentially affects avoidance tendencies to happy and angry faces in socially anxious individuals (2010.0),yes,,success,direct,https://doi.org/10.1177/0956797610384746,Facing freeze: Social threat induces bodily freeze in humans,"Roelofs, K.; Hagenaars, M.A.; Stins, J.",2010,Psychological Science,"Social threat (angry faces) causes lower heart rate and reduced body sway compared to neutral and happy faces, with the effect modulated by state anxiety","Given the important theoretical and practical consequences of freezing in response to social stress, together with the fact that Roelofs et al. (2010) is the only study showing freezing in response to social threat, the current study aimed to replicate Roelofs et al. (2010).",clear,"The main heart rate effect (lower HR during angry block vs. neutral/happy) was significant and in the expected direction, and the authors state 'largely replicated.' However, the state anxiety modulation was only marginal (and only after excluding an outlier), the negative HR–STAI correlation was not replicated, and the authors note findings are 'not completely in line' with the original. A second coder could plausibly code this as success given the significant main effect and the authors' confirming language, or as inconclusive given the hedging and missing moderators. The authors explicitly state 'the current research has largely replicated the freezing-to-social-threat effect.' The main heart rate finding (angry block lower than neutral and happy blocks) was statistically significant. The state anxiety modulation was only marginal and only emerged after excluding a STAI outlier, and the negative heart rate–STAI correlation was not replicated, but the authors still characterize the overall result as a successful replication."
10.17605--osf.io--82bwv#flora_5,10.17605/osf.io/82bwv,10.17605--osf.io--82bwv,flora_5,Errors Are Aversive (2008.0),yes,,failure,direct,,Errors Are Aversive,"Hajcak, G.; Foti, D.",2008,Psychological Science,The magnitude of the error-potentiated startle response is correlated with the amplitude of the error-related negativity.,"Hajcak & Foti, 2008 ""The task was an arrow version of the flankers task (cf. Hajcak et al., 2005).""",clear,"Authors explicitly state 'we consider this to be a failure to replicate' despite the correlation trending in the same direction (r = -.25, p = .11, one-tailed) and the overall pattern being remarkably similar to the original. Authors explicitly state 'we consider this to be a failure to replicate but with extremely similar results.' The correlation trended in the same direction (r = -.25) but did not reach significance (p = .11, one-tailed)."
10.1017--s0142716423000127#flora_275,10.1017/s0142716423000127,10.1017--s0142716423000127,flora_275,SOCIAL ATTITUDES AND SPEECH RATINGS (2018.0),yes,,failure,conceptual,https://doi.org/10.1017/S0272263118000244,Social attitudes and speech ratings: Effects of positive and negative bias on multiage listeners' judgments of second language speech,"Reid, K.; Trofimovich, P.; O'Brien, M.",2019,Studies in Second Language Acquisition,"Social bias orientations (positive or negative) influence native listeners' ratings of non-native English speech across five linguistic dimensions (accentedness, comprehensibility, segmental errors, intonation, and flow)",Reid et al. (2019) showed that 'native' listeners could be easily biased toward 'non-native' speech across five linguistic dimensions.,clear,
10.1080--00330124.2012.681509#flora_46,10.1080/00330124.2012.681509,10.1080--00330124.2012.681509,flora_46,Social Vulnerability to Environmental Hazards<sup>*</sup> (2003.0),yes,,inconclusive,close extension,,Social vulnerability to environmental hazards,"Cutter, S.; Boruff, B.; Shirley, W.",2003,Social Science Quarterly,"Adaptation of the SoVI index of social vulnerability for Norwegian municipalities, modifying variables and conceptualizations for the Norwegian context","In this article, we first replicate and then adapt an existing index of social vulnerability to hazard developed for the United States to a non-U.S. context.",ambiguous,The adapted index produces valid results with Moran's autocorrelation of 0.374 (p=0.001) and is marginally better correlated with the Index for Living Conditions (r=0.49) than the replica (r=0.44). Authors present the adaptation as a successful contextualization. Paper uses numbered references [16] rather than author-date citations in body text; no DOI provided for the original Cutter et al. (2003) study in the paper; the adapted index is presented as marginally better but not explicitly validated as a clear success; the correlation between replica and adapted indexes is moderate (r=0.44) and the replica explains only 19% of variation in the adapted index.
,10.1080/00330124.2012.681509,10.1080--00330124.2012.681509,,,yes,,failure,direct,,Social vulnerability to environmental hazards,"Cutter, S; Boruff, B; Shirley, W",2003,Social Science Quarterly,Direct replication of the SoVI social vulnerability index applied to Norwegian municipalities following the original US county-level methodology as closely as possible,Our SoVI Replica analysis follows the original SoVI [16] as closely as possible regarding conceptualization of factors and the indicators included in the model.,clear,"The replicated index explains only 19% of variation in the adapted index (R²=0.19, r=0.44). Authors frame this as demonstrating that direct replication is insufficient across contexts. [ling26: extra entry, not in the external record] [ling26: no entry matched this anchor]"
,10.1080/00330124.2012.681509,10.1080--00330124.2012.681509,,,yes,,inconclusive,direct,,Social vulnerability to environmental hazards,"Cutter, S.; Boruff, B.; Shirley, W.",2003,Social Science Quarterly,Replication of the SoVI index of social vulnerability for Norwegian municipalities following the original US county-level methodology as closely as possible,Our SoVI Replica analysis follows the original SoVI [16] as closely as possible regarding conceptualization of factors and the indicators included in the model.,ambiguous,"Paper uses numbered references [16] rather than author-date citations in body text; no DOI provided for the original Cutter et al. (2003) study in the paper; the moderate correlation (r=0.44) and low R-squared (0.19) leave the replication outcome genuinely ambiguous, with authors concluding adaptation is needed rather than explicitly calling the replication a failure or success. [ling26: extra entry, not in the external record]"
10.1007--s10664-025-10739-6#flora_229,10.1007/s10664-025-10739-6,10.1007--s10664-025-10739-6,flora_229,Interruptibility of Software Developers and its Prediction Using Psycho-Physiological Sensors (2015.0),yes,,failure,close experiment,https://doi.org/10.1145/2702123.2702593,Interruptibility of software developers and its prediction using psycho-physiological sensors,"Züger, Manuela; Fritz, Thomas",2015,"Proc. 2015 Conference on Human Factors in Computing Systems, CHI 2015",The original lab study claimed that biometric sensors can predict the interruptibility of software developers with high accuracy (91.5%) in a controlled lab environment.,"In this paper, we report on what is, to the best of our knowledge, the first external and close replication of the original lab study (Züger and Fritz 2015).",clear,"The paper explicitly states it is an external close replication of the original lab study. The replication failed to replicate the original's high-accuracy classification results; models did not significantly outperform the majority classifier baseline. AQ5 was not replicated due to an incorrect post-interview questionnaire (noted in Section 6.4). The authors explicitly state they cannot replicate models that significantly improve over the majority classifier baseline. Severe threats to validity were identified: small sample size (10 participants), highly imbalanced dataset, and ad hoc transformation of the interruptibility scale. EDA features were dropped after sessions due to a measurement error (electrode saturation), which may have affected model performance."
10.1002--smj.2905#flora_223,10.1002/smj.2905,10.1002--smj.2905,flora_223,Do female and ethnically diverse executives endure inequity in the CEO position or do they benefit from their minority status? An empirical examination (2014.0),yes,,failure,close experiment,https://doi.org/10.1002/smj.2274,Do female and ethnically diverse executives endure inequity in the CEO position or do they benefit from their minority status? An empirical examination,"Hill, A.; Upadhyay, A.; Beekun, R.",2015,Strategic Management Journal,Women CEOs receive higher compensation than male CEOs,"Our replication study, both with the original sample and the expanded sample, provides a contrast to HUB's findings, suggesting that claims about gender gap in CEO compensation favoring women over men may be premature.",clear,
10.1002--smj.2579#flora_18,10.1002/smj.2579,10.1002--smj.2579,flora_18,THE CORPORATE SOCIAL PERFORMANCE-FINANCIAL PERFORMANCE LINK (1997.0),yes,,,,,,,,,,,, [ling26: no entry matched this anchor] [ling26: no entry matched this anchor]
10.1016--j.cortex.2022.12.003#flora_454,10.1016/j.cortex.2022.12.003,10.1016--j.cortex.2022.12.003,flora_454,Subliminal Instrumental Conditioning Demonstrated in the Human Brain (2008.0),yes,,failure,close experiment,https://doi.org/10.1016/j.neuron.2008.07.005,Subliminal instrumental conditioning demonstrated in the human brain,"Pessiglione, M; Petrovic, P; Daunizeau, J; Palminteri, S; Dolan, R; Frith, C",2008,Neuron,"Participants learned to adjust Go/NoGo responses in line with subliminally presented rewarding and punishing cues, constituting instrumental conditioning without conscious awareness of the cues.",Experiment 2 was designed to be conducted only in the event of Experiment 1 replicating the effect found in Pessiglione et al. (2008).,clear,"Strong Bayes factor evidence for absence of learning (BH(0,0.7) = .11, RRB < 1/6) when aware trials were excluded. Authors explicitly state this challenges the original finding and that apparent evidence for learning in Experiment 1 was likely due to inadequate exclusion of aware trials."
,10.1016/j.cortex.2022.12.003,10.1016--j.cortex.2022.12.003,,,yes,,success,direct,https://doi.org/10.1016/j.neuron.2008.07.005,Subliminal instrumental conditioning demonstrated in the human brain,"Pessiglione, M; Petrovic, P; Daunizeau, J; Palminteri, S; Dolan, R; Frith, C",2008,Neuron,"Subliminal instrumental conditioning can occur without conscious awareness of the cues, as demonstrated by learning to adjust Go/NoGo behavior in response to subliminally presented rewarding and punishing cues.",Experiment 1 aims to directly replicate unconscious instrumental conditioning found in Pessiglione et al. (2008).,clear," [ling26: extra entry, not in the external record] [ling26: no entry matched this anchor]"
,10.1016/j.cortex.2022.12.003,10.1016--j.cortex.2022.12.003,,,yes,,inconclusive,direct,https://doi.org/10.1016/j.neuron.2008.07.005,Subliminal instrumental conditioning demonstrated in the human brain,"Pessiglione, M; Petrovic, P; Daunizeau, J; Palminteri, S; Dolan, R; Frith, C",2008,Neuron,"Participants learned to adjust Go/NoGo responses in line with subliminally presented rewarding and punishing cues, constituting instrumental conditioning without conscious awareness of the cues.",Experiment 1 aims to directly replicate unconscious instrumental conditioning found in Pessiglione et al. (2008).,ambiguous,"Authors found significant learning in the conditioning task (replicating the original) but also found significant group-level awareness on PDT2, contradicting the original's claim of unconsciousness. Mixed signals within one experiment: learning replicated but awareness was present, preventing the claim of unconscious conditioning. [ling26: extra entry, not in the external record]"
10.1017--s0261444815000087#flora_138,10.1017/s0261444815000087,10.1017--s0261444815000087,flora_138,"The effect of planning sub-processes on L2 writing fluency, grammatical complexity, and lexical complexity (2012.0)",yes,,failure,close extension,,"The effect of planning sub-processes on L2 writing fluency, grammatical complexity, and lexical complexity","Johnson, M; Mercado, L; Acevedo, A",2012,Journal of Second Language Writing,"Pre-task planning sub-processes (idea generation, organization, and goal setting) affect the fluency, grammatical complexity, and lexical complexity of L2 writers' written language production","Unlike the study conducted by [23], which found no impact of pre-task planning on grammatical and lexical complexity and a minimal impact of organization pre-task planning on L2 writing fluency (d = 0.26), this study found no impact of pre-task planning on the participants' written language production, suggesting no support for the hypothesized threshold of target language proficiency.",clear,"The paper does not name the original authors in running text; only [23] is used as a citation. The replication used L1 writers instead of L2 writers and eliminated the goal-setting-plus-organization condition, making it a close extension rather than a direct replication. The original study found a minimal fluency effect (d=0.26) and no complexity effects; the replication found no significant effects on any variable."
10.21203--rs.3.rs-8351701--v1#flora_94,10.21203/rs.3.rs-8351701/v1,10.21203--rs.3.rs-8351701--v1,flora_94,The neural basis of acceptance of uncertain situations: Relationship between ambiguity tolerance and the resting-state functional connectivity of the brain (2022.0),yes,,failure,conceptual,https://doi.org/10.1007/s12144-022-02879-5,The neural basis of acceptance of uncertain situations: Relationship between ambiguity tolerance and the resting-state functional connectivity of the brain,"Liu, D.; Sun, J.; Ren, Z.; Yang, J.; Shi, B.; Qiu, J.",2023,Current Psychology,"The original study found that higher ambiguity tolerance (unidimensional) was associated with stronger connectivity within integration and control networks (IPL-MFG/MCC) and lower tolerance with stronger connectivity in threat/error-monitoring circuits (OFC-ACC). This replication tested whether three MAAS dimensions (Discomfort with Ambiguity, Absolutism, Need for Complexity) relate to resting-state functional connectivity in a Japanese sample.","This preregistered study conceptually replicated and extended [9] by examining how three dimensions of the Multidimensional Attitude toward Ambiguity Scale (MAAS)-Discomfort with Ambiguity (DA), Absolutism (AB), and Need for Complexity (NC)-relate to resting-state functional connectivity in a Japanese sample.",clear,One entry for the whole study; three hypotheses tested but one conceptual replication of Liu et al. (2023). Null results for all three MAAS dimensions.
10.1101--2021.11.30.470372#flora_107,10.1101/2021.11.30.470372,10.1101--2021.11.30.470372,flora_107,RAF inhibitors prime wild-type RAF to activate the MAPK pathway and enhance growth (2010.0),yes,,inconclusive,direct,https://doi.org/10.1038/nature08833,RAF inhibitors prime wild-type RAF to activate the MAPK pathway and enhance growth,Hatzivassiliou G; Song K; Yen I; Brandhuber B; Anderson D; Alvarado R; Ludlam M; Stokoe D; Gloor S; Vigers G; Morales T; Aliagas I; Liu B; Sideris S; Hoeflich K; Jaiswal B; Seshagiri S; Koeppen H; Belvin M; Friedman L; Malek S,2010,Nature,RAF inhibitors differentially affect BRAF-CRAF heterodimerization as tested by recombinant protein dimerization assay,This experiment tested whether RAF priming is mediated by the inhibitors' conformational effects on the RAF kinase domain and is similar to what was reported in Figure 4A of [12] and described in Protocol 3 in the Registered Report [2].,clear,"Authors explicitly state they were unable to conduct the experiment as planned; BRAF bound to Protein-A-agarose beads independently of CRAF, preventing assessment of the original finding about inhibitor-dependent modulation of BRAF-CRAF heterodimerization. Experiment could not be completed as planned due to antibody and bead-binding technical issues; the authors state the data were 'unable to address whether, under the conditions of the original study, the same observations could be observed'"
,10.1101/2021.11.30.470372,10.1101--2021.11.30.470372,,,yes,,success,direct,https://doi.org/10.1038/nature08833,RAF inhibitors prime wild-type RAF to activate the MAPK pathway and enhance growth,"Hatzivassiliou, G; Song, K; Yen, I; Brandhuber, B; Anderson, D; Alvarado, R; Ludlam, M; Stokoe, D; Gloor, S; Vigers, G; Morales, T; Aliagas, I; Liu, B; Sideris, S; Hoeflich, K; Jaiswal, B; Seshagiri, S; Koeppen, H; Belvin, M; Friedman, L; Malek, S",2010,Nature,RAF inhibitors PLX4720 and GDC-0879 selectively inhibit BRAF(V600E) cell proliferation while MEK inhibitor PD0325901 inhibits proliferation of all cell lines,This experiment was comparable to what was reported in Figure 1A of [12] and described in Protocol 1 in the Registered Report [2].,clear," [ling26: extra entry, not in the external record] [ling26: no entry matched this anchor]"
,10.1101/2021.11.30.470372,10.1101--2021.11.30.470372,,,yes,,success,direct,https://doi.org/10.1038/nature08833,RAF inhibitors prime wild-type RAF to activate the MAPK pathway and enhance growth,"Hatzivassiliou, G; Song, K; Yen, I; Brandhuber, B; Anderson, D; Alvarado, R; Ludlam, M; Stokoe, D; Gloor, S; Vigers, G; Morales, T; Aliagas, I; Liu, B; Sideris, S; Hoeflich, K; Jaiswal, B; Seshagiri, S; Koeppen, H; Belvin, M; Friedman, L; Malek, S",2010,Nature,"Knockdown of CRAF, but not BRAF, reverses phospho-MEK induction after PLX4720 treatment in wild-type RAF cells",This experiment is similar to what was reported in Figure 2B of [12] and described in Protocol 2 in the Registered Report [2].,clear," [ling26: extra entry, not in the external record] [ling26: no entry matched this anchor]"
,10.1101/2021.11.30.470372,10.1101--2021.11.30.470372,,,yes,,failure,direct,https://doi.org/10.1038/nature08833,RAF inhibitors prime wild-type RAF to activate the MAPK pathway and enhance growth,"Hatzivassiliou, G; Song, K; Yen, I; Brandhuber, B; Anderson, D; Alvarado, R; Ludlam, M; Stokoe, D; Gloor, S; Vigers, G; Morales, T; Aliagas, I; Liu, B; Sideris, S; Hoeflich, K; Jaiswal, B; Seshagiri, S; Koeppen, H; Belvin, M; Friedman, L; Malek, S",2010,Nature,"Knockdown of CRAF, but not BRAF, reverses phospho-MEK induction after GDC-0879 treatment in wild-type RAF cells","The original study reported analogous results with GDC-0879, which was not observed in this replication, although unexpected control results confound the interpretation.",clear," [ling26: extra entry, not in the external record] [ling26: no entry matched this anchor]"
,10.1101/2021.11.30.470372,10.1101--2021.11.30.470372,,,yes,,success,direct,https://doi.org/10.1038/nature08833,RAF inhibitors prime wild-type RAF to activate the MAPK pathway and enhance growth,Hatzivassiliou G; Song K; Yen I; Brandhuber B; Anderson D; Alvarado R; Ludlam M; Stokoe D; Gloor S; Vigers G; Morales T; Aliagas I; Liu B; Sideris S; Hoeflich K; Jaiswal B; Seshagiri S; Koeppen H; Belvin M; Friedman L; Malek S,2010,Nature,RAF inhibitors selectively inhibit BRAF(V600E) cell proliferation while sparing wild-type RAF/RAS and mutant RAS cell lines,This experiment was comparable to what was reported in Figure 1A of [12] and described in Protocol 1 in the Registered Report [2].,clear," [ling26: extra entry, not in the external record]"
,10.1101/2021.11.30.470372,10.1101--2021.11.30.470372,,,yes,,inconclusive,direct,https://doi.org/10.1038/nature08833,RAF inhibitors prime wild-type RAF to activate the MAPK pathway and enhance growth,Hatzivassiliou G; Song K; Yen I; Brandhuber B; Anderson D; Alvarado R; Ludlam M; Stokoe D; Gloor S; Vigers G; Morales T; Aliagas I; Liu B; Sideris S; Hoeflich K; Jaiswal B; Seshagiri S; Koeppen H; Belvin M; Friedman L; Malek S,2010,Nature,"Knockdown of CRAF, but not BRAF, attenuates phospho-MEK induction after RAF inhibitor treatment in wild-type RAF cells",This experiment is similar to what was reported in Figure 2B of [12] and described in Protocol 2 in the Registered Report [2].,clear,"PLX4720 results were in the same direction as the original (success), but GDC-0879 results were not in the same direction and not statistically significant where predicted (failure); overall inconclusive due to mixed results across the two drug scenarios within the same experiment [ling26: extra entry, not in the external record]"
10.1098--rsos.231240#flora_3,10.1098/rsos.231240,10.1098--rsos.231240,flora_3,The essence of innocence: Consequences of dehumanizing Black children. (2014.0),yes,,,,,,,,,,,, [ling26: no entry matched this anchor] [ling26: no entry matched this anchor]
10.1177--2515245920903079#flora_88,10.1177/2515245920903079,10.1177--2515245920903079,flora_88,Perceiving numbers causes spatial shifts of attention (2003.0),yes,,failure,direct,https://doi.org/10.1038/nn1066,Perceiving numbers causes spatial shifts of attention,"Fischer, M; Castel, A; Dodd, M; Pratt, J",2003,Nature Neuroscience,Participants are quicker to detect left-side targets when preceded by small numbers and quicker to detect right-side targets when preceded by large numbers (the Att-SNARC effect).,"We attempted to replicate Experiment 2 of Fischer et al. by collecting data from 1,105 participants at 17 labs.",clear,
10.1037--xge0000644#flora_298,10.1037/xge0000644,10.1037--xge0000644,flora_298,The use of category and exemplar knowledge in the solution of anchoring tasks. (2000.0),yes,,failure,conceptual,,The use of category and exemplar knowledge in the solution of anchoring tasks,"Mussweiler, Thomas; Strack, Fritz",2000,Journal of Personality and Social Psychology,"An anchor selectively increases the accessibility of anchor-consistent knowledge, measured by faster lexical decision responses to anchor-consistent words following a comparative judgment.","the one candidate test that we could identify in the literature to provide such a 'signature test' was the one described in Mussweiler and Strack (2000a, Studies 1 & 2), and evaluated in the present manuscript.",clear,Conceptual replication using Continuous IDentification (CID) task instead of Lexical Decision Task (LDT); temperature domain only.
,10.1037/xge0000644,10.1037--xge0000644,,,yes,,failure,close experiment,,The use of category and exemplar knowledge in the solution of anchoring tasks,"Mussweiler, Thomas; Strack, Fritz",2000,Journal of Personality and Social Psychology,"An anchor selectively increases the accessibility of anchor-consistent knowledge, measured by faster lexical decision responses to anchor-consistent words following a comparative judgment about temperature.","the one candidate test that we could identify in the literature to provide such a 'signature test' was the one described in Mussweiler and Strack (2000a, Studies 1 & 2), and evaluated in the present manuscript.",clear," [ling26: extra entry, not in the external record]"
,10.1037/xge0000644,10.1037--xge0000644,,,yes,,failure,close experiment,,The use of category and exemplar knowledge in the solution of anchoring tasks,"Mussweiler, Thomas; Strack, Fritz",2000,Journal of Personality and Social Psychology,"An anchor selectively increases the accessibility of anchor-consistent knowledge, measured by faster lexical decision responses to anchor-consistent words following a comparative judgment about car prices.","the one candidate test that we could identify in the literature to provide such a 'signature test' was the one described in Mussweiler and Strack (2000a, Studies 1 & 2), and evaluated in the present manuscript.",clear," [ling26: extra entry, not in the external record]"
,10.1037/xge0000644,10.1037--xge0000644,,,yes,,failure,close experiment,,The use of category and exemplar knowledge in the solution of anchoring tasks,"Mussweiler, Thomas; Strack, Fritz",2000,Journal of Personality and Social Psychology,"An anchor selectively increases the accessibility of anchor-consistent knowledge, measured by faster lexical decision responses to anchor-consistent words following a comparative judgment about temperature.","the one candidate test that we could identify in the literature to provide such a 'signature test' was the one described in Mussweiler and Strack (2000a, Studies 1 & 2), and evaluated in the present manuscript.",clear,"Experiment 3 used different anchor values (25°C and 2°C) than Experiment 1. [ling26: extra entry, not in the external record]"
,10.1037/xge0000644,10.1037--xge0000644,,,yes,,failure,close experiment,,The use of category and exemplar knowledge in the solution of anchoring tasks,"Mussweiler, Thomas; Strack, Fritz",2000,Journal of Personality and Social Psychology,"An anchor selectively increases the accessibility of anchor-consistent knowledge, measured by faster lexical decision responses to anchor-consistent words following a comparative judgment about car prices.","the one candidate test that we could identify in the literature to provide such a 'signature test' was the one described in Mussweiler and Strack (2000a, Studies 1 & 2), and evaluated in the present manuscript.",clear,"Experiment 4 used different anchor values (£200,000 and £13,000) than Experiment 2. [ling26: extra entry, not in the external record]"
10.1080--02699931.2018.1429389#flora_162,10.1080/02699931.2018.1429389,10.1080--02699931.2018.1429389,flora_162,Understanding implicit and explicit attitude change: A systems of reasoning analysis. (2006.0),yes,,,,,,,,,,,, [ling26: no entry matched this anchor] [ling26: no entry matched this anchor]
,10.1080/02699931.2018.1429389,10.1080--02699931.2018.1429389,,,yes,,failure,conceptual,https://doi.org/10.1111/j.1467-9280.2006.01811.x,Of two minds forming and changing valence-inconsistent implicit and explicit attitudes,"Rydell, R.; McConnell, A.; Mackie, D.; Strain, L.",2006,Psychological Science,Briefly presented subliminal primes selectively influence implicit attitudes such that IAT effects reflect prime valence rather than explicit behavioral information about the target person.,The goal of the first Experiment was to replicate the study of Rydell et al. (2006) as closely as possible.,clear,"Explicit evaluation was replicated (trivial learning effect), but the key implicit finding (IAT effects reflecting prime valence) was not replicated; IAT effects were in line with explicit behavioral information instead. [ling26: extra entry, not in the external record] [ling26: no entry matched this anchor]"
,10.1080/02699931.2018.1429389,10.1080--02699931.2018.1429389,,,yes,,failure,conceptual,https://doi.org/10.1111/j.1467-9280.2006.01811.x,Of two minds forming and changing valence-inconsistent implicit and explicit attitudes,"Rydell, R.; McConnell, A.; Mackie, D.; Strain, L.",2006,Psychological Science,Briefly presented subliminal primes selectively influence implicit attitudes such that IAT effects reflect prime valence rather than explicit behavioral information about the target person.,"The goal of the second Experiment was to conduct a second replication of the original study, addressing the potential limitations outlined above.",clear,"Prime presentation duration was reduced to 17ms to achieve chance-level prime recognition; explicit evaluation was replicated but the implicit dissociation was not. [ling26: extra entry, not in the external record] [ling26: no entry matched this anchor]"
,10.1080/02699931.2018.1429389,10.1080--02699931.2018.1429389,,,yes,,failure,conceptual,https://doi.org/10.1111/j.1467-9280.2006.01811.x,Of two minds forming and changing valence-inconsistent implicit and explicit attitudes,"Rydell, R.; McConnell, A.; Mackie, D.; Strain, L.",2006,Psychological Science,"Briefly presented subliminal primes selectively influence implicit attitudes while explicit attitudes are influenced by supraliminal behavioral information, producing opposite implicit and explicit attitudes toward the same target.",The goal of the first Experiment was to replicate the study of Rydell et al. (2006) as closely as possible.,clear,"Experiment 1 used German translation of materials; prime recognition was above chance, contrary to the original; failed to replicate the implicit effect. [ling26: extra entry, not in the external record]"
,10.1080/02699931.2018.1429389,10.1080--02699931.2018.1429389,,,yes,,failure,conceptual,https://doi.org/10.1111/j.1467-9280.2006.01811.x,Of two minds forming and changing valence-inconsistent implicit and explicit attitudes,"Rydell, R.; McConnell, A.; Mackie, D.; Strain, L.",2006,Psychological Science,"Briefly presented subliminal primes selectively influence implicit attitudes while explicit attitudes are influenced by supraliminal behavioral information, producing opposite implicit and explicit attitudes toward the same target.",The goal of the first Experiment was to replicate the study of Rydell et al. (2006) as closely as possible.,clear,"Experiment 2 used original English materials with US participants; prime presentation duration reduced to 17 ms; prime recognition at chance; failed to replicate the implicit effect. [ling26: extra entry, not in the external record]"
10.1111--psyp.13546#flora_74,10.1111/psyp.13546,10.1111--psyp.13546,flora_74,Nothing is safe: Intolerance of uncertainty is associated with compromised fear extinction learning (2016.0),yes,,inconclusive,conceptual,,What is going on around here? Intolerance of uncertainty predicts threat generalization,"Morriss, J; Macdonald, B; Van Reekum, C",2016,PLOS One,Higher intolerance of uncertainty is associated with greater threat generalization during acquisition training and delayed learning of cue pairings during extinction training,"Here, we attempted a three-lab direct and conceptual replication of Morriss and colleagues' (2016a) original results.",clear,Conceptual replication 2 at Texas A&M University used the same general paradigm with ERP measures and modified timing; SCR and LPP findings partially aligned with the original (higher IU showed greater threat generalization and increased threat differentiation during extinction) but ratings did not show the expected phase X IU interaction.
,10.1111/psyp.13546,10.1111--psyp.13546,,,yes,,failure,direct,,What is going on around here? Intolerance of uncertainty predicts threat generalization,"Morriss, J; Macdonald, B; Van Reekum, C",2016,PLOS ONE,Higher IU is associated with greater threat generalization during acquisition training and delayed learning of cue pairings during extinction training,"Here, we attempted a three-lab direct and conceptual replication of Morriss and colleagues' (2016a) original results.",clear," [ling26: extra entry, not in the external record] [ling26: no entry matched this anchor]"
,10.1111/psyp.13546,10.1111--psyp.13546,,,yes,,inconclusive,close extension,,What is going on around here? Intolerance of uncertainty predicts threat generalization,"Morriss, J; Macdonald, B; Van Reekum, C",2016,PLOS ONE,Higher IU is associated with greater threat generalization during acquisition training and delayed learning of cue pairings during extinction training,"Here, we attempted a three-lab direct and conceptual replication of Morriss and colleagues' (2016a) original results.",clear," [ling26: extra entry, not in the external record] [ling26: no entry matched this anchor]"
,10.1111/psyp.13546,10.1111--psyp.13546,,,yes,,failure,direct,,What is going on around here? Intolerance of uncertainty predicts threat generalization,"Morriss, J; Macdonald, B; Van Reekum, C",2016,PLOS One,Higher intolerance of uncertainty is associated with greater threat generalization during acquisition training and delayed learning of cue pairings during extinction training,"Here, we attempted a three-lab direct and conceptual replication of Morriss and colleagues' (2016a) original results.",clear,"Authors explicitly state they 'failed to replicate' the IU interactions from the original study; higher IU participants showed less threat generalization (greater differentiation) across both phases using SCR, opposite to the original finding. [ling26: extra entry, not in the external record]"
,10.1111/psyp.13546,10.1111--psyp.13546,,,yes,,inconclusive,conceptual,,What is going on around here? Intolerance of uncertainty predicts threat generalization,"Morriss, J; Macdonald, B; Van Reekum, C",2016,PLOS One,Higher intolerance of uncertainty is associated with greater threat generalization during acquisition training and delayed learning of cue pairings during extinction training,"Here, we attempted a three-lab direct and conceptual replication of Morriss and colleagues' (2016a) original results.",clear,"Conceptual replication 1 at McGill University used the same general paradigm but added ERP measures and modified timing; mixed results—some IU-related SCR findings in the expected direction but ratings and LPP did not show the expected interactions. [ling26: extra entry, not in the external record]"
10.1080--02699931.2015.1136270#flora_161,10.1080/02699931.2015.1136270,10.1080--02699931.2015.1136270,flora_161,Biased attention and dysphoria: Manipulating selective attention reduces subsequent depressive symptoms (2010.0),yes,,failure,direct,https://doi.org/10.1080/02699930802652388,Biased attention and dysphoria: Manipulating selective attention reduces subsequent depressive symptoms,"Wells, Tony; Beevers, Christopher",2010,Cognition & Emotion,Attentional retraining reduces depressive symptoms through changes in attentional bias in dysphoric individuals,The current study replicated Wells and Beevers' (2010) findings on re-training the negative attentional bias in dysphoric individuals.,clear,Single replication study; authors explicitly state failure in Discussion: 'The replication was not successful' and 'attention was not found to be related to a change in mood.'
10.1073--pnas.2103313118#flora_12,10.1073/pnas.2103313118,10.1073--pnas.2103313118,flora_12,Stuck in Time: Negative Income Shock Constricts the Temporal Window of Valuation Spanning the Future and the Past (2016.0),yes,,,,,Stuck in time: Negative income shock constricts the temporal window of valuation spanning the future and the past,"Bickel, W; Wilson, A; Chen, C; Koffarnus, M; Franck, C",2016,PLoS One,Negative income shock constricts the temporal window of valuation spanning the future and the past,,ambiguous,Individual replication results not reported in main text; details in SI Appendix.
,10.1073/pnas.2103313118,10.1073--pnas.2103313118,,,yes,,,,,Poverty impedes cognitive function,"Mani, A; Mullainathan, S; Shafir, E; Zhao, J",2013,Science,Poverty impairs cognitive function,,ambiguous,"Individual replication results not reported in main text; details in SI Appendix. Paper reports aggregate results across 20 replications (19 reported; 1 excluded due to material discrepancies). Four replications (studies 4, 16-18) were successful. [ling26: extra entry, not in the external record]"
,10.1073/pnas.2103313118,10.1073--pnas.2103313118,,,yes,,,,,Economic decision-making in poverty depletes behavioral control,"Spears, D",2011,B.E. J. Econ. Anal. Policy,Economic decision-making in poverty depletes behavioral control,,ambiguous,"Individual replication results not reported in main text; details in SI Appendix. [ling26: extra entry, not in the external record]"
,10.1073/pnas.2103313118,10.1073--pnas.2103313118,,,yes,,,,,Economic insecurity increases physical pain,"Chou, E; Parmar, B; Galinsky, A",2016,Psychol. Sci,Economic insecurity increases physical pain,,ambiguous,"Individual replication results not reported in main text; details in SI Appendix. [ling26: extra entry, not in the external record]"
,10.1073/pnas.2103313118,10.1073--pnas.2103313118,,,yes,,,,,Scarcity frames value,"Shah, A; Shafir, E; Mullainathan, S",2015,Psychol. Sci,Scarcity frames value,,ambiguous,"Individual replication results not reported in main text; details in SI Appendix. [ling26: extra entry, not in the external record]"
,10.1073/pnas.2103313118,10.1073--pnas.2103313118,,,yes,,,,,Effects of perceived scarcity on financial decision making,"Cook, L; Sadeghein, R",2018,J. Public Policy Mark,Perceived scarcity affects financial decision making,,ambiguous,"Individual replication results not reported in main text; details in SI Appendix. [ling26: extra entry, not in the external record]"
,10.1073/pnas.2103313118,10.1073--pnas.2103313118,,,yes,,,,,Seeking lasting enjoyment with limited money: Financial constraints increase preference for material goods over experiences,"Tully, S; Hershfield, H; Meyvis, T",2015,J. Consum. Res,Financial constraints increase preference for material goods over experiences,,ambiguous,"Individual replication results not reported in main text; details in SI Appendix. [ling26: extra entry, not in the external record]"
10.3389--fpsyg.2018.02476#flora_459,10.3389/fpsyg.2018.02476,10.3389--fpsyg.2018.02476,flora_459,Sequential congruency effects reveal differences in disengagement of attention for monolingual and bilingual young adults (2017.0),yes,,failure,direct,https://doi.org/10.1016/j.cognition.2017.02.010,Sequential congruency effects reveal differences in disengagement of attention for monolingual and bilingual young adults,"Grundy, J; Chung-Fat-Yim, A; Friesen, D; Mak, L; Bialystok, E",2017,Cognition,"Bilingual adults show a smaller sequential congruency effect than monolingual adults, suggesting bilinguals more efficiently disengage attention from previous stimuli.",Grundy et al. (2017) administered an Eriksen flanker task to groups of monolingual and bilingual adults.,clear,
10.1177--0956797619837942#flora_405,10.1177/0956797619837942,10.1177--0956797619837942,flora_405,The Persistence of Thought (2012.0),yes,,reversal,close experiment,https://doi.org/10.1177/0956797611431465,The persistence of thought: Evidence for a role of working memory in the maintenance of task-unrelated thinking,"Levinson, D; Smallwood, J; Davidson, R",2012,Psychological Science,The association between working memory capacity and probe-caught mind wandering during a breath-awareness task,"A Preregistered Replication of a Study by Levinson, Smallwood, and Davidson (2012)",clear,
10.1037--edu0000965#flora_291,10.1037/edu0000965,10.1037--edu0000965,flora_291,An Experimental Evaluation of Four Face-to-Face Teaching Strategies (1978.0),yes,,,,,,,,,,,, [ling26: no entry matched this anchor] [ling26: no entry matched this anchor]
10.1007--s10882-014-9400-6#flora_236,10.1007/s10882-014-9400-6,10.1007--s10882-014-9400-6,flora_236,Advancing imitation and requesting skills in toddlers with Down syndrome (2011.0),yes,,success,close experiment,,Advancing imitation and requesting skills in toddlers with Down syndrome,"Feeley, K; Jones, E; Blackburn, C; Bauer, S",2011,Research in Developmental Disabilities,"Feeley et al. (2011) taught toddlers with Down syndrome to make requests using multiple opportunities, prompting, and social reinforcement","The purpose of the present study is to replicate the effects of prompting, multiple opportunities, and high rates of social reinforcement as implemented in [10] with infants with Down syndrome between 6 and 18 months of age, the young age at which these critical skills are seen in typically developing infants, and explore generalization and collateral changes in intelligibility and problem solving.",clear,"The paper cites the original as [10] using a numbered marker rather than spelling out author names and year in the body text; the original DOI was not provided in the paper so original_url is left blank. Requesting intervention with 3 infants (Simon, Johnny, Jordan); all mastered gaze shift, gaze shift with vocalization, gaze shift with 'mm', and gaze shift with 'he'. Lucy and Tyler did not participate in requesting intervention because they already demonstrated the first two requesting responses during baseline."
,10.1007/s10882-014-9400-6,10.1007--s10882-014-9400-6,,,yes,,success,direct,,Advancing imitation and requesting skills in toddlers with Down syndrome,"Feeley, K; Jones, E; Blackburn, C; Bauer, S",2011,Research in Developmental Disabilities,"Teaching infants with Down syndrome to imitate verbal sounds using multiple opportunities, prompting, and high rates of social reinforcement",We replicated intervention procedures using social reinforcement and prompting [10]) to teach infants with Down syndrome to imitate sounds and engage in increasingly sophisticated forms of social and instrumental requests,clear,"The paper cites the original as [10] using a numbered marker rather than spelling out author names and year in the body text; the original DOI was not provided in the paper so original_url is left blank. [ling26: extra entry, not in the external record] [ling26: no entry matched this anchor]"
,10.1007/s10882-014-9400-6,10.1007--s10882-014-9400-6,,,yes,,success,close experiment,,Advancing imitation and requesting skills in toddlers with Down syndrome,"Feeley, K; Jones, E; Blackburn, C; Bauer, S",2011,Research in Developmental Disabilities,"Feeley et al. (2011) taught toddlers with Down syndrome to imitate verbal sounds using multiple opportunities, prompting, and social reinforcement","The purpose of the present study is to replicate the effects of prompting, multiple opportunities, and high rates of social reinforcement as implemented in [10] with infants with Down syndrome between 6 and 18 months of age, the young age at which these critical skills are seen in typically developing infants, and explore generalization and collateral changes in intelligibility and problem solving.",clear,"Verbal imitation intervention with 5 infants; all infants mastered all 3 target sounds. The original study [10] also targeted both verbal imitation and requesting simultaneously. [ling26: extra entry, not in the external record]"
10.1097--acm.0000000000002311#flora_342,10.1097/acm.0000000000002311,10.1097--acm.0000000000002311,flora_342,Chief Resident Immersion Training in the Care of Older Adults: An Innovative Interspecialty Education and Leadership Intervention (2008.0),yes,,success,direct,,,,,,"The CRIT (Chief Resident Immersion Training) interspecialty educational intervention for chief residents in the care of older adults, originally developed at Boston Medical Center",,ambiguous,"Only supplemental appendices (survey instruments for pre/post and 6-month follow-up at 12 institutions) were provided in the extracted text; the main article body containing the original study citation, replication results, and discussion was not included. The title explicitly states 'A successful national replication,' supporting the success classification, but original study details (DOI, title, authors, year, journal) cannot be verified from the provided text alone. [ling26: no entry matched this anchor]"
10.1002--pits.22364#flora_222,10.1002/pits.22364,10.1002--pits.22364,flora_222,Treatment Integrity of Interventions With Children in the School Psychology Literature from 1995 to 2008 (2011.0),yes,,success,close extension,,Treatment fidelity of interventions with children in the school psychology literature from 1995-2008,"Sanetti, L; Gritter, K; Dobey, L",2011,School Psychology Review,The prevalence of operational definitions of interventions and treatment fidelity assessment in school psychology intervention outcome studies from 1995 to 2008,The purpose of this study was to replicate and extend the previous review of the prevalence of treatment fidelity data in the intervention outcome literature in school psychology [28].,clear,
10.1158--1055-9965.epi-11-0870-t#flora_395,10.1158/1055-9965.epi-11-0870-t,10.1158--1055-9965.epi-11-0870-t,flora_395,Genome-wide association study identifies five new susceptibility loci for prostate cancer in the Japanese population (2010.0),yes,,failure,close extension,,Genome-wide association study identifies five new susceptibility loci for prostate cancer in the Japanese population,"Takata, R; Akamatsu, S; Kubo, M; Takahashi, A; Hosono, N; Kawaguchi, T",2010,Nature Genetics,Replication of the association between rs9600079 on chromosome 13q22 and prostate cancer risk in European-ancestry men,Takata and colleagues conducted a GWAS in a Japanese population and identified 5 novel loci with allele frequencies ranging between 0.36 and 0.44 [2].,clear,
,10.1158/1055-9965.epi-11-0870-t,10.1158--1055-9965.epi-11-0870-t,,,yes,,success,close extension,,Genome-wide association study identifies five new susceptibility loci for prostate cancer in the Japanese population,"Takata, R; Akamatsu, S; Kubo, M; Takahashi, A; Hosono, N; Kawaguchi, T",2010,Nature Genetics,SNP rs13385191 on chromosome 2p24 is associated with prostate cancer risk,Takata and colleagues conducted a GWAS in a Japanese population and identified 5 novel loci with allele frequencies ranging between 0.36 and 0.44 [2].,clear," [ling26: extra entry, not in the external record] [ling26: no entry matched this anchor]"
,10.1158/1055-9965.epi-11-0870-t,10.1158--1055-9965.epi-11-0870-t,,,yes,,success,close extension,,Genome-wide association study identifies five new susceptibility loci for prostate cancer in the Japanese population,"Takata, R; Akamatsu, S; Kubo, M; Takahashi, A; Hosono, N; Kawaguchi, T",2010,Nature Genetics,SNP rs12653946 on chromosome 5p15 is associated with prostate cancer risk,Takata and colleagues conducted a GWAS in a Japanese population and identified 5 novel loci with allele frequencies ranging between 0.36 and 0.44 [2].,clear," [ling26: extra entry, not in the external record] [ling26: no entry matched this anchor]"
,10.1158/1055-9965.epi-11-0870-t,10.1158--1055-9965.epi-11-0870-t,,,yes,,success,close extension,,Genome-wide association study identifies five new susceptibility loci for prostate cancer in the Japanese population,"Takata, R; Akamatsu, S; Kubo, M; Takahashi, A; Hosono, N; Kawaguchi, T",2010,Nature Genetics,SNP rs1983891 on chromosome 6p21 is associated with prostate cancer risk,Takata and colleagues conducted a GWAS in a Japanese population and identified 5 novel loci with allele frequencies ranging between 0.36 and 0.44 [2].,clear," [ling26: extra entry, not in the external record] [ling26: no entry matched this anchor]"
,10.1158/1055-9965.epi-11-0870-t,10.1158--1055-9965.epi-11-0870-t,,,yes,,success,close extension,,Genome-wide association study identifies five new susceptibility loci for prostate cancer in the Japanese population,"Takata, R; Akamatsu, S; Kubo, M; Takahashi, A; Hosono, N; Kawaguchi, T",2010,Nature Genetics,SNP rs339331 on chromosome 6p22 is associated with prostate cancer risk,Takata and colleagues conducted a GWAS in a Japanese population and identified 5 novel loci with allele frequencies ranging between 0.36 and 0.44 [2].,clear," [ling26: extra entry, not in the external record] [ling26: no entry matched this anchor]"
,10.1158/1055-9965.epi-11-0870-t,10.1158--1055-9965.epi-11-0870-t,,,yes,,success,close extension,,Genome-wide association study identifies five new susceptibility loci for prostate cancer in the Japanese population,"Takata, R; Akamatsu, S; Kubo, M; Takahashi, A; Hosono, N; Kawaguchi, T",2010,Nature Genetics,Replication of the association between rs13385191 (C2orf43) on chromosome 2p24 and prostate cancer risk in European-ancestry men,Takata and colleagues conducted a GWAS in a Japanese population and identified 5 novel loci with allele frequencies ranging between 0.36 and 0.44 [2].,clear," [ling26: extra entry, not in the external record]"
,10.1158/1055-9965.epi-11-0870-t,10.1158--1055-9965.epi-11-0870-t,,,yes,,success,close extension,,Genome-wide association study identifies five new susceptibility loci for prostate cancer in the Japanese population,"Takata, R; Akamatsu, S; Kubo, M; Takahashi, A; Hosono, N; Kawaguchi, T",2010,Nature Genetics,Replication of the association between rs12653946 on chromosome 5p15 and prostate cancer risk in European-ancestry men,Takata and colleagues conducted a GWAS in a Japanese population and identified 5 novel loci with allele frequencies ranging between 0.36 and 0.44 [2].,clear," [ling26: extra entry, not in the external record]"
,10.1158/1055-9965.epi-11-0870-t,10.1158--1055-9965.epi-11-0870-t,,,yes,,success,close extension,,Genome-wide association study identifies five new susceptibility loci for prostate cancer in the Japanese population,"Takata, R; Akamatsu, S; Kubo, M; Takahashi, A; Hosono, N; Kawaguchi, T",2010,Nature Genetics,Replication of the association between rs1983891 on chromosome 6p21 and prostate cancer risk in European-ancestry men,Takata and colleagues conducted a GWAS in a Japanese population and identified 5 novel loci with allele frequencies ranging between 0.36 and 0.44 [2].,clear," [ling26: extra entry, not in the external record]"
,10.1158/1055-9965.epi-11-0870-t,10.1158--1055-9965.epi-11-0870-t,,,yes,,success,close extension,,Genome-wide association study identifies five new susceptibility loci for prostate cancer in the Japanese population,"Takata, R; Akamatsu, S; Kubo, M; Takahashi, A; Hosono, N; Kawaguchi, T",2010,Nature Genetics,Replication of the association between rs339331 on chromosome 6p22 and prostate cancer risk in European-ancestry men,Takata and colleagues conducted a GWAS in a Japanese population and identified 5 novel loci with allele frequencies ranging between 0.36 and 0.44 [2].,clear," [ling26: extra entry, not in the external record]"
10.1016--j.jml.2022.104352#flora_128,10.1016/j.jml.2022.104352,10.1016--j.jml.2022.104352,flora_128,Training Japanese listeners to identify English /r/ and /l/: A first report (1991.0),yes,,inconclusive,direct,https://doi.org/10.1121/1.1894649,Training Japanese listeners to identify English,"Logan, J; Lively, S; Pisoni, D",1991,Journal of the Acoustical Society of America,Multiple talker phonetic training improves generalisation of non-native phoneme contrast learning,The goal of the current paper is to replicate the key experiments from Logan et al. (1991) and Lively et al. (1993) and test the hypothesis that using high variability input leads to more generalisation in phonetic learning than when low variability input is used.,ambiguous,Paper replicates both Logan et al. (1991) and Lively et al. (1993); original_url references Logan et al. (1991) as the primary original study. The paper's own experiment is a single replication study with both HV and LV conditions. Bayes Factors were used as the primary inference statistic; traditional p-values and effect sizes are not reported in the standard format.
10.1111--desc.13080#flora_368,10.1111/desc.13080,10.1111--desc.13080,flora_368,Female teachers’ math anxiety affects girls’ math achievement (2010.0),yes,,failure,direct,,Female teachers' math anxiety affects girls' math achievement,"Beilock, S; Gunderson, E; Ramirez, G; Levine, S",2010,Proceedings of the National Academy of Sciences of the United States of America,Teachers' math anxiety is associated with girls' endorsement of traditional gender ability beliefs,"Contrary to that the findings reported in Beilock et al. (2010), we did not find a relation between teachers' math anxiety and children's stereotype endorsement for children identifying with either gender (girls: r = -0.04, p = 0.59; boys: r = -0.03, p = 0.71).",clear,
,10.1111/desc.13080,10.1111--desc.13080,,,yes,,success,direct,,Female teachers' math anxiety affects girls' math achievement,"Beilock, S; Gunderson, E; Ramirez, G; Levine, S",2010,Proceedings of the National Academy of Sciences of the United States of America,Female teachers' math anxiety negatively affects girls' math achievement,"Replicating the findings from Beilock et al. (2010), we found that teachers' math anxiety was negatively associated with children's math achievement at the end of the school year (B = -1.69, t = -2.65, p = 0.01).",clear," [ling26: extra entry, not in the external record]"
10.1016--0163-6383(90)90029-8#flora_513,10.1016/0163-6383(90)90029-8,10.1016--0163-6383(90)90029-8,flora_513,Tactile/Kinesthetic Stimulation Effects on Preterm Neonates (1986.0),yes,,success,close experiment,,Tactile/kinesthetic stimulation effects on preterm neonates,"Field, T; Schanberg, S; Scafidi, F; Bauer, C; Vega-Lahr, N; Garcia, R; Nystrom, J; Kuhn, C",1986,Pediatrics,"Tactile/kinesthetic stimulation effects on preterm neonates' clinical course, weight gain, and sleep/wake behavior",The present investigation was designed to correct for these methodological weaknesses and to provide a replication of our previous study by providing tactile/kinesthetic stimulation to preterm infants after their stay in the NICU [13][31].,clear,"Weight gain was significantly greater in the treatment group (replicated), but sleep/wake behaviors and Brazelton scores showed no significant group differences; authors explicitly state they replicated the weight gain results but not the behavioral findings, yielding mixed/inconclusive overall outcome. Paper cites two distinct original studies [13] and [31] as replication targets; one replication experiment with one set of results; authors explicitly state they replicated the previous findings."
,10.1016/0163-6383(90)90029-8,10.1016--0163-6383(90)90029-8,,,yes,,success,close experiment,,Effects of tactile/kinesthetic stimulation on the clinical course and sleep/wake behavior of preterm neonates,"Scafidi, F; Field, T; Schanberg, S; Bauer, C; Vega-Lahr, N; Garcia, R; Poirier, J; Nystrom, G; Kuhn, C",1986,Infant Behavior and Development,Tactile/kinesthetic stimulation effects on preterm neonates' clinical course and sleep/wake behavior,The present investigation was designed to correct for these methodological weaknesses and to provide a replication of our previous study by providing tactile/kinesthetic stimulation to preterm infants after their stay in the NICU [13][31].,clear,"Paper cites two distinct original studies [13] and [31] as replication targets; one replication experiment with one set of results; authors explicitly state they replicated the previous findings. [ling26: extra entry, not in the external record]"
10.1016--j.ynirp.2022.100147#flora_486,10.1016/j.ynirp.2022.100147,10.1016--j.ynirp.2022.100147,flora_486,Altered prefrontal correlates of monetary anticipation and outcome in chronic pain (2018.0),yes,,success,direct,https://doi.org/10.1097/j.pain.0000000000001232,Altered prefrontal correlates of monetary anticipation and outcome in chronic pain,"Martucci, K; Borg, N; Macniven, K; Knutson, B; Mackey, S",2018,Pain,NAcc response during gain anticipation does not differ between fibromyalgia patients and healthy controls,"To test the replicability of previous results (Martucci et al., 2018), we extended a nearly identical study design in a new cohort of patients.",clear,"Null finding replicated: no significant group difference, consistent with original. NAcc GVNant showed no significant group difference, consistent with the original null finding; authors explicitly state 'Also consistent with previous findings.'"
,10.1016/j.ynirp.2022.100147,10.1016--j.ynirp.2022.100147,,,yes,,inconclusive,direct,https://doi.org/10.1097/j.pain.0000000000001232,Altered prefrontal correlates of monetary anticipation and outcome in chronic pain,"Martucci, K; Borg, N; Macniven, K; Knutson, B; Mackey, S",2018,Pain,MPFC response during gain anticipation is reduced in patients with fibromyalgia compared to healthy controls,"To test the replicability of previous results (Martucci et al., 2018), we extended a nearly identical study design in a new cohort of patients.",clear,"Trend in expected direction but did not reach corrected threshold p < 0.0125; authors use hedging language ('trend,' 'similar to prior results'). [ling26: extra entry, not in the external record] [ling26: no entry matched this anchor]"
,10.1016/j.ynirp.2022.100147,10.1016--j.ynirp.2022.100147,,,yes,,success,direct,https://doi.org/10.1097/j.pain.0000000000001232,Altered prefrontal correlates of monetary anticipation and outcome in chronic pain,"Martucci, K; Borg, N; Macniven, K; Knutson, B; Mackey, S",2018,Pain,NAcc response during gain anticipation does not differ between patients with fibromyalgia and healthy controls,"To test the replicability of previous results (Martucci et al., 2018), we extended a nearly identical study design in a new cohort of patients.",clear,"Null finding replicated: no significant group difference, consistent with original. [ling26: extra entry, not in the external record] [ling26: no entry matched this anchor]"
,10.1016/j.ynirp.2022.100147,10.1016--j.ynirp.2022.100147,,,yes,,inconclusive,direct,https://doi.org/10.1097/j.pain.0000000000001232,Altered prefrontal correlates of monetary anticipation and outcome in chronic pain,"Martucci, K; Borg, N; Macniven, K; Knutson, B; Mackey, S",2018,Pain,MPFC response during non-punishment outcomes is enhanced in patients with fibromyalgia compared to healthy controls,"To test the replicability of previous results (Martucci et al., 2018), we extended a nearly identical study design in a new cohort of patients.",clear,"Trend in expected direction but did not reach corrected threshold p < 0.0125; authors use hedging language ('trend,' 'similar to prior results'). [ling26: extra entry, not in the external record] [ling26: no entry matched this anchor]"
,10.1016/j.ynirp.2022.100147,10.1016--j.ynirp.2022.100147,,,yes,,inconclusive,direct,https://doi.org/10.1097/j.pain.0000000000001232,Altered prefrontal correlates of monetary anticipation and outcome in chronic pain,"Martucci, K; Borg, N; Macniven, K; Knutson, B; Mackey, S",2018,Pain,MPFC response is reduced during gain anticipation in fibromyalgia patients compared to healthy controls,"To test the replicability of previous results (Martucci et al., 2018), we extended a nearly identical study design in a new cohort of patients.",ambiguous,"MPFC GVNant showed a trend in the expected direction but did not reach the corrected significance threshold (p < 0.0125); authors use hedging language ('trend,' 'similar to prior results'). [ling26: extra entry, not in the external record]"
,10.1016/j.ynirp.2022.100147,10.1016--j.ynirp.2022.100147,,,yes,,inconclusive,direct,https://doi.org/10.1097/j.pain.0000000000001232,Altered prefrontal correlates of monetary anticipation and outcome in chronic pain,"Martucci, K; Borg, N; Macniven, K; Knutson, B; Mackey, S",2018,Pain,MPFC response is increased during non-punishment outcomes in fibromyalgia patients compared to healthy controls,"To test the replicability of previous results (Martucci et al., 2018), we extended a nearly identical study design in a new cohort of patients.",ambiguous,"MPFC NVLout showed a trend in the expected direction but did not reach the corrected significance threshold (p < 0.0125); authors use hedging language ('trend,' 'similar to prior results'). [ling26: extra entry, not in the external record]"
10.1108--neje-04-2020-0005#flora_353,10.1108/neje-04-2020-0005,10.1108--neje-04-2020-0005,flora_353,A Competency-Based Perspective on Entrepreneurship Education: Conceptual and Empirical Insights (2013.0),yes,,inconclusive,conceptual,,,,2013,Journal of Small Business Management,Participation in an international consulting project improves self-reported entrepreneurial competencies,"In 2013, Michael Morris and his colleagues reported in the Journal of Small Business Management that 40 students reported a significant increase in 9 of 13 entrepreneurial competencies following a six-week international consulting project with disadvantaged entrepreneurs in South Africa (Morris et al., 2013b).",clear,"In-study replication cohort (Fall 2017); the desired interaction effect was present for only one competency (not one of the original three), and the repeated measures model found no class-by-time interaction. The authors explicitly frame this as a failure to replicate the original findings. The second cohort (Fall 2017) is an in-study replication of the first cohort and is excluded as a within-paper replication per codebook rules. The first cohort's result is inconclusive: some competencies showed significant increases but the main interaction effect was present in only 3 of 13 competencies, and authors describe results as 'very limited support' and 'unable to reliably increase any of the 13 competencies.' The replication_type is coded as conceptual because the authors explicitly call it a 'systematic/conceptual replication' and the manipulation differs fundamentally (classroom curriculum vs. international consulting project)."
,10.1108/neje-04-2020-0005,10.1108--neje-04-2020-0005,,,yes,,inconclusive,close extension,https://doi.org/10.1111/jsbm.12023,A competency-based perspective on entrepreneurship education: conceptual and empirical insights,"Morris, M.; Webb, J.; Fu, J.; Singhal, S.",2013,Journal of Small Business Management,Students who participated in an international consulting project with disadvantaged entrepreneurs in South Africa showed significant increases in entrepreneurial competencies as measured by the Morris Competency Instrument,"In 2013, Michael Morris and his colleagues reported in the Journal of Small Business Management that 40 students reported a significant increase in 9 of 13 entrepreneurial competencies following a six-week international consulting project with disadvantaged entrepreneurs in South Africa (Morris et al., 2013b).",clear,"First cohort (Fall 2016) with matched pairs design; 3 of 13 competencies showed the predicted interaction effect (treatment > control), but overall the authors concluded they were unable to reliably increase competencies. The authors frame the overall study as limited support, making this inconclusive rather than success or failure. [ling26: extra entry, not in the external record] [ling26: no entry matched this anchor]"
10.1017--xps.2017.22#flora_279,10.1017/xps.2017.22,10.1017--xps.2017.22,flora_279,The Political Relevance of Irrelevant Events (2017.0),yes,,inconclusive,close extension,,The Political Relevance of Irrelevant Events,"Busby, E; Druckman, J; Fredendall, A",2017,The Journal of Politics,"The outcome of a college football game affects presidential approval, university satisfaction, and mood.","We seek to replicate one of these studies (i.e., Busby et al., 2017).",clear,"Replication used different teams (Alabama and Clemson) and a different championship game (2016 vs. 2015), making it a close extension rather than a direct replication. The replication found effects for the losing team (Clemson) on presidential approval, university satisfaction, and mood, but not for the winning team (Alabama) and not for other outcome variables; authors explicitly call it a partial replication."
10.1371--journal.pone.0209704#flora_440,10.1371/journal.pone.0209704,10.1371--journal.pone.0209704,flora_440,Behavioral Study of obedience. (1963.0),yes,,success,close experiment,,Behavioral study of obedience,"Milgram, Stanley",1963,Journal of Abnormal and Social Psychology,"Participants obey an authority figure's instructions to administer electric shocks to a learner, entering an agentic state where they are insensitive to the victim's suffering.","Milgram's own film of his studies, Obedience (1965), suggests that participants are deeply concerned with the plight of their victim and deeply ambivalent about what they are doing.",clear,"The paper is framed as a VR replication of Milgram's baseline obedience study. The primary research questions concern concern for the Learner rather than obedience per se, but the Milgram paradigm is replicated and obedience is observed. The paper does not contain an explicit success/failure statement about replicating the original obedience finding. The citation sentence identifies Milgram's studies via reference numbers [1][2] but does not include the year in the text body itself. The paper is a VR replication of Milgram's baseline obedience paradigm; the primary replication target is Milgram (1963). The citation_sentence is the best available sentence from the paper that cites Milgram with an explicit year in the text; the paper does not contain a single sentence that explicitly states 'we replicate Milgram (1963).' The control condition (20 additional participants, no Learner) is not a separate replication entry as it is part of the same experiment."
10.1002--cpp.686#flora_215,10.1002/cpp.686,10.1002--cpp.686,flora_215,Interpersonal Predictors of Group Therapy Outcome for Complicated Grief (2002.0),yes,,success,direct,,Interpersonal predictors of group therapy outcome for complicated grief,"Ogrodniczuk, J; Piper, W; McCallum, M; Joyce, A; Rosie, J",2002,International Journal of Group Psychotherapy,Attachment insecurity predicts improvement on treatment outcome following short-term group therapy for complicated grief,"The stage 3 analyses followed by Ogrodniczuk et al. (2002) were implemented to evaluate the three interpersonal variables (QOR, social functioning and attachment) as predictors of outcome.",clear,
,10.1002/cpp.686,10.1002--cpp.686,,,yes,,success,direct,,Interpersonal predictors of group therapy outcome for complicated grief,"Ogrodniczuk, J; Piper, W; Mccallum, M; Joyce, A; Rosie, J",2002,International Journal of Group Psychotherapy,Attachment insecurity predicts improvement in group therapy outcome for complicated grief,"Consequently, for the regression analyses examining attachment security as the interpersonal predictor of therapy outcome, a series of three models was evaluated for each outcome factor dependent variable, i.e., attachment would be alternately represented by the RAQ overall score (an attempt at direct replication of Ogrodniczuk, et al., 2002), the RSQ Fearful attachment pattern score and the RSQ Closeness attachment dimension score.",clear," [ling26: extra entry, not in the external record] [ling26: no entry matched this anchor]"
,10.1002/cpp.686,10.1002--cpp.686,,,yes,,failure,direct,,Interpersonal predictors of group therapy outcome for complicated grief,"Ogrodniczuk, J; Piper, W; Mccallum, M; Joyce, A; Rosie, J",2002,International Journal of Group Psychotherapy,Quality of object relations predicts improvement in group therapy outcome for complicated grief,"Consequently, for the regression analyses examining attachment security as the interpersonal predictor of therapy outcome, a series of three models was evaluated for each outcome factor dependent variable, i.e., attachment would be alternately represented by the RAQ overall score (an attempt at direct replication of Ogrodniczuk, et al., 2002), the RSQ Fearful attachment pattern score and the RSQ Closeness attachment dimension score.",clear," [ling26: extra entry, not in the external record] [ling26: no entry matched this anchor]"
,10.1002/cpp.686,10.1002--cpp.686,,,yes,,failure,direct,,Interpersonal predictors of group therapy outcome for complicated grief,"Ogrodniczuk, J; Piper, W; McCallum, M; Joyce, A; Rosie, J",2002,International Journal of Group Psychotherapy,Quality of object relations predicts improvement on treatment outcome following short-term group therapy for complicated grief,"The stage 3 analyses followed by Ogrodniczuk et al. (2002) were implemented to evaluate the three interpersonal variables (QOR, social functioning and attachment) as predictors of outcome.",clear," [ling26: extra entry, not in the external record]"
,10.1002/cpp.686,10.1002--cpp.686,,,yes,,failure,direct,,Interpersonal predictors of group therapy outcome for complicated grief,"Ogrodniczuk, J; Piper, W; McCallum, M; Joyce, A; Rosie, J",2002,International Journal of Group Psychotherapy,Current social functioning predicts improvement on treatment outcome following short-term group therapy for complicated grief,"The stage 3 analyses followed by Ogrodniczuk et al. (2002) were implemented to evaluate the three interpersonal variables (QOR, social functioning and attachment) as predictors of outcome.",clear," [ling26: extra entry, not in the external record]"
10.1007--s11251-018-9451-7#flora_245,10.1007/s11251-018-9451-7,10.1007--s11251-018-9451-7,flora_245,Improving problem solving with subgoal labels in expository text and worked examples (2016.0),yes,,failure,close extension,https://doi.org/10.1016/j.learninstruc.2015.12.002,Improving problem solving with subgoal labels in procedural instructions and worked examples,"Margulieux, L; Catrambone, R",2016,Learning and Instruction,Subgoal labeled expository text interacts with subgoal labeled worked examples to improve problem solving performance in chemistry,The present study used methods similar to those described in Margulieux and Catrambone (2016).,clear,"Experiment 2 replicated the original programming study in the chemistry domain; the key interaction effect was not found (F(1,116)=0.79, p=0.38) and the pattern of results differed from the original programming study, with subgoal labeled expository text showing a marginal main effect rather than the original interaction pattern. Experiment 2 tested the replication in chemistry (reaction stoichiometry). Subgoal labeled expository text improved performance on its own, contrary to the original finding that text alone did not help. The key interaction pattern from the original programming study was not replicated. Authors state 'the results were not the hypothesized results.'"
,10.1007/s11251-018-9451-7,10.1007--s11251-018-9451-7,,,yes,,failure,close extension,https://doi.org/10.1016/j.learninstruc.2015.12.002,Improving problem solving with subgoal labels in procedural instructions and worked examples,"Margulieux, L; Catrambone, R",2016,Learning and Instruction,Subgoal labeled expository text interacts with subgoal labeled worked examples to improve problem solving performance,Margulieux and Catrambone (2016) found that subgoal labels improved learning for a programming task most if they were placed in the expository text and worked examples.,clear,"Experiment 1 replicated the original programming study in the statistics domain; the key interaction effect was not found (no interaction, F(1,116)=0.10, p=0.75) and subgoal labeled expository text alone had no effect on problem solving performance. [ling26: extra entry, not in the external record] [ling26: no entry matched this anchor]"
,10.1007/s11251-018-9451-7,10.1007--s11251-018-9451-7,,,yes,,failure,close extension,https://doi.org/10.1016/j.learninstruc.2015.12.002,Improving problem solving with subgoal labels in procedural instructions and worked examples,"Margulieux, L; Catrambone, R",2016,Learning and Instruction,Subgoal labeled expository text interacts with subgoal labeled worked examples to improve problem solving performance in statistics,The present study used methods similar to those described in Margulieux and Catrambone (2016).,clear,"Experiment 1 tested the replication in statistics (Poisson distribution). Subgoal labeled expository text had no effect and no interaction with worked examples was found; only subgoal labeled worked examples improved performance. The hypothesized interaction pattern from the original programming study was not replicated. [ling26: extra entry, not in the external record]"
10.1007--s10648-019-09468-2#flora_121,10.1007/s10648-019-09468-2,10.1007--s10648-019-09468-2,flora_121,The Pen Is Mightier Than the Keyboard (2014.0),yes,,failure,direct,https://doi.org/10.1177/0956797614524581,The pen is mightier than the keyboard: advantages of longhand over laptop note taking,"Mueller, P; Oppenheimer, D",2014,Psychological Science,"Longhand note-taking produces superior immediate test performance compared to laptop note-taking for factual and conceptual questions (Mueller and Oppenheimer 2014, Experiment 2)",We conducted a direct replication of Mueller and Oppenheimer (2014) and extended their work by including groups who took notes using eWriters and who did not take notes.,clear,"Experiment 2 shows no significant difference between longhand and laptop on either factual (p = .15) or conceptual (p = .09) questions, with a trend toward laptop superiority on conceptual. Authors explicitly state 'which does not replicate the significant effect reported by [23].' Experiment 2 found no significant differences between longhand and laptop groups for either factual (p = .15, d = 0.28) or conceptual questions (p = .09, d = 0.35), and authors explicitly state it 'does not replicate the significant effect reported by [23].' The trend for conceptual questions even favored laptop superiority (opposite direction from original)."
,10.1007/s10648-019-09468-2,10.1007--s10648-019-09468-2,,,yes,,inconclusive,direct,https://doi.org/10.1177/0956797614524581,The pen is mightier than the keyboard: advantages of longhand over laptop note taking,"Mueller, P; Oppenheimer, D",2014,Psychological Science,The effect of note-taking method (longhand vs laptop) on immediate test performance for factual and conceptual questions (experiment 1),"Accordingly, our major aim was to conduct a direct replication of [23], experiments 1 and 2)",clear,"Experiment 1 shows a significant longhand-superiority effect for factual questions (p = .04) but no significant difference for conceptual questions (p = .31), producing mixed signals within one experiment. Authors hedge with 'trends indicated' and note the pattern differs from the original. [ling26: extra entry, not in the external record] [ling26: no entry matched this anchor]"
,10.1007/s10648-019-09468-2,10.1007--s10648-019-09468-2,,,yes,,inconclusive,direct,https://doi.org/10.1177/0956797614524581,The pen is mightier than the keyboard: advantages of longhand over laptop note taking,"Mueller, P; Oppenheimer, D",2014,Psychological Science,"Longhand note-taking produces superior immediate test performance compared to laptop note-taking for factual and conceptual questions (Mueller and Oppenheimer 2014, Experiment 1)",We conducted a direct replication of Mueller and Oppenheimer (2014) and extended their work by including groups who took notes using eWriters and who did not take notes.,clear,"Experiment 1 found significant longhand superiority for factual questions (p = .04, d = 0.45) but not for conceptual questions (p = .31, d = 0.13), while the original found the opposite pattern (significant for conceptual, not factual). Authors describe this as having 'replicated the direction' but with inconsistencies across measures, making the overall outcome ambiguous. [ling26: extra entry, not in the external record]"
10.1002--ejsp.2175#flora_473,10.1002/ejsp.2175,10.1002--ejsp.2175,flora_473,Reading and doing arithmetic nonconsciously (2012.0),yes,,,,,,,,,,,, [ling26: no entry matched this anchor] [ling26: no entry matched this anchor]
10.1037--xge0000788#flora_154,10.1037/xge0000788,10.1037--xge0000788,flora_154,Free to punish: A motivated account of free will belief (2014.0),yes,,,,,,,,,,,, [ling26: no entry matched this anchor] [ling26: no entry matched this anchor]
,10.1037/xge0000788,10.1037--xge0000788,,,yes,,inconclusive,direct,,,,2014,,Moral blame increases belief in free will,,ambiguous,"Provided text is incomplete; discussion and results sections for Study 1 are not available for result classification. Vignettes copied directly from Clark et al. (2014). [ling26: extra entry, not in the external record] [ling26: no entry matched this anchor]"
,10.1037/xge0000788,10.1037--xge0000788,,,yes,,inconclusive,close extension,,,,2014,,Moral blame increases belief in free will,,ambiguous,"No significant effect of morality manipulation on non-moralized free will subscale (p = .80, p = .926); suppressor effect in mediation analysis where direct effect became significant and negative when controlling for desire to punish. Expanded conditions (strange, praiseworthy) test generalizability beyond original Clark et al. (2014) paradigm. [ling26: extra entry, not in the external record] [ling26: no entry matched this anchor]"
,10.1037/xge0000788,10.1037--xge0000788,,,yes,,inconclusive,close extension,,,,2014,,Moral blame increases belief in free will,,ambiguous,"Omnibus effect on moralized free will scale significant but small (p = .041, partial eta2 = .010); nonmoralized scale marginally significant (p = .059). Blameworthy condition did not differ from praiseworthy or strange conditions (ps > .15), suggesting the effect is not driven by moral valence specifically. Agent-specific free will judgments showed a significant omnibus effect (p < .001). [ling26: extra entry, not in the external record] [ling26: no entry matched this anchor]"
,10.1037/xge0000788,10.1037--xge0000788,,,yes,,failure,direct,,,,2014,,Clark et al. (2014) Study 1 found that exposure to morally blameworthy scenarios increases belief in free will compared to morally neutral scenarios,"Study 1 Vignettes (copied from Clark et al., 2014)",ambiguous,"Study 1 results not explicitly reported in the provided text; coded as failure based on paper's overall conclusion that replication attempts failed to support the original effect [ling26: extra entry, not in the external record]"
,10.1037/xge0000788,10.1037--xge0000788,,,yes,,failure,direct,,,,2014,,Clark et al. (2014) Study 2 found that exposure to immoral behavior increases belief in free will compared to morally neutral behavior,"Study 2 Vignettes (copied from Clark et al., 2014)",clear,"Both Studies 2a and 2b show no significant effect of morality manipulation on free will beliefs (nonmoralized subscale); p values .80 and .926 [ling26: extra entry, not in the external record]"
,10.1037/xge0000788,10.1037--xge0000788,,,yes,,inconclusive,close extension,,,,2014,,Clark et al. (2014) found that exposure to morally blameworthy behavior increases belief in free will compared to morally neutral behavior,,clear,"Study 3 found a small significant effect on the moralized free will scale (p = .041, partial eta-squared = .010) but not on the nonmoralized scale (p = .059); blameworthy condition did not differ from praiseworthy or strange conditions on free will beliefs; citation sentence for Clark et al., 2014 not found in provided text for Study 3 [ling26: extra entry, not in the external record]"
10.1525--collabra.216#flora_92,10.1525/collabra.216,10.1525--collabra.216,flora_92,High in the hierarchy: How vertical location and judgments of leaders’ power are interrelated (2007.0),yes,,failure,close extension,https://doi.org/10.1016/j.obhdp.2006.10.001,High in the hierarchy: How vertical location and judgments of leaders' power are interrelated,"Giessner, S; Schubert, T",2007,Organizational Behavior & Human Decision Processes,Larger magnitude of vertical spatial difference in an organization chart causes stronger power judgments of a leader,Study 2 took a new approach to the question of Study 1a in [7],clear,
,10.1525/collabra.216,10.1525--collabra.216,,,yes,,success,direct,https://doi.org/10.1016/j.obhdp.2006.10.001,High in the hierarchy: How vertical location and judgments of leaders' power are interrelated,"Giessner, S; Schubert, T",2007,Organizational Behavior & Human Decision Processes,Information about a leader's power is reflected in the vertical positioning of the leader's box in an organization chart,We followed closely the procedure of the original study in Giessner & Schubert (2007).,clear," [ling26: extra entry, not in the external record] [ling26: no entry matched this anchor]"
,10.1525/collabra.216,10.1525--collabra.216,,,yes,,success,direct,https://doi.org/10.1016/j.obhdp.2006.10.001,High in the hierarchy: How vertical location and judgments of leaders' power are interrelated,"Giessner, S; Schubert, T",2007,Organizational Behavior & Human Decision Processes,Describing a leader as powerful causes participants to place the leader's box higher in an organization chart,"In Study 3a of the same original paper (Giessner & Schubert, 2007), we had tested the reverse effect",clear," [ling26: extra entry, not in the external record]"
10.5964--jnc.7047#flora_208,10.5964/jnc.7047,10.5964--jnc.7047,flora_208,"Examining the relations between executive function, math, and literacy during the transition to kindergarten: A multi-analytic approach. (2017.0)",yes,,failure,conceptual,https://doi.org/10.1037/edu0000193,"Examining the relations between executive function, math, and literacy during the transition to kindergarten: A multi-analytic approach","Schmitt, S; Geldhof, G; Purpura, D; Duncan, R; Mcclelland, M",2017,Journal of Educational Psychology,Bidirectional associations between executive function and math/literacy achievement from preschool to kindergarten,"The goal of the current study was to conduct a conceptual replication of the reciprocal associations between executive function and academic achievement reported in Schmitt et al. (2017, https://doi.org/10.1037/edu0000193).",clear,Pathways sample (N=279). Failed to replicate bidirectional EF–achievement associations; found only unidirectional EF → math and EF → literacy paths.
,10.5964/jnc.7047,10.5964--jnc.7047,,,yes,,failure,conceptual,https://doi.org/10.1037/edu0000193,"Examining the relations between executive function, math, and literacy during the transition to kindergarten: A multi-analytic approach","Schmitt, S; Geldhof, G; Purpura, D; Duncan, R; Mcclelland, M",2017,Journal of Educational Psychology,Reciprocal associations between executive function and math achievement across preschool and kindergarten (STAR sample),"The goal of the current study was to conduct a conceptual replication of the reciprocal associations between executive function (EF) and academic achievement reported in Schmitt et al. (2017, https://doi.org/10.1037/edu0000193).",clear," [ling26: extra entry, not in the external record] [ling26: no entry matched this anchor]"
,10.5964/jnc.7047,10.5964--jnc.7047,,,yes,,failure,conceptual,https://doi.org/10.1037/edu0000193,"Examining the relations between executive function, math, and literacy during the transition to kindergarten: A multi-analytic approach","Schmitt, S; Geldhof, G; Purpura, D; Duncan, R; Mcclelland, M",2017,Journal of Educational Psychology,Bidirectional associations between executive function and math/literacy achievement from preschool to kindergarten,"The goal of the current study was to conduct a conceptual replication of the reciprocal associations between executive function and academic achievement reported in Schmitt et al. (2017, https://doi.org/10.1037/edu0000193).",clear,"STAR sample (N=277). Failed to replicate bidirectional EF–achievement associations; found only unidirectional EF → math paths. [ling26: extra entry, not in the external record]"
10.1525--collabra.168#flora_192,10.1525/collabra.168,10.1525--collabra.168,flora_192,The universal and automatic association between brightness and positivity (2018.0),yes,,success,direct,https://doi.org/10.1016/j.actpsy.2018.04.007,The universal and automatic association between brightness and positivity,"Specker, E; Leder, H; Rosenberg, R; Hegelmaier, L; Brinkmann, H; Mikuni, J; Kawabata, H",2018,Acta Psychologica,The explicit association between brightness and positivity tested with achromatic black-and-white stimuli using a rating task in Study 2 of the original,Study 2 replicated the findings of Study 2 of [17],clear,
,10.1525/collabra.168,10.1525--collabra.168,,,yes,,success,direct,https://doi.org/10.1016/j.actpsy.2018.04.007,The universal and automatic association between brightness and positivity,"Specker, E; Leder, H; Rosenberg, R; Hegelmaier, L; Brinkmann, H; Mikuni, J; Kawabata, H",2018,Acta Psychologica,The implicit association between brightness and positivity tested with chromatic (blue) color patches using the Implicit Association Test,Study 1 replicated the findings of Study 1 of [17],clear," [ling26: extra entry, not in the external record] [ling26: no entry matched this anchor]"
,10.1525/collabra.168,10.1525--collabra.168,,,yes,,failure,direct,https://doi.org/10.1016/j.actpsy.2018.04.007,The universal and automatic association between brightness and positivity,"Specker, E; Leder, H; Rosenberg, R; Hegelmaier, L; Brinkmann, H; Mikuni, J; Kawabata, H",2018,Acta Psychologica,The explicit association between brightness and positivity tested with chromatic (blue) color patches using a rating task,Study 1 replicated the findings of Study 1 of [17],clear," [ling26: extra entry, not in the external record] [ling26: no entry matched this anchor]"
,10.1525/collabra.168,10.1525--collabra.168,,,yes,,success,direct,https://doi.org/10.1016/j.actpsy.2018.04.007,The universal and automatic association between brightness and positivity,"Specker, E; Leder, H; Rosenberg, R; Hegelmaier, L; Brinkmann, H; Mikuni, J; Kawabata, H",2018,Acta Psychologica,The implicit association between brightness and positivity tested with achromatic (black-and-white) stimuli using the Implicit Association Test,Study 2 replicated the findings of Study 2 of [17],clear," [ling26: extra entry, not in the external record] [ling26: no entry matched this anchor]"
,10.1525/collabra.168,10.1525--collabra.168,,,yes,,success,direct,https://doi.org/10.1016/j.actpsy.2018.04.007,The universal and automatic association between brightness and positivity,"Specker, E; Leder, H; Rosenberg, R; Hegelmaier, L; Brinkmann, H; Mikuni, J; Kawabata, H",2018,Acta Psychologica,The implicit association between brightness and positivity tested with chromatic blue color patches using the IAT in Study 1 of the original,Study 1 replicated the findings of Study 1 of [17],clear," [ling26: extra entry, not in the external record]"
,10.1525/collabra.168,10.1525--collabra.168,,,yes,,failure,direct,https://doi.org/10.1016/j.actpsy.2018.04.007,The universal and automatic association between brightness and positivity,"Specker, E; Leder, H; Rosenberg, R; Hegelmaier, L; Brinkmann, H; Mikuni, J; Kawabata, H",2018,Acta Psychologica,The explicit association between brightness and positivity tested with chromatic blue color patches using a rating task in Study 1 of the original,Study 1 replicated the findings of Study 1 of [17],clear," [ling26: extra entry, not in the external record]"
,10.1525/collabra.168,10.1525--collabra.168,,,yes,,success,direct,https://doi.org/10.1016/j.actpsy.2018.04.007,The universal and automatic association between brightness and positivity,"Specker, E; Leder, H; Rosenberg, R; Hegelmaier, L; Brinkmann, H; Mikuni, J; Kawabata, H",2018,Acta Psychologica,The implicit association between brightness and positivity tested with achromatic black-and-white stimuli using the IAT in Study 2 of the original,Study 2 replicated the findings of Study 2 of [17],clear," [ling26: extra entry, not in the external record]"
10.1177--1948550618775410#flora_83,10.1177/1948550618775410,10.1177--1948550618775410,flora_83,Reading Literary Fiction Improves Theory of Mind (2013.0),yes,,success,direct,https://doi.org/10.1126/science.1239918,Reading Literary Fiction Improves Theory of Mind,"Kidd, David; Castano, Emanuele",2013,Science,"Reading literary fiction compared to popular genre fiction improves Theory of Mind performance on the Reading the Mind in the Eyes Test (RMET), as tested in Experiment 5 of Kidd and Castano (2013).",These experiments are preregistered replications and extensions of the fifth experiment reported in Kidd and Castano (2013).,clear,"Experiment 3 RMET main effect was significant (p = .027); the 95% CI of the effect size [.026, .449] is entirely above d33% (.203) and does not include zero, making it a successful replication per the small telescopes analysis."
,10.1177/1948550618775410,10.1177--1948550618775410,,,yes,,inconclusive,direct,https://doi.org/10.1126/science.1239918,Reading literary fiction improves theory of mind,"Kidd, David; Castano, Emanuele",2013,Science,"Reading literary fiction compared to popular genre fiction improves Theory of Mind performance on the Reading the Mind in the Eyes Test (RMET), as tested in Experiment 5 of Kidd and Castano (2013).",These experiments are preregistered replications and extensions of the fifth experiment reported in Kidd and Castano (2013).,clear,"Experiment 1 RMET main effect was nonsignificant (p = .465); the 95% CI of the effect size [−0.155, 0.339] includes both zero and d33% (.203), making it uninformative per the small telescopes analysis. [ling26: extra entry, not in the external record] [ling26: no entry matched this anchor]"
,10.1177/1948550618775410,10.1177--1948550618775410,,,yes,,inconclusive,direct,https://doi.org/10.1126/science.1239918,Reading literary fiction improves theory of mind,"Kidd, David; Castano, Emanuele",2013,Science,"Reading literary fiction compared to popular genre fiction improves Theory of Mind performance on the Reading the Mind in the Eyes Test (RMET), as tested in Experiment 5 of Kidd and Castano (2013).",These experiments are preregistered replications and extensions of the fifth experiment reported in Kidd and Castano (2013).,clear,"Experiment 2 RMET main effect was nonsignificant (p = .924); the 95% CI of the effect size [−0.208, 0.231] includes both zero and d33% (.203), making it uninformative per the small telescopes analysis. [ling26: extra entry, not in the external record] [ling26: no entry matched this anchor]"
,10.1177/1948550618775410,10.1177--1948550618775410,,,yes,,inconclusive,direct,https://doi.org/10.1126/science.1239918,Reading Literary Fiction Improves Theory of Mind,"Kidd, David; Castano, Emanuele",2013,Science,"Reading literary fiction compared to popular genre fiction improves Theory of Mind performance on the Reading the Mind in the Eyes Test (RMET), as tested in Experiment 5 of Kidd and Castano (2013).",These experiments are preregistered replications and extensions of the fifth experiment reported in Kidd and Castano (2013).,clear," [ling26: extra entry, not in the external record]"
,10.1177/1948550618775410,10.1177--1948550618775410,,,yes,,inconclusive,direct,https://doi.org/10.1126/science.1239918,Reading Literary Fiction Improves Theory of Mind,"Kidd, David; Castano, Emanuele",2013,Science,"Reading literary fiction compared to popular genre fiction improves Theory of Mind performance on the Reading the Mind in the Eyes Test (RMET), as tested in Experiment 5 of Kidd and Castano (2013).",These experiments are preregistered replications and extensions of the fifth experiment reported in Kidd and Castano (2013).,clear," [ling26: extra entry, not in the external record]"
10.1016--j.dcn.2017.12.003#fred_304,10.1016/j.dcn.2017.12.003,10.1016--j.dcn.2017.12.003,fred_304,Social Perception in Infancy: A Near Infrared Spectroscopy Study (2009.0),yes,,success,direct,https://doi.org/10.1111/j.1467-8624.2009.01312.x,Social perception in infancy: a near infrared spectroscopy study,"Lloyd-Fox, S; Blasi, A; Volein, A; Everdell, N; Elwell, C; Johnson, M",2009,Child Development,Differential hemodynamic response in the posterior temporal cortex to social dynamic versus non-social dynamic stimuli in 5-month-old infants,"In the present study, we aim to replicate the results of Lloyd-Fox et al. (2009) and investigate the impact of infant Negative Affect (as measured by parental questionnaire) on the early cortical specialization for processing social dynamic stimuli.",clear,"The paper explicitly states it aims to replicate Lloyd-Fox et al. (2009) Experiment 2 using identical stimuli and closely following its procedure. The authors confirm replication in the Discussion: 'We thus replicated the findings of Lloyd-Fox et al.'s study (2009).' The original study's N, effect sizes, and p-values are not reported in this paper, so those fields are left blank. The replication found the same effect (differential posterior temporal activation for social vs. non-social stimuli) but only in the right hemisphere, whereas the original reported bilateral activation; authors still explicitly state they replicated the findings."
10.17605--osf.io--knjhu#fred_280,10.17605/osf.io/knjhu,10.17605--osf.io--knjhu,fred_280,Outcome bias in decision evaluation. (1988.0),yes,,success,close extension,https://doi.org/10.1037//0022-3514.54.4.569,Outcome bias in decision evaluation,"Baron, J.; Hershey, J.",1988,Journal of Personality and Social Psychology,"In Experiment 1, Baron and Hershey (1988) found that participants rated medical decisions that resulted in positive outcomes higher than those that resulted in negative outcomes, despite the decisions being identical except for the outcome.",We aimed to conduct a replication and extension of Experiment 1 from [2].,clear,"Pre-registered replication and extension of Baron and Hershey (1988) Experiment 1, using a between-participants design with an online MTurk sample. The paper reports a successful replication of outcome bias with larger effect sizes than the original. Original main effect size for outcome type (success vs. failure) is not reported in the replication paper; original_es and related fields are left blank. Replication uses a between-participants design, a deviation from the original within-participants design."
10.17605--osf.io--ahcpw#fred_296,10.17605/osf.io/ahcpw,10.17605--osf.io--ahcpw,fred_296,"Music, Pandas, and Muggers: On the Affective Psychology of Value. (2004.0)",yes,,failure,close experiment,https://doi.org/10.1037/0096-3445.133.1.23,"Music, Pandas, and Muggers: On the Affective Psychology of Value","Hsee, C; Rottenstreich, Y",2004,Journal of Experimental Psychology: General,Study 4 tested whether affect-poor (no-empathy) conditions yield scope-sensitive responses and affect-rich (empathy) conditions yield scope-insensitive responses in recommended prison sentence for a mugger.,"we replicated Studies 2, 3 and 4 from Hsee and Rottenstreich (2004) replication and extension.",clear,"No significant Scope x Empathy interaction was found (F(1,1006) = 1.06, p = 0.30, η² = 0.00). Authors state 'We found no support for a link between emotion and subjective value.' The main effects of scope and empathy were also not significant. No significant Scope x Empathy interaction (p = .30) and no significant main effects (all p's > .05). Authors state 'We found no support for a link between emotion and subjective value.' Pre-registered replication with simulated data placeholder noted in paper."
,10.17605/osf.io/ahcpw,10.17605--osf.io--ahcpw,,,yes,,failure,close experiment,https://doi.org/10.1037/0096-3445.133.1.23,"Music, Pandas, and Muggers: On the Affective Psychology of Value","Hsee, C.; Rottenstreich, Y.",2004,Journal of Experimental Psychology: General,"The original study found that affect-rich targets (music book) produced scope-insensitive subjective valuation while affect-poor targets (cash) produced scope-sensitive valuation, as evidenced by a significant Scope x Target interaction.","we replicated Studies 2, 3 and 4 from Hsee and Rottenstreich (2004)",clear,"All three replication studies failed to find significant interaction effects (all p's > .05). Authors explicitly state 'We failed to find support for replication hypotheses' for each study. The Discussion section is a Stage 1 placeholder with incomplete text, but the results sections and abstract provide clear evidence of failure. [ling26: extra entry, not in the external record] [ling26: no entry matched this anchor]"
,10.17605/osf.io/ahcpw,10.17605--osf.io--ahcpw,,,yes,,failure,close experiment,https://doi.org/10.1037/0096-3445.133.1.23,"Music, Pandas, and Muggers: On the Affective Psychology of Value","Hsee, C.; Rottenstreich, Y.",2004,Journal of Experimental Psychology: General,"The original study found that affect-rich presentation (pictures of pandas) produced scope-insensitive subjective valuation while affect-poor presentation (dots) produced scope-sensitive valuation, as evidenced by a significant Scope x Presentation interaction.","we replicated Studies 2, 3 and 4 from Hsee and Rottenstreich (2004)",clear,"No significant Scope x Presentation interaction was found (F(1,1006) = 0.03, p = 0.87, η² = 0.00). Authors explicitly state 'We failed to find support for hypotheses 5a and 5b.' The main effect of scope was also not significant. [ling26: extra entry, not in the external record] [ling26: no entry matched this anchor]"
,10.17605/osf.io/ahcpw,10.17605--osf.io--ahcpw,,,yes,,failure,close experiment,https://doi.org/10.1037/0096-3445.133.1.23,"Music, Pandas, and Muggers: On the Affective Psychology of Value","Hsee, C; Rottenstreich, Y",2004,Journal of Experimental Psychology: General,Study 2 tested whether affect-poor (cash) targets yield scope-sensitive responses and affect-rich (music book) targets yield scope-insensitive responses in willingness to work at a campus bookstore.,"we replicated Studies 2, 3 and 4 from Hsee and Rottenstreich (2004) replication and extension.",clear,"Authors explicitly state 'We failed to find support for replication hypotheses 1a and 1b.' All effects were null (all p's > .05). Pre-registered replication with simulated data placeholder noted in paper. [ling26: extra entry, not in the external record]"
,10.17605/osf.io/ahcpw,10.17605--osf.io--ahcpw,,,yes,,failure,close experiment,https://doi.org/10.1037/0096-3445.133.1.23,"Music, Pandas, and Muggers: On the Affective Psychology of Value","Hsee, C; Rottenstreich, Y",2004,Journal of Experimental Psychology: General,Study 3 tested whether affect-poor (dot) presentations yield scope-sensitive responses and affect-rich (picture) presentations yield scope-insensitive responses in donation willingness for panda rescue.,"we replicated Studies 2, 3 and 4 from Hsee and Rottenstreich (2004) replication and extension.",clear,"Authors explicitly state 'We failed to find support for hypotheses 5a and 5b.' All effects were null (all p's > .05). Pre-registered replication with simulated data placeholder noted in paper. [ling26: extra entry, not in the external record]"
10.17605--osf.io--wmqtb#fred_2,10.17605/osf.io/wmqtb,10.17605--osf.io--wmqtb,fred_2,Goals as Reference Points (1999.0),yes,,,,,,,,,,,, [ling26: no entry matched this anchor] [ling26: no entry matched this anchor]
10.17605--osf.io--wmqtb#fred_3,10.17605/osf.io/wmqtb,10.17605--osf.io--wmqtb,fred_3,Goals as Reference Points (1999.0),yes,,,,,,,,,,,, [ling26: no entry matched this anchor] [ling26: no entry matched this anchor]
10.17605--osf.io--wmqtb#fred_4,10.17605/osf.io/wmqtb,10.17605--osf.io--wmqtb,fred_4,Goals as Reference Points (1999.0),yes,,,,,,,,,,,, [ling26: no entry matched this anchor] [ling26: no entry matched this anchor]
10.17605--osf.io--wmqtb#fred_5,10.17605/osf.io/wmqtb,10.17605--osf.io--wmqtb,fred_5,Goals as Reference Points (1999.0),yes,,,,,,,,,,,, [ling26: no entry matched this anchor] [ling26: no entry matched this anchor]
10.17605--osf.io--wmqtb#fred_7,10.17605/osf.io/wmqtb,10.17605--osf.io--wmqtb,fred_7,Goals as Reference Points (1999.0),yes,,,,,,,,,,,, [ling26: no entry matched this anchor] [ling26: no entry matched this anchor]
10.17605--osf.io--wmqtb#fred_9,10.17605/osf.io/wmqtb,10.17605--osf.io--wmqtb,fred_9,Goals as Reference Points (1999.0),yes,,success,close experiment,,Goals as Reference Points,"Heath, C.; Larrick, R.; Wu, G.",1999,Cognitive Psychology,"Goals serve as reference points consistent with Prospect Theory's value function, such that outcomes above goals are perceived as gains and below goals as losses, with loss aversion and diminishing sensitivity across eleven scenario-based problems.",The present study is a close replication of Heath et al. (1999)'s with two main objectives.,clear,"The paper describes itself as a close replication; the original study is Heath et al. (1999) in Cognitive Psychology. The DOI https://doi.org/10.1016/j.cogpsych.2019.101002 is the standard DOI for that article; if unavailable, leave blank. The paper's conclusion states the replication was 'generally successful' with support for the original hypotheses, so result is success. The extension on decision styles is part of the same study, not a separate entry. The paper reports a single replication study with one sample (N=377 after exclusion) testing all eleven problems from Heath et al. (1999) in one survey; the extension on decision styles is a new original analysis, not a separate replication entry. The authors explicitly conclude the replication was 'generally successful.'"
10.17605--osf.io--4hjck#fred_205,10.17605/osf.io/4hjck,10.17605--osf.io--4hjck,fred_205,Numeracy and Decision Making (2006.0),yes,,,,,,,,,,,, [ling26: no entry matched this anchor] [ling26: no entry matched this anchor]
,10.17605/osf.io/4hjck,10.17605--osf.io--4hjck,,,yes,,success,direct,,"Understanding health risk comprehension: The role of math anxiety, subjective numeracy, and objective numeracy","Rolison, J; Morsanyi, K; Peters, E",2006,Replication,Higher numeracy is associated with weaker positive-negative framing effect,We embarked on a direct replication of [50] with two primary goals.,clear," [ling26: extra entry, not in the external record] [ling26: no entry matched this anchor]"
,10.17605/osf.io/4hjck,10.17605--osf.io--4hjck,,,yes,,inconclusive,direct,,"Understanding health risk comprehension: The role of math anxiety, subjective numeracy, and objective numeracy","Rolison, J; Morsanyi, K; Peters, E",2006,Replication,Higher numeracy is associated with weaker frequency-percentage effect,We embarked on a direct replication of [50] with two primary goals.,ambiguous,"Dichotomized numeracy analysis not significant (p=.065, eta2p=0.00) but continuous numeracy analysis supported the effect; authors hedge between success and failure for this study [ling26: extra entry, not in the external record] [ling26: no entry matched this anchor]"
,10.17605/osf.io/4hjck,10.17605--osf.io--4hjck,,,yes,,success,direct,,"Understanding health risk comprehension: The role of math anxiety, subjective numeracy, and objective numeracy","Rolison, J; Morsanyi, K; Peters, E",2006,Replication,Higher numeracy is associated with more optimal choices in competing affective decisions (weaker ratio bias),We embarked on a direct replication of [50] with two primary goals.,clear," [ling26: extra entry, not in the external record] [ling26: no entry matched this anchor]"
,10.17605/osf.io/4hjck,10.17605--osf.io--4hjck,,,yes,,success,direct,,"Understanding health risk comprehension: The role of math anxiety, subjective numeracy, and objective numeracy","Rolison, J; Morsanyi, K; Peters, E",2006,Replication,Higher numeracy is associated with stronger bets effect,We embarked on a direct replication of [50] with two primary goals.,clear," [ling26: extra entry, not in the external record] [ling26: no entry matched this anchor]"
,10.17605/osf.io/4hjck,10.17605--osf.io--4hjck,,,yes,,success,direct,https://doi.org/10.1177/0272989x,"Understanding health risk comprehension: The role of math anxiety, subjective numeracy, and objective numeracy","Rolison, J; Morsanyi, K; Peters, E",2006,Medical Decision Making,"Numeracy moderates the positive-negative attribute framing effect, with lower numeracy associated with stronger framing bias",We embarked on a direct replication of [50] with two primary goals.,clear," [ling26: extra entry, not in the external record]"
,10.17605/osf.io/4hjck,10.17605--osf.io--4hjck,,,yes,,failure,direct,https://doi.org/10.1177/0272989x,"Understanding health risk comprehension: The role of math anxiety, subjective numeracy, and objective numeracy","Rolison, J; Morsanyi, K; Peters, E",2006,Medical Decision Making,"Numeracy moderates the frequency-percentage effect, with lower numeracy associated with stronger frequency-percentage bias",We embarked on a direct replication of [50] with two primary goals.,ambiguous,"Dichotomized numeracy analysis failed to find the interaction (p = .065), but the continuous numeracy extension found support for all four effects. Authors frame the dichotomized Study 2 result as a failure, yet the effect was in the right direction and supported by the continuous extension, which could lead a second coder to code inconclusive. [ling26: extra entry, not in the external record]"
,10.17605/osf.io/4hjck,10.17605--osf.io--4hjck,,,yes,,success,direct,https://doi.org/10.1177/0272989x,"Understanding health risk comprehension: The role of math anxiety, subjective numeracy, and objective numeracy","Rolison, J; Morsanyi, K; Peters, E",2006,Medical Decision Making,"Numeracy is associated with more optimal choices in competing affective decisions, with lower numeracy associated with stronger ratio bias",We embarked on a direct replication of [50] with two primary goals.,clear," [ling26: extra entry, not in the external record]"
,10.17605/osf.io/4hjck,10.17605--osf.io--4hjck,,,yes,,success,direct,https://doi.org/10.1177/0272989x,"Understanding health risk comprehension: The role of math anxiety, subjective numeracy, and objective numeracy","Rolison, J; Morsanyi, K; Peters, E",2006,Medical Decision Making,"Numeracy is associated with stronger bets effect, with higher numeracy showing greater difference in bet attractiveness between loss and no-loss conditions",We embarked on a direct replication of [50] with two primary goals.,clear," [ling26: extra entry, not in the external record]"
10.1097--psy.0b013e3181fdd074#fred_221,10.1097/psy.0b013e3181fdd074,10.1097--psy.0b013e3181fdd074,fred_221,Methylation at <i>SLC6A4</i> is linked to family history of child abuse: An examination of the Iowa Adoptee sample (2010.0),yes,,success,direct,,Methylation at SLC6A4 is linked to family history of child abuse: an examination of the Iowa Adoptee sample,"Beach S, Brody G, Todorov A, Gunter T, Philibert R",2010,Am J Med Genet B Neuropsychiatr Genet,"Childhood sex abuse is associated with methylation at the 5HTT promoter region, and methylation mediates the impact of child sex abuse on symptoms of antisocial personality disorder in women","Replicating prior research (8), we found that the degree of methylation of the CpG island upstream from SLC6A4 was associated with reported sex abuse during childhood among women.",clear,"The paper replicates Beach et al. (2010) using a new nonoverlapping sample of 155 women from the Iowa Adoptee Study. All hypothesized main effects were significant and in the predicted direction; mediation was supported. No DOI is provided for the original study in the text, so original_url is left blank."
10.17605--osf.io--w34fb#fred_295,10.17605/osf.io/w34fb,10.17605--osf.io--w34fb,fred_295,More than a body: Mind perception and the nature of objectification. (2011.0),yes,,failure,close experiment,https://doi.org/10.1037/a0025883,More than a body: Mind perception and the nature of objectification.,"Gray, K.; Knobe, J.; Sheskin, M.; Bloom, P.; Barrett, L.",2011,Journal of Personality and Social Psychology,"Body focus inferring different moral statuses effect (Experiment Five of Gray et al., 2011).",The study described in the current report is a very close replication of Gray et al.'s (2011) study and had two clear goals.,clear,Original effect sizes and p-values are for specific dependent variables (moral agency and moral patiency) and not aggregated; replication N for Experiment 5 is 240.
,10.17605/osf.io/w34fb,10.17605--osf.io--w34fb,,,yes,,failure,close experiment,https://doi.org/10.1037/a0025883,More than a body: Mind perception and the nature of objectification.,"Gray, K.; Knobe, J.; Sheskin, M.; Bloom, P.; Barrett, L.",2011,Journal of Personality and Social Psychology,"Body focus induces redistribution of mind perception, decreasing perceived agency and increasing perceived experience.",The study described in the current report is a very close replication of Gray et al.'s (2011) study,clear,"Original effect sizes and p-values are for specific dependent variables (agency and experience) and not aggregated; replication N for Experiment 4 is not explicitly stated as a single total. [ling26: extra entry, not in the external record] [ling26: no entry matched this anchor]"
,10.17605/osf.io/w34fb,10.17605--osf.io--w34fb,,,yes,,failure,close experiment,https://doi.org/10.1037/a0025883,More than a body: Mind perception and the nature of objectification.,"Gray, K.; Knobe, J.; Sheskin, M.; Bloom, P.; Barrett, L.",2011,Journal of Personality and Social Psychology,"Body focus inducing redistribution of mind perception effect (Experiment Four of Gray et al., 2011).",The study described in the current report is a very close replication of Gray et al.'s (2011) study and had two clear goals.,clear," [ling26: extra entry, not in the external record]"
10.1037--a0024923#fred_218,10.1037/a0024923,10.1037--a0024923,fred_218,Children's and adults' judgments of equitable resource distributions (2009.0),yes,,success,close extension,https://doi.org/10.1111/j.1467-7687.2009.00859,Children's and adults' judgments of equitable resource distributions,"Mccrink, K.; Bloom, P.; Santos, L.",2010,Developmental Science,5-and 6-year-olds' and parents' sensitivity to proportion when evaluating niceness of givers in collaborative versus individual effort contexts,"Consistent with previous reports [24], we found that children often focused on absolute amount rather than proportion when evaluating givers who shared individually earned resources, unlike adults who always considered proportion.",clear,Study 3 replicates key findings from Studies 1 and 2 using identical methods for children and caregivers; authors state 'replicated key findings from Studies 1 and 2' in the abstract. Study 3 replicated key findings from Studies 1 and 2 using identical methods for children and parents.
,10.1037/a0024923,10.1037--a0024923,,,yes,,success,direct,https://doi.org/10.1111/j.1467-7687.2009.00859,Children's and adults' judgments of equitable resource distributions,"McCrink, K; Bloom, P; Santos, L",2010,Developmental Science,5-year-olds' sensitivity to proportion when assessing the niceness of givers in a noncollaborative Giving Game,"In Study 1, we tested 5-year-olds' sensitivity to proportion when assessing the 'niceness' of givers in order to replicate [24].",clear,"Authors explicitly state 'This result replicates the findings of [24]' in the Results section. [ling26: extra entry, not in the external record] [ling26: no entry matched this anchor]"
,10.1037/a0024923,10.1037--a0024923,,,yes,,success,close extension,https://doi.org/10.1111/j.1467-7687.2009.00859,Children's and adults' judgments of equitable resource distributions,"McCrink, K; Bloom, P; Santos, L",2010,Developmental Science,children's and adults' sensitivity to proportion when evaluating niceness of givers in collaborative versus individual effort contexts,"In one recent study, [24] found some sensitivity to proportion in 5-year-olds' intuitions about resource distribution.",clear,"Study 2 extends the original noncollaborative Giving Game by adding collaborative vs. individual effort conditions; authors frame results as confirming that children are sensitive to proportion in collaborative contexts. [ling26: extra entry, not in the external record] [ling26: no entry matched this anchor]"
,10.1037/a0024923,10.1037--a0024923,,,yes,,success,direct,https://doi.org/10.1111/j.1467-7687.2009.00859,Children's and adults' judgments of equitable resource distributions,"Mccrink, K.; Bloom, P.; Santos, L.",2010,Developmental Science,5-year-olds' sensitivity to proportion when assessing the niceness of givers in a Giving Game,This result replicates the findings of [24],clear," [ling26: extra entry, not in the external record]"
,10.1037/a0024923,10.1037--a0024923,,,yes,,inconclusive,close extension,https://doi.org/10.1111/j.1467-7687.2009.00859,Children's and adults' judgments of equitable resource distributions,"Mccrink, K.; Bloom, P.; Santos, L.",2010,Developmental Science,children's and adults' sensitivity to proportion when evaluating niceness of givers in collaborative versus individual effort contexts,"In one recent study, [24] found some sensitivity to proportion in 5-year-olds' intuitions about resource distribution.",clear,"Children show proportion sensitivity in collaborative contexts but not individual contexts; adults show it in both. Results differ across scenarios within one experiment, yielding inconclusive. [ling26: extra entry, not in the external record]"
10.31234--osf.io--esu9z#fred_32,10.31234/osf.io/esu9z,10.31234--osf.io--esu9z,fred_32,Testing the Death Thought Suppression and Rebound Hypothesis (2012.0),yes,,,,,,,,,,,, [ling26: no entry matched this anchor] [ling26: no entry matched this anchor]
10.31234--osf.io--3bhja#fred_207,10.31234/osf.io/3bhja,10.31234--osf.io--3bhja,fred_207,Personality change following unemployment. (2015.0),yes,,,,,,,,,,,, [ling26: no entry matched this anchor] [ling26: no entry matched this anchor]
10.31234--osf.io--3bhja#fred_208,10.31234/osf.io/3bhja,10.31234--osf.io--3bhja,fred_208,Personality change following unemployment. (2015.0),yes,,,,,,,,,,,, [ling26: no entry matched this anchor] [ling26: no entry matched this anchor]
10.31234--osf.io--3bhja#fred_281,10.31234/osf.io/3bhja,10.31234--osf.io--3bhja,fred_281,Personality change following unemployment. (2015.0),yes,,,,,,,,,,,, [ling26: no entry matched this anchor] [ling26: no entry matched this anchor]
10.31234--osf.io--3bhja#fred_282,10.31234/osf.io/3bhja,10.31234--osf.io--3bhja,fred_282,Personality change following unemployment. (2015.0),yes,,,,,,,,,,,, [ling26: no entry matched this anchor] [ling26: no entry matched this anchor]
10.31234--osf.io--3bhja#fred_283,10.31234/osf.io/3bhja,10.31234--osf.io--3bhja,fred_283,Personality change following unemployment. (2015.0),yes,,failure,close experiment,https://doi.org/10.1037/a0038647,Personality change following unemployment,"Boyce, C; Wood, A; Daly, M; Sedikides, C",2015,Journal of Applied Psychology,"The effect of involuntary job loss on mean-level changes in openness, agreeableness, and conscientiousness, moderated by unemployment duration and gender, as tested using latent change models in a working sample.","Therefore, the current study seeks to replicate the study reported in [6] as closely as possible.",clear,"The paper is a single-entry replication of Boyce et al. (2015) [6] in an independent sample (NEPS). The authors explicitly state the results could not be replicated and report no support for any of the hypothesized effects. The replication type is close experiment because the same general paradigm (latent change models of Big Five traits following unemployment) was used with a different dataset and some methodological refinements (matched samples, BFI-10 instead of longer scales). The paper explicitly states it could not replicate Boyce et al. (2015); the result is unambiguously a failure."
10.1177--2515245920958687#fred_245,10.1177/2515245920958687,10.1177--2515245920958687,fred_245,Detecting the Snake in the Grass (2008.0),yes,,,,,,,,,,,, [ling26: no entry matched this anchor]
10.1177--2515245920958687#fred_246,10.1177/2515245920958687,10.1177--2515245920958687,fred_246,Detecting the Snake in the Grass (2008.0),yes,,failure,close experiment,,Detecting the snake in the grass: Attention to fear-relevant stimuli by adults and young children,"LoBue, V.; DeLoache, J. S.",2008,Psychological Science,Attention to fear-relevant stimuli (snakes) differs between adults and young children.,,clear,"Cumulative evidence shows non-significant effect (r = .02, p = .50; original r = .48). Paper does not provide a specific citation sentence for this study in the main text."
,10.1177/2515245920958687,10.1177--2515245920958687,,,yes,,inconclusive,close experiment,,Increasing and decreasing motor and cognitive output: A model of general action and inaction goals,"Albarracín, D; Handley, I. M.; Noguchi, K.; McCulloch, K. C.; Li, H.; Leeper, J.; Hart, W. P.",2008,Journal of Personality and Social Psychology,Instilling action or inaction goals influences subsequent motor and cognitive output (Experiment 5).,Albarracín et al. (2008): Two of our included studies came from Albarracín et al. (2008).,clear,"Cumulative evidence (all data combined) shows significant effect in same direction as original (r = .07, p = .014), but effect size is dramatically smaller than original (r = .38). Paper does not claim replication success for any individual study. [ling26: extra entry, not in the external record]"
,10.1177/2515245920958687,10.1177--2515245920958687,,,yes,,failure,close experiment,,Increasing and decreasing motor and cognitive output: A model of general action and inaction goals,"Albarracín, D; Handley, I. M.; Noguchi, K.; McCulloch, K. C.; Li, H.; Leeper, J.; Hart, W. P.",2008,Journal of Personality and Social Psychology,Instilling action or inaction goals influences subsequent motor and cognitive output (Experiment 7).,Albarracín et al. (2008): Two of our included studies came from Albarracín et al. (2008).,clear,"Cumulative evidence shows non-significant effect in opposite direction from original (r = -.02, p = .65; original r = .21). [ling26: extra entry, not in the external record]"
,10.1177/2515245920958687,10.1177--2515245920958687,,,yes,,inconclusive,close experiment,,Where do we look during potentially offensive behavior?,"Crosby, J. R.; Monin, B.; Richardson, D",2008,Psychological Science,Exposure to offensive behavior affects where people direct their gaze during intergroup interactions.,"Crosby, Monin, & Richardson (2008): The original authors were concerned that participants in the RP:P replication study might have been unfamiliar with the experimental scenarios (concerning affirmative action).",clear,"Cumulative evidence shows significant effect in same direction as original (r = .14, p = .004), but effect size is much smaller than original (r = .25). Paper does not claim replication success. [ling26: extra entry, not in the external record]"
,10.1177/2515245920958687,10.1177--2515245920958687,,,yes,,failure,close experiment,,The effect of global versus local processing styles on assimilation versus contrast in social judgment,"Förster, J.; Liberman, N.; Kuschel, S.",2008,Journal of Personality and Social Psychology,Global versus local processing styles affect assimilation versus contrast in social judgment.,,clear,"Cumulative evidence shows non-significant effect (r = .04, p = .10; original r = .43). Paper does not provide a specific citation sentence for this study in the main text. [ling26: extra entry, not in the external record]"
,10.1177/2515245920958687,10.1177--2515245920958687,,,yes,,failure,close extension,,Why do implicit and explicit attitude tests diverge? The role of structural fit,"Payne, B. K.; Burkley, M. A.; Stokes, M. B.",2008,Journal of Personality and Social Psychology,Implicit and explicit attitude tests diverge due to structural fit between the measure and the construct.,"Payne, Burkley, and Stokes (2008): These authors observed that implicit and explicit race attitudes were less strongly correlated when participants were told to respond without bias than when they were told to express their true feelings (r = .35).",clear,"Cumulative evidence shows non-significant effect in opposite direction from original (r = -.06, p = .40; original r = .35). Revised protocol effect was in the opposite direction and significantly different from the RP:P protocol (p = .002). [ling26: extra entry, not in the external record]"
,10.1177/2515245920958687,10.1177--2515245920958687,,,yes,,failure,close experiment,,Why people are reluctant to tempt fate,"Risen, J. L.; Gilovich, T.",2008,Journal of Personality and Social Psychology,People are reluctant to tempt fate (avoid actions that might cause negative outcomes).,"the RP:P protocol of Risen & Gilovich, 2008",clear,"Cumulative evidence shows non-significant effect in opposite direction from original (r = -.04, p = .20; original r = .19). Paper does not provide a specific citation sentence for this study in the main text beyond the method section reference. [ling26: extra entry, not in the external record]"
,10.1177/2515245920958687,10.1177--2515245920958687,,,yes,,inconclusive,close experiment,,A needs-based model of reconciliation: Satisfying the differential emotional needs of victim and perpetrator as a key to promoting reconciliation,"Shnabel, N.; Nadler, A.",2008,Journal of Personality and Social Psychology,Individuals express more willingness to reconcile after a conflict if their psychological needs are restored.,Shnabel and Nadler (2008): These authors observed that individuals expressed more willingness to reconcile after a conflict if their psychological needs were restored (r = .27).,clear,"Cumulative evidence shows significant effect in same direction as original (r = .05, p = .015), but effect size is much smaller than original (r = .27). This was the one study where the revised protocol showed a significantly larger effect than the RP:P protocol (p = .012). [ling26: extra entry, not in the external record]"
,10.1177/2515245920958687,10.1177--2515245920958687,,,yes,,inconclusive,close experiment,,A social functional approach to emotions in bargaining: When communicating anger pays and when it backfires,"van Dijk, E.; van Kleef, G. A.; Steinel, W.; van Beest, I.",2008,Journal of Personality and Social Psychology,Individuals make more generous offers in negotiations with happy negotiation partners compared with angry negotiation partners.,"van Dijk, van Kleef, Steinel, and van Beest (2008): These authors observed that individuals made more generous offers in negotiations with happy negotiation partners compared with angry negotiation partners (r = .38).",clear,"Cumulative evidence shows significant effect in same direction as original (r = .10, p = .023), but effect size is much smaller than original (r = .38). Paper does not claim replication success. [ling26: extra entry, not in the external record]"
,10.1177/2515245920958687,10.1177--2515245920958687,,,yes,,failure,close experiment,,The value of believing in free will: Encouraging a belief in determinism increases cheating,"Vohs, K. D.; Schooler, J. W.",2008,Psychological Science,Encouraging a belief in determinism increases cheating behavior.,,clear,"Cumulative evidence shows non-significant effect (r = .04, p = .37; original r = .50). Paper does not provide a specific citation sentence for this study in the main text. [ling26: extra entry, not in the external record]"
10.17605--osf.io--j9mfn#fred_300,10.17605/osf.io/j9mfn,10.17605--osf.io--j9mfn,fred_300,What do i think you're doing? Action identification and mind attribution. (2006.0),yes,,failure,close experiment,https://doi.org/10.1037/0022-3514.90.4.543,What do I think you're doing? Action identification and mind attribution.,"Kozak, M; Marsh, A; Wegner, D",2006,Journal of Personality and Social Psychology,Action identification is higher for the non-suffering character compared to the suffering character.,"The study described in the current report is a close replication of the Studies 1, 2, 3, and 5 from [11]",clear,"Results based on simulated randomized dataset (Qualtrics); small per-condition sample sizes (N=7-19). Replication found no significant suffering effect on action identification (F(1,17)=.83, p=.38); original found η²=.06."
10.17605--osf.io--j9mfn#fred_301,10.17605/osf.io/j9mfn,10.17605--osf.io--j9mfn,fred_301,What do i think you're doing? Action identification and mind attribution. (2006.0),yes,,failure,close experiment,https://doi.org/10.1037/0022-3514.90.4.543,What do I think you're doing? Action identification and mind attribution.,"Kozak, M; Marsh, A; Wegner, D",2006,Journal of Personality and Social Psychology,Mind attribution is higher for the non-suffering character compared to the suffering character.,"The study described in the current report is a close replication of the Studies 1, 2, 3, and 5 from [11]",clear,"Results based on simulated randomized dataset (Qualtrics); small per-condition sample sizes (N=7-19). Replication found no significant suffering effect on mind attribution (F(1,17)=.28, p=.602); original found η²=.07."
10.17605--osf.io--j9mfn#fred_302,10.17605/osf.io/j9mfn,10.17605--osf.io--j9mfn,fred_302,What do i think you're doing? Action identification and mind attribution. (2006.0),yes,,failure,close experiment,https://doi.org/10.1037/0022-3514.90.4.543,What do I think you're doing? Action identification and mind attribution.,"Kozak, M; Marsh, A; Wegner, D",2006,Journal of Personality and Social Psychology,Action identification is higher for the 1st-person perspective compared to the 3rd-person perspective.,"The study described in the current report is a close replication of the Studies 1, 2, 3, and 5 from [11]",clear,"Results based on simulated randomized dataset (Qualtrics); small per-condition sample sizes (N=7-19). Replication found no significant perspective-taking effect on action identification (F(1,16)=2.25, p=.15); original found η²=.10."
10.17605--osf.io--j9mfn#fred_303,10.17605/osf.io/j9mfn,10.17605--osf.io--j9mfn,fred_303,What do i think you're doing? Action identification and mind attribution. (2006.0),yes,,failure,close experiment,https://doi.org/10.1037/0022-3514.90.4.543,What do I think you're doing? Action identification and mind attribution.,"Kozak, M; Marsh, A; Wegner, D",2006,Journal of Personality and Social Psychology,Mind attribution is higher for the 1st-person perspective compared to the 3rd-person perspective.,"The study described in the current report is a close replication of the Studies 1, 2, 3, and 5 from [11]",clear,"Results based on simulated randomized dataset (Qualtrics); small per-condition sample sizes (N=7-19). Replication found no significant perspective-taking effect on mind attribution (F(1,16)=4.13, p=.059); original Study 5 H4b found no effect."
,10.17605/osf.io/j9mfn,10.17605--osf.io--j9mfn,,,yes,,failure,close experiment,https://doi.org/10.1037/0022-3514.90.4.543,What do I think you're doing? Action identification and mind attribution.,"Kozak, M; Marsh, A; Wegner, D",2006,Journal of Personality and Social Psychology,Action identification is positively correlated with mind attribution.,"The study described in the current report is a close replication of the Studies 1, 2, 3, and 5 from [11]",clear,"Paper uses numeric citation [11] without author/year spelled out in text; replication uses Qualtrics randomized dataset with N=65 after verification; original Study 1 found significant correlation r(48)=.30. [ling26: extra entry, not in the external record]"
,10.17605/osf.io/j9mfn,10.17605--osf.io--j9mfn,,,yes,,success,close experiment,https://doi.org/10.1037/0022-3514.90.4.543,What do I think you're doing? Action identification and mind attribution.,"Kozak, M; Marsh, A; Wegner, D",2006,Journal of Personality and Social Psychology,Action identification is higher for the liked character compared to the disliked character.,"The study described in the current report is a close replication of the Studies 1, 2, 3, and 5 from [11]",clear,"Replication found significant liking effect on action identification (η²=.27, p=.0218); original found η²=.22. [ling26: extra entry, not in the external record]"
,10.17605/osf.io/j9mfn,10.17605--osf.io--j9mfn,,,yes,,failure,close experiment,https://doi.org/10.1037/0022-3514.90.4.543,What do I think you're doing? Action identification and mind attribution.,"Kozak, M; Marsh, A; Wegner, D",2006,Journal of Personality and Social Psychology,Mind attribution is higher for the liked character compared to the disliked character.,"The study described in the current report is a close replication of the Studies 1, 2, 3, and 5 from [11]",clear,"Replication found no significant liking effect on mind attribution overall (F(1,17)=.01, p=.92); original found η²=.23. [ling26: extra entry, not in the external record]"
10.48550--arxiv.1605.00178#fred_225,10.48550/arxiv.1605.00178,10.48550--arxiv.1605.00178,fred_225,Quantification and ACD: Evidence from Real-Time Sentence Processing (2012.0),yes,,,,,,,,,,,, [ling26: no entry matched this anchor] [ling26: no entry matched this anchor]
10.48550--arxiv.1605.00178#fred_226,10.48550/arxiv.1605.00178,10.48550--arxiv.1605.00178,fred_226,Quantification and ACD: Evidence from Real-Time Sentence Processing (2012.0),yes,,,,,,,,,,,, [ling26: no entry matched this anchor] [ling26: no entry matched this anchor]
10.48550--arxiv.1605.00178#fred_227,10.48550/arxiv.1605.00178,10.48550--arxiv.1605.00178,fred_227,Quantification and ACD: Evidence from Real-Time Sentence Processing (2012.0),yes,,,,,,,,,,,, [ling26: no entry matched this anchor] [ling26: no entry matched this anchor]
10.48550--arxiv.1605.00178#fred_228,10.48550/arxiv.1605.00178,10.48550--arxiv.1605.00178,fred_228,Quantification and ACD: Evidence from Real-Time Sentence Processing (2012.0),yes,,,,,,,,,,,, [ling26: no entry matched this anchor] [ling26: no entry matched this anchor]
10.48550--arxiv.1605.00178#fred_229,10.48550/arxiv.1605.00178,10.48550--arxiv.1605.00178,fred_229,Quantification and ACD: Evidence from Real-Time Sentence Processing (2012.0),yes,,failure,direct,,Quantification and ACD: Evidence from Real Time Sentence Processing,"Hackl, M.; Koster-Hale, J.; Varvoutis, J.",2012,Journal of Semantics,"HKV's Experiment 1: ACD relative clauses modifying a quantified object NP (every) are easier to process than those modifying a definite object NP (the), with a critical interaction between verb type and determiner in the words immediately following the disambiguating verb","In a recent attempt to find on-line evidence for the existence of Quantifier Raising (QR), Hackl, Koster-Hale & Varvoutis (HKV;2012) reported that antecedent-contained-deletion (ACD) relative clauses modifying an object noun phrase (NP) whose determiner is ""every"" (e.g., ""every doctor... was"", as in (1a)) were easier to process than those modifying a object NP whose determiner is ""the"" (e.g., ""the doctor... was"").",clear,Failed to find the critical verb type × determiner interaction in any of the four word regions (15-18) following the disambiguating verb. Main effects of verb type were replicated but the predicted interaction was not significant in either participants or items ANOVAs. The authors explicitly conclude that HKV's experiments should not be viewed as providing evidence for the ACD quantifier raising processing effect.
10.48550--arxiv.1605.00178#fred_230,10.48550/arxiv.1605.00178,10.48550--arxiv.1605.00178,fred_230,Quantification and ACD: Evidence from Real-Time Sentence Processing (2012.0),yes,,failure,direct,,Quantification and ACD: Evidence from Real Time Sentence Processing,"Hackl, M.; Koster-Hale, J.; Varvoutis, J.",2012,Journal of Semantics,"HKV's Experiment 2: ACD relative clauses modifying a quantified object NP (every) are easier to process than those modifying a definite object NP (the), with a critical interaction between verb type (full verb, local ellipsis, long-distance ellipsis) and determiner in the words following the disambiguating verb","In a recent attempt to find on-line evidence for the existence of Quantifier Raising (QR), Hackl, Koster-Hale & Varvoutis (HKV;2012) reported that antecedent-contained-deletion (ACD) relative clauses modifying an object noun phrase (NP) whose determiner is ""every"" (e.g., ""every doctor... was"", as in (1a)) were easier to process than those modifying a object NP whose determiner is ""the"" (e.g., ""the doctor... was"").",clear,Failed to find the critical verb type × determiner interaction in the full 3x2 design or the restricted 2x2 design at any word position (15-18). Main effects of verb type were replicated but the predicted interaction was not. The authors explicitly conclude that HKV's experiments should not be viewed as providing evidence for the ACD quantifier raising processing effect.
10.17605--osf.io--j3ue4#fred_6,10.17605/osf.io/j3ue4,10.17605--osf.io--j3ue4,fred_6,The role of public exposure in moral and nonmoral shame and guilt. (2002.0),yes,,,,,,,,,,,, [ling26: no entry matched this anchor] [ling26: no entry matched this anchor]
10.17605--osf.io--j3ue4#fred_8,10.17605/osf.io/j3ue4,10.17605--osf.io--j3ue4,fred_8,The role of public exposure in moral and nonmoral shame and guilt. (2002.0),yes,,,,,,,,,,,, [ling26: no entry matched this anchor] [ling26: no entry matched this anchor]
10.17605--osf.io--j3ue4#fred_10,10.17605/osf.io/j3ue4,10.17605--osf.io--j3ue4,fred_10,The role of public exposure in moral and nonmoral shame and guilt. (2002.0),yes,,,,,,,,,,,, [ling26: no entry matched this anchor] [ling26: no entry matched this anchor]
10.17605--osf.io--j3ue4#fred_12,10.17605/osf.io/j3ue4,10.17605--osf.io--j3ue4,fred_12,The role of public exposure in moral and nonmoral shame and guilt. (2002.0),yes,,,,,,,,,,,, [ling26: no entry matched this anchor] [ling26: no entry matched this anchor]
10.17605--osf.io--j3ue4#fred_15,10.17605/osf.io/j3ue4,10.17605--osf.io--j3ue4,fred_15,The role of public exposure in moral and nonmoral shame and guilt. (2002.0),yes,,failure,direct,https://doi.org/10.1037/0022-3514.83.1.138,The role of public exposure in moral and nonmoral shame and guilt,"Smith, R; Webster, J; Parrott, W; Eyre, H",2002,Journal of Personality and Social Psychology,Public exposure increases shame more than guilt over one's misconduct,Revisiting the Role of Public Exposure and Moral Beliefs on Feelings of Shame and Guilt: Replication Registered Report of Smith et al. (2002)'s Study 1,clear,"Paper classifies replication as 'close' in Table 4. Original N = 168 from 'given N = 168 in Study 1 of [38]'. Original η² = .14 for exposure on shame. Paper uses [38] in-text; author names from reference list. Authors explicitly state 'failed replication' in Discussion and Conclusion. The replication found similar effects of exposure on both shame and guilt, contradicting the original's claim of a differential effect. Authors explicitly state 'we conclude this as a failed replication' and 'Our results suggest a failed replication.' The original study's N = 168; the original effect of exposure on shame was ηp² = .14 (95% CI [.05, .24]) per Table 12A. The original did not detect a main effect of exposure on explicit guilt."
10.1177--1948550618808863#fred_212,10.1177/1948550618808863,10.1177--1948550618808863,fred_212,"Ignoring History, Denying Racism: Mounting Evidence for the Marley Hypothesis and Epistemologies of Ignorance (2018.0)",yes,,,,,,,,,,,,
10.1177--1948550618808863#fred_213,10.1177/1948550618808863,10.1177--1948550618808863,fred_213,"Ignoring History, Denying Racism: Mounting Evidence for the Marley Hypothesis and Epistemologies of Ignorance (2018.0)",yes,,,,,,,,,,,,
10.1002--rrq.62#fred_298,10.1002/rrq.62,10.1002--rrq.62,fred_298,Scaffolding Voluntary Summer Reading for Children in Grades 3 to 5: An Experimental Study (2008.0),yes,,failure,close extension,https://doi.org/10.1080/10888430701746849,Scaffolding voluntary summer reading for children in grades 3 to 5: An experimental study,"Kim, J; White, T",2008,Scientific Studies of Reading,The effect of adding teacher phone calls to a voluntary summer reading program providing matched books and teacher scaffolding on reading comprehension,"In Kim and White's (2008) study of READS, the effective treatment condition-matched books with oral reading and comprehension scaffolding-involved three teacher-directed lessons at the end of the school year",clear,
,10.1002/rrq.62,10.1002--rrq.62,,,yes,,failure,direct,https://doi.org/10.3102/01623737028004335,Effects of a voluntary summer reading intervention on reading achievement: Results from a randomized field trial,"Kim, J.",2006,Educational Evaluation and Policy Analysis,A voluntary summer reading program providing matched books and teacher scaffolding improves reading comprehension for low-income elementary students,"In Kim and White's (2008) study and Kim's (2006) study, READS was implemented in a large and ethnically diverse suburban school district in the mid-Atlantic region.",clear," [ling26: extra entry, not in the external record] [ling26: no entry matched this anchor]"
,10.1002/rrq.62,10.1002--rrq.62,,,yes,,failure,direct,https://doi.org/10.1080/10888430701746849,Scaffolding voluntary summer reading for children in grades 3 to 5: An experimental study,"Kim, J; White, T",2008,Scientific Studies of Reading,The effect of a voluntary summer reading program providing matched books and teacher scaffolding on reading comprehension,the basic treatment condition (TL-SB) in this study was identical with the treatment condition in Kim and White's (2008) study,clear," [ling26: extra entry, not in the external record]"
,10.1002/rrq.62,10.1002--rrq.62,,,yes,,failure,direct,https://doi.org/10.3102/01623737028004335,Effects of a voluntary summer reading intervention on reading achievement: Results from a randomized field trial,"Kim, J",2006,Educational Evaluation and Policy Analysis,The effect of a voluntary summer reading program providing matched books and teacher scaffolding on reading comprehension,"In Kim and White's (2008) study and Kim's (2006) study, READS was implemented in a large and ethnically diverse suburban school district in the mid-Atlantic region",clear," [ling26: extra entry, not in the external record]"
10.1037--0022-3514.83.2.406#fred_99,10.1037/0022-3514.83.2.406,10.1037--0022-3514.83.2.406,fred_99,Automaticity of social behavior: Direct effects of trait construct and stereotype activation on action. (1996.0),yes,,success,direct,,Automaticity of social behavior: Direct effects of trait construct and stereotype activation on action,"Bargh, J; Chen, M; Burrows, L",1996,Journal of Personality and Social Psychology,Exposure to elderly-related words causes participants to walk more slowly,Studies 1a and 1b use a paradigm developed by [4] to examine the behavioral consequences of an implicitly primed elderly stereotype.,ambiguous,"The prime main effect in Study 1a was not significant (p = .13), but the Self-Consciousness x Prime interaction was significant (p < .05). The combined analysis across both studies explicitly replicates Bargh et al. (1996)."
10.1037--0022-3514.83.2.406#fred_100,10.1037/0022-3514.83.2.406,10.1037--0022-3514.83.2.406,fred_100,Automaticity of social behavior: Direct effects of trait construct and stereotype activation on action. (1996.0),yes,,success,direct,,Automaticity of social behavior: Direct effects of trait construct and stereotype activation on action,"Bargh, J; Chen, M; Burrows, L",1996,Journal of Personality and Social Psychology,Exposure to elderly-related words causes participants to walk more slowly,Studies 1a and 1b use a paradigm developed by [4] to examine the behavioral consequences of an implicitly primed elderly stereotype.,ambiguous,"The prime main effect in Study 1b approached significance (p = .09), and the Self-Consciousness x Prime interaction was significant (p = .01). The combined analysis across both studies explicitly replicates Bargh et al. (1996)."
10.1016--j.cogdev.2017.10.004#fred_222,10.1016/j.cogdev.2017.10.004,10.1016--j.cogdev.2017.10.004,fred_222,Eighteen‐ and 24‐month‐old infants correct others in anticipation of action mistakes (2011.0),yes,,success,close experiment,,Eighteen- and 24-month-old infants correct others in anticipation of action mistakes,"Knudsen, B; Liszkowski, U",2012,Developmental Science,24-month-old children's anticipatory helping behavior is influenced by an experimenter's knowledge state about an object's location,These results replicate Knudsen and Liszkowski's (2012) findings with 24-month-old children and partially extend them to 3-year-old children.,clear,
,10.1016/j.cogdev.2017.10.004,10.1016--j.cogdev.2017.10.004,,,yes,,success,close experiment,,Eighteen-month-old infants show false belief understanding in an active helping paradigm.,"Buttelmann, D.; Carpenter, M.; Tomasello, M.",2009,Cognition,"18-month-old infants' helping behavior in response to an experimenter's false belief about the location of a toy, measuring whether infants help by opening the box containing the toy or the empty box the experimenter acted on.","We conducted close replications of studies by Knudsen and Liszkowski (2012) and Buttelmann et al. (2009), as well as two experiments based on published violation of expectation paradigms (Onishi & Baillargeon, 2005; Song, Onishi, Baillargeon & Fisher, 2008; Träuble, Marinović & Pauen, 2010).",clear," [ling26: extra entry, not in the external record] [ling26: no entry matched this anchor]"
,10.1016/j.cogdev.2017.10.004,10.1016--j.cogdev.2017.10.004,,,yes,,failure,close experiment,,Do 15-month-old infants understand false beliefs?,"Onishi, K.; Baillargeon, R.",2005,Science,"15-month-old infants' looking time to expected vs. unexpected reaching trials when an experimenter with a false belief reaches for an object, testing whether infants form action expectations based on false beliefs.","We conducted close replications of studies by Knudsen and Liszkowski (2012) and Buttelmann et al. (2009), as well as two experiments based on published violation of expectation paradigms (Onishi & Baillargeon, 2005; Song, Onishi, Baillargeon & Fisher, 2008; Träuble, Marinović & Pauen, 2010).",clear," [ling26: extra entry, not in the external record] [ling26: no entry matched this anchor]"
,10.1016/j.cogdev.2017.10.004,10.1016--j.cogdev.2017.10.004,,,yes,,failure,close experiment,,Do 15-month-old infants understand false beliefs?,"Onishi, K.; Baillargeon, R.",2005,Science,"18-month-old infants' looking time to expected vs. unexpected reaching trials when an experimenter with a false belief reaches for an object, testing whether infants form action expectations based on false beliefs (with procedural changes including doors instead of curtain and visible transfer by second experimenter).","We conducted close replications of studies by Knudsen and Liszkowski (2012) and Buttelmann et al. (2009), as well as two experiments based on published violation of expectation paradigms (Onishi & Baillargeon, 2005; Song, Onishi, Baillargeon & Fisher, 2008; Träuble, Marinović & Pauen, 2010).",clear," [ling26: extra entry, not in the external record] [ling26: no entry matched this anchor]"
,10.1016/j.cogdev.2017.10.004,10.1016--j.cogdev.2017.10.004,,,yes,,success,close experiment,,Eighteen-month-old infants show false belief understanding in an active helping paradigm,"Buttelmann, D; Carpenter, M; Tomasello, M",2009,Cognition,18-month-old infants' helping behavior is influenced by an experimenter's false belief about an object's location,"When replicating this task, we adhered as closely as possible to the original methods as describe by Buttelmann et al. (2009).",clear," [ling26: extra entry, not in the external record]"
,10.1016/j.cogdev.2017.10.004,10.1016--j.cogdev.2017.10.004,,,yes,,failure,close experiment,,Do 15-month-old infants understand false beliefs?,"Onishi, K; Baillargeon, R",2005,Science,15-month-old infants look longer when an experimenter reaches for an object in a location inconsistent with her false belief about its location,Our initial VOE task was based on the 'FB-green' condition from Onishi and Baillargeon's study (2005).,clear," [ling26: extra entry, not in the external record]"
,10.1016/j.cogdev.2017.10.004,10.1016--j.cogdev.2017.10.004,,,yes,,failure,close experiment,,Do 15-month-old infants understand false beliefs?,"Onishi, K; Baillargeon, R",2005,Science,15-month-old infants look longer when an experimenter reaches for an object in a location inconsistent with her false belief about its location,"We conducted close replications of studies by Knudsen and Liszkowski (2012) and Buttelmann et al. (2009), as well as two experiments based on published violation of expectation paradigms (Onishi & Baillargeon, 2005; Song, Onishi, Baillargeon & Fisher, 2008; Träuble, Marinović & Pauen, 2010).",clear,"Task 3 is a second independent VOE experiment with procedural changes; same original study as Task 2. [ling26: extra entry, not in the external record]"
10.1002--pits.22027#fred_233,10.1002/pits.22027,10.1002--pits.22027,fred_233,Engagement and disaffection in the classroom: Part of a larger motivational dynamic? (2008.0),yes,,,,,,,,,,,, [ling26: no entry matched this anchor] [ling26: no entry matched this anchor]
10.1002--pits.22027#fred_234,10.1002/pits.22027,10.1002--pits.22027,fred_234,Engagement and disaffection in the classroom: Part of a larger motivational dynamic? (2008.0),yes,,,,,,,,,,,, [ling26: no entry matched this anchor] [ling26: no entry matched this anchor]
10.1002--pits.22027#fred_235,10.1002/pits.22027,10.1002--pits.22027,fred_235,Engagement and disaffection in the classroom: Part of a larger motivational dynamic? (2008.0),yes,,,,,,,,,,,, [ling26: no entry matched this anchor] [ling26: no entry matched this anchor]
10.1002--pits.22027#fred_236,10.1002/pits.22027,10.1002--pits.22027,fred_236,Engagement and disaffection in the classroom: Part of a larger motivational dynamic? (2008.0),yes,,,,,,,,,,,, [ling26: no entry matched this anchor] [ling26: no entry matched this anchor]
10.1002--pits.22027#fred_237,10.1002/pits.22027,10.1002--pits.22027,fred_237,Engagement and disaffection in the classroom: Part of a larger motivational dynamic? (2008.0),yes,,,,,,,,,,,, [ling26: no entry matched this anchor] [ling26: no entry matched this anchor]
10.1002--pits.22027#fred_238,10.1002/pits.22027,10.1002--pits.22027,fred_238,Engagement and disaffection in the classroom: Part of a larger motivational dynamic? (2008.0),yes,,inconclusive,close extension,https://doi.org/10.1037/a0012840,Engagement and disaffection in the classroom: Part of a larger motivational dynamic,"Skinner, E.; Furrer, C.; Marchand, G.; Kindermann, T.",2008,Journal of Educational Psychology,"The dynamics of engagement and disaffection in the classroom, including how indicators of engagement (behavioral and emotional engagement and disaffection) relate to each other over time and how facilitators (student self-perceptions and teacher support) predict changes in engagement and disaffection","In this investigation, we replicated Skinner et al.'s study of the dynamics of engagement with a more diverse sample of Grades 6 and 7 students from a middle school with a large English learner (primarily Spanish-speaking) student population.",clear,"Mixed results: some aspects of Skinner et al.'s model were supported (emotional engagement predicting behavioral engagement and disaffection; self-perceptions mediating teacher support effects) while others were not (emotional disaffection not predicting behavioral engagement/disaffection; behavioral engagement not predicting emotional engagement). Authors use both 'replicated' and 'some aspects supported whereas others were not,' making the overall classification genuinely ambiguous between success and inconclusive."
10.1080--09658211.2011.590505#fred_263,10.1080/09658211.2011.590505,10.1080--09658211.2011.590505,fred_263,Autobiographical memory processes and the course of depression. (1999.0),yes,,inconclusive,close extension,,Memory processes and the course of anxiety and depression in cancer patients,"Brewin, C; Watson, M; McCarthy, S; Hyman, P; Dayson, D",1998,Psychological Medicine,Intrusion and avoidance of intrusive memories do not predict depression at 6-month follow-up after controlling for baseline depression,"These results partially replicated Brewin et al.'s (1999) finding that both intrusion and avoidance predicted later depression, yet are inconsistent with [6]'s finding that intrusion and avoidance were not predictive.",ambiguous,"[ling26: no entry matched this anchor] Total sample null result is consistent with the original null finding, but the untreated sub-sample showed intrusion significantly predicting depression, which is inconsistent with the original."
10.1080--09658211.2011.590505#fred_264,10.1080/09658211.2011.590505,10.1080--09658211.2011.590505,fred_264,Autobiographical memory processes and the course of depression. (1999.0),yes,,failure,close extension,,Memory processes and the course of anxiety and depression in cancer patients,"Brewin, C; Watson, M; McCarthy, S; Hyman, P; Dayson, D",1998,Psychological Medicine,Intrusion and avoidance of intrusive memories predict anxiety at 6-month follow-up,"Again these findings differed from those of [6] who found that intrusion and avoidance predicted follow-up anxiety, even after controlling for baseline anxiety and stage of cancer illness.",clear,"Neither intrusion nor avoidance predicted anxiety at follow-up in the total sample or the untreated sub-sample, directly contradicting the original finding."
10.1080--09658211.2011.590505#fred_265,10.1080/09658211.2011.590505,10.1080--09658211.2011.590505,fred_265,Autobiographical memory processes and the course of depression. (1999.0),yes,,inconclusive,close extension,,Autobiographical memory processes and the course of depression,"Brewin, C; Reynolds, M; Tata, P",1999,Journal of Abnormal Psychology,Intrusion and avoidance of intrusive memories predict depression at 6-month follow-up,"These results partially replicated Brewin et al.'s (1999) finding that both intrusion and avoidance predicted later depression, yet are inconsistent with [6]'s finding that intrusion and avoidance were not predictive.",ambiguous,Mixed results: intrusion predicted depression in the untreated sub-sample but not the total sample; avoidance predicted lower depression in the total sample (opposite direction) but not in the untreated sub-sample.
10.1111--bjso.12217#fred_219,10.1111/bjso.12217,10.1111--bjso.12217,fred_219,An inkblot for attitudes: Affect misattribution as implicit measurement. (2005.0),yes,,,,,,,,,,,, [ling26: no entry matched this anchor] [ling26: no entry matched this anchor]
10.1111--bjso.12217#fred_220,10.1111/bjso.12217,10.1111--bjso.12217,fred_220,An inkblot for attitudes: Affect misattribution as implicit measurement. (2005.0),yes,,success,direct,https://doi.org/10.1037/0022-3514.89.3.277,An inkblot for attitudes: Affect misattribution as implicit measurement,"Payne, B; Cheng, C; Govorun, O; Stewart, B",2005,Journal of Personality and Social Psychology,"Affectively charged prime images influence subsequent judgments of neutral target images, producing an AMP effect that measures implicit attitudes.",Our results first replicate key findings of [19],clear,"The authors explicitly state they replicate key findings of Payne et al. (2005) and the AMP effect is significant in the same direction across all conditions, but the effect is substantially reduced under incentives (from 35pp to 22pp) and highly heterogeneous, with some individuals showing no effect. This mixed pattern makes the result classification ambiguous between success and inconclusive."
10.18718--81781.23#fred_107,10.18718/81781.23,10.18718--81781.23,fred_107,"Public goods, merit goods, and the relation between private and government consumption (2004.0)",yes,,,,,,,,,,,, [ling26: no entry matched this anchor] [ling26: no entry matched this anchor]
10.18718--81781.23#fred_108,10.18718/81781.23,10.18718--81781.23,fred_108,"Public goods, merit goods, and the relation between private and government consumption (2004.0)",yes,,,,,,,,,,,, [ling26: no entry matched this anchor] [ling26: no entry matched this anchor]
10.18718--81781.23#fred_109,10.18718/81781.23,10.18718--81781.23,fred_109,"Public goods, merit goods, and the relation between private and government consumption (2004.0)",yes,,,,,,,,,,,, [ling26: no entry matched this anchor] [ling26: no entry matched this anchor]
10.18718--81781.23#fred_110,10.18718/81781.23,10.18718--81781.23,fred_110,"Public goods, merit goods, and the relation between private and government consumption (2004.0)",yes,,,,,,,,,,,, [ling26: no entry matched this anchor] [ling26: no entry matched this anchor]
10.18718--81781.23#fred_111,10.18718/81781.23,10.18718--81781.23,fred_111,"Public goods, merit goods, and the relation between private and government consumption (2004.0)",yes,,success,close extension,https://doi.org/10.1016/j.euroecorev.2004.01.004,"Public goods, merit goods, and the relation between private and government consumption","Fiorito, R; Kollintzas, T",2004,European Economic Review,Merit goods and private consumption are complements (α₂ > 0),"Fiorito & Kollintzas' (F&K) paper ""Public goods, merit goods, and the relationship between private and government consumption"" (European Economic Review, 2004) investigated whether different branches of government consumption affect private consumption differently, and provided important theoretical and empirical evidence of the crowding out effect between government consumption and private consumption.",clear,"The replication confirmed that merit goods and private consumption are complements, consistent with F&K's original finding. The extension analysis (1996-2015) also confirmed this finding."
10.18718--81781.23#fred_112,10.18718/81781.23,10.18718--81781.23,fred_112,"Public goods, merit goods, and the relation between private and government consumption (2004.0)",yes,,failure,close extension,https://doi.org/10.1016/j.euroecorev.2004.01.004,"Public goods, merit goods, and the relation between private and government consumption","Fiorito, R; Kollintzas, T",2004,European Economic Review,Public goods and private consumption are substitutes (α₁ < 0),"Fiorito & Kollintzas' (F&K) paper ""Public goods, merit goods, and the relationship between private and government consumption"" (European Economic Review, 2004) investigated whether different branches of government consumption affect private consumption differently, and provided important theoretical and empirical evidence of the crowding out effect between government consumption and private consumption.",clear,"The replication did not find support for the substitution relationship between public goods and private consumption. The estimated coefficients for public goods were small and statistically insignificant, indicating independence rather than substitution. The extension analysis (1996-2015) also confirmed this null finding."
10.18718--81781.29#fred_162,10.18718/81781.29,10.18718--81781.29,fred_162,Knowledge Transfers from Multinational to Domestic Firms: Evidence from Worker Mobility (2013.0),yes,,,,,,,,,,,, [ling26: no entry matched this anchor] [ling26: no entry matched this anchor]
10.18718--81781.29#fred_176,10.18718/81781.29,10.18718--81781.29,fred_176,Knowledge Transfers from Multinational to Domestic Firms: Evidence from Worker Mobility (2013.0),yes,,,,,,,,,,,, [ling26: no entry matched this anchor] [ling26: no entry matched this anchor]
10.18718--81781.29#fred_177,10.18718/81781.29,10.18718--81781.29,fred_177,Knowledge Transfers from Multinational to Domestic Firms: Evidence from Worker Mobility (2013.0),yes,,,,,,,,,,,, [ling26: no entry matched this anchor] [ling26: no entry matched this anchor]
10.18718--81781.29#fred_178,10.18718/81781.29,10.18718--81781.29,fred_178,Knowledge Transfers from Multinational to Domestic Firms: Evidence from Worker Mobility (2013.0),yes,,success,close extension,https://doi.org/10.1162/REST_a_00258,Knowledge Transfers from Multinational to Domestic Firms: Evidence from Worker Mobility,"Poole, J",2013,The Review of Economics and Statistics,"When workers leave multinationals and are rehired at domestic establishments, the wages of their new coworkers who have already been present in the establishment increase (replicated for Norway).",This paper replicates Poole (2013) using comprehensive Norwegian and Irish register data.,clear,[ling26: no entry matched this anchor] Paper classifies itself as robustness-extension replication type. Norway uses comprehensive register data covering all private-sector workers 1996-2007. Main spillover effect (γ_M - γ_D) is significant and positive.
10.18718--81781.29#fred_179,10.18718/81781.29,10.18718--81781.29,fred_179,Knowledge Transfers from Multinational to Domestic Firms: Evidence from Worker Mobility (2013.0),yes,,success,close extension,https://doi.org/10.1162/REST_a_00258,Knowledge Transfers from Multinational to Domestic Firms: Evidence from Worker Mobility,"Poole, J",2013,The Review of Economics and Statistics,"When workers leave multinationals and are rehired at domestic establishments, the wages of their new coworkers who have already been present in the establishment increase (replicated for Ireland, 2005-2010).",This paper replicates Poole (2013) using comprehensive Norwegian and Irish register data.,clear,Norway replication of Poole (2013); main effect of multinational wage spillovers confirmed; uses comprehensive register data covering all private-sector workers rather than a 1% sample. Ireland 2005-2010 sample period. Main spillover effect (γ_M - γ_D) is significant and positive. Ireland split into two time periods for comparability with the original 6-year Brazil sample.
10.18718--81781.29#fred_180,10.18718/81781.29,10.18718--81781.29,fred_180,Knowledge Transfers from Multinational to Domestic Firms: Evidence from Worker Mobility (2013.0),yes,,success,close extension,https://doi.org/10.1162/REST_a_00258,Knowledge Transfers from Multinational to Domestic Firms: Evidence from Worker Mobility,"Poole, J",2013,The Review of Economics and Statistics,"When workers leave multinationals and are rehired at domestic establishments, the wages of their new coworkers who have already been present in the establishment increase (replicated for Ireland, 2011-2016).",This paper replicates Poole (2013) using comprehensive Norwegian and Irish register data.,clear,"Ireland replication of Poole (2013); main effect confirmed across both 2005-2010 and 2011-2016 periods; uses firm-level administrative data covering all formal workers. Ireland 2011-2016 sample period. Main spillover effect (γ_M - γ_D) is significant and positive. Heterogeneity analyses across unionisation, skill intensity, job tenure, and wages are mostly not statistically significant for any country, which the authors note as a divergence from the original."
10.1002--ejsp.2748#mainf_ba5c51248e,10.1002/ejsp.2748,10.1002--ejsp.2748,mainf_ba5c51248e,Beyond motivated reasoning: Hostile reactions to critical comments from the outgroup. (2018.0),yes,,success,close experiment,https://doi.org/10.1037/mot0000097,Beyond motivated reasoning: Hostile reactions to critical comments from the outgroup,"Thürmer, J.; McCrea, S.",2018,Motivation Science,"Outgroup criticism elicits stronger defensive reactions than ingroup criticism, measured through costly behavioral responses (bonus withholding)","we followed the procedures by Thürmer and McCrea (2018, Experiment 3) very closely",clear,"The paper found a clear behavioral classic ISE (bonus decision) and self-report effects, all in the expected direction. Authors explicitly state 'Registered analyses revealed strong evidence for the classic ISE.' The paper also tests the bystander ISE (adapted from Sutton et al., 2006 and Adelman & Verkuyten, 2020) in the same experiment with the same participants; the behavioral bystander ISE was found contrary to the authors' social identity prediction, but the ISE was replicated overall."
,10.1002/ejsp.2748,10.1002--ejsp.2748,,,yes,,success,close extension,https://doi.org/10.1111/bjso.12351,Rules of engagement: Reactions to internal and external criticism in public debate,"Adelman, L.; Verkuyten, M.",2020,British Journal of Social Psychology,"The bystander ISE: uninvolved bystanders view intergroup criticism as inappropriate, measured via behavioral bonus allocation and self-report","Across three high-powered experiments, Adelman and Verkuyten (2020) compared two classic ISE conditions (i.e., ingroup target: ingroup source vs. outgroup source) with two outgroup target conditions (i.e., outgroup target: ingroup source vs. outgroup source).",clear,"The paper extended Adelman & Verkuyten (2020)'s bystander ISE paradigm by adding a behavioral measure (bonus decision) and a pure bystander condition (outgroup source + outgroup target). The original bystander ISE was established only via self-report; this replication found it also holds behaviorally. Authors state 'contrary to our predictions, the bystander ISE also emerged on our measure of costly behaviour' and 'we also found unequivocal support for the bystander ISE in self-reports.' [ling26: extra entry, not in the external record] [ling26: no entry matched this anchor]"
10.1016--j.actpsy.2020.103138#mainf_66fa4788f8,10.1016/j.actpsy.2020.103138,10.1016--j.actpsy.2020.103138,mainf_66fa4788f8,Age of acquisition effects depend on the mapping between representations and the frequency of occurrence: Empirical and computational evidence (2006.0),yes,,inconclusive,close extension,https://doi.org/10.1080/13506280544000110,Age of acquisition effects depend on the mapping between representations and the frequency of occurrence: Empirical and computational evidence,"Lambon Ralph, M.A.; Ehsan, S.",2006,Visual Cognition,Age of acquisition effects in picture and word naming as tested by Lambon Ralph and Ehsan (2006),"In order to partially replicate the study of Lambon Ralph and Ehsan (2006), we followed their design and split our stimuli into early and late AoA and high-frequency and low-frequency words.",clear,
,10.1016/j.actpsy.2020.103138,10.1016--j.actpsy.2020.103138,,,yes,,success,close experiment,https://doi.org/10.1080/13506280544000110,Age of acquisition effects depend on the mapping between representations and the frequency of occurrence: Empirical and computational evidence,"Lambon Ralph, M. A.; Ehsan, S.",2006,Visual Cognition,"Age of acquisition effects in picture naming are larger than in word naming due to arbitrary mapping between perceptual, semantic, and phonological representations","In order to partially replicate the study of Lambon Ralph and Ehsan (2006), we followed their design and split our stimuli into early and late AoA and high-frequency and low-frequency words.",clear," [ling26: extra entry, not in the external record] [ling26: no entry matched this anchor]"
10.1016--j.actpsy.2022.103717#mainf_a2b6f468cd,10.1016/j.actpsy.2022.103717,10.1016--j.actpsy.2022.103717,mainf_a2b6f468cd,Brain Drain: The Mere Presence of One’s Own Smartphone Reduces Available Cognitive Capacity (2017.0),yes,,failure,direct,https://doi.org/10.1086/691462,Brain drain: The mere presence of one's own smartphone reduces available cognitive capacity,"Ward, A.; Duke, K.; Gneezy, A.; Bos, M.",2017,Journal of the Association for Consumer Research,"The 'brain drain' effect found in Ward et al.'s (2017) second experiment, where closer proximity to one's smartphone (on desk) impaired working memory capacity (OSpan performance) compared to other locations, moderated by smartphone reliance.",The purpose of the present study was to carry out a direct replication of Ward et al.'s (2017) second experiment.,clear,"The paper explicitly states it is a direct replication, pre-registered on OSF. The main OSpan 'brain drain' effect was not replicated (no significant main effect of smartphone location). The power effect and Go/No-Go null result were replicated. The authors explicitly conclude the 'brain drain' effect was not replicated."
10.1016--j.intell.2020.101471#mainf_3688a0dc7a,10.1016/j.intell.2020.101471,10.1016--j.intell.2020.101471,mainf_3688a0dc7a,Implicit Theories of Intelligence Predict Achievement Across an Adolescent Transition: A Longitudinal Study and an Intervention (2007.0),yes,,failure,close extension,https://doi.org/10.1111/j.1467-8624.2007.00995.x,Implicit theories of intelligence predict achievement across an adolescent transition: A longitudinal study and an intervention,"Blackwell, L. S.; Trzesniewski, K. H.; Dweck, C. S.",2007,Child Development,Growth mindset predicts improvement in mathematics grades across a challenging transition to junior high school,"Here we report two near-replication studies of Blackwell et al. (2007) study 1, testing if intelligence mindsets are associated with educational attainment",clear,
,10.1016/j.intell.2020.101471,10.1016--j.intell.2020.101471,,,yes,,failure,close extension,https://doi.org/10.1111/j.1467-8624.2007.00995.x,Implicit theories of intelligence predict achievement across an adolescent transition: A longitudinal study and an intervention,"Blackwell, L. S.; Trzesniewski, K. H.; Dweck, C. S.",2007,Child Development,Growth mindset predicts improvement in mathematics grades across a challenging transition to junior high school,"Here we report two near-replication studies of Blackwell et al. (2007) study 1, testing if intelligence mindsets are associated with educational attainment",clear," [ling26: extra entry, not in the external record] [ling26: no entry matched this anchor]"
,10.1016/j.intell.2020.101471,10.1016--j.intell.2020.101471,,,yes,,failure,close extension,https://doi.org/10.1111/j.1467-8624.2007.00995.x,Implicit theories of intelligence predict achievement across an adolescent transition: A longitudinal study and an intervention,"Blackwell, L. S.; Trzesniewski, K. H.; Dweck, C. S.",2007,Child Development,Growth mindset predicts improvement in mathematics grades across a challenging transition to junior high school,"Here we report two near-replication studies of Blackwell et al. (2007) study 1, testing if intelligence mindsets are associated with educational attainment",clear," [ling26: extra entry, not in the external record]"
10.1016--j.jesp.2023.104549#mainf_72fbf7d05c,10.1016/j.jesp.2023.104549,10.1016--j.jesp.2023.104549,mainf_72fbf7d05c,Analytic thinking reduces belief in conspiracy theories (2014.0),yes,,failure,direct,https://doi.org/10.1016/j.cognition.2014.08.006,Analytic thinking reduces belief in conspiracy theories,"Swami, V; Voracek, M; Stieger, S; Tran, U; Furnham, A",2014,Cognition,Priming analytic thinking through a scrambled sentence task reduces belief in conspiracy theories,Swami et al. (2014) conducted four studies and found that priming analytical thinking reduces belief in well-known conspiracy theories.,clear,Preregistered direct replication with high statistical power (N=302); Bayesian analyses showed moderate evidence for the null hypothesis; authors explicitly state no evidence that analytic prime reduced conspiracy beliefs. Replication of Study 2 from Swami et al. (2014); no evidence that analytic prime reduced conspiracy beliefs; Bayesian analysis showed moderate evidence for null hypothesis (BF01 = 4.54).
10.1016--j.jesp.2023.104549#mainf_f61e10fa5c,10.1016/j.jesp.2023.104549,10.1016--j.jesp.2023.104549,mainf_f61e10fa5c,Analytic thinking reduces belief in conspiracy theories (2014.0),yes,,failure,direct,https://doi.org/10.1016/j.cognition.2014.08.006,Analytic thinking reduces belief in conspiracy theories,"Swami, V; Voracek, M; Stieger, S; Tran, U; Furnham, A",2014,Cognition,Priming analytic thinking through a disfluent font manipulation reduces belief in conspiracy theories,Swami et al. (2014) conducted four studies and found that priming analytical thinking reduces belief in well-known conspiracy theories.,clear,"Preregistered direct replication with high statistical power (N=488); Bayesian analyses showed moderate-to-strong evidence for the null hypothesis; authors explicitly state the original study failed to replicate and no evidence that disfluent font manipulation reduced conspiracy beliefs. Replication of Study 4 from Swami et al. (2014); no evidence that disfluent font manipulation reduced conspiracy beliefs; Bayesian analysis showed moderate-to-strong evidence for null hypothesis (BF01 = 8.20 for GCBS, BF01 = 4.57 for 7/7 conspiracy theories)."
10.1098--rsos.210641#mainf_f69e708375,10.1098/rsos.210641,10.1098--rsos.210641,mainf_f69e708375,The Aging of the Social Mind - Differential Effects on Components of Social Understanding (2017.0),yes,,success,direct,https://doi.org/10.1038/s41598-017-10669-4,The aging of the social mind-differential effects on components of social understanding,"Reiter, A; Kanske, P; Eppinger, B; Li, S",2017,Scientific Reports,Age-related differences in empathy (sharing of a narrator's emotion) measured with the EmpaToM paradigm,One exception is the study by Reiter et al. [62].,clear,"Paper cites Reiter et al. as [62] but the actual Reiter et al. (2017) reference is [63] in the reference list; the original study is Reiter et al. (2017) with DOI 10.1038/s41598-017-10669-4. The replication found no significant age effect on empathy, consistent with the original's preservation finding, and the authors explicitly claim replication success. Paper cites Reiter et al. as [62] but the actual Reiter et al. paper is reference [63] in the reference list; reference [62] is Sze et al. (2012). The described original study (EmpaToM, empathy, compassion, ToM) matches Reiter et al. (2017). The replication found no significant age effect on empathy, consistent with the original's preservation finding."
10.1098--rsos.210641#mainf_d05d14818f,10.1098/rsos.210641,10.1098--rsos.210641,mainf_d05d14818f,The Aging of the Social Mind - Differential Effects on Components of Social Understanding (2017.0),yes,,success,direct,https://doi.org/10.1038/s41598-017-10669-4,The aging of the social mind-differential effects on components of social understanding,"Reiter, A; Kanske, P; Eppinger, B; Li, S",2017,Scientific Reports,Age-related differences in compassion (concern for the narrator) measured with the EmpaToM paradigm,One exception is the study by Reiter et al. [62].,clear,"Paper cites Reiter et al. as [62] but the actual Reiter et al. (2017) reference is [63] in the reference list. Paper cites Reiter et al. as [62] but the actual Reiter et al. paper is reference [63] in the reference list; reference [62] is Sze et al. (2012). The described original study matches Reiter et al. (2017). The replication found significantly more compassion in OA than YA, consistent with the original's enhancement finding."
10.1098--rsos.210641#mainf_52894d82df,10.1098/rsos.210641,10.1098--rsos.210641,mainf_52894d82df,The Aging of the Social Mind - Differential Effects on Components of Social Understanding (2017.0),yes,,success,direct,https://doi.org/10.1038/s41598-017-10669-4,The aging of the social mind-differential effects on components of social understanding,"Reiter, A; Kanske, P; Eppinger, B; Li, S",2017,Scientific Reports,Age-related differences in Theory of Mind (reasoning about the narrator's thoughts) measured with the EmpaToM paradigm,One exception is the study by Reiter et al. [62].,clear,"Paper cites Reiter et al. as [62] but the actual Reiter et al. (2017) reference is [63] in the reference list. The replication replicated the ToM accuracy decline but did not replicate the ToM reaction time effect from the original. Paper cites Reiter et al. as [62] but the actual Reiter et al. paper is reference [63] in the reference list; reference [62] is Sze et al. (2012). The described original study matches Reiter et al. (2017). The replication found YA outperformed OA in ToM accuracy, consistent with the original's decline finding. The paper did not replicate the ToM reaction time interaction from the original."
10.1177--01461672211052120#mainf_cf2790f362,10.1177/01461672211052120,10.1177--01461672211052120,mainf_cf2790f362,The drunk utilitarian: Blood alcohol concentration predicts utilitarian responses in moral dilemmas (2014.0),yes,,failure,close experiment,https://doi.org/10.1016/j.cognition.2014.09.006,The drunk utilitarian: Blood alcohol concentration predicts utilitarian responses in moral dilemmas,"Duke, A; Bègue, L",2015,Cognition,Pro-sacrificial harm judgments in the switch dilemma as a function of blood alcohol concentration,"For responses to the two variants of the trolley problem, we expected to obtain effects that correspond to Duke and Bègue's (2015) correlational findings.",clear,"Preregistered experiment with N=329 found no significant effect of alcohol on moral judgments across all measures (all Fs and ts nonsignificant), failing to replicate the drunk utilitarian phenomenon originally reported by Duke and Bègue (2015). Original study was correlational; this replication was experimental with placebo control and higher alcohol dose."
,10.1177/01461672211052120,10.1177--01461672211052120,,,yes,,failure,close experiment,https://doi.org/10.1016/j.cognition.2014.09.006,The drunk utilitarian: Blood alcohol concentration predicts utilitarian responses in moral dilemmas,"Duke, A; Bègue, L",2015,Cognition,Pro-sacrificial harm judgments in the footbridge dilemma as a function of blood alcohol concentration,"For responses to the two variants of the trolley problem, we expected to obtain effects that correspond to Duke and Bègue's (2015) correlational findings.",clear," [ling26: extra entry, not in the external record]"
10.1177--0956797617747090#mainf_5711a463c7,10.1177/0956797617747090,10.1177--0956797617747090,mainf_5711a463c7,Action Anticipation Through Attribution of False Belief by 2-Year-Olds (2007.0),yes,,failure,direct,,Action anticipation through attribution of false belief by 2-year-olds,"Southgate, V; Senju, A; Csibra, G",2007,Psychological Science,"Anticipatory-looking false-belief task with two false-belief conditions (False Belief 1 and False Belief 2), measuring differential looking score to belief-congruent vs belief-incongruent locations","In the original studies of [37] and [34], the main finding was that participants generally showed more anticipatory looking to the belief-congruent than to the belief-incongruent location, with no significant differences between the False Belief 1 and False Belief 2 conditions.",clear,Cited [37] as primary original; [34] also contributed to this paradigm. Overall original findings not replicated; only False Belief 1 condition showed a significant effect
,10.1177/0956797617747090,10.1177--0956797617747090,,,yes,,inconclusive,direct,,Eye movements reveal sustained implicit processing of others' mental states,"Schneider, D; Bayliss, A; Becker, S; Dux, P",2012,Journal of Experimental Psychology: General,Anticipatory-looking false-belief task where participants look longer at the no-object location in the false-belief condition compared to the true-belief condition,The main results of the original [29] study were as follows.,clear,"Partial replication: the Belief × Location interaction was found but not in the crucial no-object location comparison [ling26: extra entry, not in the external record]"
,10.1177/0956797617747090,10.1177--0956797617747090,,,yes,,inconclusive,direct,,Where will the triangle look for it? Attributing false beliefs to a geometric shape at 17 months,"Surian, L; Geraci, A",2012,British Journal of Developmental Psychology,"Anticipatory-looking false-belief task with a geometric shape protagonist, measuring first saccades and looking time to belief-congruent vs belief-incongruent locations",The main findings of the original [38] study were as follows.,clear,"Replicated the original null findings on looking time but not the positive first-saccade findings [ling26: extra entry, not in the external record]"
,10.1177/0956797617747090,10.1177--0956797617747090,,,yes,,success,direct,,Attributing false beliefs about object identity reveals a signature blind spot in humans' efficient mind-reading system,"Low, J; Watts, J",2013,Psychological Science,Anticipatory-looking false-belief task measuring differential looking score (DLS) to belief-congruent vs belief-incongruent locations,"The main finding of the original [17] study was that participants looked proportionally more to the belief-congruent (no-object) location than to the belief-incongruent (object) location, as indicated by a significantly positive DLS.",clear,"Fully replicated as stated by the authors [ling26: extra entry, not in the external record]"
,10.1177/0956797617747090,10.1177--0956797617747090,,,yes,,failure,direct,,Eye movements reveal sustained implicit processing of others' mental states,"Schneider, D; Bayliss, A; Becker, S; Dux, P",2012,Journal of Experimental Psychology: General,Anticipatory-looking false-belief task where participants look longer at the no-object location in the false-belief condition compared to the true-belief condition,"As an additional test for order effects, Study 2 (n = 82) was designed to replicate the [29] paradigm in a single session to rule out more stringent multitest or order effects.",clear,"Study 2 was a separate replication of the [29] paradigm with a different sample; the crucial finding (difference at no-object location between false-belief and true-belief) was not replicated [ling26: extra entry, not in the external record]"
,10.1177/0956797617747090,10.1177--0956797617747090,,,yes,,failure,direct,,Attributing false beliefs about object identity reveals a signature blind spot in humans' efficient mind-reading system,"Low, J; Watts, J",2013,Psychological Science,Anticipatory-looking false-belief task measuring differential looking score (DLS) to belief-congruent vs belief-incongruent locations,"Studies 3a and 3b included replications of the methods described in the original article, using and extending original stimuli, which were generously shared with us by the authors.",clear,"Study 3a introduced Control 1 (reversed familiarization side); DLS did not differ from zero when the confound was controlled [ling26: extra entry, not in the external record]"
,10.1177/0956797617747090,10.1177--0956797617747090,,,yes,,failure,direct,,Attributing false beliefs about object identity reveals a signature blind spot in humans' efficient mind-reading system,"Low, J; Watts, J",2013,Psychological Science,Anticipatory-looking false-belief task measuring differential looking score (DLS) to belief-congruent vs belief-incongruent locations,"Studies 3a and 3b included replications of the methods described in the original article, using and extending original stimuli, which were generously shared with us by the authors.",clear,"Study 3b introduced Control 2 (actress turned toward belief-incongruent direction); DLS did not differ from zero in this condition either [ling26: extra entry, not in the external record]"
10.1525--collabra.185#mainf_01059a4ba3,10.1525/collabra.185,10.1525--collabra.185,mainf_01059a4ba3,Foundational Tests of the Need-Support Model (2017.0),yes,,success,direct,https://doi.org/10.3389/fpsyg.2018.00757,Contents of hopes and duties: A linguistic analysis,"Vaughn, L. A.",2018,Frontiers in Psychology,Descriptions of hopes are more positive in emotional tone and descriptions of duties show more attention to social relationships than descriptions of hopes,I expected the results from Vaughn's (2018) LIWC analyses to replicate in Study 2.,clear,[ling26: no entry matched this anchor]
10.1525--collabra.185#mainf_ed873efa07,10.1525/collabra.185,10.1525--collabra.185,mainf_ed873efa07,Foundational Tests of the Need-Support Model (2017.0),yes,,,,,,,,,,,, [ling26: no entry matched this anchor] [ling26: no entry matched this anchor]
10.1525--collabra.185#mainf_2a8e6fa66b,10.1525/collabra.185,10.1525--collabra.185,mainf_2a8e6fa66b,Foundational Tests of the Need-Support Model (2017.0),yes,,,,,,,,,,,, [ling26: no entry matched this anchor] [ling26: no entry matched this anchor]
10.1525--collabra.277#mainf_20277dcfde,10.1525/collabra.277,10.1525--collabra.277,mainf_20277dcfde,The semantic red effect: Processing the word red undermines intellectual performance (2009.0),yes,,failure,conceptual,https://doi.org/10.1016/j.jesp.2009.06.003,The semantic red effect: Processing the word red undermines intellectual performance,"Lichtenfeld, S.; Maier, M. A.; Elliot, A. J.; Pekrun, R.",2009,Journal of Experimental Social Psychology,Processing the word red impairs general knowledge test performance,"Thus, we present two direct replications and two conceptual replications (cf. Schmidt, 2009) of Experiment 2 in Lichtenfeld et al. (2009)",clear,
,10.1525/collabra.277,10.1525--collabra.277,,,yes,,failure,direct,https://doi.org/10.1016/j.jesp.2009.06.003,The semantic red effect: Processing the word red undermines intellectual performance,"Lichtenfeld, S.; Maier, M.; Elliot, A.; Pekrun, R.",2009,Journal of Experimental Social Psychology,Experiment 2 of Lichtenfeld et al. (2009): processing the word red impairs verbal analogy test performance,"Experiments 1 and 2 (Ns = 69 and 104) are direct replications of Lichtenfeld, Maier, Elliot, and Pekrun (2009).",clear," [ling26: extra entry, not in the external record] [ling26: no entry matched this anchor]"
,10.1525/collabra.277,10.1525--collabra.277,,,yes,,failure,direct,https://doi.org/10.1016/j.jesp.2009.06.003,The semantic red effect: Processing the word red undermines intellectual performance,"Lichtenfeld, S.; Maier, M.; Elliot, A.; Pekrun, R.",2009,Journal of Experimental Social Psychology,Experiment 2 of Lichtenfeld et al. (2009): processing the word red impairs verbal analogy test performance,"Experiments 1 and 2 (Ns = 69 and 104) are direct replications of Lichtenfeld, Maier, Elliot, and Pekrun (2009).",clear," [ling26: extra entry, not in the external record] [ling26: no entry matched this anchor]"
,10.1525/collabra.277,10.1525--collabra.277,,,yes,,failure,conceptual,https://doi.org/10.1016/j.jesp.2009.06.003,The semantic red effect: Processing the word red undermines intellectual performance,"Lichtenfeld, S.; Maier, M.; Elliot, A.; Pekrun, R.",2009,Journal of Experimental Social Psychology,Experiment 2 of Lichtenfeld et al. (2009): processing the word red impairs general knowledge test performance,"Experiments 1 and 2 (Ns = 69 and 104) are direct replications of Lichtenfeld, Maier, Elliot, and Pekrun (2009).",clear," [ling26: extra entry, not in the external record] [ling26: no entry matched this anchor]"
,10.1525/collabra.277,10.1525--collabra.277,,,yes,,failure,direct,https://doi.org/10.1016/j.jesp.2009.06.003,The semantic red effect: Processing the word red undermines intellectual performance,"Lichtenfeld, S.; Maier, M. A.; Elliot, A. J.; Pekrun, R.",2009,Journal of Experimental Social Psychology,Processing the word red impairs verbal analogy test performance,"Experiments 1 and 2 (Ns = 69 and 104) are direct replications of Lichtenfeld, Maier, Elliot, and Pekrun (2009).",clear," [ling26: extra entry, not in the external record]"
,10.1525/collabra.277,10.1525--collabra.277,,,yes,,failure,direct,https://doi.org/10.1016/j.jesp.2009.06.003,The semantic red effect: Processing the word red undermines intellectual performance,"Lichtenfeld, S.; Maier, M. A.; Elliot, A. J.; Pekrun, R.",2009,Journal of Experimental Social Psychology,Processing the word red impairs verbal analogy test performance,"Experiments 1 and 2 (Ns = 69 and 104) are direct replications of Lichtenfeld, Maier, Elliot, and Pekrun (2009).",clear," [ling26: extra entry, not in the external record]"
,10.1525/collabra.277,10.1525--collabra.277,,,yes,,failure,conceptual,https://doi.org/10.1016/j.jesp.2009.06.003,The semantic red effect: Processing the word red undermines intellectual performance,"Lichtenfeld, S.; Maier, M. A.; Elliot, A. J.; Pekrun, R.",2009,Journal of Experimental Social Psychology,Processing the word red impairs general knowledge test performance,"Thus, we present two direct replications and two conceptual replications (cf. Schmidt, 2009) of Experiment 2 in Lichtenfeld et al. (2009)",clear," [ling26: extra entry, not in the external record]"
10.31234--osf.io--drfht#mainf_8c2a51dec6,10.31234/osf.io/drfht,10.31234--osf.io--drfht,mainf_8c2a51dec6,Placebo analgesia and its opioidergic regulation suggest that empathy for pain is grounded in self pain (2015.0),yes,,,,,,,,,,,, [ling26: no entry matched this anchor] [ling26: no entry matched this anchor]
10.3389--fpsyg.2014.00786#mainf_5df2ffe3fd,10.3389/fpsyg.2014.00786,10.3389--fpsyg.2014.00786,mainf_5df2ffe3fd,Measuring the Crowd Within (2008.0),yes,,success,direct,https://doi.org/10.1111/j.1467-9280.2008.02136.x,Measuring the crowd within: probabilistic representations within individuals,"Vul, E.; Pashler, H.",2008,Psychological Science,Averaging two guesses within one person provides a more accurate answer than either guess alone in the delayed condition,"In the light of the practical and theoretical appeal of the crowd within, and the limited success in replicating the effect, we believe it is worthwhile to set up another attempt at replicating the crowd within effect in both the immediate and the delayed condition of Vul and Pashler (2008).",clear,Pre-registered replication; the delayed condition (3-week gap between guesses) was a novel addition not previously attempted in replication. Both conditions met the pre-registered success criteria.
,10.3389/fpsyg.2014.00786,10.3389--fpsyg.2014.00786,,,yes,,success,direct,https://doi.org/10.1111/j.1467-9280.2008.02136.x,Measuring the crowd within: probabilistic representations within individuals,"Vul, E; Pashler, H",2008,Psychological Science,Averaging two guesses within a person improves estimation accuracy on general knowledge questions compared to a single guess (immediate condition),"In the light of the practical and theoretical appeal of the crowd within, and the limited success in replicating the effect, we believe it is worthwhile to set up another attempt at replicating the crowd within effect in both the immediate and the delayed condition of Vul and Pashler (2008).",clear," [ling26: extra entry, not in the external record] [ling26: no entry matched this anchor]"
,10.3389/fpsyg.2014.00786,10.3389--fpsyg.2014.00786,,,yes,,success,direct,https://doi.org/10.1111/j.1467-9280.2008.02136.x,Measuring the crowd within: probabilistic representations within individuals,"Vul, E.; Pashler, H.",2008,Psychological Science,Averaging two guesses within one person provides a more accurate answer than either guess alone in the immediate condition,"In the light of the practical and theoretical appeal of the crowd within, and the limited success in replicating the effect, we believe it is worthwhile to set up another attempt at replicating the crowd within effect in both the immediate and the delayed condition of Vul and Pashler (2008).",clear,"Pre-registered replication; both immediate and delayed conditions were successful. The immediate condition used the same paradigm as the original with questions translated to Dutch and updated answers. [ling26: extra entry, not in the external record]"
10.1027--1864-9335--a000186#mainf_fc2d5dc9fe,10.1027/1864-9335/a000186,10.1027--1864-9335--a000186,mainf_fc2d5dc9fe,With a Clean Conscience (2008.0),yes,,,,,,,,,,,, [ling26: no entry matched this anchor] [ling26: no entry matched this anchor]
10.1027--1864-9335--a000186#mainf_e1dc8d815b,10.1027/1864-9335/a000186,10.1027--1864-9335--a000186,mainf_e1dc8d815b,"Cleanliness Reduces the Severity of
Moral Judgment (2013.0)",yes,,failure,direct,,With a clean conscience cleanliness reduces the severity of moral judgments.,"Schnall, S; Benton, J; Harvey, S",2008,Psychological Science,Washing hands after experiencing disgust reduces the severity of moral judgments.,"These reasons motivated our replication studies of the two experiments reported in Schnall, Benton, and colleagues (2008).",clear,Direct replication of SBH Experiment 2; preregistered; materials supplied by original authors. Direct replication of SBH Exp 2; preregistered; original DOI not found in paper.
,10.1027/1864-9335/a000186,10.1027--1864-9335--a000186,,,yes,,failure,direct,,With a clean conscience cleanliness reduces the severity of moral judgments.,"Schnall, S; Benton, J; Harvey, S",2008,Psychological Science,Priming with cleanliness reduces the severity of moral judgments.,,clear,"Direct replication of SBH Experiment 1; preregistered; materials supplied by original authors. [ling26: extra entry, not in the external record] [ling26: no entry matched this anchor]"
,10.1027/1864-9335/a000186,10.1027--1864-9335--a000186,,,yes,,failure,direct,,With a clean conscience cleanliness reduces the severity of moral judgments.,"Schnall, S; Benton, J; Harvey, S",2008,Psychological Science,Exposure to cleanliness-related words reduces the severity of moral judgments.,"These reasons motivated our replication studies of the two experiments reported in Schnall, Benton, and colleagues (2008).",clear,"Direct replication of SBH Exp 1; preregistered; original DOI not found in paper. [ling26: extra entry, not in the external record]"
10.1016--j.jesp.2020.104052#mainf_e0e12977e6,10.1016/j.jesp.2020.104052,10.1016--j.jesp.2020.104052,mainf_e0e12977e6,Distinction Bias: Misprediction and Mischoice Due to Joint Evaluation. (2004.0),yes,,failure,close experiment,https://doi.org/10/dhnrdb,Distinction bias: Misprediction and mischoice due to joint evaluation,"Hsee, C; Zhang, J",2004,Journal of Personality and Social Psychology,People in joint evaluation mode overpredict happiness differences between quantitatively different word tasks but not between qualitatively different word tasks.,"we successfully replicated Study 1, from Hsee and Zhang (2004), but not Study 2.",clear,"Study 2 results are explicitly called 'inconclusive' by the authors; some comparisons support distinction bias and some do not. The paper states 'the results of Study 2 in the present paper are inconclusive and, in general, do not replicate the focal results of Study 2 from Hsee and Zhang (2004).'"
,10.1016/j.jesp.2020.104052,10.1016--j.jesp.2020.104052,,,yes,,success,close experiment,https://doi.org/10/dhnrdb,Distinction bias: Misprediction and mischoice due to joint evaluation,"Hsee, C; Zhang, J",2004,Journal of Personality and Social Psychology,"People in joint evaluation overpredict the difference in happiness between quantitatively different options compared to people in single evaluation, but not for qualitatively different options (Study 1: poem book selling scenarios).","In the present paper, we report replications and extensions of Studies 1 and 2 from Hsee and Zhang (2004).",clear,"Study 1 fully replicated the original; the paper explicitly states 'successfully replicate' and 'the results of Study 1 in the present paper support the theory of distinction bias.' The extension condition (alternative reference point of 160 buyers) is part of this entry, not a separate entry. [ling26: extra entry, not in the external record] [ling26: no entry matched this anchor]"
,10.1016/j.jesp.2020.104052,10.1016--j.jesp.2020.104052,,,yes,,success,close experiment,https://doi.org/10/dhnrdb,Distinction bias: Misprediction and mischoice due to joint evaluation,"Hsee, C; Zhang, J",2004,Journal of Personality and Social Psychology,People in joint evaluation mode overpredict happiness differences between quantitatively different options but not between qualitatively different options.,the results of Study 1 in the present paper support the theory of distinction bias and successfully replicate the results of Study 1 from Hsee and Zhang (2004).,clear," [ling26: extra entry, not in the external record]"
10.1371--journal.pone.0029081#mainf_4a16210cbe,10.1371/journal.pone.0029081,10.1371--journal.pone.0029081,mainf_4a16210cbe,Automaticity of social behavior: Direct effects of trait construct and stereotype activation on action (1996),yes,,inconclusive,close experiment,https://doi.org/10.1037/0022-3514.71.2.230,Automaticity of social behavior: direct effects of trait construct and stereotype-activation on action,"Bargh, J; Chen, M; Burrows, L",1996,Journal of Personality and Social Psychology,Activating the stereotype of old age through scrambled sentences priming causes participants to walk more slowly,"In Experiment 2, however, we were indeed able to replicate Bargh et al.'s priming effect, but only when the experimenter expected the primed participant to walk slower after having being primed.",clear,"Experiment 2 found the priming effect only when experimenters expected slower walking (slow condition), but found a reversal on subjective timing in the fast condition and null on objective timing; mixed signals within one experiment make this inconclusive. Effect found only in the slow experimenter condition (conditional success); fast condition showed no effect on objective timings and a reversal on subjective timings, which authors attribute to stopwatch error."
,10.1371/journal.pone.0029081,10.1371--journal.pone.0029081,,,yes,,failure,close experiment,,Automaticity of social behavior: direct effects of trait construct and stereotype-activation on action,"Bargh, J; Chen, M; Burrows, L",1996,Journal of Personality and Social Psychology,Activating the concept of old age through scrambled sentences priming causes participants to walk more slowly,"Here, we sought to replicate Bargh et al's [1] experiments.",clear,"Experiment 1 used automated infrared timing instead of manual stopwatch; authors explicitly state 'we were unable to replicate the effects observed by Bargh et al.' [ling26: extra entry, not in the external record] [ling26: no entry matched this anchor]"
,10.1371/journal.pone.0029081,10.1371--journal.pone.0029081,,,yes,,failure,close experiment,https://doi.org/10.1037/0022-3514.71.2.230,Automaticity of social behavior: direct effects of trait construct and stereotype-activation on action,"Bargh, J; Chen, M; Burrows, L",1996,Journal of Personality and Social Psychology,Activating the stereotype of old age through scrambled sentences priming causes participants to walk more slowly,"Despite our large sample of 120 participants (vs. 60 in Bargh et al.'s study 2a and 2b combined), and despite our precise measurement methods, we were unable to replicate the effects observed by Bargh et al. [1].",clear," [ling26: extra entry, not in the external record]"
10.1177--2515245918777487#mainf_3dc6d2cee6,10.1177/2515245918777487,10.1177--2515245918777487,mainf_3dc6d2cee6,"The role of category accessibility in the interpretation of
information about persons: Some determinants and implications (1979.0)",yes,,inconclusive,direct,https://doi.org/10.1037/0022-3514.37.10.1660,The role of category accessibility in the interpretation of information about persons: Some determinants and implications,"Srull, T; Wyer, R",1979,Journal of Personality and Social Psychology,Exposure to hostility-related sentence primes (80% hostile vs. 20% hostile) causes participants to rate a vignette protagonist and ambiguously hostile behaviors as more hostile,"In the current RRR project, we sought to estimate the magnitude and reliability of the hostility-priming effects reported by Srull and Wyer through a series of independently conducted direct replications.",clear,"Two outcome variables (protagonist ratings and behavior ratings) with different results: protagonist ratings show a small significant effect in the predicted direction (0.08, 95% CI [0.004, 0.16]), while behavior ratings show a non-significant effect in the opposite direction (-0.08, 95% CI [-0.18, 0.01]). The authors conclude the methods do not produce a practically detectable priming effect. Protagonist result coded inconclusive per the 'significant but questionable' and 'substantial validity concerns' criteria; behavior result coded failure per 'no significant effect found and authors frame it as a failure.'"
10.1177--1745691618755704#mainf_2d568f212f,10.1177/1745691618755704,10.1177--1745691618755704,mainf_2d568f212f,"The relation between perception and behavior, or how to win a
game of trivial pursuit (1998.0)",yes,,failure,direct,,"The relation between perception and behavior, or how to win a game of Trivial Pursuit","Dijksterhuis, A; Van Knippenberg, A",1998,Journal of Personality and Social Psychology,Priming with intelligence-related categories (professor) improved trivia performance compared to priming with stupidity-related categories (hooligan).,"collectively and individually, these experiments did not find the difference in trivia performance originally observed in Dijksterhuis and van Knippenberg's (1998) Experiment 4",clear,
10.1177--2515245918781032#mainf_9a8b122d8c,10.1177/2515245918781032,10.1177--2515245918781032,mainf_9a8b122d8c,"The Dishonesty of Honest People: A Theory of Self-Concept
Maintenance (2008.0)",yes,,failure,direct,,The dishonesty of honest people: A theory of self-concept maintenance,"Mazar, Nina; Amir, On; Ariely, Dan",2008,Journal of Marketing Research,Recalling the Ten Commandments reduces self-reported cheating (number of matrices solved) compared to recalling books when participants have the opportunity to cheat.,"Mazar, Amir, and Ariely (2008, Experiment 1) gave participants an opportunity and incentive to cheat on a problem-solving task.",clear,The paper is a Registered Replication Report aggregating 25 direct replications of the same original study; coded as one entry. The original DOI is not provided in the paper.
10.1371--journal.pone.0042510#mainf_ded11be2a9,10.1371/journal.pone.0042510,10.1371--journal.pone.0042510,mainf_ded11be2a9,Keeping One's Distance (2008.0),yes,,,,,,,,,,,, [ling26: no entry matched this anchor] [ling26: no entry matched this anchor]
,10.1371/journal.pone.0042510,10.1371--journal.pone.0042510,,,yes,,failure,direct,,Keeping one's distance: The influence of spatial distance cues on affect and evaluation,"Williams, L.; Bargh, J.",2008,Psychological Science,"Plotting close-together points on graph paper causes people to report stronger emotional bonds to their parents, siblings, and hometown","The first replication attempt focused on Study 4 of Williams and Bargh (2008), in which the 'spatial priming manipulation' was reported to have influenced people's feelings of emotional attachment to familiar people and places.",clear," [ling26: extra entry, not in the external record] [ling26: no entry matched this anchor]"
,10.1371/journal.pone.0042510,10.1371--journal.pone.0042510,,,yes,,failure,direct,,Keeping one's distance: The influence of spatial distance cues on affect and evaluation,"Williams, L.; Bargh, J.",2008,Psychological Science,Plotting distant points on graph paper causes people to estimate that unhealthy foods contain fewer calories than healthy foods,"The second study attempted to replicate Study 3 of the same paper by Williams and Bargh (2008), which reported that physical-distance cues influenced participants' estimates of the caloric content of some 'unhealthy foods' such as french fries and ice cream, and some 'healthy foods' such as brown rice and apple.",clear," [ling26: extra entry, not in the external record] [ling26: no entry matched this anchor]"
,10.1371/journal.pone.0042510,10.1371--journal.pone.0042510,,,yes,,failure,direct,,Keeping one's distance: The influence of spatial distance cues on affect and evaluation,"Williams, L; Bargh, J",2008,Psychological Science,Plotting close-together points on graph paper causes people to report stronger emotional bonds to family and hometown compared to plotting distant points,"The first replication attempt focused on Study 4 of Williams and Bargh (2008), in which the 'spatial priming manipulation' was reported to have influenced people's feelings of emotional attachment to familiar people and places.",clear,"Direct replication of Williams and Bargh (2008) Study 4. ANOVA showed no significant difference in bond strength between priming conditions, F(2,68)=.31, p=.73. Authors explicitly state neither study supported the original results. [ling26: extra entry, not in the external record]"
,10.1371/journal.pone.0042510,10.1371--journal.pone.0042510,,,yes,,failure,direct,,Keeping one's distance: The influence of spatial distance cues on affect and evaluation,"Williams, L; Bargh, J",2008,Psychological Science,Physical-distance cues influence participants' estimates of the caloric content of unhealthy and healthy foods,"The second study attempted to replicate Study 3 of the same paper by Williams and Bargh (2008), which reported that physical-distance cues influenced participants' estimates of the caloric content of some 'unhealthy foods' such as french fries and ice cream, and some 'healthy foods' such as brown rice and apple.",clear,"Direct replication of Williams and Bargh (2008) Study 3. No main effect of priming condition, F(2,85)=.53, p=.59; no significant interaction, F(2,85)=.45, p=.64. Authors state 'no support whatsoever for the findings of Williams and Bargh (2008).' [ling26: extra entry, not in the external record]"
10.1177--1745691616664694#mainf_5573c20497,10.1177/1745691616664694,10.1177--1745691616664694,mainf_5573c20497,"Dealing with betrayal in close relationships: Does commitment
promote forgiveness? (2002.0)",yes,,failure,direct,https://doi.org/10.1037/0022-3514.82.6.956,Dealing with betrayal in close relationships: Does commitment promote forgiveness?,"Finkel, E. J.; Rusbult, C. E.; Kumashiro, M.; Hannon, P. A.",2002,Journal of Personality and Social Psychology,A high commitment prime reduces exit and neglect forgiveness responses and increases voice and loyalty forgiveness responses compared to a low commitment prime when reacting to hypothetical betrayals by a romantic partner.,"Finkel, Rusbult, Kumashiro, and Hannon (2002) predicted that participants exposed to a high-commitment prime would exhibit greater forgiveness, reacting to betrayal with ""lesser exit and neglect along with greater voice and loyalty"" (p. 960) than would those exposed to a low-commitment prime.",clear,"This is a multilab direct replication of Study 1 from Finkel et al. (2002). The RRR found no significant effects of the commitment prime on any of the four forgiveness measures (exit, neglect, voice, loyalty), failing to replicate the original finding that high commitment prime reduced exit and neglect responses. The original study found significant effects for exit and neglect but not voice and loyalty; the RRR found null results across all four. This is a large-scale multilab direct replication (16 labs, preregistered) of Study 1 from Finkel et al. (2002). The meta-analytic results showed near-zero effects for all four outcome measures (exit, neglect, voice, loyalty), and the authors explicitly state the results are not consistent with the original finding. The manipulation check (subjective commitment) also failed."
10.1257--mac.6.3.1#mainf_86241f5ed5,10.1257/mac.6.3.1,10.1257--mac.6.3.1,mainf_86241f5ed5,Reversal of Fortune: Geography and Institutions in the Making of the Modern World Income Distribution (2001),yes,,inconclusive,close extension,https://doi.org/10.1257/aer.91.5.1231,The Reversal of Fortune: Geography and Institutions in the Making of the Modern World Income Gap,"Acemoglu, Daron; Johnson, Simon; Robinson, James A.",2001,American Economic Review,"Tests whether urbanization, population density, millennia of agriculture, state history, and technology mediate the effect of geography on economic development through institutions as proposed in the original Reversal of Fortune framework",,ambiguous,"The full text is heavily garbled/encrypted, making it difficult to extract verbatim citation sentences and precise statistical values. The result is classified as inconclusive due to mixed findings across mediator pathways (some significant in expected direction, others null or insignificant). The replication type is close extension because the paper tests the same theoretical framework but with different mediator variables and potentially different data. The citation_sentence is left blank because no readable citation sentence could be extracted from the garbled text. [ling26: no entry matched this anchor]"
10.1111--j.1540-6261.2012.01744.x#mainf_0715da0871,10.1111/j.1540-6261.2012.01744.x,10.1111--j.1540-6261.2012.01744.x,mainf_0715da0871,CEO Compensation and Board Structure (2008),yes,,failure,direct,,CEO Compensation and Board Structure,"Chhaochharia, ; Grinstein,",2009,,The effect of compensation committee independence on CEO pay,"To test prediction, Chhaochharia and Grinstein (2009) (henceforth CG) use firms' compliance status before the rule change to identify the causal effect of board composition on CEO pay.",clear,"CG's original finding was a null effect (-0.014, p=83%). The replication finds a significant positive effect (+0.069, p=2.3%) after excluding the Apple and Fossil outliers, indicating that CC-noncompliance increases CEO pay rather than leaving it unchanged. The authors frame this as a perverse unintended consequence of the compensation committee independence requirement. [ling26: no entry matched this anchor]"
,10.1111/j.1540-6261.2012.01744.x,10.1111--j.1540-6261.2012.01744.x,,,yes,,failure,direct,,CEO Compensation and Board Structure,"Chhaochharia, ; Grinstein,",2009,,The effect of board independence (noncompliant board × after period) on CEO total compensation,"To test prediction, Chhaochharia and Grinstein (2009) (henceforth CG) use firms' compliance status before the rule change to identify the causal effect of board composition on CEO pay.",clear,"The paper's full-sample replication reproduces a significant coefficient (-0.179, p=4.1%), but the authors demonstrate the result is driven entirely by two outlier firms (Apple and Fossil). After excluding the outliers, the effect drops by 74% and becomes statistically indistinguishable from zero. The authors frame this as a failure of the original finding's robustness and generalizability. [ling26: extra entry, not in the external record] [ling26: no entry matched this anchor]"
,10.1111/j.1540-6261.2012.01744.x,10.1111--j.1540-6261.2012.01744.x,,,yes,,failure,direct,,CEO Compensation and Board Structure,"Chhaochharia, ; Grinstein,",2009,,The effect of board independence on CEO pay in firms with and without blockholder directors,"To test prediction, Chhaochharia and Grinstein (2009) (henceforth CG) use firms' compliance status before the rule change to identify the causal effect of board composition on CEO pay.",clear,"The paper replicates CG's blockholder director interaction results and shows they are also driven by the Apple and Fossil outliers. After excluding the outliers, the noncompliance effect becomes economically negligible and statistically insignificant. [ling26: extra entry, not in the external record] [ling26: no entry matched this anchor]"
,10.1111/j.1540-6261.2012.01744.x,10.1111--j.1540-6261.2012.01744.x,,,yes,,failure,direct,,CEO Compensation and Board Structure,"Chhaochharia, ; Grinstein,",2009,,The effect of board independence on CEO pay conditional on institutional ownership concentration,"To test prediction, Chhaochharia and Grinstein (2009) (henceforth CG) use firms' compliance status before the rule change to identify the causal effect of board composition on CEO pay.",clear,"The paper replicates CG's institutional ownership concentration results and demonstrates they are driven by the Apple and Fossil outliers. After excluding the outliers, the effect is economically negligible and statistically indistinguishable from zero across all specifications. [ling26: extra entry, not in the external record] [ling26: no entry matched this anchor]"
,10.1111/j.1540-6261.2012.01744.x,10.1111--j.1540-6261.2012.01744.x,,,yes,,failure,direct,,,"Chhaochharia, ; Grinstein,",2009,,CEO pay decreases 17% more in firms with noncompliant boards (majority non-independent directors) than in firms with compliant boards (majority independent directors),Chhaochharia and Grinstein (2009) (henceforth CG) use firms' compliance status before the rule change to identify the causal effect of board composition on CEO pay.,clear,"The replication finds CG's main board independence result is driven by two outlier firms (Apple and Fossil). After excluding them, the effect drops by 74% and becomes statistically indistinguishable from zero. [ling26: extra entry, not in the external record]"
,10.1111/j.1540-6261.2012.01744.x,10.1111--j.1540-6261.2012.01744.x,,,yes,,failure,direct,,,"Chhaochharia, ; Grinstein,",2009,,The effect of board independence on CEO pay is moderated by the presence of blockholder directors (nonemployee directors owning 5%+ of shares),"Column (1) in panel A of Table III reproduces CG's main result on block ownership from table VII, column (1) of the published paper",clear,"The replication finds CG's blockholder moderation result is also driven by the same outliers (Apple and Fossil). After excluding them, the noncompliance effect for firms without blockholders drops from -0.270 to -0.100 and becomes marginally significant. [ling26: extra entry, not in the external record]"
,10.1111/j.1540-6261.2012.01744.x,10.1111--j.1540-6261.2012.01744.x,,,yes,,failure,direct,,,"Chhaochharia, ; Grinstein,",2009,,The effect of board independence on CEO pay varies with institutional ownership concentration (top vs. bottom quartiles),"Column (1) in panel B of Table III reproduces CG's results on institutional ownership concentration from Table VII, column (2) of the published paper.",clear,"The replication finds CG's institutional concentration results are also driven by outliers. After excluding Apple and Fossil, neither high nor low institutional concentration groups show significant noncompliance effects. [ling26: extra entry, not in the external record]"
,10.1111/j.1540-6261.2012.01744.x,10.1111--j.1540-6261.2012.01744.x,,,yes,,failure,direct,,,"Chhaochharia, ; Grinstein,",2009,,Compensation committee independence requirement does not significantly affect CEO pay,"Column (1) of Table IV reproduces CG's main result from Table II, column (2) of the published paper",ambiguous,"CG found a null effect of compensation committee noncompliance on CEO pay (coefficient -0.014, p=0.83). The replication also finds null in the full sample (coefficient -0.000), but after excluding outliers the effect reverses to positive and significant (coefficient 0.069, p=0.023). A second coder might code this as 'failure' (null is fragile) or 'inconclusive' (full sample matches but outlier-adjusted result differs). [ling26: extra entry, not in the external record]"
10.23846--rps0002#mainf_62b2a670fc,10.23846/rps0002,10.23846--rps0002,mainf_62b2a670fc,The Power of TV: Cable Television and Women's Status in India (2009),yes,,,,,,,,,,,, [ling26: no entry matched this anchor] [ling26: no entry matched this anchor]
10.1177--1091142114537893#mainf_a7f158b2c0,10.1177/1091142114537893,10.1177--1091142114537893,mainf_a7f158b2c0,Millionaire Migration and State Taxation of Top Incomes: Evidence from a Natural Experiment (2005),yes,,success,close experiment,,Millionaire Migration and State Taxation of Top Incomes: Evidence from a Natural Experiment,"Young, Cristobal; Varner, Charles",2011,National Tax Journal,The effect of New Jersey's 2004 income tax increase on net out-migration of millionaires among taxpayers earning all income in New Jersey,"This comment revisits an article by Cristobal Young and Charles Varner (2011; henceforth, YV) in the National Tax Journal that examined the extent to which a tax increase spurred net out-migration of high-income taxpayers from New Jersey.",clear,"The paper reestimates YV's models with multiple specifications; the key finding is that excluding in-migrants reveals a statistically significant increase in millionaire out-migration that YV's net migration specification missed due to methodological issues (including in-migrants in the sample). Replication of YV's model 5 (table 3), limiting the sample to affluent taxpayers who reported earning all of their income in New Jersey in a given year; confirms YV's finding of a statistically significant coefficient (2.47) at the 10 percent level."
,10.1177/1091142114537893,10.1177--1091142114537893,,,yes,,success,direct,,Millionaire Migration and State Taxation of Top Incomes: Evidence from a Natural Experiment,"Young, Cristobal; Varner, Charles",2011,National Tax Journal,The effect of New Jersey's 2004 income tax increase on net out-migration of millionaires relative to other affluent taxpayers,"This comment revisits an article by Cristobal Young and Charles Varner (2011; henceforth, YV) in the National Tax Journal that examined the extent to which a tax increase spurred net out-migration of high-income taxpayers from New Jersey.",clear,"Reestimation of YV's models 1-3 (table 1, net migration specification) using the same methodology; authors report coefficients very similar to YV's, reproducing the null finding. [ling26: extra entry, not in the external record]"
,10.1177/1091142114537893,10.1177--1091142114537893,,,yes,,success,close experiment,,Millionaire Migration and State Taxation of Top Incomes: Evidence from a Natural Experiment,"Young, Cristobal; Varner, Charles",2011,National Tax Journal,The effect of New Jersey's 2004 income tax increase on net out-migration of millionaires relative to other affluent taxpayers,"This comment revisits an article by Cristobal Young and Charles Varner (2011; henceforth, YV) in the National Tax Journal that examined the extent to which a tax increase spurred net out-migration of high-income taxpayers from New Jersey.",clear,"Reestimation of YV's model excluding New Jersey in-migrants (out-migration specification, table 2 sections C-D); finds statistically significant increase in annual millionaire out-migration after 2003, with coefficient roughly five times larger than YV's highlighted net migration estimates. [ling26: extra entry, not in the external record]"
10.1007--s00181-005-0242-z#mainf_4b29ee1c0d,10.1007/s00181-005-0242-z,10.1007--s00181-005-0242-z,mainf_4b29ee1c0d,On using current information to value hard-rock mineral properties (1998),yes,,failure,direct,,On using current information to value hard-rock mineral properties,"Cairns, R.; Davis, G.",1998,Review of Economics and Statistics,Cairns and Davis (1998) tested and rejected the Hotelling Valuation Principle using cross-sectional data on gold mines,A recent study by Cairns and Davis (1998) tested and rejected the Hotelling Valuation Principle (HVP) using cross-sectional data on gold mines.,ambiguous,"The paper presents both OLS results (marginal rejection at 6%) and WLS results (no rejection); authors conclude HVP holds up with WLS, but OLS results could be read as partial support for C&D's finding."
10.1007--s00181-018-1457-0#mainf_820e3ec4ea,10.1007/s00181-018-1457-0,10.1007--s00181-018-1457-0,mainf_820e3ec4ea,Entry regulation and entrepreneurship: a natural experiment in German craftsmanship (2004),yes,,failure,close experiment,https://doi.org/10.1007/s00181-013-0773-7,Entry regulation and entrepreneurship: a natural experiment in German craftsmanship,"Rostam-Afschar, D.",2014,Empirical Economics,"The effect of deregulation of the German Trade and Crafts Code of 2004 on market entry, self-employment, and exit probabilities in crafts trades","Rostam-Afschar (2014, RA hereafter) examines the effects of the deregulation of occupational licensing in the German crafts sector.",clear,RA found no change in exit probabilities; replication found significant increase of 2.0-2.5pp in B1-trades
,10.1007/s00181-018-1457-0,10.1007--s00181-018-1457-0,,,yes,,inconclusive,close experiment,https://doi.org/10.1007/s00181-013-0773-7,Entry regulation and entrepreneurship: a natural experiment in German craftsmanship,"Rostam-Afschar, D.",2014,Empirical Economics,The effect of deregulation of the German Trade and Crafts Code of 2004 on market entry in crafts trades,"Rostam-Afschar (2014, RA hereafter) examines the effects of the deregulation of occupational licensing in the German crafts sector.",ambiguous,"Entry effect found in B1 but not in A-trades, contradicting RA's finding of uniform effect across groups [ling26: extra entry, not in the external record] [ling26: no entry matched this anchor]"
,10.1007/s00181-018-1457-0,10.1007--s00181-018-1457-0,,,yes,,inconclusive,close experiment,https://doi.org/10.1007/s00181-013-0773-7,Entry regulation and entrepreneurship: a natural experiment in German craftsmanship,"Rostam-Afschar, D.",2014,Empirical Economics,The effect of deregulation of the German Trade and Crafts Code of 2004 on self-employment in crafts trades,"Rostam-Afschar (2014, RA hereafter) examines the effects of the deregulation of occupational licensing in the German crafts sector.",ambiguous,"Self-employment effect found in both B1 and A but with different magnitudes (6pp vs 1.6pp), contradicting RA's finding of uniform effect [ling26: extra entry, not in the external record] [ling26: no entry matched this anchor]"
10.7554--elife.51019#1,10.7554/elife.51019,10.7554--elife.51019,,,yes,,,,,,,,,,,, [ling26: no entry matched this anchor] [ling26: no entry matched this anchor]
,10.7554/elife.51019,10.7554--elife.51019,,,yes,,inconclusive,direct,https://doi.org/10.1038/nature09144,A coding-independent function of gene and pseudogene mRNAs regulates tumour biology,"Pandya, K; Kerwin, J; Cowley, D; Khan, I; Iorns, E; Tsui, R; Denis, A; Perfito, N; Errington, T; Poliseno, L; Salmena, L; Zhang, J; Carver, B; Haveman, W; Pandolfi, P",2010,Nature,Downregulation of PTEN and/or PTENP1 increased DU145 cell proliferation,"This experiment was described in Protocol 2 in the Registered Report (Khan et al., 2015) and is similar to Figure 2H of Poliseno et al. (2010) that reported PTENP1 downregulation accelerated cell proliferation with the strongest effect observed when PTEN and PTENP1 were both silenced.",ambiguous," [ling26: extra entry, not in the external record] [ling26: no entry matched this anchor]"
,10.7554/elife.51019,10.7554--elife.51019,,,yes,,inconclusive,direct,https://doi.org/10.1038/nature09144,A coding-independent function of gene and pseudogene mRNAs regulates tumour biology,"Pandya, K; Kerwin, J; Cowley, D; Khan, I; Iorns, E; Tsui, R; Denis, A; Perfito, N; Errington, T; Poliseno, L; Salmena, L; Zhang, J; Carver, B; Haveman, W; Pandolfi, P",2010,Nature,Knockdown of PTEN or PTENP1 by target-specific siRNA decreased PTEN and PTENP1 mRNA expression,"This is similar to what was reported in Figure 2G of Poliseno et al. (2010) and described in Protocol 3 in the Registered Report (Khan et al., 2015).",ambiguous," [ling26: extra entry, not in the external record] [ling26: no entry matched this anchor]"
,10.7554/elife.51019,10.7554--elife.51019,,,yes,,inconclusive,direct,https://doi.org/10.1038/nature09144,A coding-independent function of gene and pseudogene mRNAs regulates tumour biology,"Pandya, K; Kerwin, J; Cowley, D; Khan, I; Iorns, E; Tsui, R; Denis, A; Perfito, N; Errington, T; Poliseno, L; Salmena, L; Zhang, J; Carver, B; Haveman, W; Pandolfi, P",2010,Nature,Knockdown of PTEN or PTENP1 by target-specific siRNA decreased PTEN protein levels,"This is similar to what was reported in Figure 2H of Poliseno et al. (2010) and described in Protocol 4 in the Registered Report (Khan et al., 2015).",ambiguous," [ling26: extra entry, not in the external record] [ling26: no entry matched this anchor]"
,10.7554/elife.51019,10.7554--elife.51019,,,yes,,failure,direct,https://doi.org/10.1038/nature09144,A coding-independent function of gene and pseudogene mRNAs regulates tumour biology,"Pandya, K; Kerwin, J; Cowley, D; Khan, I; Iorns, E; Tsui, R; Denis, A; Perfito, N; Errington, T; Poliseno, L; Salmena, L; Zhang, J; Carver, B; Haveman, W; Pandolfi, P",2010,Nature,Overexpression of PTEN 3'UTR derepressed PTENP1 mRNA expression,"This was described in Protocol 5 in the Registered Report (Khan et al., 2015) and is similar to Figure 4A of Poliseno et al. (2010) that reported PTEN 3'UTR derepressed PTENP1 abundance.",clear," [ling26: extra entry, not in the external record] [ling26: no entry matched this anchor]"
,10.7554/elife.51019,10.7554--elife.51019,,,yes,,success,direct,https://doi.org/10.1038/nature09144,A coding-independent function of gene and pseudogene mRNAs regulates tumour biology,"Pandya, K; Kerwin, J; Cowley, D; Khan, I; Iorns, E; Tsui, R; Denis, A; Perfito, N; Errington, T; Poliseno, L; Salmena, L; Zhang, J; Carver, B; Haveman, W; Pandolfi, P",2010,Nature,Overexpression of PTEN 3'UTR inhibited DU145 cell proliferation,"This is similar to what was reported in Figure 4A of Poliseno et al. (2010) and described in Protocol 6 in the Registered Report (Khan et al., 2015).",clear," [ling26: extra entry, not in the external record] [ling26: no entry matched this anchor]"
,10.7554/elife.51019,10.7554--elife.51019,,,yes,,inconclusive,direct,https://doi.org/10.1038/nature09144,A coding-independent function of gene and pseudogene mRNAs regulates tumour biology,"Pandya, K; Kerwin, J; Cowley, D; Khan, I; Iorns, E; Tsui, R; Denis, A; Perfito, N; Errington, T; Poliseno, L; Salmena, L; Zhang, J; Carver, B; Haveman, W; Pandolfi, P",2010,Nature,PTENP1 downregulation accelerated cell proliferation with the strongest effect observed when PTEN and PTENP1 were both silenced.,"This experiment was described in Protocol 2 in the Registered Report (Khan et al., 2015) and is similar to Figure 2H of Poliseno et al. (2010) that reported PTENP1 downregulation accelerated cell proliferation with the strongest effect observed when PTEN and PTENP1 were both silenced.",clear,"Results were in the same direction as the original but not statistically significant for the planned comparisons; authors use hedging language ('generally in the same direction'). [ling26: extra entry, not in the external record]"
,10.7554/elife.51019,10.7554--elife.51019,,,yes,,inconclusive,direct,https://doi.org/10.1038/nature09144,A coding-independent function of gene and pseudogene mRNAs regulates tumour biology,"Pandya, K; Kerwin, J; Cowley, D; Khan, I; Iorns, E; Tsui, R; Denis, A; Perfito, N; Errington, T; Poliseno, L; Salmena, L; Zhang, J; Carver, B; Haveman, W; Pandolfi, P",2010,Nature,siRNA knockdown of PTEN or PTENP1 decreased both PTEN and PTENP1 mRNA expression.,"This is similar to what was reported in Figure 2G of Poliseno et al. (2010) and described in Protocol 3 in the Registered Report (Khan et al., 2015).",clear,"Mixed results: statistically significant for confirming knockdown of PTEN or PTENP1 with target-specific siRNA, but not statistically significant for other comparisons (PTEN mRNA following PTENP1 knockdown, and vice versa). [ling26: extra entry, not in the external record]"
,10.7554/elife.51019,10.7554--elife.51019,,,yes,,inconclusive,direct,https://doi.org/10.1038/nature09144,A coding-independent function of gene and pseudogene mRNAs regulates tumour biology,"Pandya, K; Kerwin, J; Cowley, D; Khan, I; Iorns, E; Tsui, R; Denis, A; Perfito, N; Errington, T; Poliseno, L; Salmena, L; Zhang, J; Carver, B; Haveman, W; Pandolfi, P",2010,Nature,PTEN protein levels decreased after siRNA knockdown of PTEN or PTENP1.,"This is similar to what was reported in Figure 2H of Poliseno et al. (2010) and described in Protocol 4 in the Registered Report (Khan et al., 2015).",clear,"Mixed results: statistically significant decreases in relative PTEN expression for si-PTEN and si-PTEN/PTENP1 compared to non-targeting siRNA, but not significant for other comparisons. [ling26: extra entry, not in the external record]"
,10.7554/elife.51019,10.7554--elife.51019,,,yes,,failure,direct,https://doi.org/10.1038/nature09144,A coding-independent function of gene and pseudogene mRNAs regulates tumour biology,"Pandya, K; Kerwin, J; Cowley, D; Khan, I; Iorns, E; Tsui, R; Denis, A; Perfito, N; Errington, T; Poliseno, L; Salmena, L; Zhang, J; Carver, B; Haveman, W; Pandolfi, P",2010,Nature,PTEN 3'UTR derepressed PTENP1 abundance.,"This was described in Protocol 5 in the Registered Report (Khan et al., 2015) and is similar to Figure 4A of Poliseno et al. (2010) that reported PTEN 3'UTR derepressed PTENP1 abundance.",clear,"Replication found no statistically significant difference (p=0.671) and the point estimate was in the opposite direction from the original (0.95 vs 1.00 vs original ~3.88 vs 1.00); authors explicitly state results were 'not in the same direction as the original study.' [ling26: extra entry, not in the external record]"
,10.7554/elife.51019,10.7554--elife.51019,,,yes,,success,direct,https://doi.org/10.1038/nature09144,A coding-independent function of gene and pseudogene mRNAs regulates tumour biology,"Pandya, K; Kerwin, J; Cowley, D; Khan, I; Iorns, E; Tsui, R; Denis, A; Perfito, N; Errington, T; Poliseno, L; Salmena, L; Zhang, J; Carver, B; Haveman, W; Pandolfi, P",2010,Nature,Overexpression of PTEN 3'UTR inhibited cell proliferation.,"This is similar to what was reported in Figure 4A of Poliseno et al. (2010) and described in Protocol 6 in the Registered Report (Khan et al., 2015).",clear,"Replication found statistically significant growth inhibition in the same direction as the original (t(4)=9.25, p=0.00076); authors state results were 'in the same direction as the original study and statistically significant where predicted.' [ling26: extra entry, not in the external record]"
10.7554--elife.04363#1,10.7554/elife.04363,10.7554--elife.04363,,,yes,,,,,,,,,,,, [ling26: no entry matched this anchor] [ling26: no entry matched this anchor]
10.7554--elife.11566#1,10.7554/elife.11566,10.7554--elife.11566,,,yes,,,,,,,,,,,, [ling26: no entry matched this anchor] [ling26: no entry matched this anchor]
,10.7554/elife.11566,10.7554--elife.11566,,,yes,,,direct,https://doi.org/10.1038/nature09208,Diverse somatic mutation patterns and pathway alterations in human cancers,Kan Z; Jaiswal B; Stinson J; Janakiraman V; Bhatt D; Stern H; Yue P; Haverty P; Bourgon R; Zheng J; Moorhead M; Chaudhuri S; Tomsho L; Peters B; Pujara K; Cordes S; Davis D; Carlton V; Yuan W; Li L; Wang W; Eigenbrot C; Kaminker J; Schuster W; Modrusan S; Zhang Z; Stokoe Z; De Sauvage D; Faham F; Seshagiri M,2010,Nature,GNAO1 R243H mutation promotes a two-fold increase in anchorage-independent growth compared to wild type GNAO1 in HMECs,"Using this technique, Kan and colleagues identified an uncharacterized somatic mutation in GNAO1 from breast carcinoma tissue (Kan et al., 2010).",clear,"This is a registered report protocol paper; replication results are not reported in this paper. Protocol 3 is the actual replication experiment for the GNAO1 colony formation assay (Figure 3D-E). [ling26: extra entry, not in the external record] [ling26: no entry matched this anchor]"
,10.7554/elife.11566,10.7554--elife.11566,,,yes,,,direct,https://doi.org/10.1038/nature09208,Diverse somatic mutation patterns and pathway alterations in human cancers,Kan Z; Jaiswal B; Stinson J; Janakiraman V; Bhatt D; Stern H; Yue P; Haverty P; Bourgon R; Zheng J; Moorhead M; Chaudhuri S; Tomsho L; Peters B; Pujara K; Cordes S; Davis D; Carlton V; Yuan W; Li L; Wang W; Eigenbrot C; Kaminker J; Schuster W; Modrusan S; Zhang Z; Stokoe Z; De Sauvage D; Faham F; Seshagiri M,2010,Nature,MAP2K4 mutations result in significantly enhanced agar colony formation compared to wild type MAP2K4 in NIH3T3 cells,"Kan and colleagues also identified a number of somatic mutations in mitogen activated protein kinase kinase 4 (MAP2K4) (Kan et al., 2010).",clear,"This is a registered report protocol paper; replication results are not reported in this paper. Protocol 5 is the actual replication experiment for the MAP2K4 colony formation assay (Figure 4C-D). [ling26: extra entry, not in the external record] [ling26: no entry matched this anchor]"
,10.7554/elife.11566,10.7554--elife.11566,,,yes,,,direct,https://doi.org/10.1038/nature09208,Diverse somatic mutation patterns and pathway alterations in human cancers,Kan Z; Jaiswal B; Stinson J; Janakiraman V; Bhatt D; Stern H; Yue P; Haverty P; Bourgon R; Zheng J; Moorhead M; Chaudhuri S; Tomsho L; Peters B; Pujara K; Cordes S; Davis D; Carlton V; Yuan W; Li L; Wang W; Eigenbrot C; Kaminker J; Schuster W; Modrusan S; Zhang Z; Stokoe Z; De Sauvage D; Faham F; Seshagiri M,2010,Nature,MAP2K4 mutations alter in vitro kinase activity as measured by phosphorylation of MBP and JNK2 substrates,"Kan and colleagues also identified a number of somatic mutations in mitogen activated protein kinase kinase 4 (MAP2K4) (Kan et al., 2010).",clear,"This is a registered report protocol paper; replication results are not reported in this paper. Protocol 6 is the actual replication experiment for the MAP2K4 kinase activity assay (Figure 4F). [ling26: extra entry, not in the external record] [ling26: no entry matched this anchor]"
,10.7554/elife.11566,10.7554--elife.11566,,,yes,,,close experiment,https://doi.org/10.1038/nature09208,Diverse somatic mutation patterns and pathway alterations in human cancers,"Kan, Z; Jaiswal, B; Stinson, J; Janakiraman, V; Bhatt, D; Stern, H; Yue, P; Haverty, P; Bourgon, R; Zheng, J; Moorhead, M; Chaudhuri, S; Tomsho, L; Peters, B; Pujara, K; Cordes, S; Davis, D; Carlton, V; Yuan, W; Li, L; Wang, W; Eigenbrot, C; Kaminker, J; Schuster, W; Modrusan, S; Zhang, Z; Stokoe, Z; De Sauvage, E; Faham, F; Seshagiri, M",2010,Nature,The R243H mutation in GNAO1 promotes a two-fold increase in anchorage-independent growth compared to wild type GNAO1 in HMECs,"Kan and colleagues identified an uncharacterized somatic mutation in GNAO1 from breast carcinoma tissue (Kan et al., 2010).",clear,"This is a registered report protocol paper with no results reported; result field left blank. Protocol 3 replicates Figure 3D-E of Kan et al. (2010). [ling26: extra entry, not in the external record]"
,10.7554/elife.11566,10.7554--elife.11566,,,yes,,,close experiment,https://doi.org/10.1038/nature09208,Diverse somatic mutation patterns and pathway alterations in human cancers,"Kan, Z; Jaiswal, B; Stinson, J; Janakiraman, V; Bhatt, D; Stern, H; Yue, P; Haverty, P; Bourgon, R; Zheng, J; Moorhead, M; Chaudhuri, S; Tomsho, L; Peters, B; Pujara, K; Cordes, S; Davis, D; Carlton, V; Yuan, W; Li, L; Wang, W; Eigenbrot, C; Kaminker, J; Schuster, W; Modrusan, S; Zhang, Z; Stokoe, Z; De Sauvage, E; Faham, F; Seshagiri, M",2010,Nature,MAP2K4 mutants promote anchorage-independent growth in NIH3T3 fibroblasts,"Kan and colleagues also identified a number of somatic mutations in mitogen activated protein kinase kinase 4 (MAP2K4) (Kan et al., 2010).",clear,"This is a registered report protocol paper with no results reported; result field left blank. Protocol 5 replicates Figure 4C-D of Kan et al. (2010). Not all original mutants were replicated (G85R, R154W, N234I, S251N excluded). [ling26: extra entry, not in the external record]"
,10.7554/elife.11566,10.7554--elife.11566,,,yes,,,close experiment,https://doi.org/10.1038/nature09208,Diverse somatic mutation patterns and pathway alterations in human cancers,"Kan, Z; Jaiswal, B; Stinson, J; Janakiraman, V; Bhatt, D; Stern, H; Yue, P; Haverty, P; Bourgon, R; Zheng, J; Moorhead, M; Chaudhuri, S; Tomsho, L; Peters, B; Pujara, K; Cordes, S; Davis, D; Carlton, V; Yuan, W; Li, L; Wang, W; Eigenbrot, C; Kaminker, J; Schuster, W; Modrusan, S; Zhang, Z; Stokoe, Z; De Sauvage, E; Faham, F; Seshagiri, M",2010,Nature,MAP2K4 variants have altered in vitro kinase activity toward JNK and MBP compared to wild type MAP2K4,"Kan and colleagues also identified a number of somatic mutations in mitogen activated protein kinase kinase 4 (MAP2K4) (Kan et al., 2010).",clear,"This is a registered report protocol paper with no results reported; result field left blank. Protocol 6 replicates Figure 4F of Kan et al. (2010). Original data was qualitative (autoradiographs); densitometric analysis was performed by the replicators. [ling26: extra entry, not in the external record]"
10.7554--elife.11999#1,10.7554/elife.11999,10.7554--elife.11999,,,yes,,,,,,,,,,,, [ling26: no entry matched this anchor]
,10.7554/elife.11999,10.7554--elife.11999,,,yes,,,direct,https://doi.org/10.1016/j.cell.2009.12.040,Kinase-dead BRAF and oncogenic RAS cooperate to drive tumor progression through CRAF,"Heidorn, SJ; Milagre, C; Whittaker, S; Nourry, A; Niculescu-Duvas, I; Dhomen, N; Hussain, J; Reis-Filho, JS; Springer, CJ; Pritchard, C; Marais, R",2010,Cell,Paradoxical activation of MEK/ERK signaling by BRAF inhibitors in BRAF[WT] cells with active RAS (Figure 1A),"In their 2010 paper, Heidorn and colleagues examined the mechanism of action behind this paradoxical activation of MEK/ERK signaling.",ambiguous,"Results section not present in provided text; result field left blank per codebook rules [ling26: extra entry, not in the external record]"
,10.7554/elife.11999,10.7554--elife.11999,,,yes,,,direct,https://doi.org/10.1016/j.cell.2009.12.040,Kinase-dead BRAF and oncogenic RAS cooperate to drive tumor progression through CRAF,"Heidorn, SJ; Milagre, C; Whittaker, S; Nourry, A; Niculescu-Duvas, I; Dhomen, N; Hussain, J; Reis-Filho, JS; Springer, CJ; Pritchard, C; Marais, R",2010,Cell,Knockdown of NRAS or CRAF abrogates paradoxical MEK/ERK activation by BRAF inhibitor 885-A in BRAF[WT] D04 cells (Figure 1B),"In their 2010 paper, Heidorn and colleagues examined the mechanism of action behind this paradoxical activation of MEK/ERK signaling.",ambiguous,"Results section not present in provided text; result field left blank per codebook rules [ling26: extra entry, not in the external record]"
,10.7554/elife.11999,10.7554--elife.11999,,,yes,,,direct,https://doi.org/10.1016/j.cell.2009.12.040,Kinase-dead BRAF and oncogenic RAS cooperate to drive tumor progression through CRAF,"Heidorn, SJ; Milagre, C; Whittaker, S; Nourry, A; Niculescu-Duvas, I; Dhomen, N; Hussain, J; Reis-Filho, JS; Springer, CJ; Pritchard, C; Marais, R",2010,Cell,"CRAF[R89L] mutant is unable to bind BRAF in the presence of activated RAS, preventing BRAF/CRAF heterodimerization (Figure 3A)","In their 2010 paper, Heidorn and colleagues examined the mechanism of action behind this paradoxical activation of MEK/ERK signaling.",ambiguous,"Results section not present in provided text; result field left blank per codebook rules [ling26: extra entry, not in the external record]"
,10.7554/elife.11999,10.7554--elife.11999,,,yes,,,direct,https://doi.org/10.1016/j.cell.2009.12.040,Kinase-dead BRAF and oncogenic RAS cooperate to drive tumor progression through CRAF,"Heidorn, SJ; Milagre, C; Whittaker, S; Nourry, A; Niculescu-Duvas, I; Dhomen, N; Hussain, J; Reis-Filho, JS; Springer, CJ; Pritchard, C; Marais, R",2010,Cell,BRAF[R188L] mutant does not bind to CRAF even in the presence of BRAF inhibitor 885-A (Figure 3B),"In their 2010 paper, Heidorn and colleagues examined the mechanism of action behind this paradoxical activation of MEK/ERK signaling.",ambiguous,"Results section not present in provided text; result field left blank per codebook rules [ling26: extra entry, not in the external record]"
,10.7554/elife.11999,10.7554--elife.11999,,,yes,,,direct,https://doi.org/10.1016/j.cell.2009.12.040,Kinase-dead BRAF and oncogenic RAS cooperate to drive tumor progression through CRAF,"Heidorn, SJ; Milagre, C; Whittaker, S; Nourry, A; Niculescu-Duvas, I; Dhomen, N; Hussain, J; Reis-Filho, JS; Springer, CJ; Pritchard, C; Marais, R",2010,Cell,"Kinase-dead BRAF[D594A] still binds to CRAF, indicating inhibition of BRAF activity (not drug binding) drives BRAF-CRAF heterodimerization and paradoxical MEK/ERK activation (Figure 4D)","In their 2010 paper, Heidorn and colleagues examined the mechanism of action behind this paradoxical activation of MEK/ERK signaling.",ambiguous,"Results section not present in provided text; result field left blank per codebook rules [ling26: extra entry, not in the external record]"
10.7554--elife.09976#1,10.7554/elife.09976,10.7554--elife.09976,,,yes,,,,,,,,,,,, [ling26: no entry matched this anchor] [ling26: no entry matched this anchor]
,10.7554/elife.09976,10.7554--elife.09976,,,yes,,,direct,https://doi.org/10.1038/nature08833,RAF inhibitors prime wild-type RAF to activate the MAPK pathway and enhance growth,"Hatzivassiliou, G; Song, K; Yen, I; Brandhuber, BJ; Anderson, DJ; Alvarado, R; Ludlam, MJ; Stokoe, D; Gloor, SL; Vigers, G; Morales, T; Aliagas, I; Liu, B; Sideris, S; Hoeflich, KP; Jaiswal, BS; Seshagiri, S; Koeppen, H; Belvin, M; Friedman, LS; Malek, S",2010,Nature,RAF inhibitors paradoxically activate MEK/ERK signaling in BRAF[WT] cancer cell lines while BRAF[V600E] mutant lines remain susceptible to RAF inhibitor-induced growth inhibition.,This experiment is a replication of Figure 1A.,clear,"Registered report protocol paper from the Reproducibility Project: Cancer Biology; results not reported in the provided text. [ling26: extra entry, not in the external record] [ling26: no entry matched this anchor]"
,10.7554/elife.09976,10.7554--elife.09976,,,yes,,,direct,https://doi.org/10.1038/nature08833,RAF inhibitors prime wild-type RAF to activate the MAPK pathway and enhance growth,"Hatzivassiliou, G; Song, K; Yen, I; Brandhuber, BJ; Anderson, DJ; Alvarado, R; Ludlam, MJ; Stokoe, D; Gloor, SL; Vigers, G; Morales, T; Aliagas, I; Liu, B; Sideris, S; Hoeflich, KP; Jaiswal, BS; Seshagiri, S; Koeppen, H; Belvin, M; Friedman, LS; Malek, S",2010,Nature,"Silencing CRAF, but not BRAF, reverses MEK activation upon treatment with RAF inhibitors in KRAS-mutant HCT116 cells.",This experiment is a replication of Figure 2B.,clear,"Registered report protocol paper from the Reproducibility Project: Cancer Biology; results not reported in the provided text. [ling26: extra entry, not in the external record] [ling26: no entry matched this anchor]"
,10.7554/elife.09976,10.7554--elife.09976,,,yes,,,direct,https://doi.org/10.1038/nature08833,RAF inhibitors prime wild-type RAF to activate the MAPK pathway and enhance growth,"Hatzivassiliou, G; Song, K; Yen, I; Brandhuber, BJ; Anderson, DJ; Alvarado, R; Ludlam, MJ; Stokoe, D; Gloor, SL; Vigers, G; Morales, T; Aliagas, I; Liu, B; Sideris, S; Hoeflich, KP; Jaiswal, BS; Seshagiri, S; Koeppen, H; Belvin, M; Friedman, LS; Malek, S",2010,Nature,"RAF inhibitors differentially affect CRAF-BRAF heterodimer kinase domain interaction, destabilizing it with PLX4720 and stabilizing it with GDC-0879.",This experiment is a replication of Figure 4A.,clear,"Registered report protocol paper from the Reproducibility Project: Cancer Biology; results not reported in the provided text. [ling26: extra entry, not in the external record] [ling26: no entry matched this anchor]"
,10.7554/elife.09976,10.7554--elife.09976,,,yes,,,direct,https://doi.org/10.1038/nature08833,RAF inhibitors prime wild-type RAF to activate the MAPK pathway and enhance growth,Hatzivassiliou G; Song K; Yen I; Brandhuber BJ; Anderson DJ; Alvarado R; Ludlam MJ; Stokoe D; Gloor SL; Vigers G; Morales T; Aliagas I; Liu B; Sideris S; Hoeflich KP; Jaiswal BS; Seshagiri S; Koeppen H; Belvin M; Friedman LS; Malek S,2010,Nature,RAF inhibitors inhibit cell viability in BRAF[V600E] mutant cancer cell lines but not in BRAF[WT] or RAS mutant cell lines (replication of Figure 1A),"Hatzivassiliou and colleagues found that RAF inhibitors, while effective in blocking signaling in BRAF[V600E] mutant (MT) cancer cell lines, paradoxically increased cell proliferation in BRAF[WT] cancer cell lines (Hatzivassiliou et al., 2010).",clear,"Registered report protocol paper from the Reproducibility Project: Cancer Biology; results not reported in this document. Protocol 1 replicates Figure 1A using three cell lines (A375, MeWo, HCT116) with RAF inhibitors PLX4720, GDC-0879, and PD0325901. [ling26: extra entry, not in the external record]"
,10.7554/elife.09976,10.7554--elife.09976,,,yes,,,direct,https://doi.org/10.1038/nature08833,RAF inhibitors prime wild-type RAF to activate the MAPK pathway and enhance growth,Hatzivassiliou G; Song K; Yen I; Brandhuber BJ; Anderson DJ; Alvarado R; Ludlam MJ; Stokoe D; Gloor SL; Vigers G; Morales T; Aliagas I; Liu B; Sideris S; Hoeflich KP; Jaiswal BS; Seshagiri S; Koeppen H; Belvin M; Friedman LS; Malek S,2010,Nature,Silencing CRAF reverses MEK activation upon treatment with RAF inhibitors in KRAS-mutant HCT116 cells (replication of Figure 2B),"Hatzivassiliou and colleagues found that RAF inhibitors, while effective in blocking signaling in BRAF[V600E] mutant (MT) cancer cell lines, paradoxically increased cell proliferation in BRAF[WT] cancer cell lines (Hatzivassiliou et al., 2010).",clear,"Registered report protocol paper from the Reproducibility Project: Cancer Biology; results not reported in this document. Protocol 2 replicates Figure 2B using HCT116 KRAS-mutant cells with doxycycline-inducible shRNA against BRAF and CRAF, treated with PLX4720 and GDC-0879. [ling26: extra entry, not in the external record]"
,10.7554/elife.09976,10.7554--elife.09976,,,yes,,,direct,https://doi.org/10.1038/nature08833,RAF inhibitors prime wild-type RAF to activate the MAPK pathway and enhance growth,Hatzivassiliou G; Song K; Yen I; Brandhuber BJ; Anderson DJ; Alvarado R; Ludlam MJ; Stokoe D; Gloor SL; Vigers G; Morales T; Aliagas I; Liu B; Sideris S; Hoeflich KP; Jaiswal BS; Seshagiri S; Koeppen H; Belvin M; Friedman LS; Malek S,2010,Nature,"RAF inhibitors differentially affect CRAF-BRAF heterodimerization, with PLX4720 destabilizing and GDC-0879 stabilizing the CRAF-BRAF kinase domain interaction (replication of Figure 4A)","Hatzivassiliou and colleagues found that RAF inhibitors, while effective in blocking signaling in BRAF[V600E] mutant (MT) cancer cell lines, paradoxically increased cell proliferation in BRAF[WT] cancer cell lines (Hatzivassiliou et al., 2010).",clear,"Registered report protocol paper from the Reproducibility Project: Cancer Biology; results not reported in this document. Protocol 3 replicates Figure 4A using recombinant CRAF and BRAF[WT]/BRAF[V600E] kinase domains with immunoprecipitation and Western blot, testing PLX4720, GDC-0879, and AMP-PCP. [ling26: extra entry, not in the external record]"
10.7554--elife.45426#1,10.7554/elife.45426,10.7554--elife.45426,,,yes,,,,,,,,,,,, [ling26: no entry matched this anchor] [ling26: no entry matched this anchor]
,10.7554/elife.45426,10.7554--elife.45426,,,yes,,inconclusive,direct,https://doi.org/10.1038/ncb2048,Wnt activity defines colon cancer stem cells and is regulated by the microenvironment,"Vermeulen, L; De Sousa E Melo, F; van der Heijden, M; Cameron, K; de Jong, JH; Borovski, T; Tuynman, JB; Todaro, M; Merz, C; Rodermond, H; Sprick, MR; Kemper, K; Richel, DJ; Stassi, G; Medema, JP",2010,Nature Cell Biology,"Correlation of cell surface markers (CD133, CD29/CD24, CD44/CD166) with TOP-GFP high vs low populations in colon cancer stem cell cultures","This experiment is similar to what was reported in Figure 2F of Vermeulen et al. (2010) and described in Protocol 2 in the Registered Report (Evans et al., 2015).",clear,"Results varied in direction relative to the original study across different markers; some markers correlated as expected while others did not, making the overall outcome mixed within one experiment. [ling26: extra entry, not in the external record] [ling26: no entry matched this anchor]"
,10.7554/elife.45426,10.7554--elife.45426,,,yes,,inconclusive,direct,https://doi.org/10.1038/ncb2048,Wnt activity defines colon cancer stem cells and is regulated by the microenvironment,"Vermeulen, L; De Sousa E Melo, F; van der Heijden, M; Cameron, K; de Jong, JH; Borovski, T; Tuynman, JB; Todaro, M; Merz, C; Rodermond, H; Sprick, MR; Kemper, K; Richel, DJ; Stassi, G; Medema, JP",2010,Nature Cell Biology,"Clonogenic potential of TOP-GFP high vs low fractions with HGF, MFCM, and PHA665752 treatments in colon cancer stem cell cultures","This experiment is similar to what was reported in Figure 6D of Vermeulen et al. (2010) and described in Protocol 3 in the Registered Report (Evans et al., 2015).",clear,"Results were in the same direction as the original study for most comparisons, but statistical significance varied across cultures and the PHA665752 treatment on TOP-GFP whole population showed opposite effects in some cultures; meta-analysis was significant for only 1 of 6 comparisons. [ling26: extra entry, not in the external record] [ling26: no entry matched this anchor]"
,10.7554/elife.45426,10.7554--elife.45426,,,yes,,inconclusive,direct,https://doi.org/10.1038/ncb2048,Wnt activity defines colon cancer stem cells and is regulated by the microenvironment,"Vermeulen, L; De Sousa E Melo, F; van der Heijden, M; Cameron, K; de Jong, JH; Borovski, T; Tuynman, JB; Todaro, M; Merz, C; Rodermond, H; Sprick, MR; Kemper, K; Richel, DJ; Stassi, G; Medema, JP",2010,Nature Cell Biology,Tumorigenicity of TOP-GFP high vs low fractions with and without MFCM co-injection in nude mice,"This experiment is similar to what was reported in Figure 7E of Vermeulen et al. (2010) and described in Protocol 4 in the Registered Report (Evans et al., 2015).",clear,"Results were in the same direction as the original for the TOP-GFP low with or without MFCM comparison, but not for the TOP-GFP low vs TOP-GFP high comparison, and not statistically significant where predicted. [ling26: extra entry, not in the external record] [ling26: no entry matched this anchor]"
,10.7554/elife.45426,10.7554--elife.45426,,,yes,,inconclusive,direct,https://doi.org/10.1038/ncb2048,Wnt activity defines colon cancer stem cells and is regulated by the microenvironment,"Vermeulen, L; De Sousa E Melo, F; van der Heijden, M; Cameron, K; de Jong, JH; Borovski, T; Tuynman, JB; Todaro, M; Merz, C; Rodermond, H; Sprick, MR; Kemper, K; Richel, DJ; Stassi, G; Medema, JP",2010,Nature Cell Biology,"CD133, the combination of CD29/CD24, and the combination of CD44/CD166 correlated with high Wnt activity (TOP-GFP[high] population)","The original study stated that CD133, the combination of CD29/CD24, and the combination of CD44/CD166 were correlated with the TOP-GFP[high] population (Vermeulen et al., 2010).",clear,"Authors explicitly state results varied in direction relative to the original study; some markers showed expected correlation, others did not. [ling26: extra entry, not in the external record]"
,10.7554/elife.45426,10.7554--elife.45426,,,yes,,inconclusive,direct,https://doi.org/10.1038/ncb2048,Wnt activity defines colon cancer stem cells and is regulated by the microenvironment,"Vermeulen, L; De Sousa E Melo, F; van der Heijden, M; Cameron, K; de Jong, JH; Borovski, T; Tuynman, JB; Todaro, M; Merz, C; Rodermond, H; Sprick, MR; Kemper, K; Richel, DJ; Stassi, G; Medema, JP",2010,Nature Cell Biology,"Clonogenic potential of TOP-GFP[high] fraction was greater compared to TOP-GFP[low] cells, with clonogenic potential of TOP-GFP[low] cells enhanced with MFCM or HGF treatment almost to the level of TOP-GFP[high] cells, which was blocked with PHA665752","The original study reported the clonogenic potential of the TOP-GFP[high] fraction was greater compared to TOP-GFP[low] cells, with the clonogenic potential of TOP-GFP[low] cells enhanced with MFCM, or HGF, treatment, almost to the level of TOP-GFP[high] cells, which was blocked with PHA665752 (Vermeulen et al., 2010). PHA665752 was also reported to have no effect on the clonogenicity of TOP-GFP[whole] cells (Vermeulen et al., 2010).",clear,"Results were in the same direction as the original study for most comparisons, except for treatment of TOP-GFP[whole] cells with PHA665752, and statistical significance varied among the three cultures tested. [ling26: extra entry, not in the external record]"
,10.7554/elife.45426,10.7554--elife.45426,,,yes,,inconclusive,direct,https://doi.org/10.1038/ncb2048,Wnt activity defines colon cancer stem cells and is regulated by the microenvironment,"Vermeulen, L; De Sousa E Melo, F; van der Heijden, M; Cameron, K; de Jong, JH; Borovski, T; Tuynman, JB; Todaro, M; Merz, C; Rodermond, H; Sprick, MR; Kemper, K; Richel, DJ; Stassi, G; Medema, JP",2010,Nature Cell Biology,"TOP-GFP[high] fraction was more effective in inducing tumors than TOP-GFP[low] fraction, and tumorigenicity was increased when TOP-GFP[low] cells were co-injected with MFCM","The original study reported for each of the two clones tested (C100.B5 and C100.G7) the TOP-GFP[high] fraction was more effective in inducing tumors (C100.B5:~1 in every 37, 95% CI [92, 15]; C100.G7:~1 in every 961, 95% CI [2498, 369]) than the TOP-GFP[low] fraction (C100.B5:~1 in every 6939, 95% CI [18841, 2555]; C100.G7: frequency estimate unable to be determined) and that tumorigenicity was increased when TOP-GFP[low] cells were co-injected with MFCM (C100.B5:~1 in every 310, 95% CI [789, 122]; C100.G7:~1 in every 2352, 95% CI [5236, 1056]) (Vermeulen et al., 2010).",clear,"Results were in the same direction as the original study for the comparison between TOP-GFP[low] with or without MFCM, but not for the comparison of TOP-GFP[low] and TOP-GFP[high], and not statistically significant where predicted. [ling26: extra entry, not in the external record]"
10.7554--elife.11414#1,10.7554/elife.11414,10.7554--elife.11414,,,yes,,,,,,,,,,,, [ling26: no entry matched this anchor]
,10.7554/elife.11414,10.7554--elife.11414,,,yes,,,direct,https://doi.org/10.1038/nature09627,COT drives resistance to RAF inhibition through MAP kinase pathway reactivation,"Johannessen, CM; Boehm, JS; Kim, SY; Thomas, SR; Wardwell, L; Johnson, LA; Emery, CM; Stransky, N; Cogdill, AP; Barretina, J; Caponigro, G; Hieronymus, H; Murray, RR; Salehi-Ashtiani, K; Hill, DE; Vidal, M; Zhao, JJ; Yang, X; Alkan, O; Kim, S; Harris, JL; Wilson, CJ; Myer, VE; Finan, PM; Root, DE; Roberts, TM; Golub, T; Flaherty, KT; Dummer, R; Weber, BL; Sellers, WR; Schlegel, R; Wargo, JA; Hahn, WC; Garraway, LA",2010,Nature,"MAPK pathway analysis in cells expressing elevated MAP3K8 after RAF inhibitor treatment, showing that cell lines with high MAP3K8 expression maintain ERK/MEK activity and reduced sensitivity to PLX4720 (replicates Figures 3B and 3E)","In their study, Johannessen and colleagues sought to identify kinases involved in mediating resistance to the RAF kinase inhibitor PLX4720 (Johannessen et al., 2010).",ambiguous,"Registered Report protocol paper from the Reproducibility Project: Cancer Biology; replication results are not reported in the provided text. [ling26: extra entry, not in the external record]"
,10.7554/elife.11414,10.7554--elife.11414,,,yes,,,direct,https://doi.org/10.1038/nature09627,COT drives resistance to RAF inhibition through MAP kinase pathway reactivation,"Johannessen, CM; Boehm, JS; Kim, SY; Thomas, SR; Wardwell, L; Johnson, LA; Emery, CM; Stransky, N; Cogdill, AP; Barretina, J; Caponigro, G; Hieronymus, H; Murray, RR; Salehi-Ashtiani, K; Hill, DE; Vidal, M; Zhao, JJ; Yang, X; Alkan, O; Kim, S; Harris, JL; Wilson, CJ; Myer, VE; Finan, PM; Root, DE; Roberts, TM; Golub, T; Flaherty, KT; Dummer, R; Weber, BL; Sellers, WR; Schlegel, R; Wargo, JA; Hahn, WC; Garraway, LA",2010,Nature,"PLX4720 growth inhibitory analysis in cells expressing elevated MAP3K8, showing reduced drug sensitivity in MAP3K8-expressing cell lines (replicates Figure 3D)","In their study, Johannessen and colleagues sought to identify kinases involved in mediating resistance to the RAF kinase inhibitor PLX4720 (Johannessen et al., 2010).",ambiguous,"Registered Report protocol paper from the Reproducibility Project: Cancer Biology; replication results are not reported in the provided text. [ling26: extra entry, not in the external record]"
,10.7554/elife.11414,10.7554--elife.11414,,,yes,,,direct,https://doi.org/10.1038/nature09627,COT drives resistance to RAF inhibition through MAP kinase pathway reactivation,"Johannessen, CM; Boehm, JS; Kim, SY; Thomas, SR; Wardwell, L; Johnson, LA; Emery, CM; Stransky, N; Cogdill, AP; Barretina, J; Caponigro, G; Hieronymus, H; Murray, RR; Salehi-Ashtiani, K; Hill, DE; Vidal, M; Zhao, JJ; Yang, X; Alkan, O; Kim, S; Harris, JL; Wilson, CJ; Myer, VE; Finan, PM; Root, DE; Roberts, TM; Golub, T; Flaherty, KT; Dummer, R; Weber, BL; Sellers, WR; Schlegel, R; Wargo, JA; Hahn, WC; Garraway, LA",2010,Nature,"MAPK pathway analysis after MAP3K8 inhibition in cells expressing elevated MAP3K8, showing that MAP3K8 kinase activity is required to regulate MEK/ERK activation (replicates Figure 3I)","In their study, Johannessen and colleagues sought to identify kinases involved in mediating resistance to the RAF kinase inhibitor PLX4720 (Johannessen et al., 2010).",ambiguous,"Registered Report protocol paper from the Reproducibility Project: Cancer Biology; replication results are not reported in the provided text. [ling26: extra entry, not in the external record]"
,10.7554/elife.11414,10.7554--elife.11414,,,yes,,,direct,https://doi.org/10.1038/nature09627,COT drives resistance to RAF inhibition through MAP kinase pathway reactivation,"Johannessen, CM; Boehm, JS; Kim, SY; Thomas, SR; Wardwell, L; Johnson, LA; Emery, CM; Stransky, N; Cogdill, AP; Barretina, J; Caponigro, G; Hieronymus, H; Murray, RR; Salehi-Ashtiani, K; Hill, DE; Vidal, M; Zhao, JJ; Yang, X; Alkan, O; Kim, S; Harris, JL; Wilson, CJ; Myer, VE; Finan, PM; Root, DE; Roberts, TM; Golub, T; Flaherty, KT; Dummer, R; Weber, BL; Sellers, WR; Schlegel, R; Wargo, JA; Hahn, WC; Garraway, LA",2010,Nature,"Viability analysis following combinatorial MAPK pathway inhibition in cells expressing elevated MAP3K8, showing that combined RAF and MEK inhibition overcomes MAP3K8-driven resistance (replicates Figure 4E)","In their study, Johannessen and colleagues sought to identify kinases involved in mediating resistance to the RAF kinase inhibitor PLX4720 (Johannessen et al., 2010).",ambiguous,"Registered Report protocol paper from the Reproducibility Project: Cancer Biology; replication results are not reported in the provided text. [ling26: extra entry, not in the external record]"
,10.7554/elife.11414,10.7554--elife.11414,,,yes,,,direct,https://doi.org/10.1038/nature09627,COT drives resistance to RAF inhibition through MAP kinase pathway reactivation,"Johannessen, CM; Boehm, JS; Kim, SY; Thomas, SR; Wardwell, L; Johnson, LA; Emery, CM; Stransky, N; Cogdill, AP; Barretina, J; Caponigro, G; Hieronymus, H; Murray, RR; Salehi-Ashtiani, K; Hill, DE; Vidal, M; Zhao, JJ; Yang, X; Alkan, O; Kim, S; Harris, JL; Wilson, CJ; Myer, VE; Finan, PM; Root, DE; Roberts, TM; Golub, T; Flaherty, KT; Dummer, R; Weber, BL; Sellers, WR; Schlegel, R; Wargo, JA; Hahn, WC; Garraway, LA",2010,Nature,"MAPK pathway analysis following combinatorial MAPK pathway inhibition in cells expressing elevated MAP3K8, showing that combined RAF and MEK inhibition reduces ERK activation in MAP3K8-expressing cells (replicates Figure 4F)","In their study, Johannessen and colleagues sought to identify kinases involved in mediating resistance to the RAF kinase inhibitor PLX4720 (Johannessen et al., 2010).",ambiguous,"Registered Report protocol paper from the Reproducibility Project: Cancer Biology; replication results are not reported in the provided text. [ling26: extra entry, not in the external record]"
10.7554--elife.17584#1,10.7554/elife.17584,10.7554--elife.17584,,,yes,,,,,,,,,,,, [ling26: no entry matched this anchor] [ling26: no entry matched this anchor]
,10.7554/elife.17584,10.7554--elife.17584,,,yes,,failure,direct,https://doi.org/10.1126/science.1183057,Coadministration of a tumor-penetrating peptide enhances the efficacy of cancer drugs,"Sugahara, KN; Teesalu, T; Karmali, PP; Kotamraju, VR; Agemy, L; Greenwald, DR; Ruoslahti, E",2010,Science,"Effect of coadministration of iRGD on DOX accumulation in tumor tissue (Figure 2B of Sugahara et al., 2010)",This experiment is similar to what was reported in Figure 2B of Sugahara et al. (2010).,clear,"Replication found DOX accumulation in tumors was 0.86x in DOX+iRGD vs DOX+PBS (n=4 each), not significant (t(6)=0.352, p=0.737), opposite direction from original's ~7.15x increase. [ling26: extra entry, not in the external record] [ling26: no entry matched this anchor]"
,10.7554/elife.17584,10.7554--elife.17584,,,yes,,failure,direct,https://doi.org/10.1126/science.1183057,Coadministration of a tumor-penetrating peptide enhances the efficacy of cancer drugs,"Sugahara, KN; Teesalu, T; Karmali, PP; Kotamraju, VR; Agemy, L; Greenwald, DR; Ruoslahti, E",2010,Science,"Effect of coadministration of iRGD on tumor weight at 1 mg/kg DOX (Figure 2C of Sugahara et al., 2010)",This experiment is similar to what was reported in Figure 2C of Sugahara et al. (2010).,clear,"Replication found no significant difference in tumor weights between DOX+PBS and DOX+iRGD (p=0.826), and DOX+iRGD group had higher tumor weight than DOX+PBS, opposite direction from original. [ling26: extra entry, not in the external record] [ling26: no entry matched this anchor]"
,10.7554/elife.17584,10.7554--elife.17584,,,yes,,failure,direct,https://doi.org/10.1126/science.1183057,Coadministration of a tumor-penetrating peptide enhances the efficacy of cancer drugs,"Sugahara, KN; Teesalu, T; Karmali, PP; Kotamraju, VR; Agemy, L; Greenwald, DR; Ruoslahti, E",2010,Science,"Effect of coadministration of iRGD on body weight shift at 1 mg/kg DOX (Supplementary Figure 9A of Sugahara et al., 2010)","This is similar to what was reported in Supplementary Figure 9A of Sugahara et al. (2010), except only the 1 mg/kg DOX conditions were tested.",clear,"Replication found no significant body weight shift differences among groups on day 24 (p=0.217) or AUC (p=0.363). Original also showed no shift at 1 mg/kg dose. [ling26: extra entry, not in the external record] [ling26: no entry matched this anchor]"
,10.7554/elife.17584,10.7554--elife.17584,,,yes,,failure,direct,https://doi.org/10.1126/science.1183057,Coadministration of a tumor-penetrating peptide enhances the efficacy of cancer drugs,"Sugahara, KN; Teesalu, T; Karmali, PP; Kotamraju, VR; Agemy, L; Greenwald, DR; Ruoslahti, E",2010,Science,"Effect of coadministration of iRGD on TUNEL staining in tumors and heart tissue at 1 mg/kg DOX (Figure 2D of Sugahara et al., 2010)",This experiment is similar to what was reported in Figure 2D of Sugahara et al. (2010) except that this replication attempt was restricted to the 1 mg/kg DOX conditions.,clear,"Replication found no significant differences in TUNEL staining in tumors (ANOVA p=0.282; pairwise DOX+PBS vs DOX+iRGD p=0.670). No TUNEL staining detected in heart tissue, contrasting original report of TUNEL-positive heart scores. [ling26: extra entry, not in the external record] [ling26: no entry matched this anchor]"
,10.7554/elife.17584,10.7554--elife.17584,,,yes,,failure,direct,https://doi.org/10.1126/science.1183057,Coadministration of a tumor-penetrating peptide enhances the efficacy of cancer drugs,"Sugahara, KN; Teesalu, T; Karmali, PP; Kotamraju, VR; Agemy, L; Greenwald, DR; Ruoslahti, E",2010,Science,Coadministration of iRGD peptide with DOX increases DOX accumulation in tumor tissue in mice bearing orthotopic 22Rv1 prostate tumors,This experiment is similar to what was reported in Figure 2B of Sugahara et al. (2010).,clear,"Replication found no significant effect (p=0.737); effect was in opposite direction from original (Glass' Δ = −0.32 vs 7.41). DOX accumulation in DOX+iRGD group was 0.86 times the DOX+PBS group, compared to ~7.15 times increase in the original. [ling26: extra entry, not in the external record]"
,10.7554/elife.17584,10.7554--elife.17584,,,yes,,failure,direct,https://doi.org/10.1126/science.1183057,Coadministration of a tumor-penetrating peptide enhances the efficacy of cancer drugs,"Sugahara, KN; Teesalu, T; Karmali, PP; Kotamraju, VR; Agemy, L; Greenwald, DR; Ruoslahti, E",2010,Science,Coadministration of iRGD peptide with DOX reduces tumor weight in mice bearing orthotopic 22Rv1 prostate tumors,This experiment is similar to what was reported in Figure 2C of Sugahara et al. (2010).,clear,"Replication found no significant difference in tumor weights (ANOVA p=0.233; pairwise DOX+PBS vs DOX+iRGD p=0.826). Original reported ~0.35g for DOX+iRGD vs ~0.82g for DOX+PBS; replication found 0.668g for DOX+iRGD vs 0.721g for DOX+PBS. [ling26: extra entry, not in the external record]"
,10.7554/elife.17584,10.7554--elife.17584,,,yes,,failure,direct,https://doi.org/10.1126/science.1183057,Coadministration of a tumor-penetrating peptide enhances the efficacy of cancer drugs,"Sugahara, KN; Teesalu, T; Karmali, PP; Kotamraju, VR; Agemy, L; Greenwald, DR; Ruoslahti, E",2010,Science,Coadministration of iRGD peptide with DOX does not cause body weight loss in mice bearing orthotopic 22Rv1 prostate tumors,"This is similar to what was reported in Supplementary Figure 9A of Sugahara et al. (2010), except only the 1 mg/kg dose of DOX conditions were tested.",clear,"Replication found no significant body weight shift (ANOVA p=0.217). Original also found no shift at 1 mg/kg dose; shift was only observed at 3 mg/kg. Both original and replication null for this dose. [ling26: extra entry, not in the external record]"
,10.7554/elife.17584,10.7554--elife.17584,,,yes,,failure,direct,https://doi.org/10.1126/science.1183057,Coadministration of a tumor-penetrating peptide enhances the efficacy of cancer drugs,"Sugahara, KN; Teesalu, T; Karmali, PP; Kotamraju, VR; Agemy, L; Greenwald, DR; Ruoslahti, E",2010,Science,Coadministration of iRGD peptide with DOX increases TUNEL staining (apoptosis) in tumor tissue in mice bearing orthotopic 22Rv1 prostate tumors,This experiment is similar to what was reported in Figure 2D of Sugahara et al. (2010) except that this replication attempt was restricted to the 1 mg/kg DOX conditions.,clear,"Replication found no significant difference in TUNEL staining (ANOVA p=0.282; pairwise p=0.670). Original reported ~1.4x increase for DOX+PBS and ~2.6x increase for DOX+iRGD vs untreated; replication found 0.79x and 0.71x relative to PBS. No detectable TUNEL staining in heart tissue in replication, contrasting original. [ling26: extra entry, not in the external record]"
10.7554--elife.26030#1,10.7554/elife.26030,10.7554--elife.26030,,,yes,,,,,,,,,,,, [ling26: no entry matched this anchor] [ling26: no entry matched this anchor]
,10.7554/elife.26030,10.7554--elife.26030,,,yes,,success,direct,https://doi.org/10.1016/j.ccr.2010.01.020,The common feature of leukemia-associated IDH1 and IDH2 mutations is a neomorphic enzyme activity converting alpha-ketoglutarate to 2-hydroxyglutarate,"Ward, P; Patel, J; Wise, D; Wahab, A; Bennett, O; Coller, B; Cross, H; Fantin, J; Hedvat, V; Perl, C; Rabinowitz, A; Carroll, J; Su, M; Sharp, S; Levine, K; Thompson, R; C",2010,Cancer Cell,The cancer-associated IDH2 R172 mutation exhibited a loss-of-function for isocitrate-dependent NADPH production and a gain-of-function for alpha-ketoglutarate-dependent NADPH consumption compared to wild-type IDH2,"This experiment is similar to what was reported in Figure 2 of Ward et al. (2010) and described in Protocol 1 in the Registered Report (Fiehn et al., 2016).",clear,"Authors explicitly state results were in the same direction as the original and statistically significant where predicted. Both assays (isocitrate-dependent NADPH production and alpha-ketoglutarate-dependent NADPH consumption) show the predicted pattern of significance. [ling26: extra entry, not in the external record] [ling26: no entry matched this anchor]"
,10.7554/elife.26030,10.7554--elife.26030,,,yes,,success,direct,https://doi.org/10.1016/j.ccr.2010.01.020,The common feature of leukemia-associated IDH1 and IDH2 mutations is a neomorphic enzyme activity converting alpha-ketoglutarate to 2-hydroxyglutarate,"Ward, P; Patel, J; Wise, D; Wahab, A; Bennett, O; Coller, B; Cross, H; Fantin, J; Hedvat, V; Perl, C; Rabinowitz, A; Carroll, J; Su, M; Sharp, S; Levine, K; Thompson, R; C",2010,Cancer Cell,"R172K mutant IDH2 acquired enhanced conversion of alpha-ketoglutarate to 2-hydroxyglutarate (2HG), resulting in intracellular 2HG accumulation over 100 times higher than vector control and wild-type IDH2 expressing cells","This experiment is similar to what was reported in Figure 3D of Ward et al. (2010), and described in Protocol 2 in the Registered Report (Fiehn et al., 2016), with cells analyzed 24 and 48 hr after transfection.",clear,"Authors explicitly state results were in the same direction as the original study and statistically significant where predicted. Replication found over 600-fold increase vs ~100-fold in original, but both show the same qualitative pattern. [ling26: extra entry, not in the external record] [ling26: no entry matched this anchor]"
,10.7554/elife.26030,10.7554--elife.26030,,,yes,,success,direct,https://doi.org/10.1016/j.ccr.2010.01.020,The common feature of leukemia-associated IDH1 and IDH2 mutations is a neomorphic enzyme activity converting alpha-ketoglutarate to 2-hydroxyglutarate,"Ward, P; Patel, J; Wise, D; Wahab, A; Bennett, O; Coller, B; Cross, H; Fantin, J; Hedvat, V; Perl, C; Rabinowitz, A; Carroll, J; Su, M; Sharp, S; Levine, K; Thompson, R; C",2010,Cancer Cell,"2HG levels are elevated in AML patient samples with IDH1 or IDH2 mutations compared to wild-type IDH samples, with 2HG/glutamate ratio above a threshold distinguishing mutant from wild-type","This is comparable to the experiment that was reported in Figure 5 of Ward et al. (2010), and described in Protocol 3 in the Registered Report (Fiehn et al., 2016), except the mutational status of IDH1 and IDH2 were determined prior to conducting the metabolite analysis to have adequate samples for each genetically distinct group.",ambiguous,"Authors state results were in the same direction and statistically significant, but the IDH1 mutation comparison using TIC was not statistically significant after Bonferroni correction (corrected p=0.063). All EIC comparisons were significant. A second coder might consider the one non-significant TIC comparison as making this inconclusive rather than success. [ling26: extra entry, not in the external record] [ling26: no entry matched this anchor]"
,10.7554/elife.26030,10.7554--elife.26030,,,yes,,success,direct,https://doi.org/10.1016/j.ccr.2010.01.20,The common feature of leukemia-associated IDH1 and IDH2 mutations is a neomorphic enzyme activity converting alpha-ketoglutarate to 2-hydroxyglutarate,"Ward, P; Patel, J; Wise, D; Wahab, A; Bennett, O; Coller, B; Cross, H; Fantin, J; Hedvat, V; Perl, C; Rabinowitz, A; Carroll, J; Su, M; Sharp, S; Levine, K; Thompson, R",2010,Cancer Cell,The cancer-associated IDH2 R172 mutation exhibits a loss-of-function for isocitrate-dependent NADPH production and a gain-of-function for alpha-ketoglutarate-dependent NADPH consumption compared to wild-type IDH2,"This experiment is similar to what was reported in Figure 2 of Ward et al. (2010) and described in Protocol 1 in the Registered Report (Fiehn et al., 2016).",clear,"Authors explicitly state results were in the same direction as the original and statistically significant where predicted. The isocitrate-dependent NADPH production assay showed significant wild-type vs vector control difference but not R172K vs vector control; the alpha-ketoglutarate-dependent NADPH consumption assay showed significant R172K vs vector control difference but not wild-type vs vector control. [ling26: extra entry, not in the external record]"
,10.7554/elife.26030,10.7554--elife.26030,,,yes,,success,direct,https://doi.org/10.1016/j.ccr.2010.01.20,The common feature of leukemia-associated IDH1 and IDH2 mutations is a neomorphic enzyme activity converting alpha-ketoglutarate to 2-hydroxyglutarate,"Ward, P; Patel, J; Wise, D; Wahab, A; Bennett, O; Coller, B; Cross, H; Fantin, J; Hedvat, V; Perl, C; Rabinowitz, A; Carroll, J; Su, M; Sharp, S; Levine, K; Thompson, R",2010,Cancer Cell,R172K mutant IDH2 acquires enhanced conversion of alpha-ketoglutarate to 2-hydroxyglutarate (2HG),"This experiment is similar to what was reported in Figure 3D of Ward et al. (2010), and described in Protocol 2 in the Registered Report (Fiehn et al., 2016), with cells analyzed 24 and 48 hr after transfection.",clear,"Authors explicitly state results were in the same direction as the original and statistically significant where predicted. R172K mutant IDH2 cells showed over 600-fold higher 2HG/glutamate than vector control and wild-type IDH2 cells at 48 hr. [ling26: extra entry, not in the external record]"
,10.7554/elife.26030,10.7554--elife.26030,,,yes,,success,direct,https://doi.org/10.1016/j.ccr.2010.01.20,The common feature of leukemia-associated IDH1 and IDH2 mutations is a neomorphic enzyme activity converting alpha-ketoglutarate to 2-hydroxyglutarate,"Ward, P; Patel, J; Wise, D; Wahab, A; Bennett, O; Coller, B; Cross, H; Fantin, J; Hedvat, V; Perl, C; Rabinowitz, A; Carroll, J; Su, M; Sharp, S; Levine, K; Thompson, R",2010,Cancer Cell,2HG is elevated in AML patients with IDH mutations compared to wild-type IDH samples,"This is comparable to the experiment that was reported in Figure 5 of Ward et al. (2010), and described in Protocol 3 in the Registered Report (Fiehn et al., 2016), except the mutational status of IDH1 and IDH2 were determined prior to conducting the metabolite analysis to have adequate samples for each genetically distinct group.",clear,"Authors explicitly state results were in the same direction as the original and statistically significant, except on samples with IDH1 mutations when using TIC chromatograms (corrected p=0.063). All other comparisons (IDH2 mutation, IDH1/IDH2 mutation, and EIC-based analyses) were statistically significant. [ling26: extra entry, not in the external record]"
10.7554--elife.21253#1,10.7554/elife.21253,10.7554--elife.21253,,,yes,,,,,,,,,,,, [ling26: no entry matched this anchor] [ling26: no entry matched this anchor]
,10.7554/elife.21253,10.7554--elife.21253,,,yes,,success,close experiment,https://doi.org/10.1016/j.cell.2011.08.017,,,2011,Cell,Inhibition of BET bromodomains with (+)-JQ1 down-regulated MYC expression in MM.1S-luc cells,"This experiment is similar to what was reported in Figure 3B (Delmore et al., 2011)",clear," [ling26: extra entry, not in the external record] [ling26: no entry matched this anchor]"
,10.7554/elife.21253,10.7554--elife.21253,,,yes,,success,close experiment,https://doi.org/10.1016/j.cell.2011.08.017,,,2011,Cell,(+)-JQ1 treatment prolonged overall survival in MM.1S-luc orthotopic xenograft model,"we sought to replicate experiments similar to what was reported in Figure 7C–E (Delmore et al., 2011)",clear," [ling26: extra entry, not in the external record] [ling26: no entry matched this anchor]"
,10.7554/elife.21253,10.7554--elife.21253,,,yes,,failure,close experiment,https://doi.org/10.1016/j.cell.2011.08.017,,,2011,Cell,(+)-JQ1 treatment reduced tumor burden in MM.1S-luc orthotopic xenograft model,"we sought to replicate experiments similar to what was reported in Figure 7C–E (Delmore et al., 2011)",clear," [ling26: extra entry, not in the external record] [ling26: no entry matched this anchor]"
,10.7554/elife.21253,10.7554--elife.21253,,,yes,,success,direct,https://doi.org/10.1016/j.cell.2011.08.017,BET bromodomain inhibition as a therapeutic strategy to target c-Myc,Delmore,2011,Cell,Inhibition of BET bromodomains with (+)-JQ1 down-regulates MYC expression in MM.1S-luc cells,"This experiment is similar to what was reported in Figure 3B (Delmore et al., 2011)",clear," [ling26: extra entry, not in the external record]"
,10.7554/elife.21253,10.7554--elife.21253,,,yes,,success,direct,https://doi.org/10.1016/j.cell.2011.08.017,BET bromodomain inhibition as a therapeutic strategy to target c-Myc,Delmore,2011,Cell,(+)-JQ1 treatment prolongs overall survival in MM.1S-luc orthotopic xenograft model,"In order to test the effectiveness of (+)-JQ1 as a therapeutic strategy to target c-Myc, we sought to replicate experiments similar to what was reported in Figure 7C–E (Delmore et al., 2011)",clear," [ling26: extra entry, not in the external record]"
,10.7554/elife.21253,10.7554--elife.21253,,,yes,,failure,direct,https://doi.org/10.1016/j.cell.2011.08.017,BET bromodomain inhibition as a therapeutic strategy to target c-Myc,Delmore,2011,Cell,(+)-JQ1 treatment reduces tumor burden in MM.1S-luc orthotopic xenograft model,"In order to test the effectiveness of (+)-JQ1 as a therapeutic strategy to target c-Myc, we sought to replicate experiments similar to what was reported in Figure 7C–E (Delmore et al., 2011)",clear," [ling26: extra entry, not in the external record]"
10.7554--elife.45120#1,10.7554/elife.45120,10.7554--elife.45120,,,yes,,,,,,,,,,,, [ling26: no entry matched this anchor] [ling26: no entry matched this anchor]
,10.7554/elife.45120,10.7554--elife.45120,,,yes,,inconclusive,close experiment,https://doi.org/10.1016/j.cell.2011.05.040,Biomechanical remodeling of the microenvironment by stromal caveolin-1 favors tumor invasion and metastasis,"Goetz, JG; Minguet, S; Navarro-Lérida, I; Lazcano, JJ; Samaniego, R; Calvo, E; Tello, M; Osteso-Ibáñez, T; Pellinen, T; Echarri, A; Cerezo, A; Klein-Szanto, AJ; Garcia, R; Keely, PJ; Sánchez-Mateos, P; Cukierman, E; Del Pozo, MA",2011,Cell,Stromal caveolin-1 expression remodels the intratumoral microenvironment facilitating tumor invasion and correlating with increased metastatic burden,"This experiment is similar to what was reported in Figure 7C and Supplemental Figure 7C of Goetz et al. (2011) and described in Protocols 3 and 4 in the Registered Report (Fiering et al., 2015).",clear,"Main in vivo replication experiment (subcutaneous tumorigenicity assay). Multiple outcome measures show mixed results: primary tumor growth not significant, metastatic burden not in same direction as original and not significant, fibronectin orientation in same direction but not significant, and correlation with metastasis significant in opposite direction. Shorter experimental endpoint (45 vs 70 days) and other methodological differences noted. [ling26: extra entry, not in the external record] [ling26: no entry matched this anchor]"
,10.7554/elife.45120,10.7554--elife.45120,,,yes,,success,close extension,https://doi.org/10.1016/j.cell.2011.05.040,Biomechanical remodeling of the microenvironment by stromal caveolin-1 favors tumor invasion and metastasis,"Goetz, JG; Minguet, S; Navarro-Lérida, I; Lazcano, JJ; Samaniego, R; Calvo, E; Tello, M; Osteso-Ibáñez, T; Pellinen, T; Echarri, A; Cerezo, A; Klein-Szanto, AJ; Garcia, R; Keely, PJ; Sánchez-Mateos, P; Cukierman, E; Del Pozo, MA",2011,Cell,Cav1WT pMEFs have increased ECM remodeling capabilities compared to Cav1KO pMEFs,"the original study stated that the ECM remodeling capabilities of Cav1KO pMEFs were reduced compared to Cav1WT pMEFs, similar to the results reported with immortalized MEFs (Goetz et al., 2011).",clear,"In vitro collagen contraction assay testing ECM remodeling capabilities in pMEFs. Result is in the same direction as the original study and statistically significant (p=3.72×10^-5). This was an additional experiment added during the replication, not part of the original Registered Report protocols. [ling26: extra entry, not in the external record] [ling26: no entry matched this anchor]"
,10.7554/elife.45120,10.7554--elife.45120,,,yes,,failure,direct,https://doi.org/10.1016/j.cell.2011.05.040,Biomechanical remodeling of the microenvironment by stromal caveolin-1 favors tumor invasion and metastasis,"Goetz, JG; Minguet, S; Navarro-Lérida, I; Lazcano, JJ; Samaniego, R; Calvo, E; Tello, M; Osteso-Ibáñez, T; Pellinen, T; Echarri, A; Cerezo, A; Klein-Szanto, AJ; Garcia, R; Keely, PJ; Sánchez-Mateos, P; Cukierman, E; Del Pozo, MA",2011,Cell,Stromal Cav1 expression increases primary tumor growth when co-injected with LM-4175 breast cancer cells,"This experiment is similar to what was reported in Figure 7C and Supplemental Figure 7C of Goetz et al. (2011) and described in Protocols 3 and 4 in the Registered Report (Fiering et al., 2015).",ambiguous,"No statistically significant difference in primary tumor growth between three groups (p=0.978); effect sizes were in the same direction as original but meta-analysis was not significant (p=0.467); authors conclude 'primary tumor growth does not change when Cav1 is absent' which frames as null/failure, but effect was in expected direction which could be read as inconclusive [ling26: extra entry, not in the external record]"
,10.7554/elife.45120,10.7554--elife.45120,,,yes,,inconclusive,direct,https://doi.org/10.1016/j.cell.2011.05.040,Biomechanical remodeling of the microenvironment by stromal caveolin-1 favors tumor invasion and metastasis,"Goetz, JG; Minguet, S; Navarro-Lérida, I; Lazcano, JJ; Samaniego, R; Calvo, E; Tello, M; Osteso-Ibáñez, T; Pellinen, T; Echarri, A; Cerezo, A; Klein-Szanto, AJ; Garcia, R; Keely, PJ; Sánchez-Mateos, P; Cukierman, E; Del Pozo, MA",2011,Cell,Stromal Cav1 expression increases metastatic burden when co-injected with LM-4175 breast cancer cells,"This experiment is similar to what was reported in Figure 7C and Supplemental Figure 7C of Goetz et al. (2011) and described in Protocols 3 and 4 in the Registered Report (Fiering et al., 2015).",clear,"Replication found opposite direction (Cav1KO had more metastases than Cav1WT) but not statistically significant; authors explicitly state 'results that were not in the same direction as the original study and not statistically significant'; shorter experimental endpoint (45 vs 70 days) may have confounded metastasis assessment [ling26: extra entry, not in the external record]"
,10.7554/elife.45120,10.7554--elife.45120,,,yes,,inconclusive,direct,https://doi.org/10.1016/j.cell.2011.05.040,Biomechanical remodeling of the microenvironment by stromal caveolin-1 favors tumor invasion and metastasis,"Goetz, JG; Minguet, S; Navarro-Lérida, I; Lazcano, JJ; Samaniego, R; Calvo, E; Tello, M; Osteso-Ibáñez, T; Pellinen, T; Echarri, A; Cerezo, A; Klein-Szanto, AJ; Garcia, R; Keely, PJ; Sánchez-Mateos, P; Cukierman, E; Del Pozo, MA",2011,Cell,Stromal Cav1 expression increases intratumoral fibronectin fiber alignment,"This experiment is similar to what was reported in Figure 7C and Supplemental Figure 7C of Goetz et al. (2011) and described in Protocols 3 and 4 in the Registered Report (Fiering et al., 2015).",clear,"Effect in same direction as original but not statistically significant; authors state 'results that were in the same direction as the original study and not statistically significant where predicted'; analysis workflow differed from original (KNIME instead of MetaMorph IMA) [ling26: extra entry, not in the external record]"
,10.7554/elife.45120,10.7554--elife.45120,,,yes,,reversal,direct,https://doi.org/10.1016/j.cell.2011.05.040,Biomechanical remodeling of the microenvironment by stromal caveolin-1 favors tumor invasion and metastasis,"Goetz, JG; Minguet, S; Navarro-Lérida, I; Lazcano, JJ; Samaniego, R; Calvo, E; Tello, M; Osteso-Ibáñez, T; Pellinen, T; Echarri, A; Cerezo, A; Klein-Szanto, AJ; Garcia, R; Keely, PJ; Sánchez-Mateos, P; Cukierman, E; Del Pozo, MA",2011,Cell,Positive correlation between fibronectin fiber orientation and metastatic burden,"The same type of analysis was reported in the original study, which indicated a statistically significant positive relationship (Goetz et al., 2011).",clear,"Replication found statistically significant negative correlation (rs=-0.50, p=0.025) vs. original positive correlation; authors explicitly describe as 'statistically significant in the opposite direction as the original study'; all three reversal criteria are met [ling26: extra entry, not in the external record]"
10.7554--elife.17044#1,10.7554/elife.17044,10.7554--elife.17044,,,yes,,inconclusive,direct,https://doi.org/10.1126/scitranslmed.3001318,Discovery and preclinical validation of drug indications using compendia of public gene expression data,"Sirota, M; Dudley, J; Kim, J; Chiang, A; Morgan, A; Sweet-Cordero, A; Sage, J; Butte, A",2011,Science Translational Medicine,Cimetidine treatment inhibits tumor growth in A549 lung adenocarcinoma xenografts but not in ACHN renal cell carcinoma xenografts,"As described in the Registered Report (Kandela et al., 2015), we attempted a replication of the experiments reported in Figures 4C–D and Supplemental Figure 1 of Sirota et al., 2011.",ambiguous,"The primary A549 cimetidine vs vehicle effect is in the expected direction but not significant after Bonferroni correction (p=0.105); authors use hedging language ('While not statistically significant'). The ACHN result is null, consistent with the original. The meta-analysis of A549 tumors is significant (p=0.0043), but the pre-registered confirmatory analysis is not. A second coder might classify this as 'failure' (primary effect not significant) or 'success' (meta-analysis significant, effect in expected direction). [ling26: no entry matched this anchor]"
,10.7554/elife.17044,10.7554--elife.17044,,,yes,,inconclusive,direct,https://doi.org/10.1126/scitranslmed.3001318,Discovery and preclinical validation of drug indications using compendia of public gene expression data,Sirota M; Dudley J; Kim J; Chiang A; Morgan A; Sweet-Cordero A; Sage J; Butte A,2011,Science Translational Medicine,Cimetidine treatment inhibits tumor growth in A549 lung adenocarcinoma xenografts,"As described in the Registered Report (Kandela et al., 2015), we attempted a replication of the experiments reported in Figures 4C–D and Supplemental Figure 1 of Sirota et al., 2011.",clear,"The effect is in the expected direction (cimetidine decreased tumor volume vs vehicle) but is not statistically significant at the Bonferroni-corrected threshold (uncorrected p=0.035, Bonferroni corrected p=0.105). Authors use hedging language ('While not statistically significant') and describe it as 'in the same direction as the original study.' [ling26: extra entry, not in the external record]"
,10.7554/elife.17044,10.7554--elife.17044,,,yes,,inconclusive,direct,https://doi.org/10.1126/scitranslmed.3001318,Discovery and preclinical validation of drug indications using compendia of public gene expression data,Sirota M; Dudley J; Kim J; Chiang A; Morgan A; Sweet-Cordero A; Sage J; Butte A,2011,Science Translational Medicine,Cimetidine treatment does not affect tumor growth in ACHN renal cell carcinoma xenografts,"As described in the Registered Report (Kandela et al., 2015), we attempted a replication of the experiments reported in Figures 4C–D and Supplemental Figure 1 of Sirota et al., 2011.",ambiguous,"Both the original study and this replication found no significant effect of cimetidine on ACHN tumors (original: no effect reported; replication: t(53)=-0.58, p=0.562). Authors say 'similar to the original study,' confirming the original null finding. However, the codebook's success criteria require a statistically significant effect in the same direction, which is absent here since neither the original nor replication had a significant effect. A second coder might plausibly code this as 'success' (confirming the original null) or 'failure' (no significant effect found). [ling26: extra entry, not in the external record]"
,10.7554/elife.17044,10.7554--elife.17044,,,yes,,inconclusive,direct,https://doi.org/10.1126/scitranslmed.3001318,Discovery and preclinical validation of drug indications using compendia of public gene expression data,Sirota M; Dudley J; Kim J; Chiang A; Morgan A; Sweet-Cordero A; Sage J; Butte A,2011,Science Translational Medicine,Doxorubicin treatment inhibits tumor growth in A549 lung adenocarcinoma xenografts,"As described in the Registered Report (Kandela et al., 2015), we attempted a replication of the experiments reported in Figures 4C–D and Supplemental Figure 1 of Sirota et al., 2011.",clear,"The effect is in the expected direction (doxorubicin decreased tumor volume vs vehicle) but is not statistically significant at the Bonferroni-corrected threshold (Welch's t-test t(6.73)=2.68, uncorrected p=0.0325, Bonferroni corrected p=0.0976). Authors use hedging language ('While not statistically significant') and describe it as 'in the same direction as the original study.' The doxorubicin group had a very small sample (n=4). [ling26: extra entry, not in the external record]"
10.7554--elife.56651#1,10.7554/elife.56651,10.7554--elife.56651,,,yes,,,,,,,,,,,, [ling26: no entry matched this anchor] [ling26: no entry matched this anchor]
,10.7554/elife.56651,10.7554--elife.56651,,,yes,,failure,direct,https://doi.org/10.1016/j.cell.2011.09.029,Coding-independent regulation of the tumor suppressor PTEN by competing endogenous mRNAs,"Tay, Y; Kats, L; Salmena, L; Weiss, D; Tan, S; Ala, U; Karreth, F; Poliseno, L; Provero, P; Cunto, D; Lieberman, F; Rigoutsos, I; Pandolfi, P",2011,Cell,ceRNA depletion reduces PTEN-3'UTR luciferase reporter activity,"This is similar to what was reported in Figure 3C and Supplemental Figure S3A of Tay et al., 2011 and described in Protocol 1 in the Registered Report (Phelps et al., 2016).",clear," [ling26: extra entry, not in the external record] [ling26: no entry matched this anchor]"
,10.7554/elife.56651,10.7554--elife.56651,,,yes,,reversal,direct,https://doi.org/10.1016/j.cell.2011.09.029,Coding-independent regulation of the tumor suppressor PTEN by competing endogenous mRNAs,"Tay, Y; Kats, L; Salmena, L; Weiss, D; Tan, S; Ala, U; Karreth, F; Poliseno, L; Provero, P; Cunto, D; Lieberman, F; Rigoutsos, I; Pandolfi, P",2011,Cell,ceRNA overexpression increases PTEN-3'UTR luciferase reporter activity,"This is similar to what was reported in Figure 3D of Tay et al., 2011 and described in Protocol 2 in the Registered Report (Phelps et al., 2016).",clear," [ling26: extra entry, not in the external record] [ling26: no entry matched this anchor]"
,10.7554/elife.56651,10.7554--elife.56651,,,yes,,inconclusive,direct,https://doi.org/10.1016/j.cell.2011.09.029,Coding-independent regulation of the tumor suppressor PTEN by competing endogenous mRNAs,"Tay, Y; Kats, L; Salmena, L; Weiss, D; Tan, S; Ala, U; Karreth, F; Poliseno, L; Provero, P; Cunto, D; Lieberman, F; Rigoutsos, I; Pandolfi, P",2011,Cell,ceRNA depletion reduces PTEN protein expression,"This experiment is similar to what was reported in Figure 3G–H and Supplemental Figure S3B of Tay et al., 2011 and described in Protocol 3 in the Registered Report (Phelps et al., 2016).",ambiguous,"Results varied across wild-type and Dicer[Ex5] HCT116 cell lines; same direction as original for wild-type but opposite direction for Dicer[Ex5] cells. [ling26: extra entry, not in the external record] [ling26: no entry matched this anchor]"
,10.7554/elife.56651,10.7554--elife.56651,,,yes,,inconclusive,direct,https://doi.org/10.1016/j.cell.2011.09.029,Coding-independent regulation of the tumor suppressor PTEN by competing endogenous mRNAs,"Tay, Y; Kats, L; Salmena, L; Weiss, D; Tan, S; Ala, U; Karreth, F; Poliseno, L; Provero, P; Cunto, D; Lieberman, F; Rigoutsos, I; Pandolfi, P",2011,Cell,ceRNA depletion increases cell proliferation,"This is similar to what was reported in Figure 5B of Tay et al., 2011 and described in Protocol 4 in the Registered Report (Phelps et al., 2016).",ambiguous,"Results varied in statistical significance and direction across ceRNAs and cell lines; same direction as original only for PTEN depletion. [ling26: extra entry, not in the external record] [ling26: no entry matched this anchor]"
,10.7554/elife.56651,10.7554--elife.56651,,,yes,,inconclusive,direct,https://doi.org/10.1016/j.cell.2011.09.029,Coding-independent regulation of the tumor suppressor PTEN by competing endogenous mRNAs,"Tay, Y; Kats, L; Salmena, L; Weiss, D; Tan, S; Ala, U; Karreth, F; Poliseno, L; Provero, P; Cunto, D; Lieberman, F; Rigoutsos, J; Pandolfi, I P",2011,Cell,"Silencing putative PTEN ceRNAs (SERINC1, VAPA, CNOT6L, ZNF460, PTEN) decreased luciferase activity of a chimeric construct with the PTEN 3'UTR","This is similar to what was reported in Figure 3C and Supplemental Figure S3A of Tay et al., 2011 and described in Protocol 1 in the Registered Report (Phelps et al., 2016).",clear," [ling26: extra entry, not in the external record]"
,10.7554/elife.56651,10.7554--elife.56651,,,yes,,inconclusive,direct,https://doi.org/10.1016/j.cell.2011.09.029,Coding-independent regulation of the tumor suppressor PTEN by competing endogenous mRNAs,"Tay, Y; Kats, L; Salmena, L; Weiss, D; Tan, S; Ala, U; Karreth, F; Poliseno, L; Provero, P; Cunto, D; Lieberman, F; Rigoutsos, J; Pandolfi, I P",2011,Cell,"Overexpression of the 3'UTRs of putative PTEN ceRNAs (SERINC1, VAPA, CNOT6L, PTEN) increased luciferase activity, suggesting inhibition of PTEN 3'UTR was relieved","This is similar to what was reported in Figure 3D of Tay et al., 2011 and described in Protocol 2 in the Registered Report (Phelps et al., 2016).",ambiguous,"Most comparisons show statistically significant effects in the opposite direction from the original, but VAPA 3'UTR1 was not statistically significant after Bonferroni correction. A second coder might plausibly classify this as reversal given the dominant pattern of opposite-direction significance. [ling26: extra entry, not in the external record]"
,10.7554/elife.56651,10.7554--elife.56651,,,yes,,inconclusive,direct,https://doi.org/10.1016/j.cell.2011.09.029,Coding-independent regulation of the tumor suppressor PTEN by competing endogenous mRNAs,"Tay, Y; Kats, L; Salmena, L; Weiss, D; Tan, S; Ala, U; Karreth, F; Poliseno, L; Provero, P; Cunto, D; Lieberman, F; Rigoutsos, J; Pandolfi, I P",2011,Cell,"Depletion of putative PTEN ceRNAs (SERINC1, VAPA, CNOT6L) decreased PTEN protein expression, and this effect was attenuated when DICER was disrupted","This experiment is similar to what was reported in Figure 3G–H and Supplemental Figure S3B of Tay et al., 2011 and described in Protocol 3 in the Registered Report (Phelps et al., 2016).",ambiguous,"Results were generally in the same direction as the original but varied in statistical significance across comparisons and cell lines; some comparisons were significant, others were not. [ling26: extra entry, not in the external record]"
,10.7554/elife.56651,10.7554--elife.56651,,,yes,,inconclusive,direct,https://doi.org/10.1016/j.cell.2011.09.029,Coding-independent regulation of the tumor suppressor PTEN by competing endogenous mRNAs,"Tay, Y; Kats, L; Salmena, L; Weiss, D; Tan, S; Ala, U; Karreth, F; Poliseno, L; Provero, P; Cunto, D; Lieberman, F; Rigoutsos, J; Pandolfi, I P",2011,Cell,"Depletion of putative PTEN ceRNAs (VAPA, CNOT6L, PTEN) increased cell proliferation in DU145 cells","This is similar to what was reported in Figure 5B of Tay et al., 2011 and described in Protocol 4 in the Registered Report (Phelps et al., 2016).",ambiguous,"Results varied in both statistical significance and direction relative to the original across ceRNA conditions; PTEN depletion was in the same direction as the original but not all ceRNA depletions were. [ling26: extra entry, not in the external record]"
10.7554--elife.43511#1,10.7554/elife.43511,10.7554--elife.43511,,,yes,,,,,,,,,,,, [ling26: no entry matched this anchor] [ling26: no entry matched this anchor]
,10.7554/elife.43511,10.7554--elife.43511,,,yes,,failure,direct,https://doi.org/10.1038/nm.2284,The microRNA miR-34a inhibits prostate cancer stem cells and metastasis by directly repressing CD44,"Liu, C; Kelnar, K; Liu, B; Chen, X; Calhoun-Davis, T; Li, H; Patrawala, L; Yan, H; Jeter, C; Honorio, S; Wiggins, J; Bader, A; Fagin, R; Brown, D; Tang, D",2011,Nature Medicine,miR-34a expression is lower in CD44+ prostate cancer stem cells than in CD44- cells,"This experiment is comparable to what was reported in Figure 1B of Liu et al. (2011) and described in Protocol 3 in the Registered Report (Li et al., 2015).",clear,"Authors explicitly state results were not in the same direction as the original for miR-34a expression; let-7b was in the same direction but that is a separate effect. [ling26: extra entry, not in the external record] [ling26: no entry matched this anchor]"
,10.7554/elife.43511,10.7554--elife.43511,,,yes,,failure,direct,https://doi.org/10.1038/nm.2284,The microRNA miR-34a inhibits prostate cancer stem cells and metastasis by directly repressing CD44,"Liu, C; Kelnar, K; Liu, B; Chen, X; Calhoun-Davis, T; Li, H; Patrawala, L; Yan, H; Jeter, C; Honorio, S; Wiggins, J; Bader, A; Fagin, R; Brown, D; Tang, D",2011,Nature Medicine,miR-34a expression inhibits tumor regeneration in LAPC4 prostate cancer cells,"This experiment is similar to what was reported in Supplemental Figure 5C of Liu et al. (2011) and described in Protocol 4 in the Registered Report (Li et al., 2015).",clear,"Authors explicitly state results were not in the same direction as the original and not statistically significant; tumor weights for miR-34a group were similar to controls. [ling26: extra entry, not in the external record] [ling26: no entry matched this anchor]"
,10.7554/elife.43511,10.7554--elife.43511,,,yes,,failure,direct,https://doi.org/10.1038/nm.2284,The microRNA miR-34a inhibits prostate cancer stem cells and metastasis by directly repressing CD44,"Liu, C; Kelnar, K; Liu, B; Chen, X; Calhoun-Davis, T; Li, H; Patrawala, L; Yan, H; Jeter, C; Honorio, S; Wiggins, J; Bader, A; Fagin, R; Brown, D; Tang, D",2011,Nature Medicine,miR-34a directly represses CD44 through binding sites in the 3'UTR of CD44,"This is similar to what was reported in Figure 4D of Liu et al. (2011) and described in Protocol 7 in the Registered Report (Li et al., 2015).",clear,"Authors explicitly state results were not consistent in direction with the original and not statistically significant; luciferase values for miR-34a vs control were similar for both wild-type and double mutant reporters. [ling26: extra entry, not in the external record] [ling26: no entry matched this anchor]"
,10.7554/elife.43511,10.7554--elife.43511,,,yes,,failure,direct,https://doi.org/10.1038/nm.2284,The microRNA miR-34a inhibits prostate cancer stem cells and metastasis by directly repressing CD44,"Liu, C; Kelnar, K; Liu, B; Chen, X; Calhoun-Davis, T; Li, H; Patrawala, L; Yan, H; Jeter, C; Honorio, S; Wiggins, J; Bader, A; Fagin, R; Brown, D; Tang, D",2011,Nature Medicine,miR-34a is underexpressed in CD44+ versus CD44- LAPC4 prostate cancer cells,"This experiment is comparable to what was reported in Figure 1B of Liu et al. (2011) and described in Protocol 3 in the Registered Report (Li et al., 2015).",clear," [ling26: extra entry, not in the external record]"
,10.7554/elife.43511,10.7554--elife.43511,,,yes,,failure,direct,https://doi.org/10.1038/nm.2284,The microRNA miR-34a inhibits prostate cancer stem cells and metastasis by directly repressing CD44,"Liu, C; Kelnar, K; Liu, B; Chen, X; Calhoun-Davis, T; Li, H; Patrawala, L; Yan, H; Jeter, C; Honorio, S; Wiggins, J; Bader, A; Fagin, R; Brown, D; Tang, D",2011,Nature Medicine,miR-34a expression inhibits tumor growth of LAPC4 cells in vivo,"This experiment is similar to what was reported in Supplemental Figure 5C of Liu et al. (2011) and described in Protocol 4 in the Registered Report (Li et al., 2015).",clear," [ling26: extra entry, not in the external record]"
,10.7554/elife.43511,10.7554--elife.43511,,,yes,,failure,direct,https://doi.org/10.1038/nm.2284,The microRNA miR-34a inhibits prostate cancer stem cells and metastasis by directly repressing CD44,"Liu, C; Kelnar, K; Liu, B; Chen, X; Calhoun-Davis, T; Li, H; Patrawala, L; Yan, H; Jeter, C; Honorio, S; Wiggins, J; Bader, A; Fagin, R; Brown, D; Tang, D",2011,Nature Medicine,miR-34a regulates CD44 expression through putative binding sites in the 3'UTR of CD44,"This is similar to what was reported in Figure 4D of Liu et al. (2011) and described in Protocol 7 in the Registered Report (Li et al., 2015).",clear," [ling26: extra entry, not in the external record]"
10.7554--elife.25306#1,10.7554/elife.25306,10.7554--elife.25306,,,yes,,,,,,,,,,,, [ling26: no entry matched this anchor] [ling26: no entry matched this anchor]
,10.7554/elife.25306,10.7554--elife.25306,,,yes,,success,direct,https://doi.org/10.1038/nature10509,Inhibition of BET recruitment to chromatin as an effective treatment for MLL-fusion leukaemia,"Dawson MA, Prinjha RK; Dittmann A, Giotopoulos G; Bantscheff M, Chan WI; Robson SC, Chung CW; Hopf C, Savitski MM; Huthmacher C, Gudgin E; Lugo D, Beinke S; Chapman TD, Roberts EJ; Soden PE, Auger KR; Mirguet O, Doehner K; Delwel R, Burnett AK; Jeffrey P, Drewes G; Lee K, Bullinger L; Prinjha RK, Kouzarides T",2011,Nature,I-BET151 selectively inhibits the growth of the MLL-fusion leukaemic cell line MV4;11,"This experiment is comparable to what was reported in Figure 2A and Supplementary Figure 11A-B of Dawson et al. (2011) and described in Protocols 1–2 in the Registered Report (Fung et al., 2015).",clear," [ling26: extra entry, not in the external record] [ling26: no entry matched this anchor]"
,10.7554/elife.25306,10.7554--elife.25306,,,yes,,success,direct,https://doi.org/10.1038/nature10509,Inhibition of BET recruitment to chromatin as an effective treatment for MLL-fusion leukaemia,"Dawson MA, Prinjha RK; Dittmann A, Giotopoulos G; Bantscheff M, Chan WI; Robson SC, Chung CW; Hopf C, Savitski MM; Huthmacher C, Gudgin E; Lugo D, Beinke S; Chapman TD, Roberts EJ; Soden PE, Auger KR; Mirguet O, Doehner K; Delwel R, Burnett AK; Jeffrey P, Drewes G; Lee K, Bullinger L; Prinjha RK, Kouzarides T",2011,Nature,I-BET151 selectively inhibits BCL2 expression in MV4;11 MLL-fusion leukaemic cells,"We sought to replicate this experiment, which is similar to what was reported in Figure 3D of Dawson et al. (2011) and described in Protocol 3 in the Registered Report (Fung et al., 2015).",clear," [ling26: extra entry, not in the external record] [ling26: no entry matched this anchor]"
,10.7554/elife.25306,10.7554--elife.25306,,,yes,,inconclusive,close experiment,https://doi.org/10.1038/nature10509,Inhibition of BET recruitment to chromatin as an effective treatment for MLL-fusion leukaemia,"Dawson MA, Prinjha RK; Dittmann A, Giotopoulos G; Bantscheff M, Chan WI; Robson SC, Chung CW; Hopf C, Savitski MM; Huthmacher C, Gudgin E; Lugo D, Beinke S; Chapman TD, Roberts EJ; Soden PE, Auger KR; Mirguet O, Doehner K; Delwel R, Burnett AK; Jeffrey P, Drewes G; Lee K, Bullinger L; Prinjha RK, Kouzarides T",2011,Nature,I-BET151 treatment extends survival and reduces disease burden in a xenograft mouse model of MLL-fusion leukaemia,"we sought to replicate an experiment similar to what was reported in Figure 4B and D and Supplementary Figure 16A (Dawson et al., 2011) and described in Protocols 4–5 in the Registered Report (Fung et al., 2015).",ambiguous,"Survival result is a clear failure (no significant difference, opposite direction, p=0.536), but disease burden was in the same direction as the original. Mixed signals within one experiment make the overall result inconclusive. [ling26: extra entry, not in the external record] [ling26: no entry matched this anchor]"
,10.7554/elife.25306,10.7554--elife.25306,,,yes,,success,direct,https://doi.org/10.1038/nature10509,Inhibition of BET recruitment to chromatin as an effective treatment for MLL-fusion leukaemia,"Dawson, MA; Prinjha, RK; Dittmann, A; Giotopoulos, G; Bantscheff, M; Chan, WI; Robson, SC; Chung, CW; Hopf, C; Savitski, MM; Huthmacher, C; Gudgin, E; Lugo, D; Beinke, S; Chapman, TD; Roberts, EJ; Soden, PE; Auger, KR; Mirguet, O; Doehner, K; Delwel, R; Burnett, AK; Jeffrey, P; Drewes, G; Lee, K; Huntly, BJ; Kouzarides, T",2011,Nature,I-BET151 selectively inhibits the growth of MLL-fusion leukaemic MV4;11 cells compared to non-MLL-fusion K-562 cells,"This experiment is comparable to what was reported in Figure 2A and Supplementary Figure 11A-B of Dawson et al. (2011) and described in Protocols 1–2 in the Registered Report (Fung et al., 2015).",clear,"Authors explicitly state results were in the same direction as the original and statistically significant where predicted. [ling26: extra entry, not in the external record]"
,10.7554/elife.25306,10.7554--elife.25306,,,yes,,success,direct,https://doi.org/10.1038/nature10509,Inhibition of BET recruitment to chromatin as an effective treatment for MLL-fusion leukaemia,"Dawson, MA; Prinjha, RK; Dittmann, A; Giotopoulos, G; Bantscheff, M; Chan, WI; Robson, SC; Chung, CW; Hopf, C; Savitski, MM; Huthmacher, C; Gudgin, E; Lugo, D; Beinke, S; Chapman, TD; Roberts, EJ; Soden, PE; Auger, KR; Mirguet, O; Doehner, K; Delwel, R; Burnett, AK; Jeffrey, P; Drewes, G; Lee, K; Huntly, BJ; Kouzarides, T",2011,Nature,I-BET151 selectively inhibits BCL2 expression in MLL-fusion leukaemic MV4;11 cells,"We sought to replicate this experiment, which is similar to what was reported in Figure 3D of Dawson et al. (2011) and described in Protocol 3 in the Registered Report (Fung et al., 2015).",clear,"Authors explicitly state results were statistically significant where predicted and in the same direction as the original study. [ling26: extra entry, not in the external record]"
,10.7554/elife.25306,10.7554--elife.25306,,,yes,,inconclusive,direct,https://doi.org/10.1038/nature10509,Inhibition of BET recruitment to chromatin as an effective treatment for MLL-fusion leukaemia,"Dawson, MA; Prinjha, RK; Dittmann, A; Giotopoulos, G; Bantscheff, M; Chan, WI; Robson, SC; Chung, CW; Hopf, C; Savitski, MM; Huthmacher, C; Gudgin, E; Lugo, D; Beinke, S; Chapman, TD; Roberts, EJ; Soden, PE; Auger, KR; Mirguet, O; Doehner, K; Delwel, R; Burnett, AK; Jeffrey, P; Drewes, G; Lee, K; Huntly, BJ; Kouzarides, T",2011,Nature,I-BET151 treatment increases survival in a xenograft mouse model of MLL-fusion leukaemia,"In order to test the efficacy of I-BET151 as a therapeutic agent in MLL-fusion leukaemia, we sought to replicate an experiment similar to what was reported in Figure 4B and D and Supplementary Figure 16A (Dawson et al., 2011) and described in Protocols 4–5 in the Registered Report (Fung et al., 2015).",clear,"Survival result was a failure (p=0.536, opposite direction from original), but disease burden was in the same direction as the original. Mixed signals within one experiment yield inconclusive. [ling26: extra entry, not in the external record]"
10.7554--elife.29747#1,10.7554/elife.29747,10.7554--elife.29747,,,yes,,,,,,,,,,,, [ling26: no entry matched this anchor] [ling26: no entry matched this anchor]
,10.7554/elife.29747,10.7554--elife.29747,,,yes,,inconclusive,direct,https://doi.org/10.1038/nature11005,Systematic identification of genomic markers of drug sensitivity in cancer cells,"Garnett, MJ; Edelman, EJ; Heidorn, SJ; Greenman, CD; Dastur, A; Lau, KW; Greninger, P; Thompson, IR; Luo, X; Soares, J; Liu, Q; Iorio, F; Surdez, D; Chen, L; Milano, RJ; Bignell, GR; Tam, AT; Davies, H; Stevenson, JA; Barthorpe, S; Lutz, SR; Kogera, F; Lawrence, K; McLaren-Douglas, A; Mitropoulos, X; Mironenko, T; Thi, H; Richardson, L; Zhou, W; Jewitt, F; Zhang, T; O'Brien, P; Boisvert, JL; Price, S; Hur, W; Yang, W; Deng, X; Butler, A; Choi, HG; Chang, JW; Baselga, J; Stamenkovic, I; Engelman, JA; Sharma, SV; Delattre, O; Saez-Rodriguez, J; Gray, NS; Settleman, J; Futreal, PA; Haber, DA; Stratton, MR; Ramaswamy, S; McDermott, U; Benes, CH",2012,Nature,"Ewing's sarcoma cell lines are more sensitive to the PARP inhibitor olaparib than osteosarcoma cell lines, as measured by colony formation assay","This experiment is comparable to what was reported in Figure 4C and Supplemental Figure 16 of Garnett et al. (2012) and described in Protocol 1 in the Registered Report (Vanden Heuvel et al., 2016).",clear," [ling26: extra entry, not in the external record] [ling26: no entry matched this anchor]"
,10.7554/elife.29747,10.7554--elife.29747,,,yes,,failure,direct,https://doi.org/10.1038/nature11005,Systematic identification of genomic markers of drug sensitivity in cancer cells,"Garnett, MJ; Edelman, EJ; Heidorn, SJ; Greenman, CD; Dastur, A; Lau, KW; Greninger, P; Thompson, IR; Luo, X; Soares, J; Liu, Q; Iorio, F; Surdez, D; Chen, L; Milano, RJ; Bignell, GR; Tam, AT; Davies, H; Stevenson, JA; Barthorpe, S; Lutz, SR; Kogera, F; Lawrence, K; McLaren-Douglas, A; Mitropoulos, X; Mironenko, T; Thi, H; Richardson, L; Zhou, W; Jewitt, F; Zhang, T; O'Brien, P; Boisvert, JL; Price, S; Hur, W; Yang, W; Deng, X; Butler, A; Choi, HG; Chang, JW; Baselga, J; Stamenkovic, I; Engelman, JA; Sharma, SV; Delattre, O; Saez-Rodriguez, J; Gray, NS; Settleman, J; Futreal, PA; Haber, DA; Stratton, MR; Ramaswamy, S; McDermott, U; Benes, CH",2012,Nature,EWS-FLI1 rearrangement confers sensitivity to olaparib in mouse mesenchymal cells,"This experiment is similar to what was reported in Figure 4E of Garnett et al. (2012) and described in Protocol 2 in the Registered Report (Vanden Heuvel et al., 2016).",clear," [ling26: extra entry, not in the external record] [ling26: no entry matched this anchor]"
,10.7554/elife.29747,10.7554--elife.29747,,,yes,,failure,direct,https://doi.org/10.1038/nature11005,Systematic identification of genomic markers of drug sensitivity in cancer cells,"Garnett, MJ; Edelman, EJ; Heidorn, SJ; Greenman, CD; Dastur, A; Lau, KW; Greninger, P; Thompson, IR; Luo, X; Soares, J; Liu, Q; Iorio, F; Surdez, D; Chen, L; Milano, RJ; Bignell, GR; Tam, AT; Davies, H; Stevenson, JA; Barthorpe, S; Lutz, SR; Kogera, F; Lawrence, K; McLaren-Douglas, A; Mitropoulos, X; Mironenko, T; Thi, H; Richardson, L; Zhou, W; Jewitt, F; Zhang, T; O'Brien, P; Boisvert, JL; Price, S; Hur, W; Yang, W; Deng, X; Butler, A; Choi, HG; Chang, JW; Baselga, J; Stamenkovic, I; Engelman, JA; Sharma, SV; Delattre, O; Saez-Rodriguez, J; Gray, NS; Settleman, J; Futreal, PA; Haber, DA; Stratton, MR; Ramaswamy, S; McDermott, U; Benes, CH",2012,Nature,Depletion of EWS-FLI1 from A673 Ewing's sarcoma cells partially rescues olaparib sensitivity,"To test if EWS-FLI1 is necessary for olaparib sensitivity, we replicated an experiment similar to what was reported in Figure 4F and Supplemental Figure 20 in Garnett et al. (2012) and described in Protocol 3 in the Registered Report (Vanden Heuvel et al., 2016).",clear," [ling26: extra entry, not in the external record] [ling26: no entry matched this anchor]"
,10.7554/elife.29747,10.7554--elife.29747,,,yes,,inconclusive,direct,https://doi.org/10.1038/nature11005,Systematic identification of genomic markers of drug sensitivity in cancer cells,"Garnett MJ, Edelman EJ, Heidorn SJ, Greenman CD, Dastur A, Lau KW, Greninger P, Thompson IR, Luo X, Soares J, Liu Q, Iorio F, Surdez D, Chen L, Milano RJ, Bignell GR, Tam AT, Davies H, Stevenson JA, Barthorpe S, Lutz SR, Kogera F, Lawrence K, McLaren-Douglas A, Mitropoulos X, Mironenko T, Thi H, Richardson L, Zhou W, Jewitt F, Zhang T, O'Brien P, Boisvert JL, Price S, Hur W, Yang W, Deng X, Butler A, Choi HG, Chang JW, Baselga J, Stamenkovic I, Engelman JA, Sharma SV, Delattre O, Saez-Rodriguez J, Gray NS, Settleman J, Futreal PA, Haber DA, Stratton MR, Ramaswamy S, McDermott U, Benes CH",2012,Nature,Ewing's sarcoma cell lines are more sensitive to the PARP inhibitor olaparib than osteosarcoma cell lines (colony formation assay),"This experiment is comparable to what was reported in Figure 4C and Supplemental Figure 16 of Garnett et al. (2012) and described in Protocol 1 in the Registered Report (Vanden Heuvel et al., 2016).",clear," [ling26: extra entry, not in the external record]"
,10.7554/elife.29747,10.7554--elife.29747,,,yes,,failure,direct,https://doi.org/10.1038/nature11005,Systematic identification of genomic markers of drug sensitivity in cancer cells,"Garnett MJ, Edelman EJ, Heidorn SJ, Greenman CD, Dastur A, Lau KW, Greninger P, Thompson IR, Luo X, Soares J, Liu Q, Iorio F, Surdez D, Chen L, Milano RJ, Bignell GR, Tam AT, Davies H, Stevenson JA, Barthorpe S, Lutz SR, Kogera F, Lawrence K, McLaren-Douglas A, Mitropoulos X, Mironenko T, Thi H, Richardson L, Zhou W, Jewitt F, Zhang T, O'Brien P, Boisvert JL, Price S, Hur W, Yang W, Deng X, Butler A, Choi HG, Chang JW, Baselga J, Stamenkovic I, Engelman JA, Sharma SV, Delattre O, Saez-Rodriguez J, Gray NS, Settleman J, Futreal PA, Haber DA, Stratton MR, Ramaswamy S, McDermott U, Benes CH",2012,Nature,EWS-FLI1 rearrangement is associated with increased sensitivity to olaparib in mouse mesenchymal cells,"This experiment is similar to what was reported in Figure 4E of Garnett et al. (2012) and described in Protocol 2 in the Registered Report (Vanden Heuvel et al., 2016).",clear," [ling26: extra entry, not in the external record]"
,10.7554/elife.29747,10.7554--elife.29747,,,yes,,failure,direct,https://doi.org/10.1038/nature11005,Systematic identification of genomic markers of drug sensitivity in cancer cells,"Garnett MJ, Edelman EJ, Heidorn SJ, Greenman CD, Dastur A, Lau KW, Greninger P, Thompson IR, Luo X, Soares J, Liu Q, Iorio F, Surdez D, Chen L, Milano RJ, Bignell GR, Tam AT, Davies H, Stevenson JA, Barthorpe S, Lutz SR, Kogera F, Lawrence K, McLaren-Douglas A, Mitropoulos X, Mironenko T, Thi H, Richardson L, Zhou W, Jewitt F, Zhang T, O'Brien P, Boisvert JL, Price S, Hur W, Yang W, Deng X, Butler A, Choi HG, Chang JW, Baselga J, Stamenkovic I, Engelman JA, Sharma SV, Delattre O, Saez-Rodriguez J, Gray NS, Settleman J, Futreal PA, Haber DA, Stratton MR, Ramaswamy S, McDermott U, Benes CH",2012,Nature,Depletion of EWS-FLI1 from A673 cells partially rescues olaparib sensitivity,"we replicated an experiment similar to what was reported in Figure 4F and Supplemental Figure 20 in Garnett et al. (2012) and described in Protocol 3 in the Registered Report (Vanden Heuvel et al., 2016).",clear," [ling26: extra entry, not in the external record]"
10.7554--elife.18173#1,10.7554/elife.18173,10.7554--elife.18173,,,yes,,failure,direct,,,,2012,,Blocking the CD47/SIRPa interaction with anti-CD47 antibody reduces tumor weight in syngeneic FVB mice bearing MT1A2 breast tumors,"As described in the Registered Report (Chroscinski et al., 2015), we attempted to replicate the experiments reported in Figure 6A–C and Supplemental Table S4 of Willingham et al. (2012).",clear,Replication used only one antibody clone (MIAP410) of two in original; different mouse strain (FVB vs. original); Matrigel type differed from Registered Report; three tumors regressed during study; null result with opposite direction from original; meta-analysis also non-significant. [ling26: no entry matched this anchor]
,10.7554/elife.18173,10.7554--elife.18173,,,yes,,failure,direct,,The CD47-signal regulatory protein alpha (SIRPa) interaction is a therapeutic target for human solid tumors,Willingham,2012,,Blocking the SIRPa/CD47 interaction with anti-CD47 antibody reduces tumor weight in syngeneic breast cancer models,This experiment is similar to what was reported in Figure 6A–C of Willingham et al. (2012).,clear," [ling26: extra entry, not in the external record]"
,10.7554/elife.18173,10.7554--elife.18173,,,yes,,success,direct,,The CD47-signal regulatory protein alpha (SIRPa) interaction is a therapeutic target for human solid tumors,Willingham,2012,,"Anti-CD47 antibody treatment causes short-term anemia (reduced red blood cells, hemoglobin, and hematocrit)",This experiment is similar to what was reported in Figure 6A–C of Willingham et al. (2012).,clear," [ling26: extra entry, not in the external record]"
,10.7554/elife.18173,10.7554--elife.18173,,,yes,,failure,direct,,The CD47-signal regulatory protein alpha (SIRPa) interaction is a therapeutic target for human solid tumors,Willingham,2012,,Anti-CD47 antibody treatment increases lymphocytic infiltration in tumors,This experiment is similar to what was reported in Figure 6A–C of Willingham et al. (2012).,clear," [ling26: extra entry, not in the external record]"
10.7554--elife.34364#1,10.7554/elife.34364,10.7554--elife.34364,,,yes,,,,,,,,,,,, [ling26: no entry matched this anchor] [ling26: no entry matched this anchor]
,10.7554/elife.34364,10.7554--elife.34364,,,yes,,success,direct,https://doi.org/10.1126/science.1224820,Intestinal inflammation targets cancer-inducing activity of the microbiota,"Arthur, JC; Perez-Chanona, E; Mühlbauer, M; Tomkovich, S; Uronis, JM; Fan, TJ; Campbell, BJ; Abujamel, T; Dogan, B; Rogers, AB; Rhodes, JM; Stintzi, A; Simpson, KW; Hansen, JJ; Keku, TO; Fodor, AA; Jobin, C",2012,Science,Deletion of the pks island does not affect E. coli NC101 growth in vitro,This is comparable to what was reported in Supplemental Figure 7 of Arthur et al. (2012),clear,"The replication found visually equivalent growth curves for NC101 and NC101Δpks, confirming the original finding that pks deletion does not affect E. coli growth in vitro. [ling26: extra entry, not in the external record] [ling26: no entry matched this anchor]"
,10.7554/elife.34364,10.7554--elife.34364,,,yes,,inconclusive,close extension,https://doi.org/10.1126/science.1224820,Intestinal inflammation targets cancer-inducing activity of the microbiota,"Arthur, JC; Perez-Chanona, E; Mühlbauer, M; Tomkovich, S; Uronis, JM; Fan, TJ; Campbell, BJ; Abujamel, T; Dogan, B; Rogers, AB; Rhodes, JM; Stintzi, A; Simpson, KW; Hansen, JJ; Keku, TO; Fodor, AA; Jobin, C",2012,Science,The absence of the pks island reduces tumorigenic potential but not inflammatory potential of E. coli NC101 in germ-free Il10-/- mice treated with AOM,"we attempted to independently replicate an experiment similar to the one reported in Figure 4A–F, and Supplemental Figure 10, of Arthur et al. (2012).",clear,"The replication used an experimental endpoint 9 weeks longer than the original study (18 weeks after last AOM injection vs 18 weeks after mono-association), which confounds interpretation. The authors explicitly state the data are unable to address whether NC101 and NC101Δpks differ under the original study's conditions. Mixed signals: survival showed an effect in the expected direction, but tumor/inflammation/invasion/neoplasia scores showed no differences. [ling26: extra entry, not in the external record] [ling26: no entry matched this anchor]"
,10.7554/elife.34364,10.7554--elife.34364,,,yes,,success,direct,https://doi.org/10.1126/science.1224820,Intestinal inflammation targets cancer-inducing activity of the microbiota,"Arthur, JC; Perez-Chanona, E; Mühlbauer, M; Tomkovich, S; Uronis, JM; Fan, TJ; Campbell, BJ; Abujamel, T; Dogan, B; Rogers, AB; Rhodes, JM; Stintzi, A; Simpson, KW; Hansen, JJ; Keku, TO; Fodor, AA; Jobin, C",2012,Science,Deletion of the pks island does not affect E. coli growth in vitro,This is comparable to what was reported in Supplemental Figure 7 of Arthur et al. (2012),clear," [ling26: extra entry, not in the external record]"
,10.7554/elife.34364,10.7554--elife.34364,,,yes,,inconclusive,direct,https://doi.org/10.1126/science.1224820,Intestinal inflammation targets cancer-inducing activity of the microbiota,"Arthur, JC; Perez-Chanona, E; Mühlbauer, M; Tomkovich, S; Uronis, JM; Fan, TJ; Campbell, BJ; Abujamel, T; Dogan, B; Rogers, AB; Rhodes, JM; Stintzi, A; Simpson, KW; Hansen, JJ; Keku, TO; Fodor, AA; Jobin, C",2012,Science,Absence of the pks island reduces tumorigenic potential but not inflammatory potential of E. coli NC101 in AOM-treated germ-free Il10-/- mice,"we attempted to independently replicate an experiment similar to the one reported in Figure 4A–F, and Supplemental Figure 10, of Arthur et al. (2012)",ambiguous,"The replication used an experimental endpoint 9 weeks longer than the original study (18 weeks after last AOM injection vs. 18 weeks after mono-association), a methodological error discovered during peer review that confounds comparison with the original. Authors state the data are unable to address the original question. [ling26: extra entry, not in the external record]"
10.7554--elife.39944#1,10.7554/elife.39944,10.7554--elife.39944,,,yes,,failure,close experiment,https://doi.org/10.1038/nm.2753,Melanoma exosomes educate bone marrow progenitor cells toward a pro-metastatic phenotype through MET,"Peinado, H; Alečković, M; Lavotshkin, S; Matei, I; Costa-Silva, B; Moreno-Bueno, G; Hergueta-Redondo, M; Williams, C; García-Santos, G; Ghajar, C; Nitadori-Hoshino, A; Hoffman, C; Badal, K; Garcia, BA; Callahan, MK; Yuan, J; Martins, VR; Skog, J; Kaplan, RN; Brady, MS; Wolchok, JD; Chapman, PB; Kang, Y; Bromberg, J; Lyden, D",2012,Nature Medicine,Reduction of Met in B16-F10 exosomes by shRNA decreased lung and bone metastatic burden compared to control exosomes,"This experiment is similar to what was reported in Figure 4E of Peinado et al., 2012 and described in Protocol 3 in the Registered Report (Lesnik et al., 2016).",clear,The paper describes this as a direct replication. The experiment was stopped early (day 18 instead of planned day 21) due to animal deaths and large tumor sizes. Sample sizes were small (n=5-7 per group). The meta-analysis combining original and replication was also not significant. No statistically significant effect was found for metastatic burden in lungs or femurs; the authors report results in the same direction as the original but not statistically significant.
10.7554--elife.21634#1,10.7554/elife.21634,10.7554--elife.21634,,,yes,,failure,direct,https://doi.org/10.1038/nature11071,Melanoma genome sequencing reveals frequent PREX2 mutations,"Berger, MF; Hodis, E; Heffernan, TP; Deribe, YL; Lawrence, MS; Protopopov, A; Ivanova, E; Watson, IR; Nickerson, E; Ghosh, P; Zhang, H; Zeid, R; Ren, X; Cibulskis, K; Sivachenko, AY; Wagle, N; Sucker, A; Sougnez, C; Onofrio, R; Ambrogio, L; Auclair, D; Fennell, T; Carter, SL; Drier, Y; Stojanov, P; Singer, MA; Voet, D; Jing, R; Saksena, G; Barretina, J; Ramos, AH; Pugh, TJ; Stransky, N; Parkin, M; Winckler, W; Mahan, S; Ardlie, K; Baldwin, J; Wargo, J; Schadendorf, D; Meyerson, M; Gabriel, SB; Golub, TR; Wagner, SN; Lander, ES; Getz, G; Chin, L; Garraway, LA",2012,Nature,Expression of mutant PREX2 isoforms (G844D and Q1430*) decreases tumor-free survival compared to wild-type PREX2 and GFP controls in vivo,This experiment is similar to what was reported in Figure 3B and S6 of Berger et al. (2012).,clear,"[ling26: no entry matched this anchor] The replication found no significant differences in tumor-free survival between any groups (all Bonferroni-corrected p > 0.99). Control groups (GFP and PREX2[WT]) had dramatically shorter median TFS (1 week) compared to the original study (5 weeks for mutant groups), masking any potential PREX2 mutation effect. Meta-analyses of original and replication effects were all non-significant (p = 0.344–0.493). The authors frame the control group outcomes as fundamentally different from the original, preventing replication of the reported effect."
,10.7554/elife.21634,10.7554--elife.21634,,,yes,,success,close experiment,https://doi.org/10.1038/nature11071,Melanoma genome sequencing reveals frequent PREX2 mutations,"Berger, MF; Hodis, E; Heffernan, TP; Deribe, YL; Lawrence, MS; Protopopov, A; Ivanova, E; Watson, IR; Nickerson, E; Ghosh, P; Zhang, H; Zeid, R; Ren, X; Cibulskis, K; Sivachenko, AY; Wagle, N; Sucker, A; Sougnez, C; Onofrio, R; Ambrogio, L; Auclair, D; Fennell, T; Carter, SL; Drier, Y; Stojanov, P; Singer, MA; Voet, D; Jing, R; Saksena, G; Barretina, J; Ramos, AH; Pugh, TJ; Stransky, N; Parkin, M; Winckler, W; Mahan, S; Ardlie, K; Baldwin, J; Wargo, J; Schadendorf, D; Meyerson, M; Gabriel, SB; Golub, TR; Wagner, SN; Lander, ES; Getz, G; Chin, L; Garraway, LA",2012,Nature,"Ectopic expression of PREX2 isoforms (PREX2[WT], PREX2[G844D], PREX2[Q1430*]) in NRAS[G12D] melanocytes confirmed by Western blot detection of V5-tagged proteins",This experiment is similar to what was reported in Figure S6 of Berger et al. (2012).,clear," [ling26: extra entry, not in the external record] [ling26: no entry matched this anchor]"
,10.7554/elife.21634,10.7554--elife.21634,,,yes,,failure,direct,https://doi.org/10.1038/nature11071,Melanoma genome sequencing reveals frequent PREX2 mutations,"Berger, MF; Hodis, E; Heffernan, TP; Deribe, YL; Lawrence, MS; Protopopov, A; Ivanova, E; Watson, IR; Nickerson, E; Ghosh, P; Zhang, H; Zeid, R; Ren, X; Cibulskis, K; Sivachenko, AY; Wagle, N; Sucker, A; Sougnez, C; Onofrio, R; Ambrogio, L; Auclair, D; Fennell, T; Carter, SL; Drier, Y; Stojanov, P; Singer, MA; Voet, D; Jing, R; Saksena, G; Barretina, J; Ramos, AH; Pugh, TJ; Stransky, N; Parkin, M; Winckler, W; Mahan, S; Ardlie, K; Baldwin, J; Wargo, J; Schadendorf, D; Meyerson, M; Gabriel, SB; Golub, TR; Wagner, SN; Lander, ES; Getz, G; Chin, L; Garraway, LA",2012,Nature,Expression of PREX2 mutant isoforms (PREX2[G844D] and PREX2[Q1430*]) decreases tumor-free survival compared to PREX2[WT] and GFP controls in immunodeficient mice,This experiment is similar to what was reported in Figure 3B and S6B of Berger et al. (2012).,clear,"Median TFS was 1 week for all groups in the replication vs. 5 weeks for mutant PREX2 groups in the original; all Cox proportional hazards comparisons were non-significant after Bonferroni correction; early onset of tumors in control groups masked any potential PREX2 mutation effect. [ling26: extra entry, not in the external record] [ling26: no entry matched this anchor]"
10.7554--elife.10860#1,10.7554/elife.10860,10.7554--elife.10860,,,yes,,,,,,,,,,,, [ling26: no entry matched this anchor] [ling26: no entry matched this anchor]
,10.7554/elife.10860,10.7554--elife.10860,,,yes,,,direct,https://doi.org/10.1038/nature10860,IDH mutation impairs histone demethylation and results in a block to cell differentiation,Lu C; Ward PS; Kapoor GS; Rohle D; Turcan S; Abdel-Wahab O; Edwards CR; Khanin R; Figueroa ME; Melnick A; Wellen KE; O'Rourke DM; Berger SL; Chan TA; Levine RL; Mellinghoff IK; Thompson CB,2012,Nature,The effect of IDH1 and IDH2 mutations on global methylation levels and 2HG production in 293T cells (Figure 1B of the original),"Examination of glioma samples showed a correlation between IDH mutation status and level of overall methylation (Lu et al., 2012).",clear,"This is a Registered Report from the Reproducibility Project: Cancer Biology; no replication results are reported in this protocol paper. [ling26: extra entry, not in the external record] [ling26: no entry matched this anchor]"
,10.7554/elife.10860,10.7554--elife.10860,,,yes,,,direct,https://doi.org/10.1038/nature10860,IDH mutation impairs histone demethylation and results in a block to cell differentiation,Lu C; Ward PS; Kapoor GS; Rohle D; Turcan S; Abdel-Wahab O; Edwards CR; Khanin R; Figueroa ME; Melnick A; Wellen KE; O'Rourke DM; Berger SL; Chan TA; Levine RL; Mellinghoff IK; Thompson CB,2012,Nature,"The effect of IDH2 mutations on differentiation of 3T3-L1 cells into adipocytes, assessed by Oil-Red-O staining and adipocyte marker expression (Figure 2A/B and 2D of the original)","Examination of glioma samples showed a correlation between IDH mutation status and level of overall methylation (Lu et al., 2012).",clear,"This is a Registered Report from the Reproducibility Project: Cancer Biology; no replication results are reported in this protocol paper. [ling26: extra entry, not in the external record] [ling26: no entry matched this anchor]"
,10.7554/elife.10860,10.7554--elife.10860,,,yes,,,direct,https://doi.org/10.1038/nature10860,IDH mutation impairs histone demethylation and results in a block to cell differentiation,Lu C; Ward PS; Kapoor GS; Rohle D; Turcan S; Abdel-Wahab O; Edwards CR; Khanin R; Figueroa ME; Melnick A; Wellen KE; O'Rourke DM; Berger SL; Chan TA; Levine RL; Mellinghoff IK; Thompson CB,2012,Nature,"The role of KDM4C histone demethylase in differentiation of 3T3-L1 cells, assessed by siRNA knockdown and Oil-Red-O staining (Figure 4D of the original)","Examination of glioma samples showed a correlation between IDH mutation status and level of overall methylation (Lu et al., 2012).",clear,"This is a Registered Report from the Reproducibility Project: Cancer Biology; no replication results are reported in this protocol paper. [ling26: extra entry, not in the external record] [ling26: no entry matched this anchor]"
,10.7554/elife.10860,10.7554--elife.10860,,,yes,,,direct,https://doi.org/10.1038/nature10860,IDH mutation impairs histone demethylation and results in a block to cell differentiation,"Lu, C; Ward, PS; Kapoor, GS; Rohle, D; Turcan, S; Abdel-Wahab, O; Edwards, CR; Khanin, R; Figueroa, ME; Melnick, A; Wellen, KE; O'Rourke, DM; Berger, SL; Chan, TA; Levine, RL; Mellinghoff, IK; Thompson, CB",2012,Nature,Mutations in IDH1 and IDH2 increase global methylation levels and 2HG production in 293T cells,"Examination of glioma samples showed a correlation between IDH mutation status and level of overall methylation (Lu et al., 2012).",clear,"This is a Registered Report (Reproducibility Project: Cancer Biology) describing replication protocols; no replication results are reported in this paper, so result and all statistical fields are left blank. [ling26: extra entry, not in the external record]"
,10.7554/elife.10860,10.7554--elife.10860,,,yes,,,direct,https://doi.org/10.1038/nature10860,IDH mutation impairs histone demethylation and results in a block to cell differentiation,"Lu, C; Ward, PS; Kapoor, GS; Rohle, D; Turcan, S; Abdel-Wahab, O; Edwards, CR; Khanin, R; Figueroa, ME; Melnick, A; Wellen, KE; O'Rourke, DM; Berger, SL; Chan, TA; Levine, RL; Mellinghoff, IK; Thompson, CB",2012,Nature,Expression of mutant IDH2 blocks differentiation of 3T3-L1 cells into adipocytes,"Examination of glioma samples showed a correlation between IDH mutation status and level of overall methylation (Lu et al., 2012).",clear,"This is a Registered Report (Reproducibility Project: Cancer Biology) describing replication protocols; no replication results are reported in this paper, so result and all statistical fields are left blank. [ling26: extra entry, not in the external record]"
,10.7554/elife.10860,10.7554--elife.10860,,,yes,,,direct,https://doi.org/10.1038/nature10860,IDH mutation impairs histone demethylation and results in a block to cell differentiation,"Lu, C; Ward, PS; Kapoor, GS; Rohle, D; Turcan, S; Abdel-Wahab, O; Edwards, CR; Khanin, R; Figueroa, ME; Melnick, A; Wellen, KE; O'Rourke, DM; Berger, SL; Chan, TA; Levine, RL; Mellinghoff, IK; Thompson, CB",2012,Nature,Knockdown of KDM4C increases global methylation levels and blocks differentiation of 3T3-L1 cells into adipocytes,"Examination of glioma samples showed a correlation between IDH mutation status and level of overall methylation (Lu et al., 2012).",clear,"This is a Registered Report (Reproducibility Project: Cancer Biology) describing replication protocols; no replication results are reported in this paper, so result and all statistical fields are left blank. [ling26: extra entry, not in the external record]"
10.7554--elife.30274#1,10.7554/elife.30274,10.7554--elife.30274,,,yes,,,,,,,,,,,, [ling26: no entry matched this anchor] [ling26: no entry matched this anchor]
,10.7554/elife.30274,10.7554--elife.30274,,,yes,,inconclusive,direct,https://doi.org/10.1016/j.cell.2012.08.026,Transcriptional amplification in tumor cells with elevated c-Myc,"Lin, CY; Lovén, J; Rahl, PB; Paranal, RM; Burge, CB; Bradner, JE; Lee, TI; Young, RA",2012,Cell,c-Myc induction increases total RNA levels in P493-6 Burkitt's lymphoma cells,This experiment is similar to what was reported in Figure 3E of Lin et al. (2012),ambiguous,"Results mixed across two serum lots: lot one not significant (p=0.347), lot two significant (p=0.0024); meta-analysis of both lots significant (p=0.0488); authors do not explicitly call this a success or failure [ling26: extra entry, not in the external record] [ling26: no entry matched this anchor]"
,10.7554/elife.30274,10.7554--elife.30274,,,yes,,inconclusive,direct,https://doi.org/10.1016/j.cell.2012.08.026,Transcriptional amplification in tumor cells with elevated c-Myc,"Lin, CY; Lovén, J; Rahl, PB; Paranal, RM; Burge, CB; Bradner, JE; Lee, TI; Young, RA",2012,Cell,c-Myc induction amplifies gene expression in both active and silent genes in P493-6 cells,This experiment is similar to what was reported in Figure 3F and Table S1 of Lin et al. (2012),ambiguous,"Confirmatory paired analysis found significant increases for both active and silent genes (except silent 1hr vs 24hr lot 1); original study found silent genes not significant; effect sizes and patterns differed between original and replication; large heterogeneity in meta-analyses; authors note results were in the same direction but rate of increase differed [ling26: extra entry, not in the external record] [ling26: no entry matched this anchor]"
,10.7554/elife.30274,10.7554--elife.30274,,,yes,,inconclusive,direct,https://doi.org/10.1016/j.cell.2012.08.026,Transcriptional amplification in tumor cells with elevated c-Myc,"Lin, CY; Lovén, J; Rahl, PB; Paranal, RM; Burge, CB; Bradner, JE; Lee, TI; Young, RA",2012,Cell,c-Myc overexpression increases total RNA levels in P493-6 Burkitt's lymphoma cells,"This experiment is similar to what was reported in Figure 3E of Lin et al. (2012) and used the same extraction method for total RNA quantification, which was described in Protocol 2 in the Registered Report (Blum et al., 2015).",ambiguous,"Results mixed across two serum lots: serum lot one not significant (p=0.347), serum lot two significant (p=0.0024). Meta-analysis barely significant (p=0.0488). Authors state results are 'consistent when considering the direction of the effect' but note substantial within-study variation and that point estimates for the two serum lots are not within each other's confidence intervals. [ling26: extra entry, not in the external record]"
,10.7554/elife.30274,10.7554--elife.30274,,,yes,,inconclusive,direct,https://doi.org/10.1016/j.cell.2012.08.026,Transcriptional amplification in tumor cells with elevated c-Myc,"Lin, CY; Lovén, J; Rahl, PB; Paranal, RM; Burge, CB; Bradner, JE; Lee, TI; Young, RA",2012,Cell,c-Myc overexpression amplifies gene expression of active genes but not silent genes in P493-6 Burkitt's lymphoma cells,"This experiment is similar to what was reported in Figure 3F and Table S1 of Lin et al. (2012) and described in Protocols 3–4 in the Registered Report (Blum et al., 2015).",ambiguous,"Active genes show significant increases consistent with original, but silent genes also show significant increases for some comparisons (0hr vs 1hr and 0hr vs 24hr) unlike the original which found no significant change in silent genes. Authors use hedging language: 'suggest that while both active and silent genes increased in expression upon c-Myc induction, the rate of increase was different.' Meta-analyses show heterogeneity between original and replication studies. [ling26: extra entry, not in the external record]"
10.7554--elife.25801#1,10.7554/elife.25801,10.7554--elife.25801,,,yes,,inconclusive,direct,https://doi.org/10.1101/gr.126516.111,Fusobacterium nucleatum infection is prevalent in human colorectal carcinoma,"Castellarin, M; Warren, RL; Freeman, JD; Dreolini, L; Krzywinski, M; Strauss, J; Barnes, R; Watson, P; Allen-Vercoe, E; Moore, RA; Holt, RA",2012,Genome Research,F. nucleatum DNA abundance is higher in colorectal carcinoma tissue compared to adjacent normal tissue as measured by qPCR,This experiment is similar to what was reported in Figure 2 of Castellarin et al. (2012).,ambiguous,"The replication found a statistically significant effect in the same direction (p = 0.032) but with a much smaller effect size (r = 0.24 vs r = 0.45) and substantial data quality concerns (non-detects, non-specific amplification). The authors do not explicitly claim success or failure. The replication found a statistically significant effect in the same direction (p = 0.032) but with a much smaller effect size than the original (median fold change 1.13 vs 3.15). The authors express substantial validity concerns regarding non-detects, high Ct values, and non-specific amplification, which undermines confidence in the replication result. A second coder could plausibly classify this as success given the significant p-value in the same direction."
10.1101--2025.04.02.645026#1,10.1101/2025.04.02.645026,10.1101--2025.04.02.645026,,,yes,,,,,,,,,,,, [ling26: no entry matched this anchor] [ling26: no entry matched this anchor]
10.1007--s40279-025-02201-w#1,10.1007/s40279-025-02201-w,10.1007--s40279-025-02201-w,,,yes,,inconclusive,close experiment,,,,,,"Large-scale replication project of 25 sports and exercise science studies; aggregate results only (28% success, 36% informative failure, 28% practical failure, 8% inconclusive) without individual study details in the provided text",,ambiguous,"The paper reports aggregate replication outcomes across 25 studies but does not provide individual study details (original_url, original_title, original_authors, etc.) for each replication entry in the provided text. The individual study details are in HTML tables (Tables 1-6) that are not included in the text. [ling26: no entry matched this anchor]"
,10.1007/s40279-025-02201-w,10.1007--s40279-025-02201-w,,,yes,,,close experiment,https://doi.org/10.1519/JSC.0000000000001503,"Age-related differences in maximal and rapid torque characteristics of the hip extensors and dynamic postural balance in healthy, young and old females","Palmer, T; Thiele, R; Thompson, B",2017,J Strength Cond Res,,,ambiguous,"Individual replication results are in Tables 5-6 which are not rendered in the provided text [ling26: extra entry, not in the external record]"
,10.1007/s40279-025-02201-w,10.1007--s40279-025-02201-w,,,yes,,,close experiment,https://doi.org/10.1519/JSC.0000000000002198,A single dose of oral ATP supplementation improves performance and physiological response during lower body resistance exercise in recreational resistance-trained males,"Freitas, M; Cholewa, J; Gerosa-Neto, J; Gonçalves, D; Caperuto, E; Lira, F",2019,J Strength Cond Res,,,ambiguous,"Individual replication results are in Tables 5-6 which are not rendered in the provided text [ling26: extra entry, not in the external record]"
,10.1007/s40279-025-02201-w,10.1007--s40279-025-02201-w,,,yes,,,close experiment,https://doi.org/10.1519/JSC.0000000000001620,Effect of a compressive garment on kinematics of jump-landing tasks,"Debritto, M; Lemos, A; Santos, D; Strefanyshyn, C; Carpes, D",2017,J Strength Cond Res,,,ambiguous,"Individual replication results are in Tables 5-6 which are not rendered in the provided text [ling26: extra entry, not in the external record]"
,10.1007/s40279-025-02201-w,10.1007--s40279-025-02201-w,,,yes,,,close experiment,https://doi.org/10.1111/sms.13776,Caffeine increases strength and power performance in resistance-trained females during early follicular phase,"Norum, M; Risvang, L; Bjørnsen, T; Dimitriou, L; Rønning, P; Bjørgen, M",2020,Scand J Med Sci Sports,,,ambiguous,"Individual replication results are in Tables 5-6 which are not rendered in the provided text [ling26: extra entry, not in the external record]"
,10.1007/s40279-025-02201-w,10.1007--s40279-025-02201-w,,,yes,,,close experiment,https://doi.org/10.1519/JSC.0000000000001655,"The effects of a heel wedge on hip, pelvis and trunk biomechanics during squatting in resistance trained individuals","Charlton, J; Hammond, C; Cochrane, C; Hatfield, G; Hunt, M",2017,J Strength Cond Res,,,ambiguous,"Individual replication results are in Tables 5-6 which are not rendered in the provided text [ling26: extra entry, not in the external record]"
,10.1007/s40279-025-02201-w,10.1007--s40279-025-02201-w,,,yes,,,close experiment,https://doi.org/10.1519/JSC.0000000000002981,Effects of preferred vs nonpreferred music on resistance exercise performance,"Ballmann, C; Mccullum, M; Rogers, R; Marshall, M; Williams, T",2021,J Strength Cond Res,,,ambiguous,"Individual replication results are in Tables 5-6 which are not rendered in the provided text [ling26: extra entry, not in the external record]"
,10.1007/s40279-025-02201-w,10.1007--s40279-025-02201-w,,,yes,,,close experiment,https://doi.org/10.1123/ijspp.2019-0098,"Acute enhancement of jump performance, muscle strength, and power in resistance-trained men after consumption of caffeinated chewing gum","Venier, S; Grgic, J; Mikulic, P",2019,Int J Sports Physiol Perform,,,ambiguous,"Individual replication results are in Tables 5-6 which are not rendered in the provided text [ling26: extra entry, not in the external record]"
,10.1007/s40279-025-02201-w,10.1007--s40279-025-02201-w,,,yes,,,close experiment,https://doi.org/10.1519/JSC.0000000000001339,Passive recovery promotes superior performance and reduced physiological stress across different phases of short-distance repeated sprints,"Scanlan, A; Madueno, M",2016,J Strength Cond Res,,,ambiguous,"Individual replication results are in Tables 5-6 which are not rendered in the provided text [ling26: extra entry, not in the external record]"
,10.1007/s40279-025-02201-w,10.1007--s40279-025-02201-w,,,yes,,,close experiment,https://doi.org/10.1080/02640414.2020.1785727,Associated ACL risk factors differences during an unanticipated volleyball blocking movement,"Zahradnik, D; Jandacka, D; Beinhauerova, G; Hamill, J",2020,J Sports Sci,,,ambiguous,"Individual replication results are in Tables 5-6 which are not rendered in the provided text [ling26: extra entry, not in the external record]"
,10.1007/s40279-025-02201-w,10.1007--s40279-025-02201-w,,,yes,,,close experiment,https://doi.org/10.1080/17461391.2020.1733671,"Effect of consecutive jumping trials on metatarsophalangeal, ankle, and knee biomechanics during take-off and landing","Lam, W; Jia, S; Baker, J; Ugbolue, U; Gu, Y; Sun, W",2021,Eur J Sport Sci,,,ambiguous,"Individual replication results are in Tables 5-6 which are not rendered in the provided text [ling26: extra entry, not in the external record]"
,10.1007/s40279-025-02201-w,10.1007--s40279-025-02201-w,,,yes,,,close experiment,https://doi.org/10.1519/JSC.0000000000001280,The effects of caffeine on vertical jump height and execution in collegiate athletes,"Bloms, L; Fitzgerald, J; Short, M; Whitehead, J",2016,J Strength Cond Res,,,ambiguous,"Individual replication results are in Tables 5-6 which are not rendered in the provided text [ling26: extra entry, not in the external record]"
,10.1007/s40279-025-02201-w,10.1007--s40279-025-02201-w,,,yes,,,close experiment,https://doi.org/10.1080/02640414.2020.1788288,A real-time feedback method to reduce loading rate during running: effect of combining direct and indirect feedback,"Garofolini, A; Oppici, L; Taylor, S",2020,J Sports Sci,,,ambiguous,"Individual replication results are in Tables 5-6 which are not rendered in the provided text [ling26: extra entry, not in the external record]"
,10.1007/s40279-025-02201-w,10.1007--s40279-025-02201-w,,,yes,,,close experiment,https://doi.org/10.1519/JSC.0000000000003166,Changes in bench press velocity and power after 8 weeks of high-load cluster-or traditional-set structures,"Davies, T; Halaki, M; Orr, R; Helms, E; Hackett, D",2020,J Strength Cond Res,,,ambiguous,"Individual replication results are in Tables 5-6 which are not rendered in the provided text [ling26: extra entry, not in the external record]"
,10.1007/s40279-025-02201-w,10.1007--s40279-025-02201-w,,,yes,,,close experiment,https://doi.org/10.1249/MSS.0000000000002323,Does mental fatigue negatively affect outcomes of functional performance tests?,"Verschueren, J; Tassignon, B; Proost, M; Teugels, A; Van Cutsem, J; Roelands, B",2020,Med Sci Sports Exerc,,,ambiguous,"Individual replication results are in Tables 5-6 which are not rendered in the provided text [ling26: extra entry, not in the external record]"
,10.1007/s40279-025-02201-w,10.1007--s40279-025-02201-w,,,yes,,,close experiment,https://doi.org/10.1249/MSS.0000000000001982,Beep test performance is influenced by 30 minutes of cognitive work,"Macmahon, C; Hawkins, Z; Schücker, L",2019,Med Sci Sports Exerc,,,ambiguous,"Individual replication results are in Tables 5-6 which are not rendered in the provided text [ling26: extra entry, not in the external record]"
,10.1007/s40279-025-02201-w,10.1007--s40279-025-02201-w,,,yes,,,close experiment,https://doi.org/10.1519/jsc.0000000000003326,Voluntary muscle relaxation can mitigate fatigue and improve countermovement jump performance,"Pinto, B; Mcgill, S",2020,J Strength Cond Res,,,ambiguous,"Individual replication results are in Tables 5-6 which are not rendered in the provided text [ling26: extra entry, not in the external record]"
,10.1007/s40279-025-02201-w,10.1007--s40279-025-02201-w,,,yes,,,close experiment,https://doi.org/10.1249/MSS.0000000000000818,"Maximizing performance: augmented feedback, focus of attention, and/or reward?","Wälchli, M; Ruffieux, J; Bourquin, Y; Keller, M; Taube, W",2016,Med Sci Sports Exerc,,,ambiguous,"Individual replication results are in Tables 5-6 which are not rendered in the provided text [ling26: extra entry, not in the external record]"
,10.1007/s40279-025-02201-w,10.1007--s40279-025-02201-w,,,yes,,,close experiment,https://doi.org/10.1519/JSC.0000000000001122,Altering work to rest ratios differentially influences fatigue indices during repeated sprint ability testing,"Monica, L; Fukuda, M; Beyer, D; Hoffman, K; Miramonti, M; Riffe, A",2016,J Strength Cond Res,,,ambiguous,"Individual replication results are in Tables 5-6 which are not rendered in the provided text [ling26: extra entry, not in the external record]"
,10.1007/s40279-025-02201-w,10.1007--s40279-025-02201-w,,,yes,,,close experiment,https://doi.org/10.1016/j.jsams.2017.06.007,Investigating the effects of maximal anaerobic fatigue on dynamic postural control using the Y-balance test,"Johnston, W; Dolan, K; Reid, N; Coughlan, G; Caulfield, B",2018,J Sci Med Sport,,,ambiguous,"Individual replication results are in Tables 5-6 which are not rendered in the provided text [ling26: extra entry, not in the external record]"
,10.1007/s40279-025-02201-w,10.1007--s40279-025-02201-w,,,yes,,,close experiment,https://doi.org/10.1080/17461391.2018.1537378,Effect of different loading conditions on running mechanics at different velocities,"Carretero-Navarro, G; Márquez, G; Cherubini, D; Taube, W",2019,Eur J Sport Sci,,,ambiguous,"Individual replication results are in Tables 5-6 which are not rendered in the provided text [ling26: extra entry, not in the external record]"
,10.1007/s40279-025-02201-w,10.1007--s40279-025-02201-w,,,yes,,,close experiment,https://doi.org/10.1519/jsc.0000000000003009,Effect of attentional focus strategies on the biomechanical performance of the drop jump,"Comyns, T; Brady, C; Molloy, J",2019,J Strength Cond Res,,,ambiguous,"Individual replication results are in Tables 5-6 which are not rendered in the provided text [ling26: extra entry, not in the external record]"
,10.1007/s40279-025-02201-w,10.1007--s40279-025-02201-w,,,yes,,,close experiment,https://doi.org/10.1123/jsep.2016-0272,Further evidence for an external focus of attention in running: looking at specific focus instructions and individual differences,"Hill, A; Schücker, L; Hagemann, N; Strauß, B",2017,J Sport Exerc Psychol,,,ambiguous,"Individual replication results are in Tables 5-6 which are not rendered in the provided text [ling26: extra entry, not in the external record]"
,10.1007/s40279-025-02201-w,10.1007--s40279-025-02201-w,,,yes,,,close experiment,https://doi.org/10.1016/j.psychsport.2015.08.009,Enhanced expectancies facilitate golf putting,"Palmer, K; Chiviacowsky, S; Wulf, G",2016,Psychol Sport Exerc,,,ambiguous,"Individual replication results are in Tables 5-6 which are not rendered in the provided text [ling26: extra entry, not in the external record]"
,10.1007/s40279-025-02201-w,10.1007--s40279-025-02201-w,,,yes,,,close experiment,https://doi.org/10.1080/17461391.2017.1333159,Carbohydrate mouth rinse improves morning high-intensity exercise performance,"Clarke, N; Hammond, S; Kornilios, E; Mundy, P",2017,Eur J Sport Sci,,,ambiguous,"Individual replication results are in Tables 5-6 which are not rendered in the provided text [ling26: extra entry, not in the external record]"
,10.1007/s40279-025-02201-w,10.1007--s40279-025-02201-w,,,yes,,,close experiment,https://doi.org/10.1080/17461391.2017.1308560,Side-to-side differences in lower extremity biomechanics during multidirectional jump landing in volleyball athletes,"Sinsurin, K; Srisangboriboon, S; Vachalathiti, R",2017,Eur J Sport Sci,,,ambiguous,"Individual replication results are in Tables 5-6 which are not rendered in the provided text [ling26: extra entry, not in the external record]"
10.1186--1471-2350-13-27#1,10.1186/1471-2350-13-27,10.1186--1471-2350-13-27,,,yes,,failure,direct,,A genome-wide association study of hypertension and blood pressure in African Americans,"Adeyemo, A; Gerry, N; Chen, G; Herbert, A; Doumatey, A; Huang, H; Zhou, J; Lashley, K; Chen, Y; Christman, M; Rotimi, C",2009,PLoS Genetics,"Association of SNPs in or near PMS1, SLC24A4, YWHA7, IPO7, CACANA1H, STK39, and CDH13 with hypertension and blood pressure in African Americans",SNPs associated with hypertension and blood pressure in the genome wide association study by Adeyemo et al among AAs were selected for the study [18].,clear,"Year (2009) not explicitly cited in the text body; only in the reference list. The paper's title 'Non-replication study' describes the outcome (failure to replicate), not the study type. The authors explicitly state they were 'unable to confirm previously reported associations' and none of the 24 SNPs were convincingly associated with hypertension or blood pressure. The paper explicitly frames itself as a replication attempt of Adeyemo et al. (2009) in an independent African American sample from Milwaukee. All 24 SNPs tested showed no significant association with hypertension or blood pressure after adjustment for multiple comparisons, and the authors state they were 'unable to confirm previously reported associations.' The STK39 and CDH13 SNPs were also included as they were replicated by Adeyemo et al. in African Americans; they are part of the same replication effort rather than separate original studies."
10.1046--j.1365-2133.1996.d01-1096.x#1,10.1046/j.1365-2133.1996.d01-1096.x,10.1046--j.1365-2133.1996.d01-1096.x,,,yes,,failure,close experiment,,The angry back syndrome,"Mitchell, JC",1975,Contact Dermatitis,A strong positive patch test reaction creates an 'angry back' which becomes hyper-reactive to other patch test challenges,The term 'jingry back syndrome' (ABS) was coined by Mitchell in 197S.,clear,"The paper explicitly concludes ABS is a non-reproducible phenomenon; all experiments failed to demonstrate the angry back effect. The paper explicitly states it failed to reproduce ABS in any group tested (nickel-sensitive subjects, normal controls, and subjects with prior ABS history). The original Mitchell (1975) study reportedly contained no supporting data; this replication attempted to test the phenomenon using patch-testing methodology with dose-response thresholds. No DOI for Mitchell (1975) is provided in the paper, so original_url is left blank."
10.1158--1055-9965.epi-08-1223#1,10.1158/1055-9965.epi-08-1223,10.1158--1055-9965.epi-08-1223,,,yes,,,,,,,,,,,, [ling26: no entry matched this anchor]
,10.1158/1055-9965.epi-08-1223,10.1158--1055-9965.epi-08-1223,,,yes,,success,close experiment,,A common variant associated with prostate cancer in European and African populations,"Amundadottir, L; Sulem, P; Gudmundsson, J",2006,Nature Genetics,A common variant on chromosome 8q24 (rs1447295) is associated with prostate cancer risk,The 8q24 variant rs1447295 originally identified in the Icelandic study (5),clear," [ling26: extra entry, not in the external record]"
,10.1158/1055-9965.epi-08-1223,10.1158--1055-9965.epi-08-1223,,,yes,,success,close experiment,,Multiple newly identified loci associated with prostate cancer susceptibility,"Eeles, R; Kote-Jarai, Z; Giles, G",2008,Nature Genetics,A variant in the 8q24 centromeric LD block (rs6983267) is associated with prostate cancer risk,"The adjacent centromeric LD block is independently associated with prostate cancer risk, detected by rs6983267 (6, 7).",clear," [ling26: extra entry, not in the external record]"
,10.1158/1055-9965.epi-08-1223,10.1158--1055-9965.epi-08-1223,,,yes,,success,close experiment,,Multiple loci identified in a genome-wide association study of prostate cancer,"Thomas, G; Jacobs, K; Yeager, M",2008,Nature Genetics,A variant on 11q13 (rs10896450) is associated with prostate cancer risk,"SNP rs10896450 on 11q13 was originally detected through GWAS (personal communication, J. Gudmundsson, and (6, 7))",clear," [ling26: extra entry, not in the external record]"
,10.1158/1055-9965.epi-08-1223,10.1158--1055-9965.epi-08-1223,,,yes,,success,close experiment,,Common sequence variants on 2p15 and Xp11.22 confer susceptibility to prostate cancer,"Gudmundsson, J; Sulem, P; Rafnar, T",2008,Nature Genetics,A variant on 2p15 (rs721048) is associated with prostate cancer risk,A fourth variant originally detected in the Icelandic GWAS on 2p15 and subsequently validated across multiple study populations (32),clear," [ling26: extra entry, not in the external record]"
,10.1158/1055-9965.epi-08-1223,10.1158--1055-9965.epi-08-1223,,,yes,,success,close experiment,,RNASEL gene polymorphisms and the risk of prostate cancer: a meta-analysis,"Li, H; Tai, B",2006,Clinical Cancer Research,The RNASEL E541D (rs627928) variant is associated with prostate cancer risk,"Our result for E541D is consistent with the meta-analysis result of Li et al., who demonstrated a significant odds ratio of 1.37 for major allele (Glu) homozygotes or heterozygotes relative to minor allele (Asp) homozygotes among familial Caucasian cases (39).",clear," [ling26: extra entry, not in the external record]"
,10.1158/1055-9965.epi-08-1223,10.1158--1055-9965.epi-08-1223,,,yes,,success,close experiment,https://doi.org/10.1158/1055-9965.epi-04-0637,"Association of susceptibility alleles in ELAC2/HPC2, RNASEL/HPC1, and MSR1 with prostate cancer severity in European American and African American men","Rennert, H; Zeigler-Johnson, C; Addya, K",2005,Cancer Epidemiology Biomarkers & Prevention,The RNASEL R462Q (rs486907) variant is associated with prostate cancer risk,The meta-analysis of R462Q among Caucasians by Rennert et al. found that minor allele (Gln) heterozygotes and homozygotes each had a significantly elevated risk of prostate cancer (40).,clear," [ling26: extra entry, not in the external record]"
,10.1158/1055-9965.epi-08-1223,10.1158--1055-9965.epi-08-1223,,,yes,,success,close experiment,,Mutation screen and association study of EZH2 as a susceptibility gene for aggressive prostate cancer,"Bachmann, N; Hoegel, J; Haeusler, J",2005,Prostate,The EZH2 D185H (rs2302427) variant is associated with prostate cancer risk,"Bachmann et al. conducted a mutation screen at EZH2 among hereditary prostate cancer pedigrees linked to 7q35, and evaluated the discovered variants for evidence of association with sporadic and familial prostate cancer (41).",clear," [ling26: extra entry, not in the external record]"
,10.1158/1055-9965.epi-08-1223,10.1158--1055-9965.epi-08-1223,,,yes,,success,close experiment,,Occurrence of NKX3.1 C154T polymorphism in men with and without prostate cancer and studies of its effect on protein function,"Gelmann, E; Steadman, D; Ma, J",2002,Cancer Research,The NKX3-1 C154T (rs2228013) variant is associated with prostate cancer risk,"Gelmann et al. found that the minor allele of rs2228013 (C154T, R52C, MAF 0.04) was associated with prostate cancer risk among subjects of the Physician Health Study with more aggressive disease (stage C or D, or Gleason score ≥ 7) (42).",clear," [ling26: extra entry, not in the external record]"
,10.1158/1055-9965.epi-08-1223,10.1158--1055-9965.epi-08-1223,,,yes,,failure,close experiment,,SNPs associated with prostate cancer risk and prognosis,"Naylor, S",2007,Frontiers in Bioscience,"Variants in PPARG, TLR10, PODXL, CDH1, ELAC2, IL1RN, TLR1, TLR6, TLR4, CYP17A1, CDKN1B, TGFB1, CYP1A1 are associated with prostate cancer risk","Our study failed to support an association of prostate cancer with variants of PPARG, TLR10, PODXL, CDH1, ELAC2, IL1RN, TLR1, TLR6, TLR4, CYP17A1, CDKN1B, and CYP1A1.",clear,"Aggregate entry combining 13 candidate genes (ELAC2, PODXL, TLR10, TLR1, TLR6, TLR4, IL1RN, PPARG, CDH1, CDKN1B, TGFB1, CYP17A1, CYP1A1) that were all non-significant; the paper reports them as one group without individual results per gene. [ling26: extra entry, not in the external record]"
10.1186--s12913-023-09505-5#1,10.1186/s12913-023-09505-5,10.1186--s12913-023-09505-5,,,yes,,success,close extension,https://doi.org/10.1186/s12913-021-06708-6,Sociodemographic aspects and health care-related outcomes: a latent class analysis of informal dementia care dyads,"Wiegelmann, H; Wolf-Ostermann, K; Brannath, W; Arzideh, F; Dreyer, J; Thyrian, R",2021,BMC Health Services Research,Latent class analysis identifying six subgroups of informal dementia care dyads based on sociodemographic characteristics in a German sample of 551 dyads,"The present study is designed as a replication of a previous LCA, which was carried out with baseline data of the German DemNet-D study [22].",clear,"The authors explicitly state that 'the findings of the present study confirm those of the original LCA.' The replication uses the same LCA methodology (Step-3 approach, same indicator variables as much as possible) but with a Dutch sample (COMPAS) instead of the German original (DemNet-D), making it a close extension. No traditional effect sizes or p-values are reported for the LCA results in either the original or replication."
10.1371--journal.pone.0284404#1,10.1371/journal.pone.0284404,10.1371--journal.pone.0284404,,,yes,,failure,direct,https://doi.org/10.1016/j.cellimm.2012.07.009,"VSTM1-v2, a novel soluble glycoprotein, promotes the differentiation and activation of Th17 cells","Guo, X; Zhang, Y; Wang, P; Li, T; Fu, W; Mo, X",2012,Cell Immunology,VSTM1-v2 promotes the differentiation and activation of Th17 cells,"Finally, we repeated the same set-up as Guo et al. used to show that VSTM1-v2 induced Th17 cell differentiation, by activating total CD4+ T cells with anti-CD3, anti-CD28, and a Th17 polarizing cytokine mix [6].",clear, [ling26: no entry matched this anchor]
,10.1371/journal.pone.0284404,10.1371--journal.pone.0284404,,,yes,,failure,direct,https://doi.org/10.1016/j.cellimm.2012.07.009,"VSTM1-v2, a novel soluble glycoprotein, promotes the differentiation and activation of Th17 cells","Guo, X; Zhang, Y; Wang, P; Li, T; Fu, W; Mo, X",2012,Cell Immunology,VSTM1-v2 promotes the differentiation and activation of Th17 cells,"Finally, we repeated the same set-up as Guo et al. used to show that VSTM1-v2 induced Th17 cell differentiation, by activating total CD4+ T cells with anti-CD3, anti-CD28, and a Th17 polarizing cytokine mix [6].",clear," [ling26: extra entry, not in the external record]"
,10.1371/journal.pone.0284404,10.1371--journal.pone.0284404,,,yes,,success,direct,,Human TH17 cell development requires processing of dendritic cell-derived CXCL8 by neutrophil elastase,"Souwer, Y; Kormelink, G; Taanman-Kueter, T; Muller, E; Van Capel, F; Varga, T; D",2018,Mucosal Immunology,Neutrophils are required for DC-driven differentiation of naive CD4+ T cells into Th17 cells,We confirmed our previous observations that neutrophils are required for DC-driven differentiation of naive CD4+ T cells into Th17 cells [8].,clear,"Self-replication of the authors' own prior work (Souwer et al. 2018); the original DOI is not listed in the reference list so original_url is left blank. [ling26: extra entry, not in the external record]"
10.1016--0022-3999(93)90123-w#1,10.1016/0022-3999(93)90123-w,10.1016--0022-3999(93)90123-w,,,yes,,inconclusive,direct,,Patterns of illness behaviour with intractable pain,"Pilowsky, I; Spence, ND",1975,J Psychosom Res,Factor analysis of the Illness Behaviour Questionnaire (IBQ-52) identifying seven dimensions of illness behaviour in pain clinic patients,"The factors obtained were compared to those of the original study, Pilowsky and Spence J Psychosom Res 1975, 19: 279-287, and studies by Zonderman ef al. Hlth Psycho1 1985; 4: 425-436, and Main and Waddell Pain 1987; 28: 13-26.",ambiguous,"The paper reports varying degrees of robustness across the original seven factors: Affective Inhibition, Affective Disturbance, Denial, and Irritability replicated well, but Psychological vs Somatic Focusing was far less robust. Five new factors also emerged. The mixed pattern of partial replication across factors warrants inconclusive classification. Mixed results across the original seven factors: Affective Inhibition, Affective Disturbance, Denial, and Irritability were robust; General Hypochondriasis, Disease Conviction, and Psychological vs Somatic Focusing were less robust or absent in subgroups. Five new factors also emerged. The authors do not make an explicit success or failure statement, and the varying robustness across factors makes the overall result genuinely ambiguous."
10.1080--17470218.2016.1253756#1,10.1080/17470218.2016.1253756,10.1080--17470218.2016.1253756,,,yes,,,,,,,,,,,, [ling26: no entry matched this anchor] [ling26: no entry matched this anchor]
,10.1080/17470218.2016.1253756,10.1080--17470218.2016.1253756,,,yes,,inconclusive,conceptual,,Accentuate the positive: Semantic access in English compounds,"Kuperman, V",2013,Frontiers in Psychology,"The influence of six semantic variables (valence, arousal, imageability, concreteness, sensory experience ratings, and body-object interaction ratings) on lexical decision times for English compound words",,ambiguous,"The paper follows the approach of Kuperman (2013) and tests the same variables using eye movements instead of LDTs, which constitutes a conceptual replication. However, the paper does not explicitly frame itself as a replication, and the results are mixed (some variables replicate, some do not). [ling26: extra entry, not in the external record]"
,10.1080/17470218.2016.1253756,10.1080--17470218.2016.1253756,,,yes,,inconclusive,conceptual,,"A database of 629 English compound words: Ratings of familiarity, lexeme meaning dominance, semantic transparency, age-of-acquisition, imageability, and sensory experience","Juhasz, B; Lai, Y; Woodcock, M",2015,Behavior Research Methods,"The influence of six semantic variables (familiarity, age-of-acquisition, sensory experience ratings, imageability, semantic transparency, and lexeme meaning dominance) on lexical decision times and word naming times for English compound words",,ambiguous,"The paper follows the approach of Juhasz et al. (2015) and tests the same variables using eye movements instead of LDTs, which constitutes a conceptual replication. However, the paper does not explicitly frame itself as a replication, and the results are mixed (some variables replicate, some do not). [ling26: extra entry, not in the external record]"
10.3389--fninf.2018.00046#1,10.3389/fninf.2018.00046,10.3389--fninf.2018.00046,,,yes,,success,close experiment,https://doi.org/10.1162/089976606775093882,Polychronization: computation with spikes,"Izhikevich, E",2006,Neural Computation,The polychronization network model generating polychronous groups,"The polychronization network model was proposed by Izhikevich (2006) as a minimal spiking neural network model capable of exhibiting polychronization, consisting of randomly coupled point neurons expressing STDP",clear,"The paper is primarily a reproducibility guideline paper; the replication of Izhikevich (2006) serves as a demonstrative example. Section 3.1 reports successful replication of main results, but the Discussion (Section 4) concludes that the original results generalize very poorly and are sensitive to implementation choices, making the overall outcome ambiguous."
10.1002--ijc.23682#1,10.1002/ijc.23682,10.1002--ijc.23682,,,yes,,success,direct,,Genome-wide association study in esophageal cancer using the genechip mapping 10K array,"Hu, N; Wang, C; Hu, Y; Yang, H; Giffen, C; Tang, Z; Han, X; Goldstein, A; Emmert-Buck, M; Buetow, K; Taylor, P; Lee, M",2005,Cancer Research,"Genome-wide case-control study identified 38 gene-related SNPs associated with esophageal squamous cell carcinoma risk in Shanxi Province, China","To identify genetic factors leading to ESCC susceptibility, we conducted a replication case-control study of 38 gene-related SNPs associated with ESCC in a previous pilot study.",clear,"Authors explicitly state the replication 'confirmed' and 'replicated' the original findings, but only 4 of 38 SNPs replicated their association with ESCC in the replication study. The paper uses numbered references rather than author-date citations, so the citation_sentence does not contain author names and year in the text. A second coder may code this as inconclusive given the partial replication (4/38 SNPs). Paper uses only numeric citations in text; no author-year citation available for the original study. Phase 1 and Phase 2 use the same 300 cases and 300 controls and constitute one study. Authors explicitly state the replication 'confirmed' previously-identified associations."
10.1016--0006-8993(90)90328-9#1,10.1016/0006-8993(90)90328-9,10.1016--0006-8993(90)90328-9,,,yes,,inconclusive,direct,,Narcolepsy: biogenic amine deficits in an animal model,"Mefford, I.; Baker, T.; Boehme, R.; Foutz, A.; Ciaranello, R.; Barchas, J.; Dement, W.",1983,Science,altered regional neurotransmitter and transmitter metabolite levels in the narcoleptic canine brain,This study (Study 2) is an attempt to replicate previous findings 14 (Study 1) of altered regional neurotransmitter and transmitter metabolite levels in the narcoleptic canine brain,clear,"Study 2 is a direct replication of Study 1 (Mefford et al., 1983). Results are mixed: DA/DOPAC in amygdala and NE in preoptic hypothalamus replicated, but DOPAC in caudate and NE in reticularis oralis failed to replicate. Overall characterization is inconclusive due to mixed signals within one experiment. Study 2 replicates some but not all findings from Study 1; DOPAC in caudate and reticularis oralis failed to replicate while DA/DOPAC in amygdala and other effects did replicate; overall pattern is mixed"
10.1177--0022022100031003001#1,10.1177/0022022100031003001,10.1177--0022022100031003001,,,yes,,,,,,,,,,,, [ling26: no entry matched this anchor] [ling26: no entry matched this anchor]
,10.1177/0022022100031003001,10.1177--0022022100031003001,,,yes,,success,conceptual,,Values survey module,"Hofstede, Geert",1982,,National culture's Individualism-Collectivism dimension as measured by work values items in commercial airline pilots,"With Hofstede's permission, items from the Work Values Survey (Hofstede, 1982) were included in the questionnaire, along with items from an earlier pilot survey (the Cockpit Management Attitudes Questionnaire) (Helmreich, 1984) and other items that were included specifically to try and capture Hofstede's dimensions within the aviation environment.",clear," [ling26: extra entry, not in the external record] [ling26: no entry matched this anchor]"
,10.1177/0022022100031003001,10.1177--0022022100031003001,,,yes,,success,conceptual,,Values survey module,"Hofstede, Geert",1982,,National culture's Power Distance dimension as measured by work values items in commercial airline pilots,"With Hofstede's permission, items from the Work Values Survey (Hofstede, 1982) were included in the questionnaire, along with items from an earlier pilot survey (the Cockpit Management Attitudes Questionnaire) (Helmreich, 1984) and other items that were included specifically to try and capture Hofstede's dimensions within the aviation environment.",clear," [ling26: extra entry, not in the external record] [ling26: no entry matched this anchor]"
,10.1177/0022022100031003001,10.1177--0022022100031003001,,,yes,,success,conceptual,,Values survey module,"Hofstede, Geert",1982,,National culture's Masculinity-Femininity dimension as measured by work values items in commercial airline pilots,"With Hofstede's permission, items from the Work Values Survey (Hofstede, 1982) were included in the questionnaire, along with items from an earlier pilot survey (the Cockpit Management Attitudes Questionnaire) (Helmreich, 1984) and other items that were included specifically to try and capture Hofstede's dimensions within the aviation environment.",clear," [ling26: extra entry, not in the external record] [ling26: no entry matched this anchor]"
,10.1177/0022022100031003001,10.1177--0022022100031003001,,,yes,,success,conceptual,,Values survey module,"Hofstede, Geert",1982,,National culture's Uncertainty Avoidance dimension as measured by work values items in commercial airline pilots,"With Hofstede's permission, items from the Work Values Survey (Hofstede, 1982) were included in the questionnaire, along with items from an earlier pilot survey (the Cockpit Management Attitudes Questionnaire) (Helmreich, 1984) and other items that were included specifically to try and capture Hofstede's dimensions within the aviation environment.",clear," [ling26: extra entry, not in the external record] [ling26: no entry matched this anchor]"
,10.1177/0022022100031003001,10.1177--0022022100031003001,,,yes,,success,conceptual,,Culture's consequences: International differences in work-related values,"Hofstede, Geert",1980,Culture's consequences: International differences in work-related values,Individualism-Collectivism index scores vary across national cultures as measured by work values,"Survey data collected from 9,400 male commercial airline pilots in 19 countries were used in a replication study of Hofstede's indexes of national culture.",clear," [ling26: extra entry, not in the external record]"
,10.1177/0022022100031003001,10.1177--0022022100031003001,,,yes,,success,conceptual,,Culture's consequences: International differences in work-related values,"Hofstede, Geert",1980,Culture's consequences: International differences in work-related values,Power Distance index scores vary across national cultures as measured by leadership preferences and authority relations,"Survey data collected from 9,400 male commercial airline pilots in 19 countries were used in a replication study of Hofstede's indexes of national culture.",clear," [ling26: extra entry, not in the external record]"
,10.1177/0022022100031003001,10.1177--0022022100031003001,,,yes,,success,conceptual,,Culture's consequences: International differences in work-related values,"Hofstede, Geert",1980,Culture's consequences: International differences in work-related values,Masculinity-Femininity index scores vary across national cultures as measured by work goals and values,"Survey data collected from 9,400 male commercial airline pilots in 19 countries were used in a replication study of Hofstede's indexes of national culture.",clear,"Direct replication using Hofstede's prescribed formula yielded only r = .23; conceptual replication with optimized item composites yielded r = .75 [ling26: extra entry, not in the external record]"
,10.1177/0022022100031003001,10.1177--0022022100031003001,,,yes,,success,conceptual,,Culture's consequences: International differences in work-related values,"Hofstede, Geert",1980,Culture's consequences: International differences in work-related values,Uncertainty Avoidance index scores vary across national cultures as measured by stress and rule adherence,"Survey data collected from 9,400 male commercial airline pilots in 19 countries were used in a replication study of Hofstede's indexes of national culture.",clear,"Direct replication using Hofstede's prescribed formula yielded only r = .31; conceptual replication with optimized item composites yielded r = .68 [ling26: extra entry, not in the external record]"
10.1016--j.neurobiolaging.2009.09.004#1,10.1016/j.neurobiolaging.2009.09.004,10.1016--j.neurobiolaging.2009.09.004,,,yes,,,,,,,,,,,,
10.1111--famp.12710#1,10.1111/famp.12710,10.1111--famp.12710,,,yes,,success,direct,https://doi.org/10.1037/ccp0000479,Online programs improve relationship functioning for distressed low-income couples: Results from a nationwide randomized controlled trial,"Doss, B. D.; Knopp, K.; Roddy, M. K.; Rothman, K.; Hatch, S. G.; Rhoades, G. K.",2020,Journal of Consulting and Clinical Psychology,Online relationship education programs (OurRelationship and ePREP) produce reliable improvements in relationship functioning relative to a waitlist control for help-seeking low-income couples,"The first two aims of the current study are to conduct formal replication analyses of the effects of the two programs for low-income couples (see Doss et al., 2020).",clear,[ling26: no entry matched this anchor]
,10.1111/famp.12710,10.1111--famp.12710,,,yes,,success,close experiment,https://doi.org/10.1037/ccp0000479,Online programs improve relationship functioning for distressed low-income couples: Results from a nationwide randomized controlled trial,"Doss, B. D.; Knopp, K.; Roddy, M. K.; Rothman, K.; Hatch, S. G.; Rhoades, G. K.",2020,Journal of Consulting and Clinical Psychology,Both OurRelationship and ePREP online programs produce reliable improvements in relationship functioning relative to a waitlist control group for low-income couples seeking help,"The first two aims of the current study are to conduct formal replication analyses of the effects of the two programs for low-income couples (see Doss et al., 2020).",clear," [ling26: extra entry, not in the external record] [ling26: no entry matched this anchor]"
,10.1111/famp.12710,10.1111--famp.12710,,,yes,,inconclusive,close experiment,https://doi.org/10.1037/ccp0000479,Online programs improve relationship functioning for distressed low-income couples: Results from a nationwide randomized controlled trial,"Doss, B. D.; Knopp, K.; Roddy, M. K.; Rothman, K.; Hatch, S. G.; Rhoades, G. K.",2020,Journal of Consulting and Clinical Psychology,OurRelationship program produces greater reductions in communication conflict than the ePREP program,"The OurRelationship program produced significantly greater reductions in communication conflict (d = 0.78) than the ePREP program (d = 0.45; Doss et al., 2020).",clear," [ling26: extra entry, not in the external record] [ling26: no entry matched this anchor]"
10.1007--s10508-025-03297-x#1,10.1007/s10508-025-03297-x,10.1007--s10508-025-03297-x,,,yes,,inconclusive,direct,https://doi.org/10.1080/19317611.2021.1888170,"Exploratory findings on U.S. adolescents' pornography use, dominant behavior, and sexual satisfaction","Wright, P; Herbenick, D; Paul, B; Tokunaga, R",2021,International Journal of Sexual Health,"Exposure to sexually dominant behavior in pornography increases adolescents' likelihood of engaging in sexually dominant behavior, which in turn decreases their partnered sexual satisfaction (pornography exposure → sexually dominant behavior → sexual satisfaction)","The purpose of the present investigation is to attempt to replicate a study of United States (U.S.) adolescents' pornography exposure, dominant sexual behavior, and sexual satisfaction (Wright, Herbenick, Paul, & Tokunaga, 2021).",ambiguous,"The replication yields mixed outcomes across the three tested paths: full replication for the sexually dominant behavior → sexual satisfaction path, semi-partial replication for pornography exposure → sexually dominant behavior, and semi-partial replication for the indirect effect (not significant in the replication). The authors explicitly hedge, stating the central hypothesis 'received more or less support depends on an analyst's views on probability values and statistical power and preference for 95% or 99% CIs,' and call the overall outcome 'a range of replication outcomes.' The low analytical N (59) is a key complicating factor. The paper reports mixed replication outcomes across paths: semi-partial replication for pornography exposure → sexually dominant behavior and for the indirect effect, and full replication for sexually dominant behavior → sexual satisfaction. The central indirect effect was not significant (p = .15). Authors explicitly hedge, stating the central hypothesis received 'more or less support' depending on analyst views, making result classification genuinely ambiguous."
10.1177--1534508420953894#1,10.1177/1534508420953894,10.1177--1534508420953894,,,yes,,success,direct,https://doi.org/10.1016/j.jsp.2019.07.016,Interval likelihood ratios: Applications for gated screening in schools,"Klingbeil, D. A.; Van Norman, E. R.; Nelson, P. M.; Birr, C.",2019,Journal of School Psychology,Using interval likelihood ratios to estimate post-test probabilities of math risk in a gated screening framework with middle school students.,"In the current study, we sought to replicate our initial evaluation of using interval LRs to estimate post-test probabilities to determine math risk (Klingbeil et al., 2019).",clear,Authors explicitly call this a 'direct replication' and the Discussion confirms the findings corroborate the original study's results.
10.1007--s40616-014-0012-0#1,10.1007/s40616-014-0012-0,10.1007--s40616-014-0012-0,,,yes,,inconclusive,direct,https://doi.org/10.1901/jaba.2009.42-225,Evaluation of an enhanced stimulus-stimulus pairing procedure to increase early vocalizations of children with autism,"Esch, B. E.; Carr, J. E.; Grow, L. L.",2009,Journal of Applied Behavior Analysis,The effect of an enhanced stimulus-stimulus pairing procedure on increasing vocalizations in children with autism,"The current study replicated an enhanced stimulus-stimulus pairing (SSP) procedure used by Esch et al. (Journal of Applied Behavior Analysis 42: 42-225, 2009) for increasing vocalizations in children with autism.",ambiguous,"Two of three participants showed substantial increases in target vocalizations; Paul showed minimal change. Authors explicitly state they replicated the procedure and support its efficacy, so result is success despite the mixed participant-level outcome. Mixed results across three participants: Mary and Aaron showed substantial increases in target vocalizations, but Paul showed minimal increase. Authors state 'The present study replicated' but the effect was not uniform across all participants, making the overall outcome ambiguous between success and inconclusive."
10.1023--a~1024223916710#1,10.1023/a:1024223916710,10.1023--a~1024223916710,,,yes,,,,,,,,,,,, [ling26: no entry matched this anchor] [ling26: no entry matched this anchor]
10.1002--art.39932#1,10.1002/art.39932,10.1002--art.39932,,,yes,,,,,,,,,,,, [ling26: no entry matched this anchor] [ling26: no entry matched this anchor]
10.1371--journal.pone.0110118#1,10.1371/journal.pone.0110118,10.1371--journal.pone.0110118,,,yes,,,,,,,,,,,, [ling26: no entry matched this anchor] [ling26: no entry matched this anchor]
10.1371--journal.pone.0210327#1,10.1371/journal.pone.0210327,10.1371--journal.pone.0210327,,,yes,,inconclusive,direct,https://doi.org/10.1056/NEJMoa1013607,Timing of Antiretroviral Therapy for HIV-1 Infection and Tuberculosis,"Havlir, D; Kendall, M; Ive, P; Kumwenda, J; Swindells, S; Qasba, S",2011,New England Journal of Medicine,Earlier ART initiation (within 2 weeks of TB treatment initiation) reduces the rate of new AIDS defining illness or death in HIV-TB co-infected patients with CD4 counts less than 50 compared with later ART initiation (between 8 and 12 weeks after TB treatment initiation),"Havlir et al., used for this replication, was a large multisite trial conducted in 26 countries.",ambiguous,"The pure replication largely confirmed the original findings (similar p-values and proportions for most subgroups), but the MEA (ANCOVA, IV) weakened the main results. The authors' own conclusion is hedging: 'the results of this replication do not provide strong support that earlier ART initiation reduces the rate of new AIDS events.' A second coder might classify this as failure given the authors' conclusion, or as success based on the pure replication alone, hence ambiguous. The pure replication finds p=0.02 for CD4<50 (matching original), but ANCOVA reduces significance to p=0.066 and IV analysis shows no effect for CD4<50. Authors hedge: 'do not provide strong support.' The paper's reference [5] gives DOI as a supplement file URL; the article DOI 10.1056/NEJMoa1013607 is used instead."
10.5018--economics-ejournal.ja.2018-3#1,10.5018/economics-ejournal.ja.2018-3,10.5018--economics-ejournal.ja.2018-3,,,yes,,,,,,,,,,,, [ling26: no entry matched this anchor] [ling26: no entry matched this anchor]
,10.5018/economics-ejournal.ja.2018-3,10.5018--economics-ejournal.ja.2018-3,,,yes,,reversal,close experiment,https://doi.org/10.1257/mac.3.3.92,Education and Catch-Up in the Industrial Revolution,"Becker, S; Hornung, E; Woessmann, L",2011,American Economic Journal: Macroeconomics,BHW's claim that pre-industrial education had a positive causal effect on total industrialisation in the first phase of Prussian industrialisation (1849),"Becker, Hornung and Woessmann (henceforth BHW) argue that such education made an important contribution to the industrialisation of Prussia (BHW 2011).",clear," [ling26: extra entry, not in the external record] [ling26: no entry matched this anchor]"
,10.5018/economics-ejournal.ja.2018-3,10.5018--economics-ejournal.ja.2018-3,,,yes,,failure,close experiment,https://doi.org/10.1257/mac.3.3.92,Education and Catch-Up in the Industrial Revolution,"Becker, S; Hornung, E; Woessmann, L",2011,American Economic Journal: Macroeconomics,BHW's claim that pre-industrial education had a positive causal effect on total industrialisation over the entire period up to 1882,"Becker, Hornung and Woessmann (henceforth BHW) argue that such education made an important contribution to the industrialisation of Prussia (BHW 2011).",clear," [ling26: extra entry, not in the external record] [ling26: no entry matched this anchor]"
,10.5018/economics-ejournal.ja.2018-3,10.5018--economics-ejournal.ja.2018-3,,,yes,,failure,close experiment,https://doi.org/10.1257/mac.3.3.92,Education and Catch-Up in the Industrial Revolution,"Becker, S; Hornung, E; Woessmann, L",2011,American Economic Journal: Macroeconomics,BHW's claim that pre-industrial education had a positive causal effect on second-phase industrialisation (1849-1882),"Becker, Hornung and Woessmann (henceforth BHW) argue that such education made an important contribution to the industrialisation of Prussia (BHW 2011).",clear," [ling26: extra entry, not in the external record] [ling26: no entry matched this anchor]"
,10.5018/economics-ejournal.ja.2018-3,10.5018--economics-ejournal.ja.2018-3,,,yes,,reversal,close experiment,https://doi.org/10.1257/mac.3.3.92,Education and Catch-Up in the Industrial Revolution,"Becker, S; Hornung, E; Woessmann, L",2011,American Economic Journal: Macroeconomics,The effect of education on total industrialisation in the first phase of Prussian industrialisation (1849),"Becker, Hornung and Woessmann (henceforth BHW) argue that such education made an important contribution to the industrialisation of Prussia (BHW 2011).",clear," [ling26: extra entry, not in the external record]"
,10.5018/economics-ejournal.ja.2018-3,10.5018--economics-ejournal.ja.2018-3,,,yes,,failure,close experiment,https://doi.org/10.1257/mac.3.3.92,Education and Catch-Up in the Industrial Revolution,"Becker, S; Hornung, E; Woessmann, L",2011,American Economic Journal: Macroeconomics,The effect of education on total industrialisation in the second phase of Prussian industrialisation (1882),"Becker, Hornung and Woessmann (henceforth BHW) argue that such education made an important contribution to the industrialisation of Prussia (BHW 2011).",clear," [ling26: extra entry, not in the external record]"
10.1177--073953298600700307#1,10.1177/073953298600700307,10.1177--073953298600700307,,,yes,,inconclusive,direct,,Weekday and Sunday Readership Seen Through Uses and Gratifications,"Towers, Wayne M.",1985,Newspaper Research Journal,"Uses and gratifications statements regarding newspapers produce three distinct groups (surveillance, diversion, interaction) and predict weekday and Sunday newspaper readership","Wayne M. Towers, 'Weekday and Sunday Readership Seen Through Uses and Gratifications,' Newspaper Research Journal 6:20-32 (1985).",clear,
10.1080--02699931.2020.1719982#1,10.1080/02699931.2020.1719982,10.1080--02699931.2020.1719982,,,yes,,inconclusive,conceptual,https://doi.org/10.1016/00239690(90)90025-J,Flavor/color and flavor conditioning in humans,"Baeyens, F.; Eelen, P.; Van den Bergh, O.; Crombez, G.",1990,Learning and Motivation,Evaluative conditioning effects for smell-taste pairings without explicit memory for the CS-US contingencies,"In a conceptual replication of the study by Baeyens et al. (1990), we tested whether",clear,"Experiment 1 is explicitly called a conceptual replication of Baeyens et al. (1990). An overall EC effect was found (significant US valence main effect), but EC effects occurred only for correctly remembered pairings, not for non-remembered pairings. The authors state 'we found no evidence for memory-independent EC overall,' yielding partial support for the original claim and warranting an inconclusive classification."
10.3389--fnhum.2020.00265#1,10.3389/fnhum.2020.00265,10.3389--fnhum.2020.00265,,,yes,,inconclusive,close extension,https://doi.org/10.1016/j.biopsycho.2016.10.006,Wheelchair control by elderly participants in a virtual environment with a brain-computer interface (BCI) and tactile stimulation,"Herweg, A.; Gutzeit, J.; Kleih, S.; Kübler, A.",2016,Biological Psychology,Training effects on BCI performance (ITR and online accuracy) and P300 physiological measures during virtual wheelchair navigation using tactile stimulation,We present a slightly adapted and extended replication of the study by Herweg et al. (2016).,ambiguous,"The paper reports both confirmed training effects (H2: ITR increased significantly) and non-confirmed hypotheses (H3: not all participants reached 70% efficiency; H4: age was a limiting factor). Overall performance was lower than the original study (Herweg et al., 2016). The replication is described as 'slightly adapted and extended' with individualized sequence numbers and a non-elderly sample. The paper confirms H2 (training increases ITR and accuracy significantly) but rejects H3 (70% accuracy threshold not met by all participants) and H4 (age did affect performance, with middle-aged group underperforming). The original Herweg et al. (2016) reported very high performance in elderly participants; this replication found high discrepancies and many inefficient participants. Mixed pattern of confirming and disconfirming findings relative to the original."
10.1016--j.jsat.2013.07.013#1,10.1016/j.jsat.2013.07.013,10.1016--j.jsat.2013.07.013,,,yes,,success,close experiment,,Computer-based brief intervention a randomized trial with postpartum women,"Ondersma, S.; Svikis, D.; Schuster, C.",2007,American Journal of Preventive Medicine,A single 20-minute computer-delivered brief intervention (e-SBI) for postpartum drug use reduces self-reported drug use at follow-up,"For example, in a randomized trial with 107 postpartum women, Ondersma, Svikis, and Schuster (2007) showed that a single 20-minute e-SBI intervention plus two non-tailored mailings was associated with reductions in self-reported drug use at a 4-month follow-up.",clear,
10.1017--s0003055405051658#1,10.1017/s0003055405051658,10.1017--s0003055405051658,,,yes,,reversal,direct,,"The Effects of Canvassing, Telephone Calls, and Direct Mail on Voter Turnout: A Field Experiment","Gerber, Alan; Green, Donald",2000,American Political Science Review,Get-out-the-vote phone calls reduce voter turnout by five percentage points,"In this article, I replicate and extend Gerber and Green's analysis of the voter mobilization study.",clear,"The paper reanalyzes Gerber and Green (2000) data using propensity score matching on corrected treatment/control groups and revised data, finding that telephone canvassing increases turnout by about five percentage points, directly reversing the original negative finding. The replication reanalyzes Gerber and Green (2000) field experiment data using propensity score matching on corrected/revised data. The original finding was that phone calls decrease turnout by 5pp; the replication finds phone calls increase turnout by approximately 5pp, which the authors explicitly describe as reversing the original finding. All three reversal conditions are met: statistically significant effect in the opposite direction, authors describe it as a reversal, and the reversed effect is clear and unambiguous."
10.3386--w21801#1,10.3386/w21801,10.3386--w21801,,,yes,,,,,,,,,,,, [ling26: no entry matched this anchor] [ling26: no entry matched this anchor]
,10.3386/w21801,10.3386--w21801,,,yes,,success,conceptual,,The Impact of the Mariel Boatlift on The Miami Labor Market,"Card, David",1990,Industrial and Labor Relations Review,The Mariel Boatlift had no significant impact on wages and employment of low-skilled non-Cuban workers in Miami.,In essence our results confirm the early findings of Card (1990).,clear,"The paper applies the Synthetic Control Method (SCM) to the same Mariel Boatlift episode using a fundamentally different estimation strategy than Card's original difference-in-differences approach with ad-hoc control cities. [ling26: extra entry, not in the external record] [ling26: no entry matched this anchor]"
,10.3386/w21801,10.3386--w21801,,,yes,,failure,close extension,,The Wage Impact of the Marielitos: A Reappraisal,"Borjas, George",2017,Industrial Relations and Labor Review,The Mariel Boatlift caused a large and long-lasting negative difference in wages between Miami and its control group in the 1982-1985 period.,Readers who are familiar with Borjas (2017) are likely puzzled by the disagreement of the results presented here and those contained in that paper.,clear,"The paper first reproduces Borjas's finding using the same small March-CPS sub-sample (male, non-Hispanic, age 25-59), then shows the result does not hold in the preferred larger May-ORG sample or when the full 1972-79 pre-treatment period is used, attributing Borjas's result to small-sample measurement error. [ling26: extra entry, not in the external record] [ling26: no entry matched this anchor]"
,10.3386/w21801,10.3386--w21801,,,yes,,success,conceptual,,Empirical Strategies in Labor Economics,"Angrist, Joshua; Krueger, Alan",1999,Handbook of Labor Economics,Analyzing a hypothetical non-existent Mariel Boatlift in 1994 produces a spurious significant increase in unemployment for black workers due to small sample size.,"Finally, we address the criticism of Angrist and Krueger (1999) who show the risk of drawing inference from analyzing an event with a small number of treatment and control units.",clear,"The paper applies the Synthetic Control Method to the 1994 hypothetical non-event scenario originally analyzed by Angrist and Krueger using Card's ad-hoc control group, finding no significant effect and demonstrating that SCM obviates the small-sample problem. [ling26: extra entry, not in the external record] [ling26: no entry matched this anchor]"
,10.3386/w21801,10.3386--w21801,,,yes,,success,close extension,,The Impact of the Mariel Boatlift on The Miami Labor Market,"Card, David",1990,Industrial and Labor Relations Review,The Mariel Boatlift had no significant impact on wages and employment of low-skilled non-Cuban workers in Miami,In essence our results confirm the early findings of Card (1990).,clear," [ling26: extra entry, not in the external record]"
,10.3386/w21801,10.3386--w21801,,,yes,,failure,close extension,,The Wage Impact of the Marielitos: A Reappraisal,"Borjas, George",2017,Industrial Relations and Labor Review,A large and long lasting negative difference in wages between Miami and its control in the 1982-1985 period for high school dropouts,We begin by reproducing his finding and then we show that these results hold only in small sub-groups when using the March-CPS dataset.,clear," [ling26: extra entry, not in the external record]"
,10.3386/w21801,10.3386--w21801,,,yes,,failure,close extension,,Empirical Strategies in Labor Economics,"Angrist, Joshua; Krueger, Alan",1999,Handbook of Labor Economics,A statistically significant increase in unemployment for black workers in Miami following the hypothetical 1994 Mariel Boatlift,"Finally, we address the criticism of Angrist and Krueger (1999) who show the risk of drawing inference from analyzing an event with a small number of treatment and control units.",clear," [ling26: extra entry, not in the external record]"
10.1002--jae.2886#1,10.1002/jae.2886,10.1002--jae.2886,,,yes,,,,,,,,,,,, [ling26: no entry matched this anchor] [ling26: no entry matched this anchor]
,10.1002/jae.2886,10.1002--jae.2886,,,yes,,success,direct,https://doi.org/10.1086/500990,Economics: An emerging small world,"Goyal, S; Van Der Leij, M; Moraga-González, J",2006,Journal of Political Economy,"Economics profession evolved into a small world network by the 1990s, with small average distance, high clustering, and a giant component","To narrowly replicate the results of [6], I use the exact same publications data (EconLit publication lists for 1970-1999) and assign them to three groups corresponding to the three decades.",clear," [ling26: extra entry, not in the external record] [ling26: no entry matched this anchor]"
,10.1002/jae.2886,10.1002--jae.2886,,,yes,,success,close experiment,https://doi.org/10.1086/500990,Economics: An emerging small world,"Goyal, S; Van Der Leij, M; Moraga-González, J",2006,Journal of Political Economy,"Economics profession evolved into a small world network by the 1990s, with small average distance, high clustering, and a giant component","In Table 2, I again replicate the first main result of [6].",clear,"Uses EconLit data as of June 2020; cannot drop four-or-more-author papers because only first author is listed [ling26: extra entry, not in the external record] [ling26: no entry matched this anchor]"
,10.1002/jae.2886,10.1002--jae.2886,,,yes,,success,close extension,https://doi.org/10.1086/500990,Economics: An emerging small world,"Goyal, S; Van Der Leij, M; Moraga-González, J",2006,Journal of Political Economy,"Economics profession evolved into a small world network by the 1990s, with small average distance, high clustering, and a giant component",I widely replicate the results using the Scopus database as far as it covers the volumes indexed in EconLit.,clear,"Uses Scopus author profile IDs for disambiguation instead of surname+initial; includes all pairwise co-author connections from papers with four or more authors [ling26: extra entry, not in the external record] [ling26: no entry matched this anchor]"
,10.1002/jae.2886,10.1002--jae.2886,,,yes,,success,close extension,https://doi.org/10.1086/500990,Economics: An emerging small world,"Goyal, S; Van Der Leij, M; Moraga-González, J",2006,Journal of Political Economy,"Economics profession evolved into a small world network by the 1990s, with small average distance, high clustering, and a giant component","With the benefit of nearly two decades that passed since the publication of [6], we can undertake a long replication.",clear,"Long replication using EconLit data for 2000-2019; same network definition as narrow replication [ling26: extra entry, not in the external record] [ling26: no entry matched this anchor]"
,10.1002/jae.2886,10.1002--jae.2886,,,yes,,success,close extension,https://doi.org/10.1086/500990,Economics: An emerging small world,"Goyal, S; Van Der Leij, M; Moraga-González, J",2006,Journal of Political Economy,"Economics profession evolved into a small world network by the 1990s, with small average distance, high clustering, and a giant component","With the benefit of nearly two decades that passed since the publication of [6], we can undertake a long replication.",clear,"Long replication using Scopus data for 2000-2019; same network definition as wide replication [ling26: extra entry, not in the external record] [ling26: no entry matched this anchor]"
,10.1002/jae.2886,10.1002--jae.2886,,,yes,,success,direct,https://doi.org/10.1086/500990,Economics: An emerging small world,"Goyal, S; Van Der Leij, M; Moraga-González, J",2006,Journal of Political Economy,"The Economics profession gradually evolved into a small world, with the co-author network of economists satisfying all four criteria for the small world hypothesis by the 1990s",This paper both narrowly and widely replicates [6].,clear,"Uses the exact same original EconLit data and network definition as Goyal et al. (2006); results match exactly except for one additional isolated author in the 1990s network [ling26: extra entry, not in the external record]"
,10.1002/jae.2886,10.1002--jae.2886,,,yes,,success,close experiment,https://doi.org/10.1086/500990,Economics: An emerging small world,"Goyal, S; Van Der Leij, M; Moraga-González, J",2006,Journal of Political Economy,"The Economics profession gradually evolved into a small world, with the co-author network of economists satisfying all four criteria for the small world hypothesis by the 1990s",In all instances I fully replicate the findings of [6].,clear,"Uses a recent June 2020 extract of EconLit data rather than the original data; cannot drop 4+ author papers since EconLit only lists first author for such papers; network statistics are very close but not identical to the original [ling26: extra entry, not in the external record]"
,10.1002/jae.2886,10.1002--jae.2886,,,yes,,success,close extension,https://doi.org/10.1086/500990,Economics: An emerging small world,"Goyal, S; Van Der Leij, M; Moraga-González, J",2006,Journal of Political Economy,"The Economics profession gradually evolved into a small world, with the co-author network of economists satisfying all four criteria for the small world hypothesis by the 1990s","I replicate all main results of [6] thrice: using their data and their network definition, using a recent version of their data and their network definition, and using another dataset and a different network definition.",clear,"Uses Scopus database with Scopus author profile IDs for disambiguation; includes all pairwise co-author connections from papers with 4+ authors; network has fewer authors but similar giant component shares and small-world criteria met by the 1990s [ling26: extra entry, not in the external record]"
,10.1002/jae.2886,10.1002--jae.2886,,,yes,,success,close extension,https://doi.org/10.1086/500990,Economics: An emerging small world,"Goyal, S; Van Der Leij, M; Moraga-González, J",2006,Journal of Political Economy,"The Economics profession gradually evolved into a small world, with the co-author network of economists satisfying all four criteria for the small world hypothesis by the 1990s","With the benefit of nearly two decades that passed since the publication of [6], we can undertake a long replication.",clear,"Long replication extending analysis to 2000-2019 using EconLit data; networks double in size each decade; small world becomes even more pronounced with larger giant components and higher clustering [ling26: extra entry, not in the external record]"
,10.1002/jae.2886,10.1002--jae.2886,,,yes,,success,close extension,https://doi.org/10.1086/500990,Economics: An emerging small world,"Goyal, S; Van Der Leij, M; Moraga-González, J",2006,Journal of Political Economy,"The Economics profession gradually evolved into a small world, with the co-author network of economists satisfying all four criteria for the small world hypothesis by the 1990s","With the benefit of nearly two decades that passed since the publication of [6], we can undertake a long replication.",clear,"Long replication extending analysis to 2000-2019 using Scopus data; small world less pronounced than EconLit long replication (higher average distance, less inclusive giant component) but all small-world criteria still met [ling26: extra entry, not in the external record]"
10.1111--sjoe.12341#1,10.1111/sjoe.12341,10.1111--sjoe.12341,,,yes,,,,,,,,,,,, [ling26: no entry matched this anchor] [ling26: no entry matched this anchor]
,10.1111/sjoe.12341,10.1111--sjoe.12341,,,yes,,success,direct,,Iodine Deficiency and Schooling Attainment in Tanzania,"Field, E; Robles, O; Torero, M",2009,American Economic Journal: Applied Economics,Protection from iodine deficiency in utero through iodized oil capsule supplementation increases educational attainment.,"Field, Robles, and Torero (2009, hereafter FRT) seek to shed light on this question by estimating the effect on educational attainment of iodized oil capsule (IOC) distribution programs launched in 1986 in Tanzania.",clear,"Narrow replication uses the original THBS 2000 data and exact FRT specification; authors state 'We are able to exactly replicate the original results' and Table 1 matches FRT's Table 3 exactly. [ling26: extra entry, not in the external record] [ling26: no entry matched this anchor]"
,10.1111/sjoe.12341,10.1111--sjoe.12341,,,yes,,failure,close extension,,Iodine Deficiency and Schooling Attainment in Tanzania,"Field, E; Robles, O; Torero, M",2009,American Economic Journal: Applied Economics,Protection from iodine deficiency in utero through iodized oil capsule supplementation increases educational attainment.,"Field, Robles, and Torero (2009, hereafter FRT) seek to shed light on this question by estimating the effect on educational attainment of iodized oil capsule (IOC) distribution programs launched in 1986 in Tanzania.",clear,"Wide replication pools five surveys (nearly 4x sample), uses improved multi-compartment treatment model and alternative specifications; authors state 'no effect is found' and 'the available data do not provide sufficient power to detect a possible effect.' All estimates are close to zero and not statistically significant at conventional levels. [ling26: extra entry, not in the external record] [ling26: no entry matched this anchor]"
,10.1111/sjoe.12341,10.1111--sjoe.12341,,,yes,,success,direct,,Iodine Deficiency and Schooling Attainment in Tanzania,"Field, E; Robles, O; Torero, M",2009,American Economic Journal: Applied Economics,"Protection from iodine deficiency in utero, provided by iodized oil capsule distribution programs, increases educational attainment.","Field, Robles, and Torero (2009, hereafter FRT) seek to shed light on this question by estimating the effect on educational attainment of iodized oil capsule (IOC) distribution programs launched in 1986 in Tanzania.",clear,"Narrow replication exactly reproduces FRT's original specification and results using the original THBS 2000 data. [ling26: extra entry, not in the external record]"
,10.1111/sjoe.12341,10.1111--sjoe.12341,,,yes,,failure,close extension,,Iodine Deficiency and Schooling Attainment in Tanzania,"Field, E; Robles, O; Torero, M",2009,American Economic Journal: Applied Economics,"Protection from iodine deficiency in utero, provided by iodized oil capsule distribution programs, increases educational attainment.","Field, Robles, and Torero (2009, hereafter FRT) seek to shed light on this question by estimating the effect on educational attainment of iodized oil capsule (IOC) distribution programs launched in 1986 in Tanzania.",clear,"Wide replication pools five surveys (almost 4x sample size) and uses improved multi-compartment treatment models; no significant effect found in any specification. Authors state 'no effect is found' and 'We find no empirical support for a causal link.' They hedge on whether an effect could exist given measurement error and power limitations. [ling26: extra entry, not in the external record]"
10.1257--aer.104.3.1072#1,10.1257/aer.104.3.1072,10.1257--aer.104.3.1072,,,yes,,,,,,,,,,,, [ling26: no entry matched this anchor] [ling26: no entry matched this anchor]
10.1371--journal.pone.0051382#1,10.1371/journal.pone.0051382,10.1371--journal.pone.0051382,,,yes,,,,,,,,,,,, [ling26: no entry matched this anchor] [ling26: no entry matched this anchor]
,10.1371/journal.pone.0051382,10.1371--journal.pone.0051382,,,yes,,success,direct,,The effect of implied orientation derived from verbal context on picture recognition,"Stanfield, R; Zwaan, R",2001,Psychological Science,"Implied object orientation in a sentence affects picture verification speed, with matching orientation producing faster responses than mismatching orientation.",In both Experiments we replicated the published RT result [4].,ambiguous,"Authors explicitly state replication, but Bayes Factor BF01=1.06 indicates roughly equal evidence for null and alternative; a second coder might plausibly code inconclusive given the weak Bayesian evidence despite significant p-value. [ling26: extra entry, not in the external record] [ling26: no entry matched this anchor]"
,10.1371/journal.pone.0051382,10.1371--journal.pone.0051382,,,yes,,success,direct,,The effect of implied orientation derived from verbal context on picture recognition,"Stanfield, R; Zwaan, R",2001,Psychological Science,"Implied object orientation in a sentence affects picture verification speed, with matching orientation producing faster responses than mismatching orientation.",In both Experiments we replicated the published RT result [4].,clear,"Authors explicitly state replication; significant p-value (.01) and BF01=0.46 provide moderate evidence for the effect. [ling26: extra entry, not in the external record] [ling26: no entry matched this anchor]"
,10.1371/journal.pone.0051382,10.1371--journal.pone.0051382,,,yes,,success,direct,,Language comprehenders mentally represent the shape of objects,"Zwaan, R; Stanfield, R; Yaxley, R",2002,Psychological Science,"Language comprehenders mentally represent the shape of objects, with matching shape producing faster picture verification responses than mismatching shape.",This replicates the published findings [5].,clear,"Authors explicitly state replication; very strong Bayesian evidence (BF01=0.02) and highly significant p-value. [ling26: extra entry, not in the external record] [ling26: no entry matched this anchor]"
,10.1371/journal.pone.0051382,10.1371--journal.pone.0051382,,,yes,,success,direct,,Language comprehenders mentally represent the shape of objects,"Zwaan, R; Stanfield, R; Yaxley, R",2002,Psychological Science,"Language comprehenders mentally represent the shape of objects, with matching shape producing faster picture verification responses than mismatching shape.",This replicates the published findings [5].,clear,"Authors explicitly state replication; very strong Bayesian evidence (BF01=0.01) and highly significant p-value. [ling26: extra entry, not in the external record] [ling26: no entry matched this anchor]"
,10.1371/journal.pone.0051382,10.1371--journal.pone.0051382,,,yes,,reversal,direct,,Representing object colour in language comprehension,"Connell, L",2007,Cognition,"Object color implied by a sentence affects picture verification speed, with mismatching color producing faster responses than matching color.","This result directly contradicts those of the published studies [7],[8], who found significant mismatch advantages (in response times at least).",clear,"Authors explicitly state contradiction of original findings; match advantage found in both median RTs (p<.001) and accuracy (p=.01), directly opposite to original mismatch advantage. [ling26: extra entry, not in the external record] [ling26: no entry matched this anchor]"
,10.1371/journal.pone.0051382,10.1371--journal.pone.0051382,,,yes,,reversal,direct,,Representing object colour in language comprehension,"Connell, L",2007,Cognition,"Object color implied by a sentence affects picture verification speed, with mismatching color producing faster responses than matching color.","Not only did we not replicate the original findings by Connell [7],[8], we did, in fact, find the almost perfect opposite pattern.",ambiguous,"Authors explicitly describe opposite pattern, but mixed signals within the experiment: trimmed RTs show no effect (t<1, BF01=15.46) while median RTs show significant match advantage (p=.02). A second coder might plausibly code inconclusive due to mixed signals within one experiment. [ling26: extra entry, not in the external record] [ling26: no entry matched this anchor]"
,10.1371/journal.pone.0051382,10.1371--journal.pone.0051382,,,yes,,success,direct,,The effect of implied orientation derived from verbal context on picture recognition,"Stanfield, Rob; Zwaan, Rolf",2001,Psychological Science,Implied object orientation from verbal context affects picture verification speed (match vs. mismatch),We replicated the published RT result [4].,clear," [ling26: extra entry, not in the external record]"
,10.1371/journal.pone.0051382,10.1371--journal.pone.0051382,,,yes,,success,direct,,The effect of implied orientation derived from verbal context on picture recognition,"Stanfield, Rob; Zwaan, Rolf",2001,Psychological Science,Implied object orientation from verbal context affects picture verification speed (match vs. mismatch),We replicated the published RT result [4].,clear," [ling26: extra entry, not in the external record]"
,10.1371/journal.pone.0051382,10.1371--journal.pone.0051382,,,yes,,success,direct,,Language comprehenders mentally represent the shape of objects,"Zwaan, Rolf; Stanfield, Rob; Yaxley, Robert",2002,Psychological Science,Implied object shape from verbal context affects picture verification speed (match vs. mismatch),This replicates the published findings [5].,clear," [ling26: extra entry, not in the external record]"
,10.1371/journal.pone.0051382,10.1371--journal.pone.0051382,,,yes,,success,direct,,Language comprehenders mentally represent the shape of objects,"Zwaan, Rolf; Stanfield, Rob; Yaxley, Robert",2002,Psychological Science,Implied object shape from verbal context affects picture verification speed (match vs. mismatch),This replicates the published findings [5].,clear," [ling26: extra entry, not in the external record]"
,10.1371/journal.pone.0051382,10.1371--journal.pone.0051382,,,yes,,reversal,direct,,Representing object colour in language comprehension,"Connell, Louise",2007,Cognition,Object color implied by verbal context affects picture verification speed (match vs. mismatch),"Not only did we not replicate the original findings by Connell [7],[8], we did, in fact, find the almost perfect opposite pattern.",clear," [ling26: extra entry, not in the external record]"
,10.1371/journal.pone.0051382,10.1371--journal.pone.0051382,,,yes,,reversal,direct,,Representing object colour in language comprehension,"Connell, Louise",2007,Cognition,Object color implied by verbal context affects picture verification speed (match vs. mismatch),"Not only did we not replicate the original findings by Connell [7],[8], we did, in fact, find the almost perfect opposite pattern.",clear," [ling26: extra entry, not in the external record]"
10.1177--0956797613486983#1,10.1177/0956797613486983,10.1177--0956797613486983,,,yes,,,,,,,,,,,, [ling26: no entry matched this anchor] [ling26: no entry matched this anchor]
,10.1177/0956797613486983,10.1177--0956797613486983,,,yes,,failure,direct,,Warm thoughts: Attachment anxiety and sensitivity to temperature cues,"Vess, M.",2012,Psychological Science,Activation of attachment concerns increases preferences for warm foods among individuals with high anxious attachment.,"In his recent article, Vess (2012) was the first to integrate research on attachment anxiety with research linking physical temperature to perceptions of intimacy (i.e., intimacy is associated with physical warmth, whereas social isolation is associated with coldness; IJzerman & Semin, 2009; Zhong & Leonardelli, 2008).",clear,"Two independent samples (Sample 1 N=219, Sample 2 N=233) both failed to replicate Vess (2012) Study 1. Both preregistered. Authors explicitly state 'We did not replicate Vess's finding in either sample.' [ling26: extra entry, not in the external record] [ling26: no entry matched this anchor]"
,10.1177/0956797613486983,10.1177--0956797613486983,,,yes,,failure,direct,,Warm thoughts: Attachment anxiety and sensitivity to temperature cues,"Vess, M.",2012,Psychological Science,Activation of attachment concerns increases preferences for warm foods among individuals with high anxious attachment.,"In his recent article, Vess (2012) was the first to integrate research on attachment anxiety with research linking physical temperature to perceptions of intimacy (i.e., intimacy is associated with physical warmth, whereas social isolation is associated with coldness; IJzerman & Semin, 2009; Zhong & Leonardelli, 2008).",clear,"Second independent sample (N=233) also failed to replicate Vess (2012) Study 1. Preregistered. Authors explicitly state 'We did not replicate Vess's finding in either sample.' [ling26: extra entry, not in the external record] [ling26: no entry matched this anchor]"
,10.1177/0956797613486983,10.1177--0956797613486983,,,yes,,failure,direct,,Warm thoughts: Attachment anxiety and sensitivity to temperature cues,"Vess, M.",2012,Psychological Science,Individuals with high anxious attachment report heightened preferences for warm foods when attachment concerns are activated by reflecting on a romantic breakup,"In his recent article, Vess (2012) was the first to integrate research on attachment anxiety with research linking physical temperature to perceptions of intimacy (i.e., intimacy is associated with physical warmth, whereas social isolation is associated with coldness; IJzerman & Semin, 2009; Zhong & Leonardelli, 2008).",clear,"Sample 1 (N=219) of LeBel & Campbell (2013); direct replication of Vess (2012) Study 1; authors explicitly state they did not replicate the finding. [ling26: extra entry, not in the external record]"
,10.1177/0956797613486983,10.1177--0956797613486983,,,yes,,failure,direct,,Warm thoughts: Attachment anxiety and sensitivity to temperature cues,"Vess, M.",2012,Psychological Science,Individuals with high anxious attachment report heightened preferences for warm foods when attachment concerns are activated by reflecting on a romantic breakup,"In his recent article, Vess (2012) was the first to integrate research on attachment anxiety with research linking physical temperature to perceptions of intimacy (i.e., intimacy is associated with physical warmth, whereas social isolation is associated with coldness; IJzerman & Semin, 2009; Zhong & Leonardelli, 2008).",clear,"Sample 2 (N=233) of LeBel & Campbell (2013); direct replication of Vess (2012) Study 1; authors explicitly state they did not replicate the finding. [ling26: extra entry, not in the external record]"
10.1177--1745691615605826#1,10.1177/1745691615605826,10.1177--1745691615605826,,,yes,,,,,,,,,,,, [ling26: no entry matched this anchor]
,10.1177/1745691615605826,10.1177--1745691615605826,,,yes,,failure,direct,,Learning about what others were doing: Verb aspect and attributions of mundane and criminal intent for past actions,"Hart, William; Albarracín, Dolores",2011,Psychological Science,Grammatical aspect influences perceived intentionality for criminal behavior,"The results of a recent study suggest that grammatical aspect not only influences our understanding of and memory for described situations, but also whether we think of an action as being intentional [7].",clear,"Lab study; null result for criminal intentionality [ling26: extra entry, not in the external record]"
,10.1177/1745691615605826,10.1177--1745691615605826,,,yes,,failure,direct,,Learning about what others were doing: Verb aspect and attributions of mundane and criminal intent for past actions,"Hart, William; Albarracín, Dolores",2011,Psychological Science,Grammatical aspect influences perceived intentionality for criminal behavior,"The results of a recent study suggest that grammatical aspect not only influences our understanding of and memory for described situations, but also whether we think of an action as being intentional [7].",clear,"Lab study; null result for criminal intentionality [ling26: extra entry, not in the external record]"
,10.1177/1745691615605826,10.1177--1745691615605826,,,yes,,failure,direct,,Learning about what others were doing: Verb aspect and attributions of mundane and criminal intent for past actions,"Hart, William; Albarracín, Dolores",2011,Psychological Science,Grammatical aspect influences perceived intentionality for criminal behavior,"The results of a recent study suggest that grammatical aspect not only influences our understanding of and memory for described situations, but also whether we think of an action as being intentional [7].",clear,"Lab study; null result for criminal intentionality [ling26: extra entry, not in the external record]"
,10.1177/1745691615605826,10.1177--1745691615605826,,,yes,,failure,direct,,Learning about what others were doing: Verb aspect and attributions of mundane and criminal intent for past actions,"Hart, William; Albarracín, Dolores",2011,Psychological Science,Grammatical aspect influences perceived intentionality for criminal behavior,"The results of a recent study suggest that grammatical aspect not only influences our understanding of and memory for described situations, but also whether we think of an action as being intentional [7].",clear,"Lab study; null result for criminal intentionality [ling26: extra entry, not in the external record]"
,10.1177/1745691615605826,10.1177--1745691615605826,,,yes,,failure,direct,,Learning about what others were doing: Verb aspect and attributions of mundane and criminal intent for past actions,"Hart, William; Albarracín, Dolores",2011,Psychological Science,Grammatical aspect influences perceived intentionality for criminal behavior,"The results of a recent study suggest that grammatical aspect not only influences our understanding of and memory for described situations, but also whether we think of an action as being intentional [7].",clear,"Lab study; null result for criminal intentionality [ling26: extra entry, not in the external record]"
,10.1177/1745691615605826,10.1177--1745691615605826,,,yes,,failure,direct,,Learning about what others were doing: Verb aspect and attributions of mundane and criminal intent for past actions,"Hart, William; Albarracín, Dolores",2011,Psychological Science,Grammatical aspect influences perceived intentionality for criminal behavior,"The results of a recent study suggest that grammatical aspect not only influences our understanding of and memory for described situations, but also whether we think of an action as being intentional [7].",clear,"Lab study; significant effect in opposite direction (d = -0.95); precludes mediation analyses due to identical means on detailed processing [ling26: extra entry, not in the external record]"
,10.1177/1745691615605826,10.1177--1745691615605826,,,yes,,failure,direct,,Learning about what others were doing: Verb aspect and attributions of mundane and criminal intent for past actions,"Hart, William; Albarracín, Dolores",2011,Psychological Science,Grammatical aspect influences perceived intentionality for criminal behavior,"The results of a recent study suggest that grammatical aspect not only influences our understanding of and memory for described situations, but also whether we think of an action as being intentional [7].",clear,"Lab study; null result for criminal intentionality [ling26: extra entry, not in the external record]"
,10.1177/1745691615605826,10.1177--1745691615605826,,,yes,,failure,direct,,Learning about what others were doing: Verb aspect and attributions of mundane and criminal intent for past actions,"Hart, William; Albarracín, Dolores",2011,Psychological Science,Grammatical aspect influences perceived intentionality for criminal behavior,"The results of a recent study suggest that grammatical aspect not only influences our understanding of and memory for described situations, but also whether we think of an action as being intentional [7].",clear,"Lab study; null result for criminal intentionality [ling26: extra entry, not in the external record]"
,10.1177/1745691615605826,10.1177--1745691615605826,,,yes,,failure,direct,,Learning about what others were doing: Verb aspect and attributions of mundane and criminal intent for past actions,"Hart, William; Albarracín, Dolores",2011,Psychological Science,Grammatical aspect influences perceived intentionality for criminal behavior,"The results of a recent study suggest that grammatical aspect not only influences our understanding of and memory for described situations, but also whether we think of an action as being intentional [7].",clear,"Lab study; significant effect in opposite direction (d = -0.98) [ling26: extra entry, not in the external record]"
,10.1177/1745691615605826,10.1177--1745691615605826,,,yes,,failure,direct,,Learning about what others were doing: Verb aspect and attributions of mundane and criminal intent for past actions,"Hart, William; Albarracín, Dolores",2011,Psychological Science,Grammatical aspect influences perceived intentionality for criminal behavior,"The results of a recent study suggest that grammatical aspect not only influences our understanding of and memory for described situations, but also whether we think of an action as being intentional [7].",clear,"Lab study; null result for criminal intentionality [ling26: extra entry, not in the external record]"
,10.1177/1745691615605826,10.1177--1745691615605826,,,yes,,failure,direct,,Learning about what others were doing: Verb aspect and attributions of mundane and criminal intent for past actions,"Hart, William; Albarracín, Dolores",2011,Psychological Science,Grammatical aspect influences perceived intentionality for criminal behavior,"The results of a recent study suggest that grammatical aspect not only influences our understanding of and memory for described situations, but also whether we think of an action as being intentional [7].",clear,"Lab study; null result for criminal intentionality [ling26: extra entry, not in the external record]"
,10.1177/1745691615605826,10.1177--1745691615605826,,,yes,,failure,direct,,Learning about what others were doing: Verb aspect and attributions of mundane and criminal intent for past actions,"Hart, William; Albarracín, Dolores",2011,Psychological Science,Grammatical aspect influences perceived intentionality for criminal behavior,"The results of a recent study suggest that grammatical aspect not only influences our understanding of and memory for described situations, but also whether we think of an action as being intentional [7].",clear,"Online MTurk study; nonsignificant effect in opposite direction; not included in meta-analysis of lab studies [ling26: extra entry, not in the external record]"
,10.1177/1745691615605826,10.1177--1745691615605826,,,yes,,failure,direct,,Learning about what others were doing: Verb aspect and attributions of mundane and criminal intent for past actions,"Hart, William; Albarracín, Dolores",2011,Psychological Science,Grammatical aspect influences perceived intentionality for criminal behavior,"The results of a recent study suggest that grammatical aspect not only influences our understanding of and memory for described situations, but also whether we think of an action as being intentional [7].",clear,"Additional paper-and-pencil follow-up not preregistered and not included in meta-analyses; used original unaltered vignette; null results in opposite direction [ling26: extra entry, not in the external record]"
10.1016--j.jesp.2015.09.003#1,10.1016/j.jesp.2015.09.003,10.1016--j.jesp.2015.09.003,,,yes,,,,,,,,,,,, [ling26: no entry matched this anchor] [ling26: no entry matched this anchor]
,10.1016/j.jesp.2015.09.003,10.1016--j.jesp.2015.09.003,,,yes,,success,direct,,Approach-motivated positive affect reduces breadth of attention,"Gable, P.A.; Harmon-Jones, E.",2008,Psychological Science,Positive-high affect (dessert pictures) narrows attentional breadth compared to neutral affect (rock pictures) in the Navon letter task,"In the present replication study, we attempted to emulate as closely as possible the original settings of Experiment 2 by Gable and Harmon-Jones (2008)",clear," [ling26: extra entry, not in the external record] [ling26: no entry matched this anchor]"
,10.1016/j.jesp.2015.09.003,10.1016--j.jesp.2015.09.003,,,yes,,inconclusive,conceptual,,Approach-motivated positive affect reduces breadth of attention,"Gable, P.A.; Harmon-Jones, E.",2008,Psychological Science,"Positive-high affect narrows attentional breadth compared to neutral affect in the Navon letter task, tested with German-rated stimuli and including a positive-low affect condition","In the present replication study, we attempted to emulate as closely as possible the original settings of Experiment 2 by Gable and Harmon-Jones (2008)",clear,"The conceptual replication successfully replicated the positive-high vs. neutral narrowing effect but failed to find a significant positive-high vs. positive-low difference, yielding mixed signals within one experiment. [ling26: extra entry, not in the external record] [ling26: no entry matched this anchor]"
,10.1016/j.jesp.2015.09.003,10.1016--j.jesp.2015.09.003,,,yes,,success,direct,,Approach-motivated positive affect reduces breadth of attention,"Gable, P.A.; Harmon-Jones, E.",2008,Psychological Science,"Positive-high affect (appetitive dessert pictures) narrows the breadth of attention compared to neutral affect (rock pictures), as measured by slower response times to global targets in a Navon letter task (replicating Experiment 2 of the original)","In the present replication study, we attempted to emulate as closely as possible the original settings of Experiment 2 by Gable and Harmon-Jones (2008), and, whenever possible, use the original materials obtained from the authors.",clear," [ling26: extra entry, not in the external record]"
,10.1016/j.jesp.2015.09.003,10.1016--j.jesp.2015.09.003,,,yes,,inconclusive,conceptual,,Approach-motivated positive affect reduces breadth of attention,"Gable, P.A.; Harmon-Jones, E.",2008,Psychological Science,"Positive-high affect narrows the breadth of attention compared to neutral affect and positive-low affect, as measured by response times to global and local targets in a Navon letter task, using German-rated stimuli from Blechert et al. (2014)","In the present replication study, we attempted to emulate as closely as possible the original settings of Experiment 2 by Gable and Harmon-Jones (2008), and, whenever possible, use the original materials obtained from the authors.",clear,"The conceptual replication found a significant narrowing effect for positive-high vs. neutral (p = .010) but no significant effect for positive-high vs. positive-low (p = .152), yielding mixed results within one experiment. [ling26: extra entry, not in the external record]"
10.1007--s10648-015-9332-4#1,10.1007/s10648-015-9332-4,10.1007--s10648-015-9332-4,,,yes,,,,,,,,,,,, [ling26: no entry matched this anchor] [ling26: no entry matched this anchor]
10.3758--s13421-017-0708-1#1,10.3758/s13421-017-0708-1,10.3758--s13421-017-0708-1,,,yes,,,,,,,,,,,, [ling26: no entry matched this anchor] [ling26: no entry matched this anchor]
,10.3758/s13421-017-0708-1,10.3758--s13421-017-0708-1,,,yes,,success,conceptual,https://doi.org/10.1016/j.cognition.2006.02.009,Representing object colour in language comprehension,"Connell, L",2007,Cognition,"Sentence-picture verification task testing whether a color match advantage exists during language comprehension, where participants are faster and more accurate when the pictured object's color matches the color implied by the sentence",The first experiment was conducted as a conceptual replication of Connell's (2007) and Zwaan and Pecher's (2012) experiments on color,clear,"Experiment 1 is explicitly called a conceptual replication; stimuli were fundamentally changed (full-color photographs, carefully chosen items) compared to the original line-drawing paradigm. [ling26: extra entry, not in the external record] [ling26: no entry matched this anchor]"
,10.3758/s13421-017-0708-1,10.3758--s13421-017-0708-1,,,yes,,failure,close extension,https://doi.org/10.1016/j.cognition.2006.02.009,Representing object colour in language comprehension,"Connell, L",2007,Cognition,Sentence-picture verification task testing whether a color match advantage persists when picture saturation is reduced to the lowest level at which the hue can still be recognized,The first experiment was conducted as a conceptual replication of Connell's (2007) and Zwaan and Pecher's (2012) experiments on color,clear,"Experiment 2a used the same paradigm as Experiment 1 but with reduced saturation; no significant match advantage was found in accuracy (p = .331) or RTs (p = .801). [ling26: extra entry, not in the external record] [ling26: no entry matched this anchor]"
,10.3758/s13421-017-0708-1,10.3758--s13421-017-0708-1,,,yes,,failure,close extension,https://doi.org/10.1016/j.cognition.2006.02.009,Representing object colour in language comprehension,"Connell, L",2007,Cognition,"Sentence-picture verification task testing whether a color match advantage persists when picture saturation is reduced, conducted in a lab setting with low-saturation stimuli",The first experiment was conducted as a conceptual replication of Connell's (2007) and Zwaan and Pecher's (2012) experiments on color,clear,"Experiment 2b is a lab-based replication of Experiment 2a's procedure; no significant match advantage in accuracy (p = .534) or RTs (p = .080); authors state neither experiment found conclusive evidence for a match effect. [ling26: extra entry, not in the external record] [ling26: no entry matched this anchor]"
,10.3758/s13421-017-0708-1,10.3758--s13421-017-0708-1,,,yes,,failure,close extension,https://doi.org/10.1016/j.cognition.2006.02.009,Representing object colour in language comprehension,"Connell, L",2007,Cognition,Sentence-picture verification task testing whether a color match advantage exists when pictures are shown completely in grayscale,The first experiment was conducted as a conceptual replication of Connell's (2007) and Zwaan and Pecher's (2012) experiments on color,clear,"Experiment 3 used grayscale versions of the same pictures; no significant match advantage in accuracy (p = .06) or RTs (p = .834); authors explicitly state no significant match advantage is present. [ling26: extra entry, not in the external record] [ling26: no entry matched this anchor]"
,10.3758/s13421-017-0708-1,10.3758--s13421-017-0708-1,,,yes,,failure,conceptual,https://doi.org/10.1016/j.cognition.2006.02.009,Representing object colour in language comprehension,"Connell, L",2007,Cognition,Sentence-picture verification task produces a mismatch advantage for color (faster responses when the picture color mismatches the implied color in the sentence),"The first experiment was conducted as a conceptual replication of Connell's (2007) and Zwaan and Pecher's (2012) experiments on color, to resolve which of the contradicting findings has more empirical support.",ambiguous,"The replication found a match advantage (opposite direction from Connell's mismatch advantage), but the authors do not explicitly call this a reversal of Connell (2007); they frame it as supporting Zwaan & Pecher (2012) instead. [ling26: extra entry, not in the external record]"
,10.3758/s13421-017-0708-1,10.3758--s13421-017-0708-1,,,yes,,success,conceptual,https://doi.org/10.1371/journal.pone.0051382,Revisiting mental simulation in language comprehension: Six replication attempts,"Zwaan, R; Pecher, D",2012,PLoS ONE,Sentence-picture verification task produces a match advantage for color (faster responses when the picture color matches the implied color in the sentence),"The first experiment was conducted as a conceptual replication of Connell's (2007) and Zwaan and Pecher's (2012) experiments on color, to resolve which of the contradicting findings has more empirical support.",clear,"The paper explicitly states 'These findings support the results of Zwaan and Pecher (2012)' and found a significant match advantage (p = .003, d = 0.26). [ling26: extra entry, not in the external record]"
,10.3758/s13421-017-0708-1,10.3758--s13421-017-0708-1,,,yes,,failure,close extension,https://doi.org/10.1371/journal.pone.0051382,Revisiting mental simulation in language comprehension: Six replication attempts,"Zwaan, R; Pecher, D",2012,PLoS ONE,Sentence-picture verification task produces a match advantage for color,"Our current study explored how much sensory information is included in mental simulations by conducting four experiments, using the same experimental paradigm as Connell (2007) and Zwaan and Pecher (2012) where sentences are used to imply a certain color, followed by an object-verification task.",clear,"Experiment 2a found no significant match advantage for accuracy (p = .331) or RTs (p = .801) when saturation was reduced to the lowest level at which hue was still recognizable. [ling26: extra entry, not in the external record]"
,10.3758/s13421-017-0708-1,10.3758--s13421-017-0708-1,,,yes,,failure,close extension,https://doi.org/10.1371/journal.pone.0051382,Revisiting mental simulation in language comprehension: Six replication attempts,"Zwaan, R; Pecher, D",2012,PLoS ONE,Sentence-picture verification task produces a match advantage for color,"Our current study explored how much sensory information is included in mental simulations by conducting four experiments, using the same experimental paradigm as Connell (2007) and Zwaan and Pecher (2012) where sentences are used to imply a certain color, followed by an object-verification task.",clear,"Experiment 3 found no significant match advantage when pictures were shown in grayscale (accuracy p = .06, RT p = .834). [ling26: extra entry, not in the external record]"
10.1371--journal.pone.0108269#1,10.1371/journal.pone.0108269,10.1371--journal.pone.0108269,,,yes,,,,,,,,,,,, [ling26: no entry matched this anchor] [ling26: no entry matched this anchor]
10.3758--s13423-020-01834-4#1,10.3758/s13423-020-01834-4,10.3758--s13423-020-01834-4,,,yes,,,,,,,,,,,, [ling26: no entry matched this anchor] [ling26: no entry matched this anchor]
,10.3758/s13423-020-01834-4,10.3758--s13423-020-01834-4,,,yes,,success,direct,,Default neglect in attempts at social influence,"Zlatev, J; Daniels, D; Kim, H; Neale, M",2017,Proceedings of the National Academy of Sciences,Participants selected the optimal default at below-chance levels using the complex advice-giving paradigm with default-framing confound from Zlatev et al. (2017) Study 1h,"In Experiment 2, we conducted a direct and conceptual replication of one of Zlatev et al.'s original studies, which found that participants selected the optimal default significantly less than chance.",clear,"Direct replication used original materials from Study 1h of Zlatev et al. (2017); found 38.6% optimal default selection, significantly below chance, replicating the original finding. [ling26: extra entry, not in the external record] [ling26: no entry matched this anchor]"
,10.3758/s13423-020-01834-4,10.3758--s13423-020-01834-4,,,yes,,reversal,conceptual,,Default neglect in attempts at social influence,"Zlatev, J; Daniels, D; Kim, H; Neale, M",2017,Proceedings of the National Academy of Sciences,"Participants selected the optimal default at above-chance levels using a simplified paradigm free of the default-framing confound, testing the same original effect from Zlatev et al. (2017) Study 1h","In Experiment 2, we conducted a direct and conceptual replication of one of Zlatev et al.'s original studies, which found that participants selected the optimal default significantly less than chance.",clear,"Conceptual replication simplified the task by removing advice-giving and default-framing confound; found 61.5% optimal default selection, significantly above chance, opposite direction from original. [ling26: extra entry, not in the external record] [ling26: no entry matched this anchor]"
,10.3758/s13423-020-01834-4,10.3758--s13423-020-01834-4,,,yes,,success,direct,,Default neglect in attempts at social influence,"Zlatev, J; Daniels, D; Kim, H; Neale, M",2017,Proceedings of the National Academy of Sciences,Participants selected the optimal default significantly less than chance when using a complex advice-giving paradigm with default-framing confound,"First, we were able to replicate Zlatev et al.'s (2017) original results.",clear," [ling26: extra entry, not in the external record]"
,10.3758/s13423-020-01834-4,10.3758--s13423-020-01834-4,,,yes,,reversal,conceptual,,Default neglect in attempts at social influence,"Zlatev, J; Daniels, D; Kim, H; Neale, M",2017,Proceedings of the National Academy of Sciences,Participants selected the optimal default significantly less than chance when using a complex advice-giving paradigm with default-framing confound,"In Experiment 2, we conducted a direct and conceptual replication of one of Zlatev et al.'s original studies, which found that participants selected the optimal default significantly less than chance.",clear," [ling26: extra entry, not in the external record]"
10.1098--rsos.181868#1,10.1098/rsos.181868,10.1098--rsos.181868,,,yes,,failure,close experiment,https://doi.org/10.1038/srep30423,Skilled musicians are not subject to the McGurk effect,"Proverbio, A; Massetti, G; Rizzi, E; Zani, A",2016,Scientific Reports,Skilled musicians are not subject to the McGurk effect,Proverbio and colleagues [2] argue that the McGurk effect is absent in highly trained musicians.,clear,"The paper reports two analyses (replication and targeted) but these are two analyses of the same experiment, not separate entries. The replication found that musicians are subject to the McGurk effect, contradicting the original claim."
10.1016--j.strueco.2018.01.002#1,10.1016/j.strueco.2018.01.002,10.1016--j.strueco.2018.01.002,,,yes,,,,,,,,,,,, [ling26: no entry matched this anchor] [ling26: no entry matched this anchor]
10.3758--s13421-023-01471-x#1,10.3758/s13421-023-01471-x,10.3758--s13421-023-01471-x,,,yes,,,,,,,,,,,, [ling26: no entry matched this anchor] [ling26: no entry matched this anchor]
,10.3758/s13421-023-01471-x,10.3758--s13421-023-01471-x,,,yes,,failure,close experiment,https://doi.org/10.1093/cercor/bhu307,Expectations of task demands dissociate working memory and long-term memory systems,"Zanto, T; Clapp, W; Rubens, M; Karlsson, J; Gazzaley, A",2016,Cerebral Cortex,The McCabe effect — benefit of distraction during encoding on delayed memory for complex visual stimuli (faces and doors),In the present study we aimed (1) to replicate the findings of Zanto et al. (2016) to test the pattern's robustness and (2) to investigate five potential boundary conditions which could have caused diverging findings in the literature.,clear," [ling26: extra entry, not in the external record] [ling26: no entry matched this anchor]"
,10.3758/s13421-023-01471-x,10.3758--s13421-023-01471-x,,,yes,,failure,close experiment,https://doi.org/10.1093/cercor/bhu307,Expectations of task demands dissociate working memory and long-term memory systems,"Zanto, T; Clapp, W; Rubens, M; Karlsson, J; Gazzaley, A",2016,Cerebral Cortex,The McCabe effect with pure vs. mixed task blocks for faces with picture distraction,In the present study we aimed (1) to replicate the findings of Zanto et al. (2016) to test the pattern's robustness and (2) to investigate five potential boundary conditions which could have caused diverging findings in the literature.,clear," [ling26: extra entry, not in the external record] [ling26: no entry matched this anchor]"
,10.3758/s13421-023-01471-x,10.3758--s13421-023-01471-x,,,yes,,failure,close extension,https://doi.org/10.1093/cercor/bhu307,Expectations of task demands dissociate working memory and long-term memory systems,"Zanto, T; Clapp, W; Rubens, M; Karlsson, J; Gazzaley, A",2016,Cerebral Cortex,The McCabe effect with set size 1 vs. 3 for faces with picture distraction,In the present study we aimed (1) to replicate the findings of Zanto et al. (2016) to test the pattern's robustness and (2) to investigate five potential boundary conditions which could have caused diverging findings in the literature.,clear," [ling26: extra entry, not in the external record] [ling26: no entry matched this anchor]"
,10.3758/s13421-023-01471-x,10.3758--s13421-023-01471-x,,,yes,,inconclusive,close extension,https://doi.org/10.1093/cercor/bhu307,Expectations of task demands dissociate working memory and long-term memory systems,"Zanto, T; Clapp, W; Rubens, M; Karlsson, J; Gazzaley, A",2016,Cerebral Cortex,The McCabe effect with intentional vs. incidental encoding for faces with math distraction,In the present study we aimed (1) to replicate the findings of Zanto et al. (2016) to test the pattern's robustness and (2) to investigate five potential boundary conditions which could have caused diverging findings in the literature.,clear," [ling26: extra entry, not in the external record] [ling26: no entry matched this anchor]"
,10.3758/s13421-023-01471-x,10.3758--s13421-023-01471-x,,,yes,,failure,close experiment,https://doi.org/10.1093/cercor/bhu307,Expectations of task demands dissociate working memory and long-term memory systems,"Zanto, T; Clapp, W; Rubens, M; Karlsson, J; Gazzaley, A",2016,Cerebral Cortex,Distraction during encoding improves delayed memory performance for complex visual stimuli such as faces,The goal of the present study was to replicate a previous study by Zanto et al. (2016) showing a beneficial effect of distraction on delayed memory for complex visual stimuli and to investigate the potential boundary conditions of the benefit – also known as the McCabe effect.,clear,"Experiment 1 tested faces and doors with both picture and math distractors. No McCabe effect found for faces; the door finding was fully explained by extended maintenance duration, not distraction. [ling26: extra entry, not in the external record]"
,10.3758/s13421-023-01471-x,10.3758--s13421-023-01471-x,,,yes,,failure,close experiment,https://doi.org/10.1093/cercor/bhu307,Expectations of task demands dissociate working memory and long-term memory systems,"Zanto, T; Clapp, W; Rubens, M; Karlsson, J; Gazzaley, A",2016,Cerebral Cortex,Distraction during encoding improves delayed memory performance for complex visual stimuli such as faces,The goal of the present study was to replicate a previous study by Zanto et al. (2016) showing a beneficial effect of distraction on delayed memory for complex visual stimuli and to investigate the potential boundary conditions of the benefit – also known as the McCabe effect.,clear,"Experiment 2 tested the effect with pure vs mixed blocks. Clear evidence against a McCabe effect in both blocking types. [ling26: extra entry, not in the external record]"
,10.3758/s13421-023-01471-x,10.3758--s13421-023-01471-x,,,yes,,failure,close experiment,https://doi.org/10.1093/cercor/bhu307,Expectations of task demands dissociate working memory and long-term memory systems,"Zanto, T; Clapp, W; Rubens, M; Karlsson, J; Gazzaley, A",2016,Cerebral Cortex,Distraction during encoding improves delayed memory performance for complex visual stimuli such as faces,The goal of the present study was to replicate a previous study by Zanto et al. (2016) showing a beneficial effect of distraction on delayed memory for complex visual stimuli and to investigate the potential boundary conditions of the benefit – also known as the McCabe effect.,clear,"Experiment 3 tested set size 1 vs 3. Clear evidence against a McCabe effect for both set sizes. [ling26: extra entry, not in the external record]"
,10.3758/s13421-023-01471-x,10.3758--s13421-023-01471-x,,,yes,,reversal,close experiment,https://doi.org/10.1093/cercor/bhu307,Expectations of task demands dissociate working memory and long-term memory systems,"Zanto, T; Clapp, W; Rubens, M; Karlsson, J; Gazzaley, A",2016,Cerebral Cortex,Distraction during encoding improves delayed memory performance for complex visual stimuli such as faces,The goal of the present study was to replicate a previous study by Zanto et al. (2016) showing a beneficial effect of distraction on delayed memory for complex visual stimuli and to investigate the potential boundary conditions of the benefit – also known as the McCabe effect.,ambiguous,"Experiment 4 found a statistically significant effect in the opposite direction (simple span > distraction for delayed memory), described by authors as 'opposite to the predictions of the McCabe effect.' However, authors also frame it as a failure to replicate, creating ambiguity between reversal and failure. [ling26: extra entry, not in the external record]"
10.1007--s11205-005-5074-x#1,10.1007/s11205-005-5074-x,10.1007--s11205-005-5074-x,,,yes,,,,,,,,,,,, [ling26: no entry matched this anchor] [ling26: no entry matched this anchor]
10.1016--j.neuroimage.2008.04.023#1,10.1016/j.neuroimage.2008.04.023,10.1016--j.neuroimage.2008.04.023,,,yes,,success,close experiment,,Cortical and subcortical contributions to Stop signal response inhibition: role of the subthalamic nucleus,"Aron, A.; Poldrack, R.",2006,Journal of Neuroscience,Greater subthalamic nucleus (STN) activity during stop trials compared to go trials during a stop signal task,"We sought to replicate the finding of greater subthalamic activity during stop compared to go trials, as reported in Aron and Poldrack, 2006.",clear,
10.1001--archneurol.2011.155#1,10.1001/archneurol.2011.155,10.1001--archneurol.2011.155,,,yes,,,,,,,,,,,, [ling26: no entry matched this anchor] [ling26: no entry matched this anchor]
,10.1001/archneurol.2011.155,10.1001--archneurol.2011.155,,,yes,,failure,close experiment,,A TOMM40 variable-length polymorphism predicts the age of late-onset Alzheimer's disease,"Roses, A; Lutz, M; Amrine-Madsen, H",2010,Pharmacogenomics J,The original claim that APOE 3-TOMM40 polyT repeat (rs10524523) haplotypes are associated with age at onset in APOE 33 and 34 individuals,In this study we attempted to replicate the recent report by Roses et al.12 that reported an association of APOE 3-TOMM40 polyT polymorphism (rs10524523) haplotypes are associated with age at onset and risk of AD.,clear," [ling26: extra entry, not in the external record] [ling26: no entry matched this anchor]"
,10.1001/archneurol.2011.155,10.1001--archneurol.2011.155,,,yes,,reversal,close experiment,,A TOMM40 variable-length polymorphism predicts the age of late-onset Alzheimer's disease,"Roses, A; Lutz, M; Amrine-Madsen, H",2010,Pharmacogenomics J,The original claim that APOE 3-TOMM40 polyT repeat (rs10524523) haplotypes are associated with risk for late-onset Alzheimer's disease,In this study we attempted to replicate the recent report by Roses et al.12 that reported an association of APOE 3-TOMM40 polyT polymorphism (rs10524523) haplotypes are associated with age at onset and risk of AD.,clear," [ling26: extra entry, not in the external record] [ling26: no entry matched this anchor]"
,10.1001/archneurol.2011.155,10.1001--archneurol.2011.155,,,yes,,failure,direct,,A TOMM40 variable-length polymorphism predicts the age of late-onset Alzheimer's disease,"Roses, A; Lutz, M; Amrine-Madsen, H",2010,Pharmacogenomics J,The polyT repeat (rs10524523) in TOMM40 is associated with age at onset of late-onset Alzheimer's disease,Roses et al. used DNA sequencing and an evolutionary network approach to demonstrate that a polyT polymorphism in intron 6 of TOMM40 (rs10524523) is associated with age at onset (AAO) in APOE 33 and 34 individuals.,clear," [ling26: extra entry, not in the external record]"
,10.1001/archneurol.2011.155,10.1001--archneurol.2011.155,,,yes,,reversal,direct,,A TOMM40 variable-length polymorphism predicts the age of late-onset Alzheimer's disease,"Roses, A; Lutz, M; Amrine-Madsen, H",2010,Pharmacogenomics J,The polyT repeat (rs10524523) in TOMM40 is associated with risk for late-onset Alzheimer's disease,Roses et al. found that the very-long allele of rs10524523 is associated with increased risk and lower AAO for LOAD.,clear," [ling26: extra entry, not in the external record]"
10.1016--j.psyneuen.2016.08.017#1,10.1016/j.psyneuen.2016.08.017,10.1016--j.psyneuen.2016.08.017,,,yes,,success,direct,,Effects of 5-hydroxytryptamine 2C receptor agonist MK212 and 2A receptor antagonist MDL100907 on maternal behavior in postpartum female rats,"Chen, W; Zhang, Q; Su, W; Zhang, H; Yang, Y; Qiao, J; Sui, N; Li, M",2014,"Pharmacology, Biochemistry, and Behavior",Acute MK212 administration disrupts pup retrieval in postpartum female rats,"Chen et al. (2014) first reported that acute MK212 administration disrupts maternal responses in rats, especially for pup retrieval.",clear,"Self-replication of Chen et al. (2014); authors explicitly state 'we replicated the acute disruptive effect of MK212 on pup retrieval' in Experiment 4 Results. Authors explicitly state 'we replicated the acute disruptive effect of MK212 on pup retrieval' in Experiment 4; this is a self-replication of their own prior work (Chen et al., 2014). The same acute MK212 disruption of pup retrieval is also confirmed in Experiment 1 results."
10.3758--s13421-024-01583-y#1,10.3758/s13421-024-01583-y,10.3758--s13421-024-01583-y,,,yes,,,,,,,,,,,, [ling26: no entry matched this anchor] [ling26: no entry matched this anchor]
,10.3758/s13421-024-01583-y,10.3758--s13421-024-01583-y,,,yes,,reversal,close experiment,,"Channel-capacity, intelligibility and immediate memory","Rabbitt, P",1968,The Quarterly Journal of Experimental Psychology,noise in the second half of a spoken passage impairs retention of information presented in the first half of the passage,"Thus, in the current investigation, we attempt to replicate the finding that noise in the second half of a passage can impair retention of material presented in the first half of the passage (Rabbitt, 1968).",ambiguous,"Experiment 1a found a statistically significant effect in the opposite direction (p = 0.04, noise improved recall), and authors describe it as evidence for 'the opposite claim.' However, authors also frame all three experiments collectively as failures to replicate, which may lead a second coder to code this as failure or inconclusive rather than reversal. [ling26: extra entry, not in the external record] [ling26: no entry matched this anchor]"
,10.3758/s13421-024-01583-y,10.3758--s13421-024-01583-y,,,yes,,failure,close experiment,,"Channel-capacity, intelligibility and immediate memory","Rabbitt, P",1968,The Quarterly Journal of Experimental Psychology,noise in the second half of a spoken passage impairs retention of information presented in the first half of the passage,"Thus, in the current investigation, we attempt to replicate the finding that noise in the second half of a passage can impair retention of material presented in the first half of the passage (Rabbitt, 1968).",clear,"Experiment 1b: effect of second-half noise on first-half recall was not significant (p = 0.58). Authors explicitly state they did not replicate Rabbitt's finding. [ling26: extra entry, not in the external record] [ling26: no entry matched this anchor]"
,10.3758/s13421-024-01583-y,10.3758--s13421-024-01583-y,,,yes,,failure,close experiment,,"Channel-capacity, intelligibility and immediate memory","Rabbitt, P",1968,The Quarterly Journal of Experimental Psychology,noise in the second half of a spoken passage impairs retention of information presented in the first half of the passage,"Thus, in the current investigation, we attempt to replicate the finding that noise in the second half of a passage can impair retention of material presented in the first half of the passage (Rabbitt, 1968).",clear,"Experiment 1c: effect of second-half noise on first-half recall was not significant (p = 0.30). Authors explicitly state they did not replicate Rabbitt's finding. [ling26: extra entry, not in the external record] [ling26: no entry matched this anchor]"
,10.3758/s13421-024-01583-y,10.3758--s13421-024-01583-y,,,yes,,inconclusive,close experiment,,"Channel-capacity, intelligibility and immediate memory","Rabbitt, P",1968,The Quarterly Journal of Experimental Psychology,Noise in the second half of a spoken passage impairs retention of information presented in the first half of the passage,"Thus, in the current investigation, we attempt to replicate the finding that noise in the second half of a passage can impair retention of material presented in the first half of the passage (Rabbitt, 1968).",clear,"Experiment 1a (SNR = -1) found a significant effect in the opposite direction (noise slightly improved first-half recall, B = 0.26, p = 0.04), but authors hedge with 'some evidence for the opposite claim'; coded inconclusive per codebook hedging criterion [ling26: extra entry, not in the external record]"
,10.3758/s13421-024-01583-y,10.3758--s13421-024-01583-y,,,yes,,failure,close experiment,,"Channel-capacity, intelligibility and immediate memory","Rabbitt, P",1968,The Quarterly Journal of Experimental Psychology,Noise in the second half of a spoken passage impairs retention of information presented in the first half of the passage,"Thus, in the current investigation, we attempt to replicate the finding that noise in the second half of a passage can impair retention of material presented in the first half of the passage (Rabbitt, 1968).",clear,"Experiment 1b (SNR = 5) found no significant effect of second-half noise on first-half recall (chi-sq(1) = 0.30, p = 0.58); authors frame as failure to replicate [ling26: extra entry, not in the external record]"
,10.3758/s13421-024-01583-y,10.3758--s13421-024-01583-y,,,yes,,failure,close experiment,,"Channel-capacity, intelligibility and immediate memory","Rabbitt, P",1968,The Quarterly Journal of Experimental Psychology,Noise in the second half of a spoken passage impairs retention of information presented in the first half of the passage,"Thus, in the current investigation, we attempt to replicate the finding that noise in the second half of a passage can impair retention of material presented in the first half of the passage (Rabbitt, 1968).",clear,"Experiment 1c (SNR = -4) found no significant effect of second-half noise on first-half recall (chi-sq(1) = 1.07, p = .30); authors frame as failure to replicate [ling26: extra entry, not in the external record]"
10.2466--pr0.2000.87.2.493#1,10.2466/pr0.2000.87.2.493,10.2466--pr0.2000.87.2.493,,,yes,,inconclusive,close extension,,Sex-role stereotypes and self-concepts in college students,"Rosenkrantz, P. S.; Vogel, S. R.; Bee, H.; Broverman, I. K.; Broverman, D. M.",1968,Journal of Consulting and Clinical Psychology,Male and female college students agree about gender-typical traits and attribute more socially desirable traits to men than to women,"This study is a partial replication of the 1968 investigation by Rosenkrantz, Vogel, Bee, Broverman, and Broverman of gender stereotypes among college students.",clear,"The paper calls this a 'partial replication' and reports both similarities to and differences from the original (fewer stereotypes found, reversed social desirability pattern). The original study's DOI is not provided in the paper, so original_url is left blank. The replication finds that gender stereotypes still exist (high agreement between men and women) but with fewer stereotypic items, and the social desirability finding is reversed (women's traits rated as more socially desirable, opposite of the original). The authors frame this as a partial replication with changes, making the overall result inconclusive rather than a clean reversal."
10.1016--j.leaqua.2022.101633#1,10.1016/j.leaqua.2022.101633,10.1016--j.leaqua.2022.101633,,,yes,,,,,,,,,,,, [ling26: no entry matched this anchor]
,10.1016/j.leaqua.2022.101633,10.1016--j.leaqua.2022.101633,,,yes,,failure,close experiment,https://doi.org/10.1037/0021-9010.93.4.758,The white standard: Racial bias in leader categorization,"Rosette, A.; Leonardelli, G.; Phillips, K.",2008,Journal of Applied Psychology,Being White is a component of the business leader prototype; leaders are perceived as White more than non-leaders regardless of base rate information,This research is a pre-registered replication of [83] seminal work in leadership categorization theory.,clear,"Close replication of RLP1 (Study 1A). The key effect of interviewee role on perceived race was not significant in the primary analysis (p = 0.08) and only significant in one robustness test restricting to participants who passed manipulation checks. [ling26: extra entry, not in the external record]"
,10.1016/j.leaqua.2022.101633,10.1016--j.leaqua.2022.101633,,,yes,,failure,conceptual,https://doi.org/10.1037/0021-9010.93.4.758,The white standard: Racial bias in leader categorization,"Rosette, A.; Leonardelli, G.; Phillips, K.",2008,Journal of Applied Psychology,Being White is a component of the business leader prototype; leaders are perceived as White more than non-leaders regardless of base rate information,This research is a pre-registered replication of [83] seminal work in leadership categorization theory.,clear,"Conceptual replication of RLP1 using mTurk sample (Study 1B). The effect of interviewee role was not significant (p = 0.15). No indication of a business leader prototype. [ling26: extra entry, not in the external record]"
,10.1016/j.leaqua.2022.101633,10.1016--j.leaqua.2022.101633,,,yes,,failure,close experiment,https://doi.org/10.1037/0021-9010.93.4.758,The white standard: Racial bias in leader categorization,"Rosette, A.; Leonardelli, G.; Phillips, K.",2008,Journal of Applied Psychology,White leaders are evaluated more favorably than non-White leaders when credit for successful organizational performance is attributed to the leader,"The core contribution of this study was the finding that 'White leaders were evaluated more favorably than non-White leaders, but only when successful organizational performance was attributed to the leader' (Rosette et al., 2008, p. 769).",clear,"Close replication of RLP3 with student sample at a research university (Study 2A). The three-way interaction was not significant (p = 0.07). The key planned contrast for the LCT hypothesis (high-performance/leader attribution) was not significant (p = 0.95). The main effect of race was significant but in the opposite direction (non-White leader rated higher, p = 0.04). [ling26: extra entry, not in the external record]"
,10.1016/j.leaqua.2022.101633,10.1016--j.leaqua.2022.101633,,,yes,,failure,close experiment,https://doi.org/10.1037/0021-9010.93.4.758,The white standard: Racial bias in leader categorization,"Rosette, A.; Leonardelli, G.; Phillips, K.",2008,Journal of Applied Psychology,White leaders are evaluated more favorably than non-White leaders when credit for successful organizational performance is attributed to the leader,"The core contribution of this study was the finding that 'White leaders were evaluated more favorably than non-White leaders, but only when successful organizational performance was attributed to the leader' (Rosette et al., 2008, p. 769).",clear,"Close replication of RLP3 at a second institution (Study 2B). The three-way interaction was not significant (p = 0.70). The leader race × performance attribution interaction was significant (p = 0.04) but in the opposite direction: non-White leader rated more favorably than White leader when performance was attributed to the leader (p = 0.003). [ling26: extra entry, not in the external record]"
,10.1016/j.leaqua.2022.101633,10.1016--j.leaqua.2022.101633,,,yes,,failure,conceptual,https://doi.org/10.1037/0021-9010.93.4.758,The white standard: Racial bias in leader categorization,"Rosette, A.; Leonardelli, G.; Phillips, K.",2008,Journal of Applied Psychology,White leaders are evaluated more favorably than non-White leaders when credit for successful organizational performance is attributed to the leader,"The core contribution of this study was the finding that 'White leaders were evaluated more favorably than non-White leaders, but only when successful organizational performance was attributed to the leader' (Rosette et al., 2008, p. 769).",clear,"Conceptual replication of RLP3 using a professional sample recruited via email (Study 2C). The three-way interaction was not significant (p = 0.76). The main effect of leader race was significant in the opposite direction (p = 0.004, non-White leader rated higher). [ling26: extra entry, not in the external record]"
,10.1016/j.leaqua.2022.101633,10.1016--j.leaqua.2022.101633,,,yes,,failure,conceptual,https://doi.org/10.1037/0021-9010.93.4.758,The white standard: Racial bias in leader categorization,"Rosette, A.; Leonardelli, G.; Phillips, K.",2008,Journal of Applied Psychology,White leaders are evaluated more favorably than non-White leaders when credit for successful organizational performance is attributed to the leader,"The core contribution of this study was the finding that 'White leaders were evaluated more favorably than non-White leaders, but only when successful organizational performance was attributed to the leader' (Rosette et al., 2008, p. 769).",clear,"Conceptual replication of RLP3 examining the effect of first-name presence in racial manipulation (Study 3A). Main effect of leader race significant in opposite direction (p < 0.0001, non-White leader rated higher). The research design manipulation (first name present vs. absent) was not significant and did not interact with leader race. [ling26: extra entry, not in the external record]"
,10.1016/j.leaqua.2022.101633,10.1016--j.leaqua.2022.101633,,,yes,,failure,conceptual,https://doi.org/10.1037/0021-9010.93.4.758,The white standard: Racial bias in leader categorization,"Rosette, A.; Leonardelli, G.; Phillips, K.",2008,Journal of Applied Psychology,White leaders are evaluated more favorably than non-White leaders when credit for successful organizational performance is attributed to the leader,"The core contribution of this study was the finding that 'White leaders were evaluated more favorably than non-White leaders, but only when successful organizational performance was attributed to the leader' (Rosette et al., 2008, p. 769).",clear,"Conceptual replication of RLP3 examining the effect of photograph type (pre-tested vs. FaceGen morphed) on racial manipulation (Study 3B). Main effect of leader race was not significant (p = 0.25). No meaningful difference between pre-tested and FaceGen photo conditions. [ling26: extra entry, not in the external record]"
,10.1016/j.leaqua.2022.101633,10.1016--j.leaqua.2022.101633,,,yes,,failure,conceptual,https://doi.org/10.1037/0021-9010.93.4.758,The white standard: Racial bias in leader categorization,"Rosette, A.; Leonardelli, G.; Phillips, K.",2008,Journal of Applied Psychology,White leaders are evaluated more favorably than non-White leaders when credit for successful organizational performance is attributed to the leader,"The core contribution of this study was the finding that 'White leaders were evaluated more favorably than non-White leaders, but only when successful organizational performance was attributed to the leader' (Rosette et al., 2008, p. 769).",clear,"Conceptual replication of RLP3 examining the effect of manipulation check location (present at end vs. absent) (Study 3C). Main effect of leader race was not significant (p = 0.14). The presence of a manipulation check did not influence findings related to leader race and evaluations. [ling26: extra entry, not in the external record]"
,10.1016/j.leaqua.2022.101633,10.1016--j.leaqua.2022.101633,,,yes,,failure,conceptual,https://doi.org/10.1037/0021-9010.93.4.758,The white standard: Racial bias in leader categorization,"Rosette, A.; Leonardelli, G.; Phillips, K.",2008,Journal of Applied Psychology,White leaders are evaluated more favorably than non-White leaders when credit for successful organizational performance is attributed to the leader,"The core contribution of this study was the finding that 'White leaders were evaluated more favorably than non-White leaders, but only when successful organizational performance was attributed to the leader' (Rosette et al., 2008, p. 769).",clear,"Conceptual replication of RLP3 examining sample type effects by integrating data from Studies 2A, 2C, and 3A (Study 3D). Main effect of leader race was significant (p < 0.0001) but in the opposite direction (non-White leader rated higher). No significant interaction between leader race and research design (sample type). [ling26: extra entry, not in the external record]"
10.1007--s12662-024-00979-x#1,10.1007/s12662-024-00979-x,10.1007--s12662-024-00979-x,,,yes,,success,direct,https://doi.org/10.3390/s21082672,"Comparison of self-reported and device-based measured physical activity using measures of stability, reliability, and validity in adults and children","Fiedler, J; Eckert, T; Burchartz, A; Woll, A; Wunsch, K",2021,Sensors,"Investigating the stability of pairwise differences between accelerometry, diary, and questionnaire for measuring physical activity, and assessing reliability and validity of these tools in adults and children.",the current study aimed to replicate the results of our previous study using data from the first SMARTFAMILY trial [8] with data from the SMARTFAMILY2.0 trial.,clear,Self-replication with mixed results: accelerometry findings largely replicated but diary/questionnaire findings partially reversed; authors state results 'reinforce' previous findings but note important differences and reversed roles of diary vs questionnaire.
10.1037--0096-3445.123.2.161#neg,10.1037/0096-3445.123.2.161,10.1037--0096-3445.123.2.161,,,no,This paper presents original empirical experiments (a modified spatial precuing paradigm in normal subjects and parietal-lesion patients) and does not replicate any prior published study.,,,,,,,,,,, [coded by ling26] [coded by ling26]
10.1037--a0020413#neg,10.1037/a0020413,10.1037--a0020413,,,no,This paper reports original experiments (five studies on canonical visual size) and does not replicate any previously published study.,,,,,,,,,,, [coded by ling26] [coded by ling26]
10.1073--pnas.1616921114#neg,10.1073/pnas.1616921114,10.1073--pnas.1616921114,,,no,The paper reports original field and online experiments rather than replicating a prior published study; the within-paper replication of the field experiment by the online experiment is excluded per coding rules.,,,,,,,,,,, [coded by ling26] [coded by ling26]
10.1016--j.chb.2012.07.031#neg,10.1016/j.chb.2012.07.031,10.1016--j.chb.2012.07.031,,,no,This is a methodological validation paper evaluating GraphClick's reliability and validity; it does not replicate any prior study's experiment or effect.,,,,,,,,,,, [coded by ling26] [coded by ling26]
10.1037--0022-3514.75.6.1411#neg,10.1037/0022-3514.75.6.1411,10.1037--0022-3514.75.6.1411,,,no,This is an original empirical paper introducing the alternative-outcomes effect; it does not replicate any prior published study.,,,,,,,,,,, [coded by ling26] [coded by ling26]
10.1037--0021-9010.63.2.228#neg,10.1037/0021-9010.63.2.228,10.1037--0021-9010.63.2.228,,,no,This is an original empirical study collecting new data on faculty attitudes toward collective bargaining; it references prior work but does not replicate any previously published study.,,,,,,,,,,, [coded by ling26] [coded by ling26]
10.1177--0956797611419168#neg,10.1177/0956797611419168,10.1177--0956797611419168,,,yes,,,,,,,,,,,, [coded by ling26]
10.1177--0956797614554955#neg,10.1177/0956797614554955,10.1177--0956797614554955,,,no,The paper presents three original experiments testing face typicality and trustworthiness rather than replicating a specific prior published study; it cites related prior work but does not frame any experiment as a replication.,,,,,,,,,,, [coded by ling26] [coded by ling26]
10.1192--bjp.138.4.321#neg,10.1192/bjp.138.4.321,10.1192--bjp.138.4.321,,,no,The paper is an original empirical study analyzing British suicide data for seasonal patterns and sex differences; it does not replicate any specific prior study.,,,,,,,,,,, [coded by ling26] [coded by ling26]
10.1177--0956797618788882#neg,10.1177/0956797618788882,10.1177--0956797618788882,,,no,The paper reports four original preregistered studies that extend prior work on face-based trait judgments to corruption records; it does not replicate any specific separately published study.,,,,,,,,,,, [coded by ling26] [coded by ling26]
10.1080--13523260.2020.1868836#neg,10.1080/13523260.2020.1868836,10.1080--13523260.2020.1868836,,,no,The paper presents two original survey experiments measuring public support for cyber vs. conventional military strikes; it does not explicitly replicate any specific separately published prior study.,,,,,,,,,,, [coded by ling26] [coded by ling26]
10.1037--pspa0000032#neg,10.1037/pspa0000032,10.1037--pspa0000032,,,no,The paper presents original studies testing a new more-less asymmetry phenomenon; it does not replicate any previously published study.,,,,,,,,,,, [coded by ling26] [coded by ling26]
10.1016--j.cognition.2019.104157#neg,10.1016/j.cognition.2019.104157,10.1016--j.cognition.2019.104157,,,no,The paper presents original experiments (Experiments 1-4) testing a novel theoretical account of teleological generics; it does not replicate any previously published study.,,,,,,,,,,, [coded by ling26] [coded by ling26]
10.1111--j.1467-9280.2008.02076.x#neg,10.1111/j.1467-9280.2008.02076.x,10.1111--j.1467-9280.2008.02076.x,,,no,The paper presents original experimental research on implicit and explicit attitude generalization rather than replicating prior studies; its experiments are novel contributions using new paradigms and measures.,,,,,,,,,,, [coded by ling26] [coded by ling26]
10.1080--13803390701550110#neg,10.1080/13803390701550110,10.1080--13803390701550110,,,no,This paper presents original empirical data testing the valence hypothesis using attachment words; it does not replicate any prior study.,,,,,,,,,,, [coded by ling26] [coded by ling26]
10.1016--0010-0277(83)90004-5#neg,10.1016/0010-0277(83)90004-5,10.1016--0010-0277(83)90004-5,,,no,This paper reports original experimental studies on children's theory of mind and does not replicate any prior published work.,,,,,,,,,,, [coded by ling26] [coded by ling26]
10.1037--h0091247#neg,10.1037/h0091247,10.1037--h0091247,,,no,The paper is a theoretical reply containing an original mini-study; it does not replicate any prior published study.,,,,,,,,,,, [coded by ling26] [coded by ling26]
10.1038--s41598-018-24735-y#neg,10.1038/s41598-018-24735-y,10.1038--s41598-018-24735-y,,,no,This is a GWAS discovery paper with internal split-sample validation; it does not replicate a separately published study.,,,,,,,,,,, [coded by ling26] [coded by ling26]
10.1038--mp.2011.142#neg,10.1038/mp.2011.142,10.1038--mp.2011.142,,,no,"The paper is an original GWAS discovery study that includes internal replication cohorts (EGCUT de novo and in silico) within the same publication; the original finding (ABCC9/sleep duration) and its replication are reported in one paper, so no qualifying replication entry exists per the within-pape",,,,,,,,,,, [coded by ling26] [coded by ling26]
10.1037--xge0000157#neg,10.1037/xge0000157,10.1037--xge0000157,,,no,This is a commentary paper that discusses replication and replicability in the money-priming literature without conducting its own replication experiment.,,,,,,,,,,, [coded by ling26] [coded by ling26]
10.1001--jamapsychiatry.2015.0554#neg,10.1001/jamapsychiatry.2015.0554,10.1001--jamapsychiatry.2015.0554,,,no,This is an original meta-analysis of genome-wide association studies for neuroticism and its association with MDD; it does not replicate any previously published experiment or finding.,,,,,,,,,,, [coded by ling26] [coded by ling26]
10.1038--ng.3434#neg,10.1038/ng.3434,10.1038--ng.3434,,,no,This is primarily a GWAS study with an embedded replication component; the replication study validates the paper's own meta-analysis findings rather than replicating a specific separately published original study in a standalone manner.,,,,,,,,,,, [coded by ling26] [coded by ling26]
10.1038--s41598-018-35209-6#neg,10.1038/s41598-018-35209-6,10.1038--s41598-018-35209-6,,,yes,,,,,,,,,,,, [coded by ling26] [coded by ling26]
