row_id,replication_doi,paper_folder,external_row_id,original_hint,is_replication_paper,why_negative,result,replication_type,original_url,original_title,original_authors,original_year,original_journal,description,citation_sentence,gt_ambiguity,notes
10.1037--edu0000095#flora_285,10.1037/edu0000095,10.1037--edu0000095,flora_285,A Cognitive Strategies Approach to Reading and Writing Instruction for English Language Learners in Secondary School (2007.0),yes,,success,close extension,https://doi.org/10.3102/0002831212439434,Enhancing the interpretive reading and analytical writing of mainstreamed English learners in secondary school: Results from a randomized field trial using a cognitive strategies approach,"Olson, C.; Kim, J.; Scarcella, R.; Kramer, J.; Pearson, M.; Van Dyk, D.; Land, R.",2012,American Educational Research Journal,A cognitive strategies approach to text-based analytical writing improves the academic writing performance of mainstreamed Latino English learners and other secondary students.,"Results from earlier studies (Kim et al., 2011;Olson et al., 2012;[36][38] suggest that integrating strategy instruction within a text-based approach to analytical writing can enhance Latinos' and ELs' writing ability.",clear,"The replication was conducted in a different urban, low-SES school district and included Years 1 and 2. The authors explicitly state that the study largely replicated the earlier randomized controlled trial; AWA effects were significant in both years, while CAHSEE effects were described as suggestive."
10.3390--su12083069#flora_99,10.3390/su12083069,10.3390--su12083069,flora_99,Household food waste dehydration technique as a pretreatment method for food waste minimisation (2016.0),yes,,success,direct,https://doi.org/10.1108/BFJ-04-2017-0255,Assessment of household food waste in Hungary,"Szabó-Bódi, Bernadett; Kasza, Gyula; Szakos, Dávid",2018,British Food Journal,The original study measured the quantity and composition of food waste generated by Hungarian households using the FUSIONS methodology over a one-week period.,"The actual study is a replication of the first Hungarian measurement-based research conducted in 2016 [24], which we regarded as a baseline for comparison.",ambiguous,"The paper explicitly identifies this as a replication using the same methodology and reports broadly similar results, but states that it was not organized or suitable as a validation of replicability. The paper cites the original numerically rather than naming the authors in the sentence identifying the replication."
10.1080--13561820.2016.1233096#flora_51,10.1080/13561820.2016.1233096,10.1080--13561820.2016.1233096,flora_51,Validation of the interprofessional collaborative competency attainment survey (ICCAS) (2014.0),yes,,success,close experiment,https://doi.org/10.3109/13561820.2014.917407,Validation of the interprofessional collaborative competency attainment survey (ICCAS),"Archibald, D.; Trumpower, D.; MacDonald, C. J.",2014,Journal of Interprofessional Care,"The ICCAS is a valid measure of interprofessional collaborative competencies, with evidence of pre-post sensitivity, concurrent validity, internal consistency, and a unifying single-factor structure.","In their psychometric study of the ICCAS instrument, the authors obtained data from 584 participants from 15 different IPECP programmes in Canada and New Zealand (Archibald, Trumpower, & MacDonald, 2014).",clear,The replication used the same general retrospective pre-post ICCAS validation methodology but changed the response scale and added a transition item.
10.1002--npr2.70078#flora_17,10.1002/npr2.70078,10.1002--npr2.70078,flora_17,Correction to “Clinical Characteristics of Patients With Enlarged Ventricles and Cognitive Impairment ( <scp>EVCI</scp> ): Case Series” (2025.0),yes,,success,close extension,,Proposal for a Novel Classification of Patients With Enlarged Ventricles and Cognitive Impairment Based on Data-Driven Analysis of Neuroimaging Results in Patients With Psychiatric Disorders,"Yasuda, Yuka; Ito, Satsuki; Matsumoto, Junya",2025,Neuropsychopharmacology Reports,Patients with enlarged ventricles and cognitive impairment constitute a distinct psychiatric subgroup characterized by a high prevalence of schizophrenia.,Yasuda et al. [6] performed a large-scale data-driven analysis and found that patients with EVCI constitute a distinct subgroup characterized by a high prevalence of schizophrenia.,clear,The paper explicitly describes the present study as validating the previous EVCI findings in independent cohorts and concludes that it validated the existence of the EVCI subgroup. The citation is numbered rather than giving the original authors and year in the sentence.
10.17705--1atrr.00014#flora_447,10.17705/1atrr.00014,10.17705--1atrr.00014,flora_447,Understanding Information Systems Continuance: An Expectation-Confirmation Model1 (2001.0),yes,,success,conceptual,,Understanding Information Systems Continuance: An Expectation-Confirmation Model,"Bhattacherjee, Anol",2001,MIS Quarterly,Confirmation of prior expectations positively influences perceived usefulness of the information system.,"In this regard, [3] published one of the earliest and most cited scholarly papers in the IS field that conceptualizes and tests a theoretical model of IT continuance that takes into account the distinctions between adoption and continued use of IT.",clear,"The paper reports that all five hypotheses were supported. The original is cited numerically as [3], and no sentence in the paper gives the original authors and year in author-year format."
,10.17705/1atrr.00014,10.17705--1atrr.00014,,,yes,,success,conceptual,,Understanding Information Systems Continuance: An Expectation-Confirmation Model,"Bhattacherjee, Anol",2001,MIS Quarterly,Satisfaction with prior information-system use positively influences users' intention to continue using the system.,"In this regard, [3] published one of the earliest and most cited scholarly papers in the IS field that conceptualizes and tests a theoretical model of IT continuance that takes into account the distinctions between adoption and continued use of IT.",clear,"The paper reports that all five hypotheses were supported. The original is cited numerically as [3], and no sentence in the paper gives the original authors and year in author-year format. [luna56: extra entry, not in the external record]"
,10.17705/1atrr.00014,10.17705--1atrr.00014,,,yes,,success,conceptual,,Understanding Information Systems Continuance: An Expectation-Confirmation Model,"Bhattacherjee, Anol",2001,MIS Quarterly,Confirmation of prior expectations positively influences users' satisfaction with information-system use.,"In this regard, [3] published one of the earliest and most cited scholarly papers in the IS field that conceptualizes and tests a theoretical model of IT continuance that takes into account the distinctions between adoption and continued use of IT.",clear,"The paper reports that all five hypotheses were supported. The original is cited numerically as [3], and no sentence in the paper gives the original authors and year in author-year format. [luna56: extra entry, not in the external record]"
,10.17705/1atrr.00014,10.17705--1atrr.00014,,,yes,,success,conceptual,,Understanding Information Systems Continuance: An Expectation-Confirmation Model,"Bhattacherjee, Anol",2001,MIS Quarterly,Perceived usefulness of the information system positively influences users' satisfaction with its use.,"In this regard, [3] published one of the earliest and most cited scholarly papers in the IS field that conceptualizes and tests a theoretical model of IT continuance that takes into account the distinctions between adoption and continued use of IT.",clear,"The paper reports that all five hypotheses were supported. The original is cited numerically as [3], and no sentence in the paper gives the original authors and year in author-year format. [luna56: extra entry, not in the external record]"
,10.17705/1atrr.00014,10.17705--1atrr.00014,,,yes,,success,conceptual,,Understanding Information Systems Continuance: An Expectation-Confirmation Model,"Bhattacherjee, Anol",2001,MIS Quarterly,Perceived usefulness of the information system positively influences users' intention to continue using it.,"In this regard, [3] published one of the earliest and most cited scholarly papers in the IS field that conceptualizes and tests a theoretical model of IT continuance that takes into account the distinctions between adoption and continued use of IT.",clear,"The paper reports that all five hypotheses were supported. The original is cited numerically as [3], and no sentence in the paper gives the original authors and year in author-year format. [luna56: extra entry, not in the external record]"
10.1007--s11145-018-9858-1#flora_239,10.1007/s11145-018-9858-1,10.1007--s11145-018-9858-1,flora_239,Does<i>darkness</i>lead to<i>happiness</i>? Masked suffix priming effects (2008.0),yes,,success,close extension,,Does darkness lead to happiness? Masked suffix priming effects,"Dunabeitia, J.; Perea, M.; Carreiras, M.",2008,Language and Cognitive Processes,"Morphologically complex target words show facilitation when preceded by primes sharing a derivational suffix, whereas simple target words do not show facilitation from merely sharing an orthographic ending.","Results in adults replicate previous studies by showing that only the related condition of complex words elicits a significant facilitation (see Dun ˜abeitia, Perea, & Carreiras, 2008).",ambiguous,"The paper reports one experiment with adults and children; the adult outcome is an explicit replication success, while fourth- and fifth-grade children show no effect and sixth graders show only marginal evidence. The entry is coded for the original adult effect, with the added child populations treated as a close extension."
10.1371--journal.pone.0053234#flora_438,10.1371/journal.pone.0053234,10.1371--journal.pone.0053234,flora_438,A genome-wide association study identifies common variants near LBX1 associated with adolescent idiopathic scoliosis (2011.0),yes,,success,close extension,,A genome-wide association study identifies common variants near LBX1 associated with adolescent idiopathic scoliosis,"Takahashi, Y; Kou, I; Takahashi, A; Johnson, T; Kono, K",2011,Nature Genetics,The original study claimed that the single nucleotide polymorphism rs11598564 near the LBX1 gene was associated with susceptibility to adolescent idiopathic scoliosis.,"Recently, a genome-wide association study (GWAS) was performed in a Japanese population, and three SNPs (rs11190870, rs625039 and rs11598564), all of which were located near the gene LBX1 on chromosome 10q24.31, were reported to be associated with AIS susceptibility [1].",clear,The replication found a significant association for rs11598564 in a Chinese Han population. The separate case-only severity analysis was not coded as a replication entry because the original study's replicated claim concerned AIS susceptibility.
,10.1371/journal.pone.0053234,10.1371--journal.pone.0053234,,,yes,,success,close extension,,A genome-wide association study identifies common variants near LBX1 associated with adolescent idiopathic scoliosis,"Takahashi, Y; Kou, I; Takahashi, A; Johnson, T; Kono, K",2011,Nature Genetics,The original study claimed that the single nucleotide polymorphism rs11190870 near the LBX1 gene was associated with susceptibility to adolescent idiopathic scoliosis.,"Recently, a genome-wide association study (GWAS) was performed in a Japanese population, and three SNPs (rs11190870, rs625039 and rs11598564), all of which were located near the gene LBX1 on chromosome 10q24.31, were reported to be associated with AIS susceptibility [1].",clear,"The replication found a significant association for rs11190870 in a Chinese Han population. The separate case-only severity analysis was not coded as a replication entry because the original study's replicated claim concerned AIS susceptibility. [luna56: extra entry, not in the external record]"
,10.1371/journal.pone.0053234,10.1371--journal.pone.0053234,,,yes,,success,close extension,,A genome-wide association study identifies common variants near LBX1 associated with adolescent idiopathic scoliosis,"Takahashi, Y; Kou, I; Takahashi, A; Johnson, T; Kono, K",2011,Nature Genetics,The original study claimed that the single nucleotide polymorphism rs625039 near the LBX1 gene was associated with susceptibility to adolescent idiopathic scoliosis.,"Recently, a genome-wide association study (GWAS) was performed in a Japanese population, and three SNPs (rs11190870, rs625039 and rs11598564), all of which were located near the gene LBX1 on chromosome 10q24.31, were reported to be associated with AIS susceptibility [1].",clear,"The replication found a significant association for rs625039 in a Chinese Han population. The separate case-only severity analysis was not coded as a replication entry because the original study's replicated claim concerned AIS susceptibility. [luna56: extra entry, not in the external record]"
10.1080--10510974.2018.1466718#flora_111,10.1080/10510974.2018.1466718,10.1080--10510974.2018.1466718,flora_111,The Relationship Between Selected Immediacy Behaviors and Cognitive Learning (1987.0),yes,,success,close extension,https://doi.org/10.1080/23808985.1987.11678663,The relationship between selected immediacy behaviors and cognitive learning,"Richmond, Virginia; Gorham, Joan; McCroskey, James",1987,Annals of the International Communication Association,"Instructor nonverbal immediacy behaviors are positively related to students' cognitive learning, including perceived learning and learning loss.","This study replicated [15] study on nonverbal immediacy and cognitive learning (H1b), with statistically significant relationships (p < .01) between nonverbal immediacy and learning loss (r = -.49), nonverbal immediacy and perceived learning (r = .46), as well as between all of the individual nonverbal immediacy behaviors and both learning loss (r ranging from -.24 to -.44) 2 and perceived learning (r ranging from .28 to .41).",ambiguous,The paper identifies the original through numbered citation [15]; the sentence does not state the original authors or year in author-year form. The replication used more diverse institutions and modified measurement procedures.
10.1080--10510974.2018.1466718#flora_112,10.1080/10510974.2018.1466718,10.1080--10510974.2018.1466718,flora_112,The relationship between student perceptions of instructor humor and students’ reports of learning (1999.0),yes,,success,close extension,https://doi.org/10.1080/03634529909379152,The relationship between student perceptions of instructor humor and students' reports of learning,"Wanzer, Melissa; Frymier, Ann",1999,Communication Education,Instructor humor orientation is positively related to instructor nonverbal immediacy.,"For humor, this study replicated [19] findings.",ambiguous,The paper identifies the original through numbered citation [19]; the citation sentence does not state the original authors or year in author-year form. This is a distinct humor–nonverbal-immediacy relationship from the humor–learning relationship.
10.1080--10510974.2018.1466718#flora_113,10.1080/10510974.2018.1466718,10.1080--10510974.2018.1466718,flora_113,"The relationship of teacher clarity and immediacy with student state receiver apprehension, affect, and cognitive learning (2001.0)",yes,,success,close extension,https://doi.org/10.1080/03634520109379232,"The relationship of teacher clarity and immediacy with student state receiver apprehension, affect, and cognitive learning","Chesebro, James; McCroskey, James",2001,Communication Education,Instructor clarity is positively related to students' cognitive learning.,"This project seeks to reexamine the relationships proposed in [19], [4][4][15] foundational studies to identify the relationships among immediacy behaviors, clarity, humor, perceived immediacy, and student cognitive learning.",ambiguous,"The paper identifies the original through numbered citation [4]; the citation sentence does not state the original authors or year in author-year form. Cognitive learning was assessed using multiple learning measures; these are treated as one replicated cognitive-learning effect rather than separate entries. The replication found statistically significant relationships in the expected direction, with measurement-validity caveats."
,10.1080/10510974.2018.1466718,10.1080--10510974.2018.1466718,,,yes,,success,close extension,https://doi.org/10.1080/03634529909379152,The relationship between student perceptions of instructor humor and students' reports of learning,"Wanzer, Melissa; Frymier, Ann",1999,Communication Education,Students' perceptions of instructor humor orientation are positively related to their reported learning.,"For humor, this study replicated [19] findings.",ambiguous,"The paper identifies the original through numbered citation [19]; the citation sentence does not state the original authors or year in author-year form. The replication found a statistically significant relationship in the same direction, but the paper raises measurement-validity concerns. [luna56: extra entry, not in the external record]"
,10.1080/10510974.2018.1466718,10.1080--10510974.2018.1466718,,,yes,,success,close extension,https://doi.org/10.1080/03634520109379232,"The relationship of teacher clarity and immediacy with student state receiver apprehension, affect, and cognitive learning","Chesebro, James; McCroskey, James",2001,Communication Education,Instructor clarity is positively related to instructor nonverbal immediacy behaviors.,"This project seeks to reexamine the relationships proposed in [19], [4][4][15] foundational studies to identify the relationships among immediacy behaviors, clarity, humor, perceived immediacy, and student cognitive learning.",ambiguous,"The paper identifies the original through numbered citation [4]; the citation sentence does not state the original authors or year in author-year form. The replication found a statistically significant clarity–nonverbal-immediacy relationship in the same direction. [luna56: extra entry, not in the external record]"
10.3102--0013189x20922993#flora_203,10.3102/0013189x20922993,10.3102--0013189x20922993,flora_203,"Different Tests, Different Answers (2011.0)",yes,,success,close extension,,"Different Tests, Different Answers: The Stability of Teacher Value-Added Estimates Across Outcome Measures","Papay, John",2011,American Educational Research Journal,"Teacher value-added scores based on fall-to-fall and spring-to-spring test-score timing have a weak correlation, producing substantially different rankings of teacher effectiveness.","In one such study, Papay (2011) briefly shows that teacher VAM scores from models using the most common pre/post testing timeframe-that is, based on changes in test scores from last spring to current spring-are essentially orthogonal (correlation of -.10) to those same teachers' VAM scores from a model using test score changes from current fall to next fall.",clear,"The paper reports that its findings generally align with Papay (2011), documenting very low correlations between fall-to-fall and spring-to-spring teacher VAM scores in both ELA and math."
10.1111--j.1743-6109.2010.01970.x#flora_373,10.1111/j.1743-6109.2010.01970.x,10.1111--j.1743-6109.2010.01970.x,flora_373,The Female Sexual Function Index (FSFI): A Multidimensional Self-Report Instrument for the Assessment of Female Sexual Function (2000.0),yes,,success,direct,https://doi.org/10.1080/009262300278597,The Female Sexual Function Index (FSFI): A multidimensional self-report instrument for the assessment of female sexual function,"Rosen, R; Brown, C; Heiman, J; Leiblum, S; Meston, C; Shabsigh, R; Ferguson, D; Agostino, D; R",2000,Journal of Sex & Marital Therapy,"The original FSFI has a six-factor structure corresponding to desire, arousal, lubrication, orgasm, satisfaction, and pain, with adequate psychometric properties.","Based on the EFA findings and clinical considerations presented in previous reports, a six-factor model was hypothesized for the CFA of the original FSFI [12,20,21].",clear,"The paper also develops and validates the modified FSFI-LL, but that is an extension rather than a replication of a separately published study. The paper uses numbered citations rather than author-year citations; citation [12] identifies Rosen et al. (2000)."
10.17605--osf.io--ehjdm#flora_6,10.17605/osf.io/ehjdm,10.17605--osf.io--ehjdm,flora_6,Precision of the Anchor Influences the Amount of Adjustment (2008.0),yes,,inconclusive,close extension,,Anchor precision influences the amount of adjustment,"Janiszewski, C.; Uy, D.",2008,Psychological Science,"Greater precision in a numerical anchor causes less objective adjustment than a round anchor, with anchor precision influencing the degree of adjustment.",These findings represent a partial replication of Janiszewski and Uy (2008).,clear,"The abstract title refers to Study 4b, but the paper states that Study 4a was selected for replication. The central anchor-precision effect and the motivation main effect were supported, but the reported interaction was not; the authors explicitly characterize the findings as a partial replication."
10.1521--pedi_2013_27_117#flora_443,10.1521/pedi_2013_27_117,10.1521--pedi_2013_27_117,flora_443,Separate Personality Traits From States To Predict Depression (2003.0),yes,,success,close experiment,https://doi.org/10.1521/pedi.17.2.152.23990,Separate personality traits from states to predict future depression,"Clark, Lee; Vittengl, Jeffrey; Kraft, David; Jarrett, Richard",2003,Journal of Personality Disorders,"Stable trait and changeable state components of personality assessments among patients with recurrent major depressive disorder differentially predict depressive symptom levels and changes during cognitive therapy, with state changes more strongly related to symptom changes.","Using a new, larger data set of patients with recurrent depression treated with acute-phase CT [24], we aimed to replicate and extend Clark et al.'s (2003) findings.",clear,The authors explicitly state in the Discussion that the analyses largely replicated and extended the prior findings.
10.1080--02619768.2014.882308#flora_310,10.1080/02619768.2014.882308,10.1080--02619768.2014.882308,flora_310,From Psychological Need Satisfaction to Intentional Behavior: Testing a Motivational Sequence in Two Behavioral Contexts (2006.0),yes,,inconclusive,close extension,https://doi.org/10.1177/0146167205284288,From psychological need satisfaction to intentional behavior: Testing a motivational sequence in two behavioral contexts,"Hagger, Martin; Chatzisarantis, Nikos; Harris, James",2006,Personality and Social Psychology Bulletin,"Psychological need satisfaction predicts self-determined motivation, which predicts attitudes, subjective norms, perceived behavioral control or self-efficacy, and behavioral intentions in exercise and dieting contexts.","In this article, we report on our study that replicated a study of [14] in which Self-Determination Theory (SDT) and the Theory of Planned Behavior (TBP) are combined according [22] proposal to distinguish between global level psychological needs, contextual-level and situational-level motivational constructs.",clear,"The replication authors characterize the answer as 'cautiously positive' and state that the combined model 'potentially' provides a more comprehensive explanation, so the outcome is inconclusive rather than clear success. The study changes the population and behavioral domain from health behaviors to teachers' use of digital learning materials, and also substitutes IMBP for TPB."
10.1525--mp.2012.30.2.161#flora_93,10.1525/mp.2012.30.2.161,10.1525--mp.2012.30.2.161,flora_93,The structure of musical preferences: A five-factor model. (2011.0),yes,,success,close extension,https://doi.org/10.1037/a0022406,The structure of musical preferences: A five-factor model,"Rentfrow, Peter J.; Goldberg, Lewis R.; Levitin, Daniel J.",2011,Journal of Personality and Social Psychology,"Musical preferences are structured by five dimensions resembling Mellow, Unpretentious, Sophisticated, Intense, and Contemporary even when the excerpts are drawn solely from the rock genre.","Previous research suggests that the MUSIC factors are defined and differentiated by certain musical attributes that account for significant proportions of variance in preferences over and above genre classification (Rentfrow, Goldberg, & Levitin, 2011).",clear,Study 3 recovered five interpretable factors in both Internet and undergraduate samples and found substantial convergence with the mixed-genre model.
,10.1525/mp.2012.30.2.161,10.1525--mp.2012.30.2.161,,,yes,,success,close experiment,https://doi.org/10.1037/a0022406,The structure of musical preferences: A five-factor model,"Rentfrow, Peter J.; Goldberg, Lewis R.; Levitin, Daniel J.",2011,Journal of Personality and Social Psychology,"Preferences for musical excerpts from diverse genres are structured by five orthogonal dimensions—Mellow, Unpretentious, Sophisticated, Intense, and Contemporary—and are defined by musical attributes beyond genre.","Study 1 was designed to replicate the five-factor music-preference model reported in Rentfrow, Goldberg, and Levitin (2011) and to extend that work by investigating a larger set of auditory and psychological attributes.",clear,"Study 1 used a subset of the original study's musical excerpts, a large Internet sample, and expanded auditory and psychological attribute ratings. [luna56: extra entry, not in the external record]"
,10.1525/mp.2012.30.2.161,10.1525--mp.2012.30.2.161,,,yes,,success,close extension,https://doi.org/10.1037/a0022406,The structure of musical preferences: A five-factor model,"Rentfrow, Peter J.; Goldberg, Lewis R.; Levitin, Daniel J.",2011,Journal of Personality and Social Psychology,"Musical preferences are structured by five dimensions resembling Mellow, Unpretentious, Sophisticated, Intense, and Contemporary even when the excerpts are drawn solely from the jazz genre.","Previous research suggests that the MUSIC factors are defined and differentiated by certain musical attributes that account for significant proportions of variance in preferences over and above genre classification (Rentfrow, Goldberg, & Levitin, 2011).",ambiguous,"Study 2 recovered five factors in both Internet and undergraduate samples, but convergence was weaker for the Sophisticated factor; the authors nevertheless describe the results as supporting the hypothesis. [luna56: extra entry, not in the external record]"
10.1080--09658211.2023.2198327#flora_315,10.1080/09658211.2023.2198327,10.1080--09658211.2023.2198327,flora_315,The Formation of False Memories (1995.0),yes,,,,,,,,,,,, [luna56: no entry matched this anchor]
10.1017--s1930297500002941#flora_145,10.1017/s1930297500002941,10.1017--s1930297500002941,flora_145,Crowd IQ (2012.0),yes,,,,,,,,,,,, [luna56: no entry matched this anchor]
,10.1017/s1930297500002941,10.1017--s1930297500002941,,,yes,,success,close experiment,,Crowd IQ: Measuring the intelligence of crowdsourcing platforms,"Kosinski, M; Bachrach, Y; Kasneci, G; Van Gael, J; Graepel, T",2012,Annual ACM Web Science Conference,"Aggregating multiple responses to Raven's Progressive Matrices items through majority vote increases collective intelligence as group size increases, with diminishing returns.",We conducted a partial replication of Kosinski et al.'s (2012) study to re-examine the hypothesis that the overall task performance would be significantly enhanced by tapping into a wisdom-of-the-crowd effect at the micro-task . level.,clear,"The paper explicitly describes this as a partial replication and states that its findings largely corroborate the original study. [luna56: extra entry, not in the external record]"
,10.1017/s1930297500002941,10.1017--s1930297500002941,,,yes,,failure,close extension,,Crowd IQ: Aggregating opinions to boost performance,"Bachrach, Y; Graepel, T; Kasneci, G; Kosinski, M; Gael, J",2012,11th International Conference on Autonomous Agents and Multiagent Systems (AAMAS-12),Aggregating responses produces a collective IQ that exceeds the performance of the best-performing individual in the group.,"Another study examined group and individual performance based on traditional (not crowdsourced) administration of the Raven's Standard Progressive Matrices (Bachrach, Graepel, Kasneci, Kosinski & Gael, 2012), and found that response aggregation resulted in a collective IQ that exceeded the best performing individual within the group.",ambiguous,"The replication found that collective IQ was never greater than the best-performing individual's IQ; it was statistically indistinguishable from it at all group sizes. The paper does not explicitly label this outcome a failed replication. [luna56: extra entry, not in the external record]"
10.1177--0022219419897268#flora_402,10.1177/0022219419897268,10.1177--0022219419897268,flora_402,"The Relationship of Handwriting Speed, Working Memory, Language Comprehension and Outlines to Lecture Note‐taking and Test‐taking among College Students (2012.0)",yes,,,,,,,,,,,, [luna56: no entry matched this anchor]
10.1007--s40732-020-00396-0#flora_482,10.1007/s40732-020-00396-0,10.1007--s40732-020-00396-0,flora_482,Tact training versus bidirectional intraverbal training in teaching a foreign language (2013.0),yes,,success,close experiment,,Tact training versus bidirectional intraverbal training in teaching a foreign language,"Dounavi, Katerina",2014,Journal of Applied Behavior Analysis,Foreign tact and native-to-foreign intraverbal training are more effective than foreign-to-native intraverbal training in producing emergent verbal relations during foreign-language learning.,The present study aims to further evaluate the efficacy of foreign tact versus bidirectional training in teaching a small foreign language vocabulary and facilitating emergent responding by systematically replicating Dounavi (2014).,clear,"The study is explicitly described as a systematic replication, with deliberate procedural refinements including textual rather than vocal stimuli, fewer stimuli, an added participant, counterbalanced probes, and maintenance assessment."
10.1037--edu0000146#flora_40,10.1037/edu0000146,10.1037--edu0000146,flora_40,Promoting Interest and Performance in High School Science Classes (2009.0),yes,,success,close extension,https://doi.org/10.1126/science.1177003,Promoting Interest and Performance in High School Science Classes,"Hulleman, Chris S.; Harackiewicz, Judith M.",2009,Science,A utility-value writing intervention improves students’ course performance and motivation by prompting them to connect course material to their lives.,,ambiguous,"This is Study 2, which extends the intervention with enhanced utility-value prompts; the supplied text does not include the main-text citation sentence or discussion."
,10.1037/edu0000146,10.1037--edu0000146,,,yes,,success,close extension,https://doi.org/10.1126/science.1177003,Promoting Interest and Performance in High School Science Classes,"Hulleman, Chris S.; Harackiewicz, Judith M.",2009,Science,"Writing about the personal usefulness of course material increases students’ interest and academic performance, particularly among initially lower-performing students.",,ambiguous,"The supplied text is supplemental material and does not contain the main-text sentence identifying the original study; the original citation and classification are inferred from the paper's intervention and study description. [luna56: extra entry, not in the external record]"
10.1007--s00426-019-01203-4#flora_105,10.1007/s00426-019-01203-4,10.1007--s00426-019-01203-4,flora_105,Gaze direction differentially affects avoidance tendencies to happy and angry faces in socially anxious individuals (2010.0),yes,,inconclusive,direct,https://doi.org/10.1177/0956797610384746,Facing freeze: Social threat induces bodily freeze in humans,"Roelofs, K.; Hagenaars, M. A.; Stins, J. F.",2010,Psychological Science,"Viewing angry faces as a social threat induces a freezing response characterized by reduced heart rate, with the effect particularly pronounced among participants high in state anxiety.","Given the important theoretical and practical consequences of freezing in response to social stress, together with the fact that Roelofs et al. (2010) is the only study showing freezing in response to social threat, the current study aimed to replicate Roelofs et al. (2010).",ambiguous,"The replication found lower heart rate during angry-face blocks, but did not replicate the negative correlation with state anxiety and described the findings as not completely in line with the original."
10.17605--osf.io--82bwv#flora_5,10.17605/osf.io/82bwv,10.17605--osf.io--82bwv,flora_5,Errors Are Aversive (2008.0),yes,,,,,,,,,,,, [luna56: no entry matched this anchor]
,10.17605/osf.io/82bwv,10.17605--osf.io--82bwv,,,yes,,success,direct,https://doi.org/10.1111/j.1467-9280.2008.02053.x,Errors are aversive: Defensive motivation and the error-related negativity,"Hajcak, Greg; Foti, David",2008,Psychological Science,Commission errors in a flanker task elicit a robust error-related negativity in event-related potentials relative to correct responses.,"Hajcak & Foti, 2008 ""The task was an arrow version of the flankers task (cf. Hajcak et al., 2005).",clear,"The replication authors explicitly state that they clearly replicated the basic ERN result. [luna56: extra entry, not in the external record]"
,10.17605/osf.io/82bwv,10.17605--osf.io--82bwv,,,yes,,success,direct,https://doi.org/10.1111/j.1467-9280.2008.02053.x,Errors are aversive: Defensive motivation and the error-related negativity,"Hajcak, Greg; Foti, David",2008,Psychological Science,Auditory startle responses are potentiated when the noise burst follows an error rather than a correct response.,"Hajcak & Foti, 2008 ""The task was an arrow version of the flankers task (cf. Hajcak et al., 2005).",clear,"The replication authors explicitly state that they clearly replicated the basic error-potentiated startle result. [luna56: extra entry, not in the external record]"
,10.17605/osf.io/82bwv,10.17605--osf.io--82bwv,,,yes,,failure,direct,https://doi.org/10.1111/j.1467-9280.2008.02053.x,Errors are aversive: Defensive motivation and the error-related negativity,"Hajcak, Greg; Foti, David",2008,Psychological Science,The magnitude of the error-related negativity is negatively correlated with the magnitude of error-potentiated startle.,"Hajcak & Foti, 2008 ""The task was an arrow version of the flankers task (cf. Hajcak et al., 2005).",clear,"The replication correlation was in the same direction but nonsignificant, and the authors explicitly characterize this main finding as a failure to replicate. [luna56: extra entry, not in the external record]"
10.1017--s0142716423000127#flora_275,10.1017/s0142716423000127,10.1017--s0142716423000127,flora_275,SOCIAL ATTITUDES AND SPEECH RATINGS (2018.0),yes,,,,,,,,,,,, [luna56: no entry matched this anchor]
,10.1017/s0142716423000127,10.1017--s0142716423000127,,,yes,,failure,conceptual,https://doi.org/10.1017/S0272263118000244,Social attitudes and speech ratings: Effects of positive and negative bias on multiage listeners' judgments of second language speech,"Reid, K.; Trofimovich, P.; O'Brien, M.",2019,Studies in Second Language Acquisition,Positive and negative social-bias orientations cause native English-speaking listeners to rate non-native English speech differently in terms of accentedness relative to a control condition.,"Reid et al. (2019) showed that ""native"" listeners could be easily biased toward ""non-native"" speech across five linguistic dimensions.",clear,"One of five distinct speech-rating dimensions tested in the same replication experiment; the replication found no significant effect of bias manipulation. [luna56: extra entry, not in the external record]"
,10.1017/s0142716423000127,10.1017--s0142716423000127,,,yes,,failure,conceptual,https://doi.org/10.1017/S0272263118000244,Social attitudes and speech ratings: Effects of positive and negative bias on multiage listeners' judgments of second language speech,"Reid, K.; Trofimovich, P.; O'Brien, M.",2019,Studies in Second Language Acquisition,Positive and negative social-bias orientations cause native English-speaking listeners to rate non-native English speech differently in terms of comprehensibility relative to a control condition.,"Reid et al. (2019) showed that ""native"" listeners could be easily biased toward ""non-native"" speech across five linguistic dimensions.",clear,"One of five distinct speech-rating dimensions tested in the same replication experiment; the replication found no significant effect of bias manipulation. [luna56: extra entry, not in the external record]"
,10.1017/s0142716423000127,10.1017--s0142716423000127,,,yes,,failure,conceptual,https://doi.org/10.1017/S0272263118000244,Social attitudes and speech ratings: Effects of positive and negative bias on multiage listeners' judgments of second language speech,"Reid, K.; Trofimovich, P.; O'Brien, M.",2019,Studies in Second Language Acquisition,Positive and negative social-bias orientations cause native English-speaking listeners to rate non-native English speech differently in terms of segmental errors relative to a control condition.,"Reid et al. (2019) showed that ""native"" listeners could be easily biased toward ""non-native"" speech across five linguistic dimensions.",clear,"One of five distinct speech-rating dimensions tested in the same replication experiment; the replication found no significant effect of bias manipulation. [luna56: extra entry, not in the external record]"
,10.1017/s0142716423000127,10.1017--s0142716423000127,,,yes,,failure,conceptual,https://doi.org/10.1017/S0272263118000244,Social attitudes and speech ratings: Effects of positive and negative bias on multiage listeners' judgments of second language speech,"Reid, K.; Trofimovich, P.; O'Brien, M.",2019,Studies in Second Language Acquisition,Positive and negative social-bias orientations cause native English-speaking listeners to rate non-native English speech differently in terms of intonation relative to a control condition.,"Reid et al. (2019) showed that ""native"" listeners could be easily biased toward ""non-native"" speech across five linguistic dimensions.",clear,"One of five distinct speech-rating dimensions tested in the same replication experiment; the replication found no significant effect of bias manipulation. [luna56: extra entry, not in the external record]"
,10.1017/s0142716423000127,10.1017--s0142716423000127,,,yes,,failure,conceptual,https://doi.org/10.1017/S0272263118000244,Social attitudes and speech ratings: Effects of positive and negative bias on multiage listeners' judgments of second language speech,"Reid, K.; Trofimovich, P.; O'Brien, M.",2019,Studies in Second Language Acquisition,Positive and negative social-bias orientations cause native English-speaking listeners to rate non-native English speech differently in terms of flow relative to a control condition.,"Reid et al. (2019) showed that ""native"" listeners could be easily biased toward ""non-native"" speech across five linguistic dimensions.",clear,"One of five distinct speech-rating dimensions tested in the same replication experiment; the replication found no significant effect of bias manipulation. [luna56: extra entry, not in the external record]"
10.1080--00330124.2012.681509#flora_46,10.1080/00330124.2012.681509,10.1080--00330124.2012.681509,flora_46,Social Vulnerability to Environmental Hazards<sup>*</sup> (2003.0),yes,,inconclusive,close extension,,Social vulnerability to environmental hazards,"Cutter, Susan; Boruff, Bryan; Shirley, W. Lynn",2003,Social Science Quarterly,The original SoVI combines demographic and socioeconomic indicators to quantify and differentiate counties' relative social vulnerability to environmental hazards.,Our SoVI Replica analysis follows the original SoVI [16] as closely as possible regarding conceptualization of factors and the indicators included in the model.,ambiguous,"The paper explicitly constructs a SoVI Replica in Norway and then an adapted index using the same context and data. It does not explicitly label the replication a success or failure; the authors emphasize only moderate correspondence between the replicated and adapted indexes and argue that contextual adaptation is necessary. The original reference is Cutter, Boruff, and Shirley (2003), but no DOI is stated in the paper."
10.1007--s10664-025-10739-6#flora_229,10.1007/s10664-025-10739-6,10.1007--s10664-025-10739-6,flora_229,Interruptibility of Software Developers and its Prediction Using Psycho-Physiological Sensors (2015.0),yes,,failure,close extension,https://doi.org/10.1145/2702123.2702593,Interruptibility of software developers and its prediction using psycho-physiological sensors,"Züger, Manuela; Fritz, Thomas",2015,Proceedings of the 2015 Conference on Human Factors in Computing Systems (CHI 2015),"Shorter time windows, particularly a 10-second window, produce better interruptibility-classification performance than longer time windows.","In this paper, we report on what is, to the best of our knowledge, the first external and close replication of the original lab study (Züger and Fritz 2015).",clear,"The replication found no consistent advantage for shorter or longer time windows, unlike the original study."
,10.1007/s10664-025-10739-6,10.1007--s10664-025-10739-6,,,yes,,failure,close extension,https://doi.org/10.1145/2702123.2702593,Interruptibility of software developers and its prediction using psycho-physiological sensors,"Züger, Manuela; Fritz, Thomas",2015,Proceedings of the 2015 Conference on Human Factors in Computing Systems (CHI 2015),"Biometric sensor data can predict software developers' perceived interruptibility with high accuracy, significantly outperforming a majority-classifier baseline in a controlled laboratory setting.","In this paper, we report on what is, to the best of our knowledge, the first external and close replication of the original lab study (Züger and Fritz 2015).",clear,"The authors explicitly state that they could not replicate models that significantly improve over the majority-classifier baseline and conclude that the original results did not generalize. [luna56: extra entry, not in the external record]"
,10.1007/s10664-025-10739-6,10.1007--s10664-025-10739-6,,,yes,,inconclusive,close extension,https://doi.org/10.1145/2702123.2702593,Interruptibility of software developers and its prediction using psycho-physiological sensors,"Züger, Manuela; Fritz, Thomas",2015,Proceedings of the 2015 Conference on Human Factors in Computing Systems (CHI 2015),Perceived mental workload is strongly negatively associated with software developers' perceived interruptibility.,"In this paper, we report on what is, to the best of our knowledge, the first external and close replication of the original lab study (Züger and Fritz 2015).",ambiguous,"The replication found a statistically significant association in the expected direction, but it was substantially weaker than in the original study. [luna56: extra entry, not in the external record]"
,10.1007/s10664-025-10739-6,10.1007--s10664-025-10739-6,,,yes,,failure,close extension,https://doi.org/10.1145/2702123.2702593,Interruptibility of software developers and its prediction using psycho-physiological sensors,"Züger, Manuela; Fritz, Thomas",2015,Proceedings of the 2015 Conference on Human Factors in Computing Systems (CHI 2015),Interruptions are more disruptive to software developers during periods of high mental workload.,"In this paper, we report on what is, to the best of our knowledge, the first external and close replication of the original lab study (Züger and Fritz 2015).",clear,"The replication did not observe a statistically significant association between perceived interruptibility and disruptiveness. [luna56: extra entry, not in the external record]"
,10.1007/s10664-025-10739-6,10.1007--s10664-025-10739-6,,,yes,,success,close extension,https://doi.org/10.1145/2702123.2702593,Interruptibility of software developers and its prediction using psycho-physiological sensors,"Züger, Manuela; Fritz, Thomas",2015,Proceedings of the 2015 Conference on Human Factors in Computing Systems (CHI 2015),Interruption lag is weakly associated with software developers' perceived interruptibility.,"In this paper, we report on what is, to the best of our knowledge, the first external and close replication of the original lab study (Züger and Fritz 2015).",clear,"Both the original and replication reported a weak, statistically significant association between interruption lag and perceived interruptibility. [luna56: extra entry, not in the external record]"
10.1002--smj.2905#flora_223,10.1002/smj.2905,10.1002--smj.2905,flora_223,Do female and ethnically diverse executives endure inequity in the CEO position or do they benefit from their minority status? An empirical examination (2014.0),yes,,failure,close extension,https://doi.org/10.1002/smj.2274,Do female and ethnically diverse executives endure inequity in the CEO position or do they benefit from their minority status? An empirical examination,"Hill, A.; Upadhyay, A.; Beekun, R.",2015,Strategic Management Journal,Female CEOs receive higher compensation than male CEOs because their minority status makes them a rare and valuable resource for their firms.,"Revisiting the gender gap in CEO compensation: Replication and extension of Hill, Upadhyay, and Beekun's (2015) work on CEO gender pay gap",clear,"The paper reexamines the original 1996–2005 sample and extends the analysis to post-2005 and combined 1996–2014 samples, but all analyses concern the same female-CEO compensation effect. The authors explicitly state that the replication fails to find reliable evidence supporting the original female compensation premium."
10.1002--smj.2579#flora_18,10.1002/smj.2579,10.1002--smj.2579,flora_18,THE CORPORATE SOCIAL PERFORMANCE-FINANCIAL PERFORMANCE LINK (1997.0),yes,,,,,,,,,,,, [luna56: no entry matched this anchor]
10.1016--j.cortex.2022.12.003#flora_454,10.1016/j.cortex.2022.12.003,10.1016--j.cortex.2022.12.003,flora_454,Subliminal Instrumental Conditioning Demonstrated in the Human Brain (2008.0),yes,,failure,close experiment,https://doi.org/10.1016/j.neuron.2008.07.005,Subliminal instrumental conditioning demonstrated in the human brain,"Pessiglione, M.; Petrovic, P.; Daunizeau, J.; Palminteri, S.; Dolan, R.; Frith, C.",2008,Neuron,Subliminal rewarding and punishing cues produce instrumental Go/NoGo conditioning without conscious awareness of the cues.,"Here, we attempt to replicate the original result of Pessiglione et al. (2008), leveraging the developments in the field of unconscious processing to apply a more robust statistical approach (Experiment 1), and a more rigorous methodology (Experiment 2).",clear,The experiment introduced methodological changes to improve awareness assessment and found strong evidence for the absence of learning on unaware trials; the authors state that this challenges the original finding.
,10.1016/j.cortex.2022.12.003,10.1016--j.cortex.2022.12.003,,,yes,,inconclusive,direct,https://doi.org/10.1016/j.neuron.2008.07.005,Subliminal instrumental conditioning demonstrated in the human brain,"Pessiglione, M.; Petrovic, P.; Daunizeau, J.; Palminteri, S.; Dolan, R.; Frith, C.",2008,Neuron,Subliminal rewarding and punishing cues produce instrumental Go/NoGo conditioning without conscious awareness of the cues.,Experiment 1 aims to directly replicate unconscious instrumental conditioning found in Pessiglione et al. (2008).,ambiguous,"Learning was significant among participants classified as unaware after exclusions, and the authors state that this replicates the original effect; however, the full sample showed significant awareness, so the necessary claim of genuinely unconscious conditioning could not be established. [luna56: extra entry, not in the external record]"
10.1017--s0261444815000087#flora_138,10.1017/s0261444815000087,10.1017--s0261444815000087,flora_138,"The effect of planning sub-processes on L2 writing fluency, grammatical complexity, and lexical complexity (2012.0)",yes,,failure,close extension,,"The effect of planning sub-processes on L2 writing fluency, grammatical complexity, and lexical complexity","Johnson, Michael; Mercado, Luis; Acevedo, Andrea",2012,Journal of Second Language Writing,"Pre-task planning sub-processes, including idea generation, organization, and goal setting, affect the fluency, grammatical complexity, and lexical complexity of written language production, with organization planning reducing sentence length and minimally increasing total words produced.",This paper investigates the third explanation-a hypothesized threshold-by replicating the study conducted by [23] among a group of L1 writers.,clear,Approximate replication conducted with L1 English-speaking middle-school students rather than the original study's L2 learners; the goal-setting-plus-organization condition was omitted.
10.21203--rs.3.rs-8351701--v1#flora_94,10.21203/rs.3.rs-8351701/v1,10.21203--rs.3.rs-8351701--v1,flora_94,The neural basis of acceptance of uncertain situations: Relationship between ambiguity tolerance and the resting-state functional connectivity of the brain (2022.0),yes,,failure,conceptual,https://doi.org/10.1007/s12144-022-02879-5,The neural basis of acceptance of uncertain situations: Relationship between ambiguity tolerance and the resting-state functional connectivity of the brain,"Liu, D.; Sun, J.; Ren, Z.; Yang, J.; Shi, B.; Qiu, J.",2023,Current Psychology,"Higher ambiguity tolerance was associated with stronger connectivity within integration and control networks, specifically between the inferior parietal lobule and middle frontal gyrus/middle cingulate cortex; this replication tested the corresponding association with Need for Complexity.",Several methodological differences from Liu et al. (2023) may explain the divergent findings.,clear,The replication authors explicitly report that Need for Complexity was not associated with inferior parietal–middle frontal/middle cingulate connectivity and conclude that the reported ambiguity-tolerance associations were not replicated.
,10.21203/rs.3.rs-8351701/v1,10.21203--rs.3.rs-8351701--v1,,,yes,,failure,conceptual,https://doi.org/10.1007/s12144-022-02879-5,The neural basis of acceptance of uncertain situations: Relationship between ambiguity tolerance and the resting-state functional connectivity of the brain,"Liu, D.; Sun, J.; Ren, Z.; Yang, J.; Shi, B.; Qiu, J.",2023,Current Psychology,"Lower ambiguity tolerance was associated with stronger connectivity in threat- and error-monitoring circuits, operationalized in this replication as stronger amygdala–anterior insula connectivity among participants with greater Discomfort with Ambiguity.",Several methodological differences from Liu et al. (2023) may explain the divergent findings.,clear,"The replication authors explicitly report that Discomfort with Ambiguity was unrelated to amygdala–anterior insula connectivity and conclude that the reported ambiguity-tolerance associations were not replicated. [luna56: extra entry, not in the external record]"
,10.21203/rs.3.rs-8351701/v1,10.21203--rs.3.rs-8351701--v1,,,yes,,failure,conceptual,https://doi.org/10.1007/s12144-022-02879-5,The neural basis of acceptance of uncertain situations: Relationship between ambiguity tolerance and the resting-state functional connectivity of the brain,"Liu, D.; Sun, J.; Ren, Z.; Yang, J.; Shi, B.; Qiu, J.",2023,Current Psychology,"Lower ambiguity tolerance was associated with stronger connectivity between the orbitofrontal cortex and anterior cingulate cortex, reflecting threat-related warning signals; this replication tested the corresponding association with Absolutism.",Several methodological differences from Liu et al. (2023) may explain the divergent findings.,clear,"The replication authors explicitly report that Absolutism showed no relationship with orbitofrontal–anterior cingulate connectivity and conclude that the reported ambiguity-tolerance associations were not replicated. [luna56: extra entry, not in the external record]"
10.1101--2021.11.30.470372#flora_107,10.1101/2021.11.30.470372,10.1101--2021.11.30.470372,flora_107,RAF inhibitors prime wild-type RAF to activate the MAPK pathway and enhance growth (2010.0),yes,,inconclusive,direct,https://doi.org/10.1038/nature08833,RAF inhibitors prime wild-type RAF to activate the MAPK pathway and enhance growth,"Hatzivassiliou, G; Song, K; Yen, I; Brandhuber, B; Anderson, D; Alvarado, R; Ludlam, M; Stokoe, D; Gloor, S; Vigers, G; Morales, T; Aliagas, I; Liu, B; Sideris, S; Hoeflich, K; Jaiswal, B; Seshagiri, S; Koeppen, H; Belvin, M; Friedman, L; Malek, S",2010,Nature,"The CRAF kinase domain forms a stable complex with wild-type BRAF, with PLX4720 destabilizing and GDC-0879 stabilizing the interaction, while these inhibitors do not alter the interaction with BRAF(V600E).","The BRAF and CRAF antibodies reported in the original study (Hatzivassiliou et al., 2010) were tested for suitability by Western blot.",clear,The replication could not validly assess BRAF-CRAF heterodimerization because BRAF bound directly to the affinity beads in the absence of CRAF; the authors explicitly state that the data were unable to address whether the original observations could be reproduced.
,10.1101/2021.11.30.470372,10.1101--2021.11.30.470372,,,yes,,success,direct,https://doi.org/10.1038/nature08833,RAF inhibitors prime wild-type RAF to activate the MAPK pathway and enhance growth,"Hatzivassiliou, G; Song, K; Yen, I; Brandhuber, B; Anderson, D; Alvarado, R; Ludlam, M; Stokoe, D; Gloor, S; Vigers, G; Morales, T; Aliagas, I; Liu, B; Sideris, S; Hoeflich, K; Jaiswal, B; Seshagiri, S; Koeppen, H; Belvin, M; Friedman, L; Malek, S",2010,Nature,"RAF inhibitors selectively inhibit proliferation of BRAF(V600E) cancer cells but not wild-type RAF/RAS or mutant RAS cells, whereas the MEK inhibitor inhibits proliferation across these cell types.","Absolute EC50 values for each biological repeat for A375, HCT116, and MeWo cells treated with (A) PLX4720, (B) GDC-0879, or (C) PD0325901 for this replication attempt are plotted with the EC50 value reported in Hatzivassiliou et al. (2010) displayed as a single point (red triangle) for comparison.",clear,"The replication authors state that the results were in the same direction as the original study. [luna56: extra entry, not in the external record]"
,10.1101/2021.11.30.470372,10.1101--2021.11.30.470372,,,yes,,success,direct,https://doi.org/10.1038/nature08833,RAF inhibitors prime wild-type RAF to activate the MAPK pathway and enhance growth,"Hatzivassiliou, G; Song, K; Yen, I; Brandhuber, B; Anderson, D; Alvarado, R; Ludlam, M; Stokoe, D; Gloor, S; Vigers, G; Morales, T; Aliagas, I; Liu, B; Sideris, S; Hoeflich, K; Jaiswal, B; Seshagiri, S; Koeppen, H; Belvin, M; Friedman, L; Malek, S",2010,Nature,PLX4720-induced phospho-MEK activation in mutant RAS cells depends on CRAF depletion but not BRAF depletion.,"Data estimated from the representative experiment reported in Figure 2B of Hatzivassiliou et al., 2010 is displayed as a single point (red triangle) for comparison.",clear,"The replication found CRAF-dependent attenuation of phospho-MEK induction after PLX4720 treatment, with a statistically significant planned comparison. [luna56: extra entry, not in the external record]"
,10.1101/2021.11.30.470372,10.1101--2021.11.30.470372,,,yes,,failure,direct,https://doi.org/10.1038/nature08833,RAF inhibitors prime wild-type RAF to activate the MAPK pathway and enhance growth,"Hatzivassiliou, G; Song, K; Yen, I; Brandhuber, B; Anderson, D; Alvarado, R; Ludlam, M; Stokoe, D; Gloor, S; Vigers, G; Morales, T; Aliagas, I; Liu, B; Sideris, S; Hoeflich, K; Jaiswal, B; Seshagiri, S; Koeppen, H; Belvin, M; Friedman, L; Malek, S",2010,Nature,GDC-0879-induced phospho-MEK activation in mutant RAS cells depends on CRAF depletion but not BRAF depletion.,"Data estimated from the representative experiment reported in Figure 2B of Hatzivassiliou et al., 2010 is displayed as a single point (red triangle) for comparison.",ambiguous,"The replication did not reproduce the original CRAF-dependent pattern: the BRAF comparison was significant in the opposite pattern and the CRAF comparison was not significant. The authors note that unexpected baseline differences between the independently generated shRNA cell lines confound interpretation. [luna56: extra entry, not in the external record]"
10.1098--rsos.231240#flora_3,10.1098/rsos.231240,10.1098--rsos.231240,flora_3,The essence of innocence: Consequences of dehumanizing Black children. (2014.0),yes,,,,,,,,,,,, [luna56: no entry matched this anchor]
10.1177--2515245920903079#flora_88,10.1177/2515245920903079,10.1177--2515245920903079,flora_88,Perceiving numbers causes spatial shifts of attention (2003.0),yes,,failure,direct,https://doi.org/10.1038/nn1066,Perceiving numbers causes spatial shifts of attention,"Fischer, M.; Castel, A.; Dodd, M.; Pratt, J.",2003,Nature Neuroscience,Experiment 2 tested whether small numbers cue spatial attention toward left-side targets and large numbers cue spatial attention toward right-side targets.,"We attempted to replicate Experiment 2 of Fischer et al. by collecting data from 1,105 participants at 17 labs.",clear,The paper directly replicated Experiment 2 across 17 laboratories and explicitly concluded that it failed to replicate the Att-SNARC effect. The citation sentence in the supplied text identifies Fischer et al. but does not display the publication year.
10.1037--xge0000644#flora_298,10.1037/xge0000644,10.1037--xge0000644,flora_298,The use of category and exemplar knowledge in the solution of anchoring tasks. (2000.0),yes,,failure,conceptual,,The use of category and exemplar knowledge in the solution of anchoring tasks,"Mussweiler, Thomas; Strack, Fritz",2000,Journal of Personality and Social Psychology,A high temperature anchor increases accessibility of summer-related words and a low temperature anchor increases accessibility of winter-related words in a subsequent accessibility task.,"Five experiments followed the logic of [41], testing whether anchor-consistent concepts were selectively more accessible following an initial comparison question.",clear,"Experiment 5 used a Continuous IDentification task as an alternative, conceptual test of the result and found no evidence of selective accessibility."
,10.1037/xge0000644,10.1037--xge0000644,,,yes,,failure,close extension,,The use of category and exemplar knowledge in the solution of anchoring tasks,"Mussweiler, Thomas; Strack, Fritz",2000,Journal of Personality and Social Psychology,A high temperature anchor increases accessibility of summer-related words and a low temperature anchor increases accessibility of winter-related words in a subsequent lexical decision task.,"Experiments 1 and 2 are large-sample (at least relative to the original sample sizes) replications of Studies 1 and 2 from [41], which are the studies using the proposed 'signature test' that are closest to prototypical anchoring studies. This is in line with the procedure of Mussweiler and Strack (2000a, Study 2), who gave their participants four 'practice experiments'.",clear,"Experiment 1 replicated Study 1 using UK participants and English materials; the authors explicitly report failing to replicate the selective-accessibility result. [luna56: extra entry, not in the external record]"
,10.1037/xge0000644,10.1037--xge0000644,,,yes,,failure,close extension,,The use of category and exemplar knowledge in the solution of anchoring tasks,"Mussweiler, Thomas; Strack, Fritz",2000,Journal of Personality and Social Psychology,A high car-price anchor increases accessibility of words associated with expensive cars and a low car-price anchor increases accessibility of words associated with inexpensive cars in a subsequent lexical decision task.,"Experiments 1 and 2 are large-sample (at least relative to the original sample sizes) replications of Studies 1 and 2 from [41], which are the studies using the proposed 'signature test' that are closest to prototypical anchoring studies. This is in line with the procedure of Mussweiler and Strack (2000a, Study 2), who gave their participants four 'practice experiments'.",clear,"Experiment 2 replicated Study 2 using UK participants and English materials; the authors explicitly report failing to replicate the selective-accessibility result. [luna56: extra entry, not in the external record]"
,10.1037/xge0000644,10.1037--xge0000644,,,yes,,failure,close extension,,The use of category and exemplar knowledge in the solution of anchoring tasks,"Mussweiler, Thomas; Strack, Fritz",2000,Journal of Personality and Social Psychology,A high temperature anchor increases accessibility of summer-related words and a low temperature anchor increases accessibility of winter-related words in a subsequent lexical decision task.,"Experiments 1 and 2 are large-sample (at least relative to the original sample sizes) replications of Studies 1 and 2 from [41], which are the studies using the proposed 'signature test' that are closest to prototypical anchoring studies. This is in line with the procedure of Mussweiler and Strack (2000a, Study 2), who gave their participants four 'practice experiments'.",clear,"Experiment 3 adjusted the anchor values in an attempt to strengthen the effect and again found no evidence of selective accessibility. [luna56: extra entry, not in the external record]"
,10.1037/xge0000644,10.1037--xge0000644,,,yes,,failure,close extension,,The use of category and exemplar knowledge in the solution of anchoring tasks,"Mussweiler, Thomas; Strack, Fritz",2000,Journal of Personality and Social Psychology,A high car-price anchor increases accessibility of words associated with expensive cars and a low car-price anchor increases accessibility of words associated with inexpensive cars in a subsequent lexical decision task.,"Experiments 1 and 2 are large-sample (at least relative to the original sample sizes) replications of Studies 1 and 2 from [41], which are the studies using the proposed 'signature test' that are closest to prototypical anchoring studies. This is in line with the procedure of Mussweiler and Strack (2000a, Study 2), who gave their participants four 'practice experiments'.",clear,"Experiment 4 adjusted the anchor values in an attempt to strengthen the effect and again found no evidence of selective accessibility. [luna56: extra entry, not in the external record]"
10.1080--02699931.2018.1429389#flora_162,10.1080/02699931.2018.1429389,10.1080--02699931.2018.1429389,flora_162,Understanding implicit and explicit attitude change: A systems of reasoning analysis. (2006.0),yes,,,,,,,,,,,, [luna56: no entry matched this anchor]
,10.1080/02699931.2018.1429389,10.1080--02699931.2018.1429389,,,yes,,failure,conceptual,https://doi.org/10.1111/j.1467-9280.2006.01811.x,Of two minds: Forming and changing valence-inconsistent implicit and explicit attitudes,"Rydell, R.; McConnell, A.; Mackie, D.; Strain, L.",2006,Psychological Science,Briefly presented primes selectively influence implicit attitudes toward a target person while explicitly presented behavioral information influences explicit attitudes.,The goal of the first Experiment was to replicate the study of Rydell et al. (2006) as closely as possible.,clear,"Experiment 1 used translated German materials and computerized measures; the authors explicitly concluded that they did not replicate the original implicit-attitude effect. [luna56: extra entry, not in the external record]"
,10.1080/02699931.2018.1429389,10.1080--02699931.2018.1429389,,,yes,,failure,conceptual,https://doi.org/10.1111/j.1467-9280.2006.01811.x,Of two minds: Forming and changing valence-inconsistent implicit and explicit attitudes,"Rydell, R.; McConnell, A.; Mackie, D.; Strain, L.",2006,Psychological Science,Briefly presented subliminal primes selectively influence implicit attitudes toward a target person while explicitly presented behavioral information influences explicit attitudes.,Rydell et al. (2006) conclude that their participants held opposite implicit and explicit attitudes at the same time reflecting on the two types of information received.,clear,"Experiment 2 used the original English materials, a similar U.S. undergraduate population, and shorter prime presentation; the authors found evidence for absence of the predicted implicit-attitude effect. [luna56: extra entry, not in the external record]"
10.1111--psyp.13546#flora_74,10.1111/psyp.13546,10.1111--psyp.13546,flora_74,Nothing is safe: Intolerance of uncertainty is associated with compromised fear extinction learning (2016.0),yes,,inconclusive,conceptual,,What is going on around here? Intolerance of uncertainty predicts threat generalization,"Morriss, J.; Macdonald, B.; van Reekum, C.",2016,PLOS ONE,Higher intolerance of uncertainty is associated with greater threat generalization during acquisition and delayed learning of threat-cue pairings during extinction.,"Here, we attempted a three-lab direct and conceptual replication of Morriss and colleagues’ (2016a) original results.",ambiguous,"Conceptual replication 2 showed some support for greater threat generalization in higher-IU participants and replicated an extinction-related LPP differentiation, but other original effects were not replicated and the discussion describes the results as inconsistent."
,10.1111/psyp.13546,10.1111--psyp.13546,,,yes,,failure,direct,,What is going on around here? Intolerance of uncertainty predicts threat generalization,"Morriss, J.; Macdonald, B.; van Reekum, C.",2016,PLOS ONE,Higher intolerance of uncertainty is associated with greater threat generalization during acquisition and delayed learning of threat-cue pairings during extinction.,"Here, we attempted a three-lab direct and conceptual replication of Morriss and colleagues’ (2016a) original results.",clear,"The authors explicitly state that the direct replication failed to replicate the original IU-related interactions. [luna56: extra entry, not in the external record]"
,10.1111/psyp.13546,10.1111--psyp.13546,,,yes,,inconclusive,conceptual,,What is going on around here? Intolerance of uncertainty predicts threat generalization,"Morriss, J.; Macdonald, B.; van Reekum, C.",2016,PLOS ONE,Higher intolerance of uncertainty is associated with greater threat generalization during acquisition and delayed learning of threat-cue pairings during extinction.,"Here, we attempted a three-lab direct and conceptual replication of Morriss and colleagues’ (2016a) original results.",ambiguous,"Conceptual replication 1 produced some support for the original IU-related threat-generalization pattern, but several original interactions were not significant and ERP results were largely null; the outcome is mixed. [luna56: extra entry, not in the external record]"
10.1080--02699931.2015.1136270#flora_161,10.1080/02699931.2015.1136270,10.1080--02699931.2015.1136270,flora_161,Biased attention and dysphoria: Manipulating selective attention reduces subsequent depressive symptoms (2010.0),yes,,failure,direct,https://doi.org/10.1080/02699930802652388,Biased attention and dysphoria: Manipulating selective attention reduces subsequent depressive symptoms,"Wells, T.; Beevers, C.",2010,Cognition & Emotion,"Attentional retraining toward neutral stimuli reduces depressive symptoms in dysphoric individuals, relative to a no-training condition.",The current study replicated Wells and Beevers' (2010) findings on re-training the negative attentional bias in dysphoric individuals.,clear,"Both training and no-training groups showed reductions in depressive symptoms, with no significant group difference or time-by-group interaction; the paper explicitly describes this as a failure to replicate."
,10.1080/02699931.2015.1136270,10.1080--02699931.2015.1136270,,,yes,,failure,direct,https://doi.org/10.1080/02699930802652388,Biased attention and dysphoria: Manipulating selective attention reduces subsequent depressive symptoms,"Wells, T.; Beevers, C.",2010,Cognition & Emotion,Attentional retraining toward neutral stimuli reduces negative attentional bias in dysphoric individuals.,The current study replicated Wells and Beevers' (2010) findings on re-training the negative attentional bias in dysphoric individuals.,clear,"The replication found no significant time-by-training-condition interaction for attentional bias and explicitly stated that the expected change was not observed. [luna56: extra entry, not in the external record]"
10.1073--pnas.2103313118#flora_12,10.1073/pnas.2103313118,10.1073--pnas.2103313118,flora_12,Stuck in Time: Negative Income Shock Constricts the Temporal Window of Valuation Spanning the Future and the Past (2016.0),yes,,success,close experiment,,Stuck in time: Negative income shock constricts the temporal window of valuation spanning the future and the past,"Bickel, Warren; Wilson, Andrew; Chen, Charlie; Koffarnus, Michael; Franck, Christopher",2016,PLOS ONE,A negative income shock constricts the temporal window of valuation spanning the future and the past.,"Although most of our replications did not approach statistical significance, those that did (4, 16-18) shared some common features.",clear,"The paper identifies this as one of the four successful replications, but the supplied text cites it only by reference number rather than author and year."
,10.1073/pnas.2103313118,10.1073--pnas.2103313118,,,yes,,success,close experiment,,Economic insecurity increases physical pain,"Chou, Emily; Parmar, Bidhan; Galinsky, Adam",2016,Psychological Science,Economic insecurity increases physical pain.,"Although most of our replications did not approach statistical significance, those that did (4, 16-18) shared some common features.",clear,"The paper identifies this as one of the four successful replications, but the supplied text cites it only by reference number rather than author and year. [luna56: extra entry, not in the external record]"
,10.1073/pnas.2103313118,10.1073--pnas.2103313118,,,yes,,success,close experiment,,Effects of perceived scarcity on financial decision making,"Cook, Laura; Sadeghein, Roshanak",2018,Journal of Public Policy & Marketing,Perceived scarcity affects financial decision making.,"Although most of our replications did not approach statistical significance, those that did (4, 16-18) shared some common features.",clear,"The paper identifies this as one of the four successful replications, but the supplied text cites it only by reference number rather than author and year. [luna56: extra entry, not in the external record]"
,10.1073/pnas.2103313118,10.1073--pnas.2103313118,,,yes,,success,close experiment,,Seeking lasting enjoyment with limited money: Financial constraints increase preference for material goods over experiences,"Tully, Stephanie; Hershfield, Hal; Meyvis, Tom",2015,Journal of Consumer Research,Financial constraints increase preference for material goods over experiences.,"Although most of our replications did not approach statistical significance, those that did (4, 16-18) shared some common features.",clear,"The paper identifies this as one of the four successful replications, but the supplied text cites it only by reference number rather than author and year. [luna56: extra entry, not in the external record]"
10.3389--fpsyg.2018.02476#flora_459,10.3389/fpsyg.2018.02476,10.3389--fpsyg.2018.02476,flora_459,Sequential congruency effects reveal differences in disengagement of attention for monolingual and bilingual young adults (2017.0),yes,,failure,close experiment,https://doi.org/10.1016/j.cognition.2017.02.010,Sequential congruency effects reveal differences in disengagement of attention for monolingual and bilingual young adults,"Grundy, John; Chung-Fat-Yim, Angel; Friesen, Deanna; Mak, Linda; Bialystok, Ellen",2017,Cognition,"Bilingual adults show a smaller sequential congruency effect than monolingual adults, indicating more efficient disengagement of attention from previous stimuli.","One recent study, for example, reported smaller sequential congruency effects for bilingual compared to monolingual adults (Grundy et al., 2017).",clear,The replication used the same general Eriksen flanker paradigm but added neutral-trial baseline comparisons; the authors reported no difference in sequential congruency or adaptation effects between monolingual and bilingual adults and described the findings as inconsistent with Grundy et al. (2017).
10.1177--0956797619837942#flora_405,10.1177/0956797619837942,10.1177--0956797619837942,flora_405,The Persistence of Thought (2012.0),yes,,,,,,,,,,,, [luna56: no entry matched this anchor]
,10.1177/0956797619837942,10.1177--0956797619837942,,,yes,,failure,close experiment,https://doi.org/10.1177/0956797611431465,The persistence of thought: Evidence for a role of working memory in the maintenance of task-unrelated thinking,"Levinson, David; Smallwood, Jonathan; Davidson, Richard",2012,Psychological Science,Higher working memory capacity is positively associated with probe-caught mind wandering during a low-demand breath-awareness task.,"Is There a Positive Association Between Working Memory Capacity and Mind Wandering in a Low-Demand Breathing Task? A Preregistered Replication of a Study by Levinson, Smallwood, and Davidson (2012)",clear,"The replication found a significant negative association in the awareness section and concluded that there was no evidence for the original positive association. The paper does not contain an in-text sentence with both the original authors' names and publication year; the exact title is provided instead. [luna56: extra entry, not in the external record]"
,10.1177/0956797619837942,10.1177--0956797619837942,,,yes,,success,close experiment,https://doi.org/10.1177/0956797611431465,The persistence of thought: Evidence for a role of working memory in the maintenance of task-unrelated thinking,"Levinson, David; Smallwood, Jonathan; Davidson, Richard",2012,Psychological Science,Self-caught mind-wandering episodes are not associated with working memory capacity during the breath-awareness task.,"Is There a Positive Association Between Working Memory Capacity and Mind Wandering in a Low-Demand Breathing Task? A Preregistered Replication of a Study by Levinson, Smallwood, and Davidson (2012)",clear,"The authors explicitly state that the replication corroborated Levinson et al.'s finding that the sum of self-caught probes was not correlated with working memory capacity. The ratio-based self-caught analysis is an additional measure, not a separate original effect. [luna56: extra entry, not in the external record]"
10.1037--edu0000965#flora_291,10.1037/edu0000965,10.1037--edu0000965,flora_291,An Experimental Evaluation of Four Face-to-Face Teaching Strategies (1978.0),yes,,,,,,,,,,,, [luna56: no entry matched this anchor]
10.1007--s10882-014-9400-6#flora_236,10.1007/s10882-014-9400-6,10.1007--s10882-014-9400-6,flora_236,Advancing imitation and requesting skills in toddlers with Down syndrome (2011.0),yes,,success,direct,,Advancing imitation and requesting skills in toddlers with Down syndrome,"Feeley, K.; Jones, E.; Blackburn, C.; Bauer, S.",2011,Research in Developmental Disabilities,"Prompting, multiple opportunities, and high rates of social reinforcement increase increasingly sophisticated social and instrumental requesting in toddlers with Down syndrome.","The purpose of the present study is to replicate the effects of prompting, multiple opportunities, and high rates of social reinforcement as implemented in [10] with infants with Down syndrome between 6 and 18 months of age, the young age at which these critical skills are seen in typically developing infants, and explore generalization and collateral changes in intelligibility and problem solving.",clear,The supplied text identifies the original only by numeric citation [10] in the replication statement; the reference list identifies it as Feeley et al. (2011).
,10.1007/s10882-014-9400-6,10.1007--s10882-014-9400-6,,,yes,,success,direct,,Advancing imitation and requesting skills in toddlers with Down syndrome,"Feeley, K.; Jones, E.; Blackburn, C.; Bauer, S.",2011,Research in Developmental Disabilities,"Prompting, multiple opportunities, and high rates of social reinforcement increase verbal imitation of sounds in toddlers with Down syndrome.","The purpose of the present study is to replicate the effects of prompting, multiple opportunities, and high rates of social reinforcement as implemented in [10] with infants with Down syndrome between 6 and 18 months of age, the young age at which these critical skills are seen in typically developing infants, and explore generalization and collateral changes in intelligibility and problem solving.",clear,"The supplied text identifies the original only by numeric citation [10] in the replication statement; the reference list identifies it as Feeley et al. (2011). [luna56: extra entry, not in the external record]"
10.1097--acm.0000000000002311#flora_342,10.1097/acm.0000000000002311,10.1097--acm.0000000000002311,flora_342,Chief Resident Immersion Training in the Care of Older Adults: An Innovative Interspecialty Education and Leadership Intervention (2008.0),yes,,success,close extension,,,,,,"The Chief Resident Immersion Training program improves chief residents' geriatric knowledge, clinical confidence, teaching skills, and interspecialty practice.",,ambiguous,The supplied document is supplemental survey material and does not provide the original study's bibliographic details or an in-text citation sentence naming the original study. The replication is identified by the title and description of a national replication of Boston Medical Center's CRIT program; the title characterizes it as successful.
10.1002--pits.22364#flora_222,10.1002/pits.22364,10.1002--pits.22364,flora_222,Treatment Integrity of Interventions With Children in the School Psychology Literature from 1995 to 2008 (2011.0),yes,,,,,,,,,,,, [luna56: no entry matched this anchor]
10.1158--1055-9965.epi-11-0870-t#flora_395,10.1158/1055-9965.epi-11-0870-t,10.1158--1055-9965.epi-11-0870-t,flora_395,Genome-wide association study identifies five new susceptibility loci for prostate cancer in the Japanese population (2010.0),yes,,failure,close extension,,Genome-wide association study identifies five new susceptibility loci for prostate cancer in the Japanese population,"Takata, R; Akamatsu, S; Kubo, M; Takahashi, A; Hosono, N; Kawaguchi, T",2010,Nature Genetics,The original study claimed that the rs9600079 locus was associated with prostate cancer risk in men of Japanese ancestry.,Takata and colleagues conducted a GWAS in a Japanese population and identified 5 novel loci with allele frequencies ranging between 0.36 and 0.44 [2].,clear,"The replication found no association for rs9600079 and explicitly states that this SNP did not replicate. The cited sentence identifies the original study but gives the year only through reference [2], not in the sentence itself."
,10.1158/1055-9965.epi-11-0870-t,10.1158--1055-9965.epi-11-0870-t,,,yes,,success,close extension,,Genome-wide association study identifies five new susceptibility loci for prostate cancer in the Japanese population,"Takata, R; Akamatsu, S; Kubo, M; Takahashi, A; Hosono, N; Kawaguchi, T",2010,Nature Genetics,The original study claimed that the rs13385191 locus was associated with prostate cancer risk in men of Japanese ancestry.,Takata and colleagues conducted a GWAS in a Japanese population and identified 5 novel loci with allele frequencies ranging between 0.36 and 0.44 [2].,clear,"The paper reports a significant association for rs13385191 in the European-ancestry replication sample and describes four of the five loci as replicated. The cited sentence identifies the original study but gives the year only through reference [2], not in the sentence itself. [luna56: extra entry, not in the external record]"
,10.1158/1055-9965.epi-11-0870-t,10.1158--1055-9965.epi-11-0870-t,,,yes,,success,close extension,,Genome-wide association study identifies five new susceptibility loci for prostate cancer in the Japanese population,"Takata, R; Akamatsu, S; Kubo, M; Takahashi, A; Hosono, N; Kawaguchi, T",2010,Nature Genetics,The original study claimed that the rs12653946 locus was associated with prostate cancer risk in men of Japanese ancestry.,Takata and colleagues conducted a GWAS in a Japanese population and identified 5 novel loci with allele frequencies ranging between 0.36 and 0.44 [2].,clear,"The paper reports replication of rs12653946, with the strongest association among the five loci. The cited sentence identifies the original study but gives the year only through reference [2], not in the sentence itself. [luna56: extra entry, not in the external record]"
,10.1158/1055-9965.epi-11-0870-t,10.1158--1055-9965.epi-11-0870-t,,,yes,,success,close extension,,Genome-wide association study identifies five new susceptibility loci for prostate cancer in the Japanese population,"Takata, R; Akamatsu, S; Kubo, M; Takahashi, A; Hosono, N; Kawaguchi, T",2010,Nature Genetics,The original study claimed that the rs1983891 locus was associated with prostate cancer risk in men of Japanese ancestry.,Takata and colleagues conducted a GWAS in a Japanese population and identified 5 novel loci with allele frequencies ranging between 0.36 and 0.44 [2].,clear,"The paper reports replication of rs1983891. The cited sentence identifies the original study but gives the year only through reference [2], not in the sentence itself. [luna56: extra entry, not in the external record]"
,10.1158/1055-9965.epi-11-0870-t,10.1158--1055-9965.epi-11-0870-t,,,yes,,success,close extension,,Genome-wide association study identifies five new susceptibility loci for prostate cancer in the Japanese population,"Takata, R; Akamatsu, S; Kubo, M; Takahashi, A; Hosono, N; Kawaguchi, T",2010,Nature Genetics,The original study claimed that the rs339331 locus was associated with prostate cancer risk in men of Japanese ancestry.,Takata and colleagues conducted a GWAS in a Japanese population and identified 5 novel loci with allele frequencies ranging between 0.36 and 0.44 [2].,clear,"The paper reports replication of rs339331. The cited sentence identifies the original study but gives the year only through reference [2], not in the sentence itself. [luna56: extra entry, not in the external record]"
10.1016--j.jml.2022.104352#flora_128,10.1016/j.jml.2022.104352,10.1016--j.jml.2022.104352,flora_128,Training Japanese listeners to identify English /r/ and /l/: A first report (1991.0),yes,,inconclusive,direct,https://doi.org/10.1121/1.1894649,Training Japanese listeners to identify English /r/ and /l/,"Logan, John; Lively, Scott; Pisoni, David",1991,The Journal of the Acoustical Society of America,Training Japanese listeners with multiple talkers improves identification of the English /r/-/l/ contrast and generalizes to novel talkers and items.,"Our study set out to replicate seminal phonetic training studies investigating the effect of talker variability on generalisation ability (Lively et al., 1993; Logan et al., 1991) in a large participant sample.",clear,"The authors describe this as a direct-as-possible replication. Both high- and low-variability groups improved, but evidence for a specific high-variability benefit was ambiguous."
,10.1016/j.jml.2022.104352,10.1016--j.jml.2022.104352,,,yes,,inconclusive,direct,https://doi.org/10.1121/1.408177,II: The role of phonetic environment and talker variability in learning new perceptual categories,"Lively, Scott; Logan, John; Pisoni, David",1993,The Journal of the Acoustical Society of America,Single-talker training improves identification of the English /r/-/l/ contrast but produces poorer generalization to novel talkers than multiple-talker training.,"Our study set out to replicate seminal phonetic training studies investigating the effect of talker variability on generalisation ability (Lively et al., 1993; Logan et al., 1991) in a large participant sample.",clear,"The replication focused on the single-talker condition corresponding to Experiment 2 of Lively et al. (1993). Evidence for a high-variability advantage over low variability was ambiguous. [luna56: extra entry, not in the external record]"
10.1111--desc.13080#flora_368,10.1111/desc.13080,10.1111--desc.13080,flora_368,Female teachers’ math anxiety affects girls’ math achievement (2010.0),yes,,failure,direct,,Female teachers' math anxiety affects girls' math achievement,"Beilock, S.; Gunderson, E.; Ramirez, G.; Levine, S.",2010,Proceedings of the National Academy of Sciences of the United States of America,Female elementary school teachers' math anxiety is associated with girls' endorsement of traditional gender stereotypes about math and reading.,"Contrary to that the findings reported in Beilock et al. (2010), we did not find a relation between teachers' math anxiety and children's stereotype endorsement for children identifying with either gender (girls: r = -0.04, p = 0.59; boys: r = -0.03, p = 0.71).",clear,The paper explicitly describes this as a non-replication of the association reported by Beilock et al. (2010).
,10.1111/desc.13080,10.1111--desc.13080,,,yes,,success,direct,,Female teachers' math anxiety affects girls' math achievement,"Beilock, S.; Gunderson, E.; Ramirez, G.; Levine, S.",2010,Proceedings of the National Academy of Sciences of the United States of America,"Female elementary school teachers' math anxiety is negatively associated with girls' math achievement, but not boys' math achievement.","Replicating the findings from Beilock et al. (2010), we found that teachers' math anxiety was negatively associated with children's math achievement at the end of the school year (B = -1.69, t = -2.65, p = 0.01).",clear,"The replication found the negative association for both boys and girls, rather than only girls, but the authors explicitly characterize the overall finding as replicated. [luna56: extra entry, not in the external record]"
10.1016--0163-6383(90)90029-8#flora_513,10.1016/0163-6383(90)90029-8,10.1016--0163-6383(90)90029-8,flora_513,Tactile/Kinesthetic Stimulation Effects on Preterm Neonates (1986.0),yes,,failure,direct,,Effects of tactile/kinesthetic stimulation on the clinical course and sleep/wake behavior of preterm neonates,"Scafidi, F; Field, T; Schanberg, S; Bauer, C; Vega-Lahr, N; Garcia, R; Poirier, J; Nystrom, G; Kuhn, C",1986,Infant Behavior and Development,Tactile/kinesthetic stimulation increases activity and produces more mature sleep/wake behaviors in preterm infants.,The similarity of overall sleep/wake state behaviors and activity levels in the two groups was an unexpected finding.,clear,The replication found no between-group differences in overall sleep/wake behavior or activity and discusses this as an unexpected non-replication of prior findings.
,10.1016/0163-6383(90)90029-8,10.1016--0163-6383(90)90029-8,,,yes,,success,direct,,Effects of tactile/kinesthetic stimulation on the clinical course and sleep/wake behavior of preterm neonates,"Scafidi, F; Field, T; Schanberg, S; Bauer, C; Vega-Lahr, N; Garcia, R; Poirier, J; Nystrom, G; Kuhn, C",1986,Infant Behavior and Development,Tactile/kinesthetic stimulation produces greater daily weight gain in preterm infants than standard care.,"Although this investigation replicated the weight gain results of our previous study [13][31], there are three notable differences between the earlier and more recent studies.",clear,"The paper explicitly states that it replicated the prior weight-gain result. The original is identified through numbered citations [13] and [31]; the OCR text does not provide an author-year citation in the relevant sentence, and no DOI is given. [luna56: extra entry, not in the external record]"
,10.1016/0163-6383(90)90029-8,10.1016--0163-6383(90)90029-8,,,yes,,success,direct,,Effects of tactile/kinesthetic stimulation on the clinical course and sleep/wake behavior of preterm neonates,"Scafidi, F; Field, T; Schanberg, S; Bauer, C; Vega-Lahr, N; Garcia, R; Poirier, J; Nystrom, G; Kuhn, C",1986,Infant Behavior and Development,Tactile/kinesthetic stimulation shortens the post-treatment hospital stay of preterm infants.,"Like our earlier study, we expected to show (a) greater daily weight gain for the treatment group with no significant group differences in caloric intake; (b) superior performance of the treatment infants on the Brazelton Neonatal Behavior Assessment Scale; and (c) a shorter hospital stay for the treatment infants following the stimulation period.",clear,"The paper reports a significantly shorter hospital stay for the treatment group, consistent with the prior study. The relevant sentence refers to the earlier study without an author-year citation. [luna56: extra entry, not in the external record]"
,10.1016/0163-6383(90)90029-8,10.1016--0163-6383(90)90029-8,,,yes,,inconclusive,direct,,Effects of tactile/kinesthetic stimulation on the clinical course and sleep/wake behavior of preterm neonates,"Scafidi, F; Field, T; Schanberg, S; Bauer, C; Vega-Lahr, N; Garcia, R; Poirier, J; Nystrom, G; Kuhn, C",1986,Infant Behavior and Development,Tactile/kinesthetic stimulation improves preterm infants' performance on the Brazelton Neonatal Behavioral Assessment Scale.,"Like our earlier study, we expected to show (a) greater daily weight gain for the treatment group with no significant group differences in caloric intake; (b) superior performance of the treatment infants on the Brazelton Neonatal Behavior Assessment Scale; and (c) a shorter hospital stay for the treatment infants following the stimulation period.",clear,"Only the habituation cluster differed significantly, and the Discussion characterizes developmental differences as minimal; this is partial support for the broader original claim. [luna56: extra entry, not in the external record]"
10.1016--j.ynirp.2022.100147#flora_486,10.1016/j.ynirp.2022.100147,10.1016--j.ynirp.2022.100147,flora_486,Altered prefrontal correlates of monetary anticipation and outcome in chronic pain (2018.0),yes,,inconclusive,close extension,https://doi.org/10.1097/j.pain.0000000000001232,Altered prefrontal correlates of monetary anticipation and outcome in chronic pain,"Martucci, K.; Borg, N.; Macniven, K.; Knutson, B.; Mackey, S.",2018,Pain,Whole-brain reward-related neural activity differs between fibromyalgia patients and healthy controls during monetary reward processing.,"These analyses were conducted to 1) confirm the ROI results in the present study, and 2) to examine the replicability of post-hoc whole-brain and expanded aMPFC results performed previously (Martucci et al., 2018).",ambiguous,"The whole-brain results showed group differences across reward-associated regions at an exploratory visualization threshold, and the authors characterize them as largely similar to the prior study, but do not provide a clear unqualified replication claim."
,10.1016/j.ynirp.2022.100147,10.1016--j.ynirp.2022.100147,,,yes,,inconclusive,close extension,https://doi.org/10.1097/j.pain.0000000000001232,Altered prefrontal correlates of monetary anticipation and outcome in chronic pain,"Martucci, K.; Borg, N.; Macniven, K.; Knutson, B.; Mackey, S.",2018,Pain,Fibromyalgia patients show reduced medial prefrontal cortex responses compared with healthy controls during anticipation of monetary reward gains.,"Compared to healthy controls, patients demonstrated reduced MPFC responses during the anticipation of reward gains, but enhanced MPFC responses in response to non-punishment outcomes.",clear,"The replication found a trend in the same direction, but the group difference did not reach the preregistered corrected significance threshold; the authors describe it as a consistent trend rather than a full replication. [luna56: extra entry, not in the external record]"
,10.1016/j.ynirp.2022.100147,10.1016--j.ynirp.2022.100147,,,yes,,inconclusive,close extension,https://doi.org/10.1097/j.pain.0000000000001232,Altered prefrontal correlates of monetary anticipation and outcome in chronic pain,"Martucci, K.; Borg, N.; Macniven, K.; Knutson, B.; Mackey, S.",2018,Pain,Fibromyalgia patients show enhanced medial prefrontal cortex responses compared with healthy controls to non-punishment monetary outcomes.,"Compared to healthy controls, patients demonstrated reduced MPFC responses during the anticipation of reward gains, but enhanced MPFC responses in response to non-punishment outcomes.",clear,"The replication found a trend in the same direction, but the group difference did not reach the preregistered corrected significance threshold; the authors describe it as a consistent trend rather than a full replication. [luna56: extra entry, not in the external record]"
,10.1016/j.ynirp.2022.100147,10.1016--j.ynirp.2022.100147,,,yes,,inconclusive,close extension,https://doi.org/10.1097/j.pain.0000000000001232,Altered prefrontal correlates of monetary anticipation and outcome in chronic pain,"Martucci, K.; Borg, N.; Macniven, K.; Knutson, B.; Mackey, S.",2018,Pain,Nucleus accumbens responses during anticipation of monetary reward gains do not differ between fibromyalgia patients and healthy controls.,"NAcc responses during the anticipation of reward gains, however, did not significantly differ in patients vs. controls (Martucci et al., 2018).",ambiguous,"The replication also found no significant group difference and the authors describe this as consistent with the original finding, but the null result does not meet the codebook's usual significant-effect criterion for success. [luna56: extra entry, not in the external record]"
,10.1016/j.ynirp.2022.100147,10.1016--j.ynirp.2022.100147,,,yes,,success,close extension,https://doi.org/10.1097/j.pain.0000000000001232,Altered prefrontal correlates of monetary anticipation and outcome in chronic pain,"Martucci, K.; Borg, N.; Macniven, K.; Knutson, B.; Mackey, S.",2018,Pain,Greater medial prefrontal cortex response to non-punishment outcomes is positively associated with greater mood disturbance.,"Further, as part of the replication efforts of the present study, the majority of correlational analyses performed in the present study were similarly performed previously (Martucci et al., 2018).",clear,"The replication found a significant positive association between MPFC non-punishment response and mood disturbance, and the authors state that this confirms the earlier evidence. [luna56: extra entry, not in the external record]"
,10.1016/j.ynirp.2022.100147,10.1016--j.ynirp.2022.100147,,,yes,,failure,close extension,https://doi.org/10.1097/j.pain.0000000000001232,Altered prefrontal correlates of monetary anticipation and outcome in chronic pain,"Martucci, K.; Borg, N.; Macniven, K.; Knutson, B.; Mackey, S.",2018,Pain,Fibromyalgia patients show reduced anterior cingulate cortex responses during anticipation of monetary rewards.,"As shown in previous exploratory analyses (Martucci et al., 2018), patients with fibromyalgia demonstrate reduced reward anticipatory response in the ACC with a trend for a similar pattern of reduced response in the aINS.",clear,"The present study reports no group difference in ACC reward-anticipation response and explicitly describes this as inconsistent with the prior finding. [luna56: extra entry, not in the external record]"
,10.1016/j.ynirp.2022.100147,10.1016--j.ynirp.2022.100147,,,yes,,success,close extension,https://doi.org/10.1097/j.pain.0000000000001232,Altered prefrontal correlates of monetary anticipation and outcome in chronic pain,"Martucci, K.; Borg, N.; Macniven, K.; Knutson, B.; Mackey, S.",2018,Pain,Fibromyalgia patients show reduced anterior insula responses during anticipation of monetary rewards.,"As shown in previous exploratory analyses (Martucci et al., 2018), patients with fibromyalgia demonstrate reduced reward anticipatory response in the ACC with a trend for a similar pattern of reduced response in the aINS.",clear,"The present study found significantly reduced bilateral anterior insula reward-anticipation response in patients, consistent with the direction of the prior exploratory result. [luna56: extra entry, not in the external record]"
,10.1016/j.ynirp.2022.100147,10.1016--j.ynirp.2022.100147,,,yes,,inconclusive,close extension,https://doi.org/10.1097/j.pain.0000000000001232,Altered prefrontal correlates of monetary anticipation and outcome in chronic pain,"Martucci, K.; Borg, N.; Macniven, B.; Knutson, B.; Mackey, S.",2018,Pain,Altered reward-related activity extends beyond the focused medial prefrontal cortex region into a broader anterior medial prefrontal cortex region.,"In the present study, we conducted post-hoc whole brain and expanded anterior MPFC (aMPFC) region analyses.",ambiguous,"The paper states that the expanded aMPFC results were largely similar to the prior study, but reports them as post-hoc exploratory findings without a clear entry-specific replication conclusion. [luna56: extra entry, not in the external record]"
10.1108--neje-04-2020-0005#flora_353,10.1108/neje-04-2020-0005,10.1108--neje-04-2020-0005,flora_353,A Competency-Based Perspective on Entrepreneurship Education: Conceptual and Empirical Insights (2013.0),yes,,failure,close extension,https://doi.org/10.1111/jsbm.12023,A competency-based perspective on entrepreneurship education: conceptual and empirical insights,"Morris, Michael H.; Webb, James W.; Fu, Jun; Singhal, Sudeendra",2013,Journal of Small Business Management,Participation in an entrepreneurship education experience involving classroom instruction and international consulting fieldwork increases students' self-reported entrepreneurial competencies.,This paper extends the seminal work of Morris et al. (2013b) by asking whether perceived entrepreneurial competencies can be improved in a semester-long classroom setting.,clear,"Second cohort, described as the in-study replication. The predicted interaction effect was found for only one competency, which was not among the three supported in the first cohort; the discussion states that the study was unable to reliably increase the competencies."
,10.1108/neje-04-2020-0005,10.1108--neje-04-2020-0005,,,yes,,inconclusive,close extension,https://doi.org/10.1111/jsbm.12023,A competency-based perspective on entrepreneurship education: conceptual and empirical insights,"Morris, Michael H.; Webb, James W.; Fu, Jun; Singhal, Sudeendra",2013,Journal of Small Business Management,Participation in an entrepreneurship education experience involving classroom instruction and international consulting fieldwork increases students' self-reported entrepreneurial competencies.,This paper extends the seminal work of Morris et al. (2013b) by asking whether perceived entrepreneurial competencies can be improved in a semester-long classroom setting.,clear,"First cohort of the current study. The authors report limited or partial support: five competencies increased in the treatment group, but only three showed the predicted treatment-versus-control interaction. [luna56: extra entry, not in the external record]"
10.1017--xps.2017.22#flora_279,10.1017/xps.2017.22,10.1017--xps.2017.22,flora_279,The Political Relevance of Irrelevant Events (2017.0),yes,,inconclusive,close extension,,The Political Relevance of Irrelevant Events,"Busby, Eric; Druckman, James; Fredendall, Aaron",2017,The Journal of Politics,"The outcome of a college football game affects students' negative mood, reducing negative mood among students at the winning school and increasing it among students at the losing school.","We seek to replicate one of these studies (i.e., Busby et al., 2017).",clear,"The replication found the predicted negative-mood effect for Clemson, the losing school, but not for Alabama, the winning school; the authors describe the overall result as a partial replication."
,10.1017/xps.2017.22,10.1017--xps.2017.22,,,yes,,inconclusive,close extension,,The Political Relevance of Irrelevant Events,"Busby, Eric; Druckman, James; Fredendall, Aaron",2017,The Journal of Politics,"The outcome of a college football game affects presidential approval, with students at the winning school becoming more approving and students at the losing school becoming less approving.","We seek to replicate one of these studies (i.e., Busby et al., 2017).",clear,"The replication found the predicted presidential-approval effect for Clemson, the losing school, but not for Alabama, the winning school; the authors describe the overall result as a partial replication. [luna56: extra entry, not in the external record]"
,10.1017/xps.2017.22,10.1017--xps.2017.22,,,yes,,inconclusive,close extension,,The Political Relevance of Irrelevant Events,"Busby, Eric; Druckman, James; Fredendall, Aaron",2017,The Journal of Politics,"The outcome of a college football game affects students' satisfaction with their university, increasing satisfaction among students at the winning school and decreasing it among students at the losing school.","We seek to replicate one of these studies (i.e., Busby et al., 2017).",clear,"The replication found the predicted university-satisfaction effect for Clemson, the losing school, but not for Alabama, the winning school; the authors describe the overall result as a partial replication. [luna56: extra entry, not in the external record]"
,10.1017/xps.2017.22,10.1017--xps.2017.22,,,yes,,inconclusive,close extension,,The Political Relevance of Irrelevant Events,"Busby, Eric; Druckman, James; Fredendall, Aaron",2017,The Journal of Politics,"The outcome of a college football game affects students' positive mood, improving mood among students at the winning school and worsening mood among students at the losing school.","We seek to replicate one of these studies (i.e., Busby et al., 2017).",clear,"The replication found the predicted positive-mood effect for Clemson, the losing school, but not for Alabama, the winning school; the authors describe the overall result as a partial replication. [luna56: extra entry, not in the external record]"
10.1371--journal.pone.0209704#flora_440,10.1371/journal.pone.0209704,10.1371--journal.pone.0209704,flora_440,Behavioral Study of obedience. (1963.0),yes,,failure,close experiment,,Behavioral study of obedience,"Milgram, Stanley",1963,Journal of Abnormal and Social Psychology,Participants obey an authority figure by administering escalating electric shocks to a learner who gives incorrect answers and expresses distress.,Participants then went through a modified version of Milgram's classic 'proximity' study variant (see [4]) in which the Learner and the Teacher are in the same room.,ambiguous,"The paper is a modified virtual-reality reprise of Milgram's obedience paradigm. It reproduces obedience behavior but explicitly presents its findings as a refutation of Milgram's agentic-state explanation, because participants also showed concern for and attempted to help the Learner."
10.1002--cpp.686#flora_215,10.1002/cpp.686,10.1002--cpp.686,flora_215,Interpersonal Predictors of Group Therapy Outcome for Complicated Grief (2002.0),yes,,success,direct,,Interpersonal predictors of group therapy outcome for complicated grief,"Ogrodniczuk, J. S.; Piper, W. E.; McCallum, M.; Joyce, A. S.; Rosie, J. S.",2002,International Journal of Group Psychotherapy,"Attachment insecurity predicts outcome following short-term group therapy for patients presenting with complicated grief, emerging as the strongest interpersonal predictor.","In an analysis of data from a comparative trial of two forms (interpretive, supportive) of STG therapy (n = 107), Ogrodniczuk, Piper, McCallum, Joyce and Rosie reported that three distinct indices of interpersonal relatedness-quality of object relations, current social functioning and attachment insecurity-each had signifi cant relationships with measures of treatment outcome, with attachment insecurity emerging as the strongest predictor.",clear,"The authors explicitly state that attachment insecurity emerged as a significant predictor of all three outcome factors when represented by the RSQ measures, providing a replication of the key finding. The RAQ overall score did not replicate the original result, but the broader attachment-security finding was supported."
,10.1002/cpp.686,10.1002--cpp.686,,,yes,,failure,direct,,Interpersonal predictors of group therapy outcome for complicated grief,"Ogrodniczuk, J. S.; Piper, W. E.; McCallum, M.; Joyce, A. S.; Rosie, J. S.",2002,International Journal of Group Psychotherapy,Quality of object relations predicts outcome following short-term group therapy for patients presenting with complicated grief.,"In an analysis of data from a comparative trial of two forms (interpretive, supportive) of STG therapy (n = 107), Ogrodniczuk, Piper, McCallum, Joyce and Rosie reported that three distinct indices of interpersonal relatedness-quality of object relations, current social functioning and attachment insecurity-each had signifi cant relationships with measures of treatment outcome, with attachment insecurity emerging as the strongest predictor.",clear,"The replication found no significant relationship between quality of object relations and any of the three outcome factors. [luna56: extra entry, not in the external record]"
,10.1002/cpp.686,10.1002--cpp.686,,,yes,,failure,direct,,Interpersonal predictors of group therapy outcome for complicated grief,"Ogrodniczuk, J. S.; Piper, W. E.; McCallum, M.; Joyce, A. S.; Rosie, J. S.",2002,International Journal of Group Psychotherapy,Current social functioning predicts outcome following short-term group therapy for patients presenting with complicated grief.,"In an analysis of data from a comparative trial of two forms (interpretive, supportive) of STG therapy (n = 107), Ogrodniczuk, Piper, McCallum, Joyce and Rosie reported that three distinct indices of interpersonal relatedness-quality of object relations, current social functioning and attachment insecurity-each had signifi cant relationships with measures of treatment outcome, with attachment insecurity emerging as the strongest predictor.",clear,"The replication found nonsignificant relationships between pre-therapy global social functioning and all three outcome factors. [luna56: extra entry, not in the external record]"
10.1007--s11251-018-9451-7#flora_245,10.1007/s11251-018-9451-7,10.1007--s11251-018-9451-7,flora_245,Improving problem solving with subgoal labels in expository text and worked examples (2016.0),yes,,inconclusive,close extension,https://doi.org/10.1016/j.learninstruc.2015.12.002,Improving problem solving with subgoal labels in procedural instructions and worked examples,"Margulieux, Lauren; Catrambone, Robert",2016,Learning and Instruction,Placing subgoal labels in both expository text and worked examples improves novel problem-solving performance more than placing labels in only one or neither type of instructional material.,"In line with these predictions, Margulieux and Catrambone (2016) found that subgoal labels improved learning for a programming task most if they were placed in the expository text and worked examples.",ambiguous,"Experiment 2 tested the intervention in chemistry. Subgoal-labeled worked examples consistently improved performance, and subgoal-labeled expository text had an additive effect rather than the interaction found in the original programming study. The authors state that the results did not match the hypothesized replication pattern."
,10.1007/s11251-018-9451-7,10.1007--s11251-018-9451-7,,,yes,,failure,close extension,https://doi.org/10.1016/j.learninstruc.2015.12.002,Improving problem solving with subgoal labels in procedural instructions and worked examples,"Margulieux, Lauren; Catrambone, Robert",2016,Learning and Instruction,Placing subgoal labels in both expository text and worked examples improves novel problem-solving performance more than placing labels in only one or neither type of instructional material.,"In line with these predictions, Margulieux and Catrambone (2016) found that subgoal labels improved learning for a programming task most if they were placed in the expository text and worked examples.",clear,"Experiment 1 tested the intervention in statistics and found no effect of subgoal-labeled expository text and no interaction with subgoal-labeled worked examples, although labeled worked examples improved performance. [luna56: extra entry, not in the external record]"
10.1007--s10648-019-09468-2#flora_121,10.1007/s10648-019-09468-2,10.1007--s10648-019-09468-2,flora_121,The Pen Is Mightier Than the Keyboard (2014.0),yes,,failure,direct,https://doi.org/10.1177/0956797614524581,The Pen Is Mightier Than the Keyboard: Advantages of Longhand Over Laptop Note Taking,"Mueller, Pam; Oppenheimer, Daniel",2014,Psychological Science,"Mueller and Oppenheimer's Experiment 2 claimed that taking notes longhand rather than on a laptop improves immediate lecture-test performance, particularly on conceptual questions, and that laptop notes contain more words and verbatim overlap with the lecture.",We conducted a direct replication of Mueller and Oppenheimer (2014) and extended their work by including groups who took notes using eWriters and who did not take notes.,clear,"The authors explicitly state that immediate test performance did not replicate the significant longhand-superiority effect; factual and conceptual performance did not significantly differ, and the conceptual trend favored laptops."
,10.1007/s10648-019-09468-2,10.1007--s10648-019-09468-2,,,yes,,inconclusive,direct,https://doi.org/10.1177/0956797614524581,The Pen Is Mightier Than the Keyboard: Advantages of Longhand Over Laptop Note Taking,"Mueller, Pam; Oppenheimer, Daniel",2014,Psychological Science,"Mueller and Oppenheimer's Experiment 1 claimed that taking notes longhand rather than on a laptop improves subsequent performance on lecture-content tests, particularly conceptual questions, while laptop notes contain more words and verbatim overlap with the lecture.",We conducted a direct replication of Mueller and Oppenheimer (2014) and extended their work by including groups who took notes using eWriters and who did not take notes.,clear,"The replication found mixed outcomes: longhand significantly outperformed laptop note-taking on factual questions but not conceptual questions, whereas the original reported the opposite pattern; word count and verbatim overlap findings were replicated. [luna56: extra entry, not in the external record]"
10.1002--ejsp.2175#flora_473,10.1002/ejsp.2175,10.1002--ejsp.2175,flora_473,Reading and doing arithmetic nonconsciously (2012.0),yes,,success,close extension,https://doi.org/10.1016/j.concog.2011.03.018,Formation of semantic associations between subliminally presented face-word pairs,"Duss, S.; Oggier, S.; Reber, T.",2011,Consciousness and Cognition,"Subliminally presented face-occupation pairs influence subsequent conscious classifications of the same faces, including judgments about income.","In [20], subliminal presentations of face-occupation pairs influenced participants' subsequent conscious classifications of the same faces when various semantic dimensions were offered, namely regularity of income, length of education, and creativity of work.",ambiguous,Experiment 1 tests the previously reported face-occupation classification effect after a substantially longer delay. The paper uses a numeric citation rather than author-year citation in the identifying sentence.
10.1037--xge0000788#flora_154,10.1037/xge0000788,10.1037--xge0000788,flora_154,Free to punish: A motivated account of free will belief (2014.0),yes,,inconclusive,close experiment,https://doi.org/10.1037/a0035480,Free to punish: A motivated account of free will belief,"Clark, Christopher J.; Luguri, Joshua B.; Ditto, Peter H.; Knobe, Joshua; Shariff, Azim F.; Baumeister, Roy F.",2014,Journal of Personality and Social Psychology,Blameworthy behavior increases general and agent-specific free-will judgments compared with morally neutral behavior.,,ambiguous,"This is the Study 3 replication attempt. The omnibus effect on the moralized free-will measure was significant, but the expected blameworthy condition did not differ from praiseworthy or strange conditions, creating mixed evidence for the original moral-motivation account."
,10.1037/xge0000788,10.1037--xge0000788,,,yes,,failure,direct,https://doi.org/10.1037/a0035480,Free to punish: A motivated account of free will belief,"Clark, Christopher J.; Luguri, Joshua B.; Ditto, Peter H.; Knobe, Joshua; Shariff, Azim F.; Baumeister, Roy F.",2014,Journal of Personality and Social Psychology,Exposure to an immoral or blameworthy situation increases participants' belief in free will compared with exposure to a morally neutral situation.,,clear,"This is the Study 1 replication attempt; the supplied text identifies the vignettes as copied from Clark et al. (2014), but does not include the paper's introduction or discussion sentence identifying the original study. [luna56: extra entry, not in the external record]"
,10.1037/xge0000788,10.1037--xge0000788,,,yes,,failure,direct,https://doi.org/10.1037/a0035480,Free to punish: A motivated account of free will belief,"Clark, Christopher J.; Luguri, Joshua B.; Ditto, Peter H.; Knobe, Joshua; Shariff, Azim F.; Baumeister, Roy F.",2014,Journal of Personality and Social Psychology,"Immoral behavior increases belief in free will, partly because it increases the desire to punish the wrongdoer.",,clear,"This is the Study 2 replication attempt. The supplementary analyses report no significant effect of the morality manipulation on free will belief in either replication sample. [luna56: extra entry, not in the external record]"
10.1525--collabra.216#flora_92,10.1525/collabra.216,10.1525--collabra.216,flora_92,High in the hierarchy: How vertical location and judgments of leaders’ power are interrelated (2007.0),yes,,success,close experiment,https://doi.org/10.1016/j.obhdp.2006.10.001,High in the hierarchy: How vertical location and judgments of leaders' power are interrelated,"Giessner, Steffen; Schubert, Thomas",2007,Organizational Behavior and Human Decision Processes,A leader positioned vertically above another leader is judged as more powerful than a leader positioned at the same vertical level.,"As a part of this approach, we (Giessner & Schubert, 2007) conducted a series of experiments examining whether the vertical spatial dimension relates to power perceptions of leaders.",clear,Study 2 introduced a modified paradigm to separate vertical rank order from magnitude of elevation. The rank-order effect was significant and the authors explicitly conclude that rank order matters; this effect was not isolated in the original Study 1a paradigm.
,10.1525/collabra.216,10.1525--collabra.216,,,yes,,success,close experiment,https://doi.org/10.1016/j.obhdp.2006.10.001,High in the hierarchy: How vertical location and judgments of leaders' power are interrelated,"Giessner, Steffen; Schubert, Thomas",2007,Organizational Behavior and Human Decision Processes,Describing a leader as powerful rather than powerless causes participants to place the leader's box higher in an organization chart.,"In Study 3a of the same original paper (Giessner & Schubert, 2007), we had tested the reverse effect -namely whether describing a leader as powerful versus powerless would result in placing a box of this leader on a higher versus lower vertical position within an organization chart.",clear,"Study 1 of the current paper replicates original Study 3a. The authors explicitly state that the study successfully replicated the main findings. [luna56: extra entry, not in the external record]"
,10.1525/collabra.216,10.1525--collabra.216,,,yes,,failure,close experiment,https://doi.org/10.1016/j.obhdp.2006.10.001,High in the hierarchy: How vertical location and judgments of leaders' power are interrelated,"Giessner, Steffen; Schubert, Thomas",2007,Organizational Behavior and Human Decision Processes,"A greater magnitude of vertical elevation between a leader and subordinates causes the leader to be judged as more powerful, even when hierarchical rank remains unchanged.","As a part of this approach, we (Giessner & Schubert, 2007) conducted a series of experiments examining whether the vertical spatial dimension relates to power perceptions of leaders.",clear,"Study 2 directly follows up on original Study 1a's magnitude-of-elevation claim. The current study found no magnitude effect, and the authors describe the original positive finding as a false positive. [luna56: extra entry, not in the external record]"
10.5964--jnc.7047#flora_208,10.5964/jnc.7047,10.5964--jnc.7047,flora_208,"Examining the relations between executive function, math, and literacy during the transition to kindergarten: A multi-analytic approach. (2017.0)",yes,,inconclusive,conceptual,https://doi.org/10.1037/edu0000193,"Examining the relations between executive function, math, and literacy during the transition to kindergarten: A multi-analytic approach","Schmitt, S.; Geldhof, G.; Purpura, D.; Duncan, R.; Mcclelland, M.",2017,Journal of Educational Psychology,"The original study claimed that executive function prospectively predicted math achievement, but not literacy achievement, across kindergarten, within a broader pattern of reciprocal associations between executive function and academic achievement.","The goal of the current study was to conduct a conceptual replication of Schmitt et al. (2017, https://doi.org/10.1037/edu0000193).",clear,"Pathways sample; executive function predicted subsequent math and literacy achievement, but math and literacy did not predict executive function, so the overall replication evidence was mixed."
,10.5964/jnc.7047,10.5964--jnc.7047,,,yes,,inconclusive,conceptual,https://doi.org/10.1037/edu0000193,"Examining the relations between executive function, math, and literacy during the transition to kindergarten: A multi-analytic approach","Schmitt, S.; Geldhof, G.; Purpura, D.; Duncan, R.; Mcclelland, M.",2017,Journal of Educational Psychology,"The original study claimed bidirectional associations between executive function and math achievement, as well as associations between executive function and literacy achievement, across the transition from preschool to kindergarten, with executive function prospectively predicting math achievement across kindergarten.","The goal of the current study was to conduct a conceptual replication of Schmitt et al. (2017, https://doi.org/10.1037/edu0000193).",clear,"STAR sample; the replication found executive function predicted subsequent math achievement but did not reproduce the original bidirectional pattern. [luna56: extra entry, not in the external record]"
10.1525--collabra.168#flora_192,10.1525/collabra.168,10.1525--collabra.168,flora_192,The universal and automatic association between brightness and positivity (2018.0),yes,,success,direct,https://doi.org/10.1016/j.actpsy.2018.04.007,The universal and automatic association between brightness and positivity,"Specker, E.; Leder, H.; Rosenberg, R.; Hegelmaier, L.; Brinkmann, H.; Mikuni, J.; Kawabata, H.",2018,Acta Psychologica,The original Study 2 claimed that brightness is explicitly associated with positivity when using achromatic black-and-white stimuli.,In the current study we present a direct replication of Study 1 and Study 2 of [17].,clear,
,10.1525/collabra.168,10.1525--collabra.168,,,yes,,success,direct,https://doi.org/10.1016/j.actpsy.2018.04.007,The universal and automatic association between brightness and positivity,"Specker, E.; Leder, H.; Rosenberg, R.; Hegelmaier, L.; Brinkmann, H.; Mikuni, J.; Kawabata, H.",2018,Acta Psychologica,"The original Study 1 claimed that brightness is implicitly associated with positivity, as measured using an Implicit Association Test with chromatic stimuli.",In the current study we present a direct replication of Study 1 and Study 2 of [17].,clear,"The replication also added an explicit rating measure to Study 1, which failed, but the original Study 1 effect being replicated was the implicit association. [luna56: extra entry, not in the external record]"
,10.1525/collabra.168,10.1525--collabra.168,,,yes,,success,direct,https://doi.org/10.1016/j.actpsy.2018.04.007,The universal and automatic association between brightness and positivity,"Specker, E.; Leder, H.; Rosenberg, R.; Hegelmaier, L.; Brinkmann, H.; Mikuni, J.; Kawabata, H.",2018,Acta Psychologica,The original Study 2 claimed that brightness is implicitly associated with positivity when using achromatic black-and-white stimuli.,In the current study we present a direct replication of Study 1 and Study 2 of [17].,clear," [luna56: extra entry, not in the external record]"
10.1177--1948550618775410#flora_83,10.1177/1948550618775410,10.1177--1948550618775410,flora_83,Reading Literary Fiction Improves Theory of Mind (2013.0),yes,,success,direct,https://doi.org/10.1126/science.1239918,Reading Literary Fiction Improves Theory of Mind,"Kidd, D.; Castano, E.",2013,Science,"Kidd and Castano (2013), Experiment 5: reading literary fiction produces higher Reading the Mind in the Eyes Test performance than reading popular fiction.",These experiments are preregistered replications and extensions of the fifth experiment reported in Kidd and Castano (2013).,clear,The authors explicitly characterize the third study as a successful replication of the original RMET effect.
,10.1177/1948550618775410,10.1177--1948550618775410,,,yes,,inconclusive,direct,https://doi.org/10.1126/science.1239918,Reading Literary Fiction Improves Theory of Mind,"Kidd, D.; Castano, E.",2013,Science,"Kidd and Castano (2013), Experiment 5: reading literary fiction produces higher Reading the Mind in the Eyes Test performance than reading popular fiction.",These experiments are preregistered replications and extensions of the fifth experiment reported in Kidd and Castano (2013).,clear,"This was the first of three attempts to replicate the original RMET effect; the authors characterize its small-telescopes result as uninformative. [luna56: extra entry, not in the external record]"
,10.1177/1948550618775410,10.1177--1948550618775410,,,yes,,inconclusive,direct,https://doi.org/10.1126/science.1239918,Reading Literary Fiction Improves Theory of Mind,"Kidd, D.; Castano, E.",2013,Science,"Kidd and Castano (2013), Experiment 5: reading literary fiction produces higher Reading the Mind in the Eyes Test performance than reading popular fiction.",These experiments are preregistered replications and extensions of the fifth experiment reported in Kidd and Castano (2013).,clear,"This was the second of three attempts to replicate the original RMET effect; the authors characterize its small-telescopes result as uninformative. [luna56: extra entry, not in the external record]"
10.1016--j.dcn.2017.12.003#fred_304,10.1016/j.dcn.2017.12.003,10.1016--j.dcn.2017.12.003,fred_304,Social Perception in Infancy: A Near Infrared Spectroscopy Study (2009.0),yes,,success,direct,https://doi.org/10.1111/j.1467-8624.2009.01312.x,Social perception in infancy: a near infrared spectroscopy study,"Lloyd-Fox, Sarah; Blasi, Alessandra; Volein, Anna; Everdell, Nicky; Elwell, Clare E.; Johnson, Mark H.",2009,Child Development,Social dynamic stimuli elicit greater posterior temporal cortical activation than non-social dynamic stimuli in infants.,"In the present study, we aim to replicate the results of Lloyd-Fox et al. (2009) and investigate the impact of infant Negative Affect (as measured by parental questionnaire) on the early cortical specialization for processing social dynamic stimuli.",clear,"The authors explicitly state in the Discussion that they replicated Lloyd-Fox et al. (2009), although the differential HbO response was significant only in the right hemisphere and lateralization evidence was marginal."
10.17605--osf.io--knjhu#fred_280,10.17605/osf.io/knjhu,10.17605--osf.io--knjhu,fred_280,Outcome bias in decision evaluation. (1988.0),yes,,success,close extension,https://doi.org/10.1037//0022-3514.54.4.569,Outcome bias in decision evaluation,"Baron, Jonathan; Hershey, John",1988,Journal of Personality and Social Psychology,"In Baron and Hershey's Experiment 1, decisions made by physicians that resulted in successful outcomes were evaluated more favorably than identical decisions that resulted in failed outcomes.","We conducted a pre-registered replication and extension of Experiment 1 (original's: N = 20) from the classic [2] with an online Amazon Mechanical Turk sample using CloudResearch (N = 692), switching from a within-participants design in the original experiment to a between-participants design.",clear,"This is the physician decision-maker contrast from the original Experiment 1. The authors explicitly describe the replication as successful. It is coded close extension because the study changed the design, setting, and participant population."
,10.17605/osf.io/knjhu,10.17605--osf.io--knjhu,,,yes,,success,close extension,https://doi.org/10.1037//0022-3514.54.4.569,Outcome bias in decision evaluation,"Baron, Jonathan; Hershey, John",1988,Journal of Personality and Social Psychology,"In Baron and Hershey's Experiment 1, decisions made by patients that resulted in successful outcomes were evaluated more favorably than identical decisions that resulted in failed outcomes.","We conducted a pre-registered replication and extension of Experiment 1 (original's: N = 20) from the classic [2] with an online Amazon Mechanical Turk sample using CloudResearch (N = 692), switching from a within-participants design in the original experiment to a between-participants design.",clear,"This is the patient decision-maker contrast from the original Experiment 1. The authors explicitly describe the replication as successful. It is coded close extension because the study changed the design, setting, and participant population. [luna56: extra entry, not in the external record]"
10.17605--osf.io--ahcpw#fred_296,10.17605/osf.io/ahcpw,10.17605--osf.io--ahcpw,fred_296,"Music, Pandas, and Muggers: On the Affective Psychology of Value. (2004.0)",yes,,failure,close extension,https://doi.org/10.1037/0096-3445.133.1.23,"Music, Pandas, and Muggers: On the Affective Psychology of Value","Hsee, Christopher K.; Rottenstreich, Yuval",2004,Journal of Experimental Psychology: General,"In Study 4, sentencing judgments were expected to be scope-sensitive when participants received no empathy instruction and relatively scope-insensitive when participants received an empathy instruction.","In a pre-registered experiment with an American online Amazon Mechanical Turk sample (N = 1010), we replicated Studies 2, 3 and 4 from Hsee and Rottenstreich (2004) replication and extension.",clear,"The abstract reports no significant interaction for the Sentencing a Mugger replication, and the paper states that there was no support for the corresponding replication hypothesis. The results section is incomplete in places and the discussion is a placeholder, but no evidence supports success."
,10.17605/osf.io/ahcpw,10.17605--osf.io--ahcpw,,,yes,,failure,close extension,https://doi.org/10.1037/0096-3445.133.1.23,"Music, Pandas, and Muggers: On the Affective Psychology of Value","Hsee, Christopher K.; Rottenstreich, Yuval",2004,Journal of Experimental Psychology: General,"In Study 2, cash as an affect-poor target was expected to produce scope-sensitive willingness to work, whereas a music book as an affect-rich target was expected to produce scope-insensitive willingness to work.","In a pre-registered experiment with an American online Amazon Mechanical Turk sample (N = 1010), we replicated Studies 2, 3 and 4 from Hsee and Rottenstreich (2004) replication and extension.",clear,"The replication authors explicitly state that they failed to find support for replication hypotheses 1a and 1b and found no significant Scope × Target interaction. The paper is a preregistration-stage draft with a placeholder discussion, but the reported results clearly indicate failure. [luna56: extra entry, not in the external record]"
,10.17605/osf.io/ahcpw,10.17605--osf.io--ahcpw,,,yes,,failure,close extension,https://doi.org/10.1037/0096-3445.133.1.23,"Music, Pandas, and Muggers: On the Affective Psychology of Value","Hsee, Christopher K.; Rottenstreich, Yuval",2004,Journal of Experimental Psychology: General,"In Study 3, presenting pandas as affect-poor dots was expected to produce scope-sensitive donation judgments, whereas presenting pandas as affect-rich pictures was expected to produce scope-insensitive donation judgments.","In a pre-registered experiment with an American online Amazon Mechanical Turk sample (N = 1010), we replicated Studies 2, 3 and 4 from Hsee and Rottenstreich (2004) replication and extension.",clear,"The replication authors explicitly state that they failed to find support for hypotheses 5a and 5b and found no significant Scope × Presentation interaction. The paper is a preregistration-stage draft with a placeholder discussion, but the reported results clearly indicate failure. [luna56: extra entry, not in the external record]"
10.17605--osf.io--wmqtb#fred_2,10.17605/osf.io/wmqtb,10.17605--osf.io--wmqtb,fred_2,Goals as Reference Points (1999.0),yes,,failure,close experiment,,Goals as Reference Points,"Heath, C.; Larrick, R.; Wu, G.",1999,Cognitive Psychology,"At the beginning of pursuing a goal, people are more committed to a moderate, proximal goal than to an ambitious, distal goal.",The present study is a close replication of Heath et al. (1999)'s with two main objectives.,ambiguous,The proximal-goal option was not the most frequently selected; equal commitment was selected more often.
10.17605--osf.io--wmqtb#fred_3,10.17605/osf.io/wmqtb,10.17605--osf.io--wmqtb,fred_3,Goals as Reference Points (1999.0),yes,,success,close experiment,,Goals as Reference Points,"Heath, C.; Larrick, R.; Wu, G.",1999,Cognitive Psychology,"People perceive more progress toward a moderate, proximal goal than toward an ambitious, distal goal.",The present study is a close replication of Heath et al. (1999)'s with two main objectives.,clear,
10.17605--osf.io--wmqtb#fred_4,10.17605/osf.io/wmqtb,10.17605--osf.io--wmqtb,fred_4,Goals as Reference Points (1999.0),yes,,success,close experiment,,Goals as Reference Points,"Heath, C.; Larrick, R.; Wu, G.",1999,Cognitive Psychology,"At the end of pursuing a goal, people are more committed to a moderate, proximal goal than to an ambitious, distal goal.",The present study is a close replication of Heath et al. (1999)'s with two main objectives.,clear,
10.17605--osf.io--wmqtb#fred_5,10.17605/osf.io/wmqtb,10.17605--osf.io--wmqtb,fred_5,Goals as Reference Points (1999.0),yes,,success,close experiment,,Goals as Reference Points,"Heath, C.; Larrick, R.; Wu, G.",1999,Cognitive Psychology,Smaller and more proximal subgoals increase the likelihood of achieving the overall goal.,The present study is a close replication of Heath et al. (1999)'s with two main objectives.,clear,
10.17605--osf.io--wmqtb#fred_7,10.17605/osf.io/wmqtb,10.17605--osf.io--wmqtb,fred_7,Goals as Reference Points (1999.0),yes,,success,close experiment,,Goals as Reference Points,"Heath, C.; Larrick, R.; Wu, G.",1999,Cognitive Psychology,"In the absence of a specific goal, people prefer a lower-risk option over a higher-risk option involving gains.",The present study is a close replication of Heath et al. (1999)'s with two main objectives.,clear,
10.17605--osf.io--wmqtb#fred_9,10.17605/osf.io/wmqtb,10.17605--osf.io--wmqtb,fred_9,Goals as Reference Points (1999.0),yes,,success,close experiment,,Goals as Reference Points,"Heath, C.; Larrick, R.; Wu, G.",1999,Cognitive Psychology,"When falling behind a specific goal, people are more willing to choose a higher-risk option than when no specific goal is present.",The present study is a close replication of Heath et al. (1999)'s with two main objectives.,ambiguous,"Both conditions showed a preference for the lower-risk option, but the authors interpret the relatively greater preference for the higher-risk option when below a goal as support for the original hypothesis."
,10.17605/osf.io/wmqtb,10.17605--osf.io--wmqtb,,,yes,,success,close experiment,,Goals as Reference Points,"Heath, C.; Larrick, R.; Wu, G.",1999,Cognitive Psychology,"Goals divide outcomes into positive and negative emotional domains, such that performance above a goal produces positive emotion and performance below a goal produces negative emotion.",The present study is a close replication of Heath et al. (1999)'s with two main objectives.,clear," [luna56: extra entry, not in the external record]"
,10.17605/osf.io/wmqtb,10.17605--osf.io--wmqtb,,,yes,,success,close experiment,,Goals as Reference Points,"Heath, C.; Larrick, R.; Wu, G.",1999,Cognitive Psychology,Falling short of a specific goal produces lower satisfaction than performing better than usual without a specific goal.,The present study is a close replication of Heath et al. (1999)'s with two main objectives.,clear," [luna56: extra entry, not in the external record]"
,10.17605/osf.io/wmqtb,10.17605--osf.io--wmqtb,,,yes,,inconclusive,close experiment,,Goals as Reference Points,"Heath, C.; Larrick, R.; Wu, G.",1999,Cognitive Psychology,An equivalent loss below a goal elicits more emotion than an equivalent gain above a goal.,The present study is a close replication of Heath et al. (1999)'s with two main objectives.,clear,"The authors describe the result as barely supporting the hypothesis and marginally detected. [luna56: extra entry, not in the external record]"
,10.17605/osf.io/wmqtb,10.17605--osf.io--wmqtb,,,yes,,success,close experiment,,Goals as Reference Points,"Heath, C.; Larrick, R.; Wu, G.",1999,Cognitive Psychology,People exert more effort on an additional unit of work when they are below a goal than when they are above it.,The present study is a close replication of Heath et al. (1999)'s with two main objectives.,clear," [luna56: extra entry, not in the external record]"
,10.17605/osf.io/wmqtb,10.17605--osf.io--wmqtb,,,yes,,inconclusive,close experiment,,Goals as Reference Points,"Heath, C.; Larrick, R.; Wu, G.",1999,Cognitive Psychology,A person who is below a goal and approaching it exerts approximately twice as much effort as a person who has surpassed a goal while producing the same amount of work.,The present study is a close replication of Heath et al. (1999)'s with two main objectives.,ambiguous,"The replication did not strongly support the hypothesized loss-aversion coefficient of 2. [luna56: extra entry, not in the external record]"
,10.17605/osf.io/wmqtb,10.17605--osf.io--wmqtb,,,yes,,inconclusive,close experiment,,Goals as Reference Points,"Heath, C.; Larrick, R.; Wu, G.",1999,Cognitive Psychology,A person who has surpassed a goal exerts approximately half as much effort as a person who is below a goal and approaching it while producing the same amount of work.,The present study is a close replication of Heath et al. (1999)'s with two main objectives.,ambiguous,"The replication did not strongly support the hypothesized loss-aversion coefficient of 2, although the reversed scenario produced consistent evidence. [luna56: extra entry, not in the external record]"
,10.17605/osf.io/wmqtb,10.17605--osf.io--wmqtb,,,yes,,success,close experiment,,Goals as Reference Points,"Heath, C.; Larrick, R.; Wu, G.",1999,Cognitive Psychology,"When people are above their goals, they exert more effort on an additional unit of work when they are closer to the goal than when they are farther away.",The present study is a close replication of Heath et al. (1999)'s with two main objectives.,clear," [luna56: extra entry, not in the external record]"
,10.17605/osf.io/wmqtb,10.17605--osf.io--wmqtb,,,yes,,success,close experiment,,Goals as Reference Points,"Heath, C.; Larrick, R.; Wu, G.",1999,Cognitive Psychology,"When people are below their goals, they exert more effort on an additional unit of work when they are closer to the goal than when they are farther away.",The present study is a close replication of Heath et al. (1999)'s with two main objectives.,clear," [luna56: extra entry, not in the external record]"
,10.17605/osf.io/wmqtb,10.17605--osf.io--wmqtb,,,yes,,success,close experiment,,Goals as Reference Points,"Heath, C.; Larrick, R.; Wu, G.",1999,Cognitive Psychology,"When a difficult goal cannot be attained, people exert more effort in the short run when they are closer to the goal than when they are farther away.",The present study is a close replication of Heath et al. (1999)'s with two main objectives.,clear," [luna56: extra entry, not in the external record]"
10.17605--osf.io--4hjck#fred_205,10.17605/osf.io/4hjck,10.17605--osf.io--4hjck,fred_205,Numeracy and Decision Making (2006.0),yes,,success,direct,,Numeracy and decision making,"Peters, Ellen; Västfjäll, Daniel; Slovic, Paul; Mertz, C. K.",2006,Psychological Science,Higher numeracy is associated with drawing more affective meaning from probabilities and numerical comparisons.,"Peters et al. (2006) conducted four studies and we aimed to replicate all of them with needed adjustments and collected in a single data collection, with the experiments displayed in a random order (more on that in the methods section).",clear,The replication found the predicted interaction for affect in the bets task.
,10.17605/osf.io/4hjck,10.17605--osf.io--4hjck,,,yes,,success,direct,,Numeracy and decision making,"Peters, Ellen; Västfjäll, Daniel; Slovic, Paul; Mertz, C. K.",2006,Psychological Science,Higher numeracy is associated with a weaker positive-negative attribute framing effect.,"Peters et al. (2006) conducted four studies and we aimed to replicate all of them with needed adjustments and collected in a single data collection, with the experiments displayed in a random order (more on that in the methods section).",clear,"The replication authors explicitly report support for the framing interaction. [luna56: extra entry, not in the external record]"
,10.17605/osf.io/4hjck,10.17605--osf.io--4hjck,,,yes,,inconclusive,direct,,Numeracy and decision making,"Peters, Ellen; Västfjäll, Daniel; Slovic, Paul; Mertz, C. K.",2006,Psychological Science,Higher numeracy is associated with a weaker frequency-percentage framing effect.,"Peters et al. (2006) conducted four studies and we aimed to replicate all of them with needed adjustments and collected in a single data collection, with the experiments displayed in a random order (more on that in the methods section).",ambiguous,"The dichotomized replication did not reach significance, but the effect was in the predicted direction; the authors explicitly hedge and report support when numeracy is treated continuously. [luna56: extra entry, not in the external record]"
,10.17605/osf.io/4hjck,10.17605--osf.io--4hjck,,,yes,,success,direct,,Numeracy and decision making,"Peters, Ellen; Västfjäll, Daniel; Slovic, Paul; Mertz, C. K.",2006,Psychological Science,"Lower numeracy is associated with a greater tendency to choose the suboptimal, large-numerator ratio option in competing affective decisions.","Peters et al. (2006) conducted four studies and we aimed to replicate all of them with needed adjustments and collected in a single data collection, with the experiments displayed in a random order (more on that in the methods section).",ambiguous,"The replication did not reproduce the overall ratio-bias main effect, but it reproduced the predicted association between numeracy and bowl choice and the authors describe the numeracy finding as consistent with the original. [luna56: extra entry, not in the external record]"
,10.17605/osf.io/4hjck,10.17605--osf.io--4hjck,,,yes,,success,direct,,Numeracy and decision making,"Peters, Ellen; Västfjäll, Daniel; Slovic, Paul; Mertz, C. K.",2006,Psychological Science,Lower numeracy is associated with more positive affect toward the affectively appealing option with less favorable objective probabilities.,"Peters et al. (2006) conducted four studies and we aimed to replicate all of them with needed adjustments and collected in a single data collection, with the experiments displayed in a random order (more on that in the methods section).",clear,"The replication found the predicted numeracy difference in affect toward Bowl A-9-100. [luna56: extra entry, not in the external record]"
,10.17605/osf.io/4hjck,10.17605--osf.io--4hjck,,,yes,,success,direct,,Numeracy and decision making,"Peters, Ellen; Västfjäll, Daniel; Slovic, Paul; Mertz, C. K.",2006,Psychological Science,Lower numeracy is associated with lower affective precision regarding the affectively appealing option with less favorable objective probabilities.,"Peters et al. (2006) conducted four studies and we aimed to replicate all of them with needed adjustments and collected in a single data collection, with the experiments displayed in a random order (more on that in the methods section).",clear,"The replication found lower affective precision among less numerate participants. [luna56: extra entry, not in the external record]"
,10.17605/osf.io/4hjck,10.17605--osf.io--4hjck,,,yes,,success,direct,,Numeracy and decision making,"Peters, Ellen; Västfjäll, Daniel; Slovic, Paul; Mertz, C. K.",2006,Psychological Science,"Higher numeracy is associated with a stronger bets effect, namely a larger difference in bet attractiveness between loss and no-loss conditions.","Peters et al. (2006) conducted four studies and we aimed to replicate all of them with needed adjustments and collected in a single data collection, with the experiments displayed in a random order (more on that in the methods section).",clear,"The replication found the predicted numeracy-by-bet-condition interaction. [luna56: extra entry, not in the external record]"
10.1097--psy.0b013e3181fdd074#fred_221,10.1097/psy.0b013e3181fdd074,10.1097--psy.0b013e3181fdd074,fred_221,Methylation at <i>SLC6A4</i> is linked to family history of child abuse: An examination of the Iowa Adoptee sample (2010.0),yes,,success,direct,,Methylation at SLC6A4 is linked to family history of child abuse: an examination of the Iowa Aadoptee sample,"Beach, S.; Brody, G.; Todorov, A.; Gunter, T.; Philibert, R.",2010,American Journal of Medical Genetics Part B: Neuropsychiatric Genetics,Child sex abuse is associated with overall hypermethylation of the 5HTT promoter region among women.,"In earlier work, we found that child abuse, including physical abuse, harsh parenting, and sex abuse, was associated with overall hypermethylation of the 5HTT promoter region [8].",clear,"The paper cites the original numerically as reference [8] rather than using an author-year citation. The mediation of ASPD symptoms and genotype-methylation interaction are extensions, not separate replications of the prior study's effect."
10.17605--osf.io--w34fb#fred_295,10.17605/osf.io/w34fb,10.17605--osf.io--w34fb,fred_295,More than a body: Mind perception and the nature of objectification. (2011.0),yes,,failure,close experiment,https://doi.org/10.1037/a0025883,More than a body: Mind perception and the nature of objectification,"Gray, Kurt; Knobe, Joshua; Sheskin, Mark; Bloom, Paul; Barrett, Lisa Feldman",2011,Journal of Personality and Social Psychology,Body focus causes observers to attribute higher moral patiency to the target.,The study described in the current report is a very close replication of Gray et al.'s (2011) study and had two clear goals.,clear,Replication of the moral-patiency component of Gray et al.'s Experiment Five; authors reported no support for the predicted higher capacity to be harmed.
,10.17605/osf.io/w34fb,10.17605--osf.io--w34fb,,,yes,,failure,close experiment,https://doi.org/10.1037/a0025883,More than a body: Mind perception and the nature of objectification,"Gray, Kurt; Knobe, Joshua; Sheskin, Mark; Bloom, Paul; Barrett, Lisa Feldman",2011,Journal of Personality and Social Psychology,Body focus causes observers to perceive a target as having lower agency.,The study described in the current report is a very close replication of Gray et al.'s (2011) study and had two clear goals.,clear,"Replication of the agency component of Gray et al.'s Experiment Four; authors reported no support for the predicted lower agency effect. [luna56: extra entry, not in the external record]"
,10.17605/osf.io/w34fb,10.17605--osf.io--w34fb,,,yes,,failure,close experiment,https://doi.org/10.1037/a0025883,More than a body: Mind perception and the nature of objectification,"Gray, Kurt; Knobe, Joshua; Sheskin, Mark; Bloom, Paul; Barrett, Lisa Feldman",2011,Journal of Personality and Social Psychology,Body focus causes observers to perceive a target as having higher experience.,The study described in the current report is a very close replication of Gray et al.'s (2011) study and had two clear goals.,clear,"Replication of the experience component of Gray et al.'s Experiment Four; authors reported no support for the predicted higher experience effect. [luna56: extra entry, not in the external record]"
,10.17605/osf.io/w34fb,10.17605--osf.io--w34fb,,,yes,,failure,close experiment,https://doi.org/10.1037/a0025883,More than a body: Mind perception and the nature of objectification,"Gray, Kurt; Knobe, Joshua; Sheskin, Mark; Bloom, Paul; Barrett, Lisa Feldman",2011,Journal of Personality and Social Psychology,Attractiveness is positively associated with perceived agency.,The study described in the current report is a very close replication of Gray et al.'s (2011) study and had two clear goals.,clear,"Replication of the attractiveness-agency association examined in Experiment Four; authors reported no support for the predicted positive correlation. [luna56: extra entry, not in the external record]"
,10.17605/osf.io/w34fb,10.17605--osf.io--w34fb,,,yes,,failure,close experiment,https://doi.org/10.1037/a0025883,More than a body: Mind perception and the nature of objectification,"Gray, Kurt; Knobe, Joshua; Sheskin, Mark; Bloom, Paul; Barrett, Lisa Feldman",2011,Journal of Personality and Social Psychology,Sexual suggestiveness is negatively associated with perceived agency.,The study described in the current report is a very close replication of Gray et al.'s (2011) study and had two clear goals.,clear,"Replication of the sexual-suggestiveness-agency association examined in Experiment Four; authors reported no support for the predicted negative correlation. [luna56: extra entry, not in the external record]"
,10.17605/osf.io/w34fb,10.17605--osf.io--w34fb,,,yes,,failure,close experiment,https://doi.org/10.1037/a0025883,More than a body: Mind perception and the nature of objectification,"Gray, Kurt; Knobe, Joshua; Sheskin, Mark; Bloom, Paul; Barrett, Lisa Feldman",2011,Journal of Personality and Social Psychology,Sexual suggestiveness is positively associated with perceived experience.,The study described in the current report is a very close replication of Gray et al.'s (2011) study and had two clear goals.,clear,"Replication of the sexual-suggestiveness-experience association examined in Experiment Four; authors reported no support for the predicted positive correlation. [luna56: extra entry, not in the external record]"
,10.17605/osf.io/w34fb,10.17605--osf.io--w34fb,,,yes,,failure,close experiment,https://doi.org/10.1037/a0025883,More than a body: Mind perception and the nature of objectification,"Gray, Kurt; Knobe, Joshua; Sheskin, Mark; Bloom, Paul; Barrett, Lisa Feldman",2011,Journal of Personality and Social Psychology,Body focus causes observers to attribute lower moral agency to the target.,The study described in the current report is a very close replication of Gray et al.'s (2011) study and had two clear goals.,clear,"Replication of the moral-agency component of Gray et al.'s Experiment Five; authors reported no support for the predicted lower moral blameworthiness. [luna56: extra entry, not in the external record]"
10.1037--a0024923#fred_218,10.1037/a0024923,10.1037--a0024923,fred_218,Children's and adults' judgments of equitable resource distributions (2009.0),yes,,success,direct,https://doi.org/10.1111/j.1467-7687.2009.00859,Children's and adults' judgments of equitable resource distributions,"McCrink, K.; Bloom, P.; Santos, L.",2010,Developmental Science,"In a Giving Game, adults judge givers who provide a greater proportion of their available resources as nicer, whereas young children favor givers who provide a greater absolute amount.","In Study 1, we tested 5-year-olds' sensitivity to proportion when assessing the ""niceness"" of givers in order to replicate [24].",clear,"The full-text rendition represents the author-year citation as reference marker [24]; the cited original is McCrink, Bloom, and Santos (2010)."
10.31234--osf.io--esu9z#fred_32,10.31234/osf.io/esu9z,10.31234--osf.io--esu9z,fred_32,Testing the Death Thought Suppression and Rebound Hypothesis (2012.0),yes,,,,,,,,,,,, [luna56: no entry matched this anchor]
10.31234--osf.io--3bhja#fred_207,10.31234/osf.io/3bhja,10.31234--osf.io--3bhja,fred_207,Personality change following unemployment. (2015.0),yes,,,,,,,,,,,, [luna56: no entry matched this anchor]
10.31234--osf.io--3bhja#fred_208,10.31234/osf.io/3bhja,10.31234--osf.io--3bhja,fred_208,Personality change following unemployment. (2015.0),yes,,,,,,,,,,,, [luna56: no entry matched this anchor]
10.31234--osf.io--3bhja#fred_281,10.31234/osf.io/3bhja,10.31234--osf.io--3bhja,fred_281,Personality change following unemployment. (2015.0),yes,,failure,direct,https://doi.org/10.1037/a0038647,Personality change following unemployment,"Boyce, Christopher; Wood, Alex; Daly, Michael; Sedikides, Constantine",2015,Journal of Applied Psychology,"Unemployment was claimed to cause a mean-level decline in openness relative to employment, with the change varying nonlinearly by unemployment duration and respondents' gender.","The study by Boyce and colleagues (2015) was chosen as target of our replication for two reasons: First, the study excluded data from participants who were out of the labor force, such as students, homemakers, or retirees.",clear,The authors explicitly state that the hypothesized effect of unemployment on openness could not be replicated.
10.31234--osf.io--3bhja#fred_282,10.31234/osf.io/3bhja,10.31234--osf.io--3bhja,fred_282,Personality change following unemployment. (2015.0),yes,,failure,direct,https://doi.org/10.1037/a0038647,Personality change following unemployment,"Boyce, Christopher; Wood, Alex; Daly, Michael; Sedikides, Constantine",2015,Journal of Applied Psychology,"Unemployment was claimed to cause a mean-level decline in agreeableness relative to employment, with the change varying by unemployment duration and respondents' gender.","The study by Boyce and colleagues (2015) was chosen as target of our replication for two reasons: First, the study excluded data from participants who were out of the labor force, such as students, homemakers, or retirees.",clear,The authors explicitly state that the hypothesized effect of unemployment on agreeableness could not be replicated.
10.31234--osf.io--3bhja#fred_283,10.31234/osf.io/3bhja,10.31234--osf.io--3bhja,fred_283,Personality change following unemployment. (2015.0),yes,,failure,direct,https://doi.org/10.1037/a0038647,Personality change following unemployment,"Boyce, Christopher; Wood, Alex; Daly, Michael; Sedikides, Constantine",2015,Journal of Applied Psychology,"Unemployment was claimed to cause a mean-level decline in conscientiousness relative to employment, with the change varying by unemployment duration and respondents' gender.","The study by Boyce and colleagues (2015) was chosen as target of our replication for two reasons: First, the study excluded data from participants who were out of the labor force, such as students, homemakers, or retirees.",clear,The authors explicitly state that the hypothesized effect of unemployment on conscientiousness could not be replicated.
10.1177--2515245920958687#fred_245,10.1177/2515245920958687,10.1177--2515245920958687,fred_245,Detecting the Snake in the Grass (2008.0),yes,,failure,direct,https://doi.org/10.1111/j.1467-9280.2008.02081.x,Detecting the snake in the grass: Attention to fear-relevant stimuli by adults and young children,"LoBue, Vanessa; DeLoache, Judy S.",2008,Psychological Science,Adults and young children detect fear-relevant snakes more readily than nonfear-relevant stimuli.,LoBue & DeLoache (2008),clear,Many Labs 5 RP:P protocol; the replication effect was not statistically significant.
10.1177--2515245920958687#fred_246,10.1177/2515245920958687,10.1177--2515245920958687,fred_246,Detecting the Snake in the Grass (2008.0),yes,,failure,close extension,https://doi.org/10.1111/j.1467-9280.2008.02081.x,Detecting the snake in the grass: Attention to fear-relevant stimuli by adults and young children,"LoBue, Vanessa; DeLoache, Judy S.",2008,Psychological Science,Adults and young children detect fear-relevant snakes more readily than nonfear-relevant stimuli.,LoBue & DeLoache (2008),clear,Many Labs 5 revised protocol; the replication effect was not statistically significant.
,10.1177/2515245920958687,10.1177--2515245920958687,,,yes,,failure,direct,,Increasing and decreasing motor and cognitive output: A model of general action and inaction goals,"Albarracín, Dolores; Handley, Ian M.; Noguchi, Keiko; McCulloch, Kathleen C.; Li, Hong; Leeper, James; Hart, William P.",2008,Journal of Personality and Social Psychology,"Instilling action or inaction goals influences subsequent motor and cognitive output (Albarracín et al., 2008, Experiment 5).",Two of our included studies came from Albarracín et al. (2008).,clear,"Many Labs 5 RP:P protocol; the replication effect was not statistically significant. [luna56: extra entry, not in the external record]"
,10.1177/2515245920958687,10.1177--2515245920958687,,,yes,,inconclusive,close extension,,Increasing and decreasing motor and cognitive output: A model of general action and inaction goals,"Albarracín, Dolores; Handley, Ian M.; Noguchi, Keiko; McCulloch, Kathleen C.; Li, Hong; Leeper, James; Hart, William P.",2008,Journal of Personality and Social Psychology,"Instilling action or inaction goals influences subsequent motor and cognitive output (Albarracín et al., 2008, Experiment 5).",Two of our included studies came from Albarracín et al. (2008).,ambiguous,"Many Labs 5 revised protocol; the effect was significant and in the expected direction, but the authors treated the broader evidence as weak and substantially smaller than the original. [luna56: extra entry, not in the external record]"
,10.1177/2515245920958687,10.1177--2515245920958687,,,yes,,failure,direct,,Increasing and decreasing motor and cognitive output: A model of general action and inaction goals,"Albarracín, Dolores; Handley, Ian M.; Noguchi, Keiko; McCulloch, Kathleen C.; Li, Hong; Leeper, James; Hart, William P.",2008,Journal of Personality and Social Psychology,"Instilling action or inaction goals influences subsequent motor and cognitive output (Albarracín et al., 2008, Experiment 7).",Two of our included studies came from Albarracín et al. (2008).,clear,"Many Labs 5 RP:P protocol; the replication effect was not statistically significant. [luna56: extra entry, not in the external record]"
,10.1177/2515245920958687,10.1177--2515245920958687,,,yes,,failure,close extension,,Increasing and decreasing motor and cognitive output: A model of general action and inaction goals,"Albarracín, Dolores; Handley, Ian M.; Noguchi, Keiko; McCulloch, Kathleen C.; Li, Hong; Leeper, James; Hart, William P.",2008,Journal of Personality and Social Psychology,"Instilling action or inaction goals influences subsequent motor and cognitive output (Albarracín et al., 2008, Experiment 7).",Two of our included studies came from Albarracín et al. (2008).,clear,"Many Labs 5 revised protocol; the effect was not statistically significant and was in the wrong direction. [luna56: extra entry, not in the external record]"
,10.1177/2515245920958687,10.1177--2515245920958687,,,yes,,inconclusive,direct,https://doi.org/10.1111/j.1467-9280.2008.02072.x,Where do we look during potentially offensive behavior?,"Crosby, John R.; Monin, Benoît; Richardson, David",2008,Psychological Science,People look toward rather than away from a person engaging in potentially offensive behavior.,"Crosby, Monin, & Richardson (2008)",ambiguous,"Many Labs 5 RP:P protocol; the effect was positive but not statistically significant. [luna56: extra entry, not in the external record]"
,10.1177/2515245920958687,10.1177--2515245920958687,,,yes,,inconclusive,close experiment,https://doi.org/10.1111/j.1467-9280.2008.02072.x,Where do we look during potentially offensive behavior?,"Crosby, John R.; Monin, Benoît; Richardson, David",2008,Psychological Science,People look toward rather than away from a person engaging in potentially offensive behavior.,"Crosby, Monin, & Richardson (2008)",ambiguous,"Many Labs 5 revised protocol; the effect was positive but not statistically significant. [luna56: extra entry, not in the external record]"
,10.1177/2515245920958687,10.1177--2515245920958687,,,yes,,failure,direct,,The effect of global versus local processing styles on assimilation versus contrast in social judgment,"Förster, Jens; Liberman, Nira; Kuschel, Sonja",2008,Journal of Personality and Social Psychology,Global versus local processing styles produce assimilation versus contrast in social judgment.,"Förster, Liberman, & Kuschel (2008)",clear,"Many Labs 5 RP:P protocol; the replication effect was not statistically significant. [luna56: extra entry, not in the external record]"
,10.1177/2515245920958687,10.1177--2515245920958687,,,yes,,failure,close experiment,,The effect of global versus local processing styles on assimilation versus contrast in social judgment,"Förster, Jens; Liberman, Nira; Kuschel, Sonja",2008,Journal of Personality and Social Psychology,Global versus local processing styles produce assimilation versus contrast in social judgment.,"Förster, Liberman, & Kuschel (2008)",clear,"Many Labs 5 revised protocol; the replication effect was not statistically significant. [luna56: extra entry, not in the external record]"
,10.1177/2515245920958687,10.1177--2515245920958687,,,yes,,failure,direct,,Why do implicit and explicit attitude tests diverge? The role of structural fit,"Payne, B. Keith; Burkley, Melissa A.; Stokes, M. B.",2008,Journal of Personality and Social Psychology,Implicit and explicit race attitudes are less strongly correlated when participants are instructed to respond without bias than when they are instructed to express their true feelings.,"Payne, Burkley, and Stokes (2008)",clear,"Many Labs 5 RP:P protocol; the high-powered replication was not statistically significant. [luna56: extra entry, not in the external record]"
,10.1177/2515245920958687,10.1177--2515245920958687,,,yes,,failure,close extension,,Why do implicit and explicit attitude tests diverge? The role of structural fit,"Payne, B. Keith; Burkley, Melissa A.; Stokes, M. B.",2008,Journal of Personality and Social Psychology,Implicit and explicit race attitudes are less strongly correlated when participants are instructed to respond without bias than when they are instructed to express their true feelings.,"Payne, Burkley, and Stokes (2008)",clear,"Many Labs 5 revised protocol; the effect was not statistically significant and was in the opposite direction. [luna56: extra entry, not in the external record]"
,10.1177/2515245920958687,10.1177--2515245920958687,,,yes,,failure,direct,,Why people are reluctant to tempt fate,"Risen, Jane L.; Gilovich, Thomas",2008,Journal of Personality and Social Psychology,People are reluctant to tempt fate and avoid actions associated with tempting fate.,Risen & Gilovich (2008),clear,"Many Labs 5 RP:P protocol; the replication effect was statistically significant but opposite in direction, and the authors did not characterize it as a clear reversal. [luna56: extra entry, not in the external record]"
,10.1177/2515245920958687,10.1177--2515245920958687,,,yes,,failure,close extension,,Why people are reluctant to tempt fate,"Risen, Jane L.; Gilovich, Thomas",2008,Journal of Personality and Social Psychology,People are reluctant to tempt fate and avoid actions associated with tempting fate.,Risen & Gilovich (2008),clear,"Many Labs 5 revised protocol; the replication effect was not statistically significant. [luna56: extra entry, not in the external record]"
,10.1177/2515245920958687,10.1177--2515245920958687,,,yes,,failure,direct,,A needs-based model of reconciliation: Satisfying the differential emotional needs of victim and perpetrator as a key to promoting reconciliation,"Shnabel, Nurit; Nadler, Arie",2008,Journal of Personality and Social Psychology,Restoring psychological needs after a conflict increases willingness to reconcile.,Shnabel and Nadler (2008),clear,"Many Labs 5 RP:P protocol; the replication effect was not statistically significant. [luna56: extra entry, not in the external record]"
,10.1177/2515245920958687,10.1177--2515245920958687,,,yes,,inconclusive,close experiment,,A needs-based model of reconciliation: Satisfying the differential emotional needs of victim and perpetrator as a key to promoting reconciliation,"Shnabel, Nurit; Nadler, Arie",2008,Journal of Personality and Social Psychology,Restoring psychological needs after a conflict increases willingness to reconcile.,Shnabel and Nadler (2008),ambiguous,"Many Labs 5 revised protocol; the effect was significant and in the expected direction, but substantially smaller than the original and discussed as only suggestive. [luna56: extra entry, not in the external record]"
,10.1177/2515245920958687,10.1177--2515245920958687,,,yes,,failure,direct,,A social functional approach to emotions in bargaining: When communicating anger pays and when it backfires,"van Dijk, Eric; van Kleef, Gerben A.; Steinel, Wolfgang; van Beest, Ilja",2008,Journal of Personality and Social Psychology,Negotiators make more generous offers to happy negotiation partners than to angry negotiation partners.,"van Dijk, van Kleef, Steinel, & van Beest (2008)",clear,"Many Labs 5 RP:P protocol; the replication effect was not statistically significant. [luna56: extra entry, not in the external record]"
,10.1177/2515245920958687,10.1177--2515245920958687,,,yes,,inconclusive,close experiment,,A social functional approach to emotions in bargaining: When communicating anger pays and when it backfires,"van Dijk, Eric; van Kleef, Gerben A.; Steinel, Wolfgang; van Beest, Ilja",2008,Journal of Personality and Social Psychology,Negotiators make more generous offers to happy negotiation partners than to angry negotiation partners.,"van Dijk, van Kleef, Steinel, & van Beest (2008)",ambiguous,"Many Labs 5 revised protocol; the effect was in the expected direction but not statistically significant. [luna56: extra entry, not in the external record]"
,10.1177/2515245920958687,10.1177--2515245920958687,,,yes,,failure,direct,,The value of believing in free will: Encouraging a belief in determinism increases cheating,"Vohs, Kathleen D.; Schooler, Jonathan W.",2008,Psychological Science,"Encouraging belief in determinism, rather than free will, increases cheating.",Vohs & Schooler (2008),clear,"Many Labs 5 RP:P protocol; the replication effect was not statistically significant. [luna56: extra entry, not in the external record]"
,10.1177/2515245920958687,10.1177--2515245920958687,,,yes,,failure,close experiment,,The value of believing in free will: Encouraging a belief in determinism increases cheating,"Vohs, Kathleen D.; Schooler, Jonathan W.",2008,Psychological Science,"Encouraging belief in determinism, rather than free will, increases cheating.",Vohs & Schooler (2008),clear,"Many Labs 5 revised protocol; the replication effect was not statistically significant. [luna56: extra entry, not in the external record]"
10.17605--osf.io--j9mfn#fred_300,10.17605/osf.io/j9mfn,10.17605--osf.io--j9mfn,fred_300,What do i think you're doing? Action identification and mind attribution. (2006.0),yes,,failure,close extension,https://doi.org/10.1037/0022-3514.90.4.543,What do I think you're doing? Action identification and mind attribution,"Kozak, M.; Marsh, A.; Wegner, D.",2006,Journal of Personality and Social Psychology,Action identification is higher for a nonsuffering character than for a suffering character.,"The study described in the current report is a close replication of the Studies 1, 2, 3, and 5 from [11] and had two clear goals. Kozak et al. (2005) established the relationship between action identification and mind attribution.",clear,The authors explicitly stated that they found no support for hypothesis 3a.
10.17605--osf.io--j9mfn#fred_301,10.17605/osf.io/j9mfn,10.17605--osf.io--j9mfn,fred_301,What do i think you're doing? Action identification and mind attribution. (2006.0),yes,,failure,close extension,https://doi.org/10.1037/0022-3514.90.4.543,What do I think you're doing? Action identification and mind attribution,"Kozak, M.; Marsh, A.; Wegner, D.",2006,Journal of Personality and Social Psychology,Mind attribution is higher for a nonsuffering character than for a suffering character.,"The study described in the current report is a close replication of the Studies 1, 2, 3, and 5 from [11] and had two clear goals. Kozak et al. (2005) established the relationship between action identification and mind attribution.",clear,The authors explicitly stated that they found no support for hypothesis 3b.
10.17605--osf.io--j9mfn#fred_302,10.17605/osf.io/j9mfn,10.17605--osf.io--j9mfn,fred_302,What do i think you're doing? Action identification and mind attribution. (2006.0),yes,,failure,close extension,https://doi.org/10.1037/0022-3514.90.4.543,What do I think you're doing? Action identification and mind attribution,"Kozak, M.; Marsh, A.; Wegner, D.",2006,Journal of Personality and Social Psychology,Action identification is higher when participants adopt the character's first-person perspective than when they adopt an objective third-person perspective.,"The study described in the current report is a close replication of the Studies 1, 2, 3, and 5 from [11] and had two clear goals. Kozak et al. (2005) established the relationship between action identification and mind attribution.",clear,The authors explicitly stated that they found no support for hypothesis 4a.
10.17605--osf.io--j9mfn#fred_303,10.17605/osf.io/j9mfn,10.17605--osf.io--j9mfn,fred_303,What do i think you're doing? Action identification and mind attribution. (2006.0),yes,,failure,close extension,https://doi.org/10.1037/0022-3514.90.4.543,What do I think you're doing? Action identification and mind attribution,"Kozak, M.; Marsh, A.; Wegner, D.",2006,Journal of Personality and Social Psychology,Mind attribution is higher when participants adopt the character's first-person perspective than when they adopt an objective third-person perspective.,"The study described in the current report is a close replication of the Studies 1, 2, 3, and 5 from [11] and had two clear goals. Kozak et al. (2005) established the relationship between action identification and mind attribution.",clear,The authors explicitly stated that they found no support for hypothesis 4b.
,10.17605/osf.io/j9mfn,10.17605--osf.io--j9mfn,,,yes,,failure,close extension,https://doi.org/10.1037/0022-3514.90.4.543,What do I think you're doing? Action identification and mind attribution,"Kozak, M.; Marsh, A.; Wegner, D.",2006,Journal of Personality and Social Psychology,Higher-level action identification is positively correlated with mind attribution.,"The study described in the current report is a close replication of the Studies 1, 2, 3, and 5 from [11] and had two clear goals. Kozak et al. (2005) established the relationship between action identification and mind attribution.",clear,"The replication authors explicitly stated that they found no support for hypothesis 1. [luna56: extra entry, not in the external record]"
,10.17605/osf.io/j9mfn,10.17605--osf.io--j9mfn,,,yes,,success,close extension,https://doi.org/10.1037/0022-3514.90.4.543,What do I think you're doing? Action identification and mind attribution,"Kozak, M.; Marsh, A.; Wegner, D.",2006,Journal of Personality and Social Psychology,Action identification is higher for a liked character than for a disliked character.,"The study described in the current report is a close replication of the Studies 1, 2, 3, and 5 from [11] and had two clear goals. Kozak et al. (2005) established the relationship between action identification and mind attribution.",ambiguous,"The authors concluded that they found support for hypothesis 2a, although the liking manipulation check failed. [luna56: extra entry, not in the external record]"
,10.17605/osf.io/j9mfn,10.17605--osf.io--j9mfn,,,yes,,failure,close extension,https://doi.org/10.1037/0022-3514.90.4.543,What do I think you're doing? Action identification and mind attribution,"Kozak, M.; Marsh, A.; Wegner, D.",2006,Journal of Personality and Social Psychology,Mind attribution is higher for a liked character than for a disliked character.,"The study described in the current report is a close replication of the Studies 1, 2, 3, and 5 from [11] and had two clear goals. Kozak et al. (2005) established the relationship between action identification and mind attribution.",clear,"The authors explicitly stated that they found no support for hypothesis 2b. [luna56: extra entry, not in the external record]"
10.48550--arxiv.1605.00178#fred_225,10.48550/arxiv.1605.00178,10.48550--arxiv.1605.00178,fred_225,Quantification and ACD: Evidence from Real-Time Sentence Processing (2012.0),yes,,,,,,,,,,,, [luna56: no entry matched this anchor]
10.48550--arxiv.1605.00178#fred_226,10.48550/arxiv.1605.00178,10.48550--arxiv.1605.00178,fred_226,Quantification and ACD: Evidence from Real-Time Sentence Processing (2012.0),yes,,,,,,,,,,,, [luna56: no entry matched this anchor]
10.48550--arxiv.1605.00178#fred_227,10.48550/arxiv.1605.00178,10.48550--arxiv.1605.00178,fred_227,Quantification and ACD: Evidence from Real-Time Sentence Processing (2012.0),yes,,,,,,,,,,,, [luna56: no entry matched this anchor]
10.48550--arxiv.1605.00178#fred_228,10.48550/arxiv.1605.00178,10.48550--arxiv.1605.00178,fred_228,Quantification and ACD: Evidence from Real-Time Sentence Processing (2012.0),yes,,,,,,,,,,,, [luna56: no entry matched this anchor]
10.48550--arxiv.1605.00178#fred_229,10.48550/arxiv.1605.00178,10.48550--arxiv.1605.00178,fred_229,Quantification and ACD: Evidence from Real-Time Sentence Processing (2012.0),yes,,failure,direct,,Quantification and ACD: Evidence from Real Time Sentence Processing,"Hackl, M; Koster-Hale, J; Varvoutis, J",2012,Journal of Semantics,"In Experiment 1, quantified object noun phrases headed by “every” were predicted to show a processing advantage over definite object noun phrases headed by “the” in antecedent-contained-deletion relative clauses, reflected in an interaction between determiner and verb type after the disambiguating verb.","In a recent attempt to find on-line evidence for the existence of Quantifier Raising (QR), Hackl, Koster-Hale & Varvoutis (HKV;2012) reported that antecedent-containeddeletion (ACD) relative clauses modifying an object noun phrase (NP) whose determiner is ""every"" (e.g., ""every doctor... was"", as in (1a)) were easier to process than those modifying a object NP whose determiner is ""the"" (e.g., ""the doctor... was"").",clear,Attempted direct replication of HKV Experiment 1 using self-paced reading. The replication authors explicitly conclude that they failed to find the predicted interaction.
10.48550--arxiv.1605.00178#fred_230,10.48550/arxiv.1605.00178,10.48550--arxiv.1605.00178,fred_230,Quantification and ACD: Evidence from Real-Time Sentence Processing (2012.0),yes,,failure,direct,,Quantification and ACD: Evidence from Real Time Sentence Processing,"Hackl, M; Koster-Hale, J; Varvoutis, J",2012,Journal of Semantics,"In Experiment 2, the critical prediction was that the definite determiner condition would be read more slowly than the quantified condition specifically in local antecedent-contained-deletion clauses, producing an interaction between verb type and determiner after the disambiguating verb.","In a recent attempt to find on-line evidence for the existence of Quantifier Raising (QR), Hackl, Koster-Hale & Varvoutis (HKV;2012) reported that antecedent-containeddeletion (ACD) relative clauses modifying an object noun phrase (NP) whose determiner is ""every"" (e.g., ""every doctor... was"", as in (1a)) were easier to process than those modifying a object NP whose determiner is ""the"" (e.g., ""the doctor... was"").",clear,Attempted direct replication of HKV Experiment 2 using self-paced reading. The replication authors explicitly conclude that they failed to find the predicted interaction.
10.17605--osf.io--j3ue4#fred_6,10.17605/osf.io/j3ue4,10.17605--osf.io--j3ue4,fred_6,The role of public exposure in moral and nonmoral shame and guilt. (2002.0),yes,,,,,,,,,,,, [luna56: no entry matched this anchor]
10.17605--osf.io--j3ue4#fred_8,10.17605/osf.io/j3ue4,10.17605--osf.io--j3ue4,fred_8,The role of public exposure in moral and nonmoral shame and guilt. (2002.0),yes,,,,,,,,,,,, [luna56: no entry matched this anchor]
10.17605--osf.io--j3ue4#fred_10,10.17605/osf.io/j3ue4,10.17605--osf.io--j3ue4,fred_10,The role of public exposure in moral and nonmoral shame and guilt. (2002.0),yes,,,,,,,,,,,, [luna56: no entry matched this anchor]
10.17605--osf.io--j3ue4#fred_12,10.17605/osf.io/j3ue4,10.17605--osf.io--j3ue4,fred_12,The role of public exposure in moral and nonmoral shame and guilt. (2002.0),yes,,failure,close extension,https://doi.org/10.1037/0022-3514.83.1.138,The role of public exposure in moral and nonmoral shame and guilt,"Smith, R; Webster, J; Parrott, W; Eyre, H",2002,Journal of Personality and Social Psychology,Public exposure of moral transgressions produces a stronger increase in shame than in guilt.,"We conducted a direct replication (N = 1272) of [38]'s Study 1 and found that exposure increased both feelings of shame (η p 2 = .14, 95%, CI [.11, .17]) and guilt (η p 2 = .13, 95% CI [.10, .16]) compared with the private condition.",clear,"The paper identifies the original as Smith et al. (2002), reference [38], but the citation sentence itself renders the citation as [38]. The replication authors explicitly conclude that the core exposure-by-emotion finding failed to replicate."
10.17605--osf.io--j3ue4#fred_15,10.17605/osf.io/j3ue4,10.17605--osf.io--j3ue4,fred_15,The role of public exposure in moral and nonmoral shame and guilt. (2002.0),yes,,failure,close extension,https://doi.org/10.1037/0022-3514.83.1.138,The role of public exposure in moral and nonmoral shame and guilt,"Smith, R; Webster, J; Parrott, W; Eyre, H",2002,Journal of Personality and Social Psychology,Stronger moral beliefs about the transgression produce a stronger increase in guilt than in shame.,"People who were in the high moral conditions reported both higher shame (η p 2 = .33, 95% CI [.29, .37]) and guilt (η p 2 = .36, 95% CI [.32, .39]).",clear,"The paper identifies the original as Smith et al. (2002), reference [38], but the citation sentence itself renders the citation as [38]. The replication authors report similar effects of moral belief on shame and guilt and conclude that the target distinction was not replicated."
10.1177--1948550618808863#fred_212,10.1177/1948550618808863,10.1177--1948550618808863,fred_212,"Ignoring History, Denying Racism: Mounting Evidence for the Marley Hypothesis and Epistemologies of Ignorance (2018.0)",yes,,,,,,,,,,,, [luna56: no entry matched this anchor]
10.1177--1948550618808863#fred_213,10.1177/1948550618808863,10.1177--1948550618808863,fred_213,"Ignoring History, Denying Racism: Mounting Evidence for the Marley Hypothesis and Epistemologies of Ignorance (2018.0)",yes,,,,,,,,,,,, [luna56: no entry matched this anchor]
,10.1177/1948550618808863,10.1177--1948550618808863,,,yes,,failure,close extension,https://doi.org/10.1177/0956797612451466,The Marley hypothesis: Denial of racism reflects ignorance of history,"Nelson, James; Adams, Glenn; Salter, Phia",2013,Psychological Science,Study 1 tested whether White students would have less knowledge of historical racism than Black students and whether historical knowledge would mediate racial differences in perceptions of isolated and systemic racism.,"In the two studies reported herein, we attempted to replicate prior research on the Marley hypothesis, which argues that White Americans are more ignorant of historical instances of racism than Black Americans and that this ignorance of history mediates racial differences in perceptions of racism (Bonam et al., 2018, study 1;[13].",clear,"The authors explicitly state that Study 1 failed to replicate prior results: historical knowledge did not differ significantly by race and did not mediate racial differences in perceived racism. [luna56: extra entry, not in the external record]"
,10.1177/1948550618808863,10.1177--1948550618808863,,,yes,,failure,close extension,https://doi.org/10.1177/0956797612451466,The Marley hypothesis: Denial of racism reflects ignorance of history,"Nelson, James; Adams, Glenn; Salter, Phia",2013,Psychological Science,Study 2 tested whether White students would have less knowledge of historical racism than Black students and whether historical knowledge would mediate racial differences in perceptions of isolated and systemic racism.,"In the two studies reported herein, we attempted to replicate prior research on the Marley hypothesis, which argues that White Americans are more ignorant of historical instances of racism than Black Americans and that this ignorance of history mediates racial differences in perceptions of racism (Bonam et al., 2018, study 1;[13].",clear,"The authors explicitly state that Study 2 also failed to replicate prior results: historical knowledge did not differ significantly by race and did not mediate racial differences in perceived racism. [luna56: extra entry, not in the external record]"
10.1002--rrq.62#fred_298,10.1002/rrq.62,10.1002--rrq.62,fred_298,Scaffolding Voluntary Summer Reading for Children in Grades 3 to 5: An Experimental Study (2008.0),yes,,inconclusive,close extension,https://doi.org/10.1080/10888430701746849,Scaffolding Voluntary Summer Reading for Children in Grades 3 to 5: An Experimental Study,"Kim, James; White, Thomas",2008,Scientific Studies of Reading,Providing children with books matched to their reading levels and interests plus teacher-led comprehension and fluency lessons and parent-supported reading activities improves summer-to-fall reading comprehension.,"In Kim and White ' s ( 2008 ) study and Kim ' s ( 2006 ) study, READS was implemented in a large and ethnically diverse suburban school district in the mid-Atlantic region.",ambiguous,"The multiple-strategy lesson condition was intended to replicate the prior procedure more closely, but the current study tested it in a different district and population. Effects were null overall, positive in high-poverty schools, and negative in moderate-poverty schools."
,10.1002/rrq.62,10.1002--rrq.62,,,yes,,inconclusive,close extension,https://doi.org/10.3102/01623737028004335,Effects of a Voluntary Summer Reading Intervention on Reading Achievement: Results From a Randomized Field Trial,"Kim, James",2006,Educational Evaluation and Policy Analysis,"A voluntary summer reading program providing students with books matched to their reading levels and interests, together with teacher scaffolding and parent support, improves subsequent reading comprehension.","In Kim and White ' s ( 2008 ) study and Kim ' s ( 2006 ) study, READS was implemented in a large and ethnically diverse suburban school district in the mid-Atlantic region.",ambiguous,"The replication produced null overall effects, positive effects in high-poverty schools, and negative effects in moderate-poverty schools; the authors characterize this as nonreplication in the full sample but discuss positive effects in high-poverty schools. [luna56: extra entry, not in the external record]"
10.1037--0022-3514.83.2.406#fred_99,10.1037/0022-3514.83.2.406,10.1037--0022-3514.83.2.406,fred_99,Automaticity of social behavior: Direct effects of trait construct and stereotype activation on action. (1996.0),yes,,success,close experiment,,Automaticity of social behavior: Direct effects of trait construct and stereotype activation on action,"Bargh, John A.; Chen, Mark; Burrows, Lara",1996,Journal of Personality and Social Psychology,Exposure to an elderly stereotype prime causes participants to walk more slowly than participants exposed to a neutral prime.,"In a modern classic, Bargh, Chen, and Burrows (1996) demonstrated that implicit priming of stereotypes can bias an individual’s behavior in a stereotype-congruent manner even though the individual remains unaware of both the stereotype activation and its association to his or her own behavior.",ambiguous,"Study 1a used the elderly stereotype scrambled-sentence paradigm from Bargh et al. (1996) with an intervening lexical decision task. The interaction was significant, although the simple high-self-consciousness comparison was significant only with the authors' less-preferred post hoc test."
10.1037--0022-3514.83.2.406#fred_100,10.1037/0022-3514.83.2.406,10.1037--0022-3514.83.2.406,fred_100,Automaticity of social behavior: Direct effects of trait construct and stereotype activation on action. (1996.0),yes,,success,close extension,,Automaticity of social behavior: Direct effects of trait construct and stereotype activation on action,"Bargh, John A.; Chen, Mark; Burrows, Lara",1996,Journal of Personality and Social Psychology,Exposure to an elderly stereotype prime causes participants to walk more slowly than participants exposed to a neutral prime.,"In a modern classic, Bargh, Chen, and Burrows (1996) demonstrated that implicit priming of stereotypes can bias an individual’s behavior in a stereotype-congruent manner even though the individual remains unaware of both the stereotype activation and its association to his or her own behavior.",clear,Study 1b replicated the elderly-prime walking paradigm in a public community walkway with community pedestrians and no intervening task. Studies 2–4 were extensions of the authors' own work rather than qualifying replications of separately published original studies.
10.1016--j.cogdev.2017.10.004#fred_222,10.1016/j.cogdev.2017.10.004,10.1016--j.cogdev.2017.10.004,fred_222,Eighteen‐ and 24‐month‐old infants correct others in anticipation of action mistakes (2011.0),yes,,success,direct,,Eighteen-and 24-month-old infants correct others in anticipation of action mistakes,"Knudsen, B; Liszkowski, U",2012,Developmental Science,Children inform an experimenter about an object's new location more frequently when the experimenter was absent and therefore ignorant during the object's relocation than when she observed the relocation.,Knudsen and Liszkowski (2012) assessed 24-month-old children’s sensitivity to others’ knowledge or ignorance in an anticipatory helping task.,clear,The 24-month-old group replicated the original finding; the same experiment also tested and partially extended the effect to 3-year-old children.
,10.1016/j.cogdev.2017.10.004,10.1016--j.cogdev.2017.10.004,,,yes,,success,close experiment,,Eighteen-month-old infants show false belief understanding in an active helping paradigm,"Buttelmann, D; Carpenter, M; Tomasello, M",2009,Cognition,Infants help an experimenter with a false belief by opening the box containing the desired toy rather than the empty box the experimenter attempts to open.,Our interactive task was based closely on a study by Buttelmann et al. (2009).,clear,"The replication omitted the original true-belief comparison condition, which limits interpretation of the result but does not obscure the behavioral replication. [luna56: extra entry, not in the external record]"
,10.1016/j.cogdev.2017.10.004,10.1016--j.cogdev.2017.10.004,,,yes,,failure,close experiment,,Do 15-month-old infants understand false beliefs?,"Onishi, K; Baillargeon, R",2005,Science,Infants look longer when an experimenter reaches for an object in its actual location rather than the location where she falsely believes it to be.,Our initial VOE task was based on the ‘FB-green’ condition from Onishi and Baillargeon’s study (2005).,clear,"Task 2 used a modified version of the original paradigm and found no significant difference in looking time between expected and unexpected reaches. [luna56: extra entry, not in the external record]"
,10.1016/j.cogdev.2017.10.004,10.1016--j.cogdev.2017.10.004,,,yes,,failure,close experiment,,Do 15-month-old infants understand false beliefs?,"Onishi, K; Baillargeon, R",2005,Science,Infants look longer when an experimenter reaches for an object in its actual location rather than the location where she falsely believes it to be.,"The VOE procedures in Tasks 2 and 3 failed to reproduce evidence that 18-month-old infants’ expectations are violated when an experimenter who ought to have a false belief reaches for an object in its true location (e.g. Onishi & Baillargeon, 2005; Song et al., 2008; Träuble et al., 2010).",clear,"Task 3 was a revised, higher-powered VOE experiment based on Task 2 and the Onishi and Baillargeon paradigm; it again found no significant difference in looking time. [luna56: extra entry, not in the external record]"
10.1002--pits.22027#fred_233,10.1002/pits.22027,10.1002--pits.22027,fred_233,Engagement and disaffection in the classroom: Part of a larger motivational dynamic? (2008.0),yes,,,,,,,,,,,, [luna56: no entry matched this anchor]
10.1002--pits.22027#fred_234,10.1002/pits.22027,10.1002--pits.22027,fred_234,Engagement and disaffection in the classroom: Part of a larger motivational dynamic? (2008.0),yes,,,,,,,,,,,, [luna56: no entry matched this anchor]
10.1002--pits.22027#fred_235,10.1002/pits.22027,10.1002--pits.22027,fred_235,Engagement and disaffection in the classroom: Part of a larger motivational dynamic? (2008.0),yes,,,,,,,,,,,, [luna56: no entry matched this anchor]
10.1002--pits.22027#fred_236,10.1002/pits.22027,10.1002--pits.22027,fred_236,Engagement and disaffection in the classroom: Part of a larger motivational dynamic? (2008.0),yes,,,,,,,,,,,, [luna56: no entry matched this anchor]
10.1002--pits.22027#fred_237,10.1002/pits.22027,10.1002--pits.22027,fred_237,Engagement and disaffection in the classroom: Part of a larger motivational dynamic? (2008.0),yes,,,,,,,,,,,, [luna56: no entry matched this anchor]
10.1002--pits.22027#fred_238,10.1002/pits.22027,10.1002--pits.22027,fred_238,Engagement and disaffection in the classroom: Part of a larger motivational dynamic? (2008.0),yes,,inconclusive,close extension,https://doi.org/10.1037/a0012840,Engagement and disaffection in the classroom: Part of a larger motivational dynamic,"Skinner, Ellen A.; Furrer, Carrie; Marchand, Jill; Kindermann, Thomas",2008,Journal of Educational Psychology,"Students' classroom engagement and disaffection are dynamically related to one another and are predicted by classroom context and students' self-perceptions, with self-perceptions mediating the relation between teacher support and engagement.","In this study, we replicated Skinner et al.'s study of the dynamics of engagement with a more diverse sample of Grades 6 and 7 students from a middle school with a large English learner (primarily Spanish-speaking) student population.",clear,"The paper explicitly states that some relationships found by Skinner and colleagues were supported whereas others were not. The citation sentence in the supplied full text names Skinner et al. but does not include the publication year; the year 2008 is given in the reference list. The replication changes the population and academic context, so it is coded as a close extension."
10.1080--09658211.2011.590505#fred_263,10.1080/09658211.2011.590505,10.1080--09658211.2011.590505,fred_263,Autobiographical memory processes and the course of depression. (1999.0),yes,,,,,,,,,,,, [luna56: no entry matched this anchor]
10.1080--09658211.2011.590505#fred_264,10.1080/09658211.2011.590505,10.1080--09658211.2011.590505,fred_264,Autobiographical memory processes and the course of depression. (1999.0),yes,,inconclusive,close extension,,Memory processes and the course of anxiety and depression in cancer patients,"Brewin, Chris; Watson, Maggie; McCarthy, Sean; Hyman, Peter; Dayson, David",1998,Psychological Medicine,"Intrusion and avoidance of intrusive memories predict depression and anxiety symptoms six months later, controlling for baseline symptoms.","These results partially replicated Brewin et al.'s (1999) finding that both intrusion and avoidance predicted later depression, yet are inconsistent with [6]'s finding that intrusion and avoidance were not predictive.",ambiguous,"The paper reports no predictive effect of intrusion or avoidance on follow-up anxiety, contrary to the original anxiety finding, while intrusion predicted depression in untreated participants. The citation to this original appears as reference [6] rather than with author and year in the supplied text."
10.1080--09658211.2011.590505#fred_265,10.1080/09658211.2011.590505,10.1080--09658211.2011.590505,fred_265,Autobiographical memory processes and the course of depression. (1999.0),yes,,inconclusive,close extension,,Autobiographical memory processes and the course of depression,"Brewin, Chris; Reynolds, Michael; Tata, Philip",1999,Journal of Abnormal Psychology,"Intrusion and avoidance of intrusive memories of stressful life events predict depression symptoms six months later, controlling for baseline depression.","These results partially replicated Brewin et al.'s (1999) finding that both intrusion and avoidance predicted later depression, yet are inconsistent with [6]'s finding that intrusion and avoidance were not predictive.",clear,"The authors explicitly describe the result as a partial replication: intrusion predicted later depression among untreated participants, whereas avoidance did not."
10.1111--bjso.12217#fred_219,10.1111/bjso.12217,10.1111--bjso.12217,fred_219,An inkblot for attitudes: Affect misattribution as implicit measurement. (2005.0),yes,,,,,,,,,,,, [luna56: no entry matched this anchor]
10.1111--bjso.12217#fred_220,10.1111/bjso.12217,10.1111--bjso.12217,fred_220,An inkblot for attitudes: Affect misattribution as implicit measurement. (2005.0),yes,,success,direct,https://doi.org/10.1037/0022-3514.89.3.277,An inkblot for attitudes: Affect misattribution as implicit measurement,"Payne, Brian; Cheng, Chien; Govorun, Olesya; Stewart, Brandon",2005,Journal of Personality and Social Psychology,"The affect misattribution procedure produces a positive priming effect, and warning participants about the potential influence of the prime does not significantly diminish that effect.","Our design differs in our direct replication of [19], adding only incentives to follow the existing instructions.",clear,"The supplied full text uses numeric citations rather than author-year citations; reference [19] identifies Payne et al. (2005). The incentive manipulation is a novel extension, while the Basic and Warning conditions directly replicate the original AMP findings."
10.18718--81781.23#fred_107,10.18718/81781.23,10.18718--81781.23,fred_107,"Public goods, merit goods, and the relation between private and government consumption (2004.0)",yes,,,,,,,,,,,, [luna56: no entry matched this anchor]
10.18718--81781.23#fred_108,10.18718/81781.23,10.18718--81781.23,fred_108,"Public goods, merit goods, and the relation between private and government consumption (2004.0)",yes,,,,,,,,,,,, [luna56: no entry matched this anchor]
10.18718--81781.23#fred_109,10.18718/81781.23,10.18718--81781.23,fred_109,"Public goods, merit goods, and the relation between private and government consumption (2004.0)",yes,,success,direct,https://doi.org/10.1016/j.euroecorev.2004.01.004,"Public goods, merit goods, and the relation between private and government consumption","Fiorito, R.; Kollintzas, T.",2004,European Economic Review,"Using the same countries and period as the original study, the replication tests the original claim that merit goods and private consumption are complements.","Fiorito & Kollintzas' (F&K) paper ""Public goods, merit goods, and the relationship between private and government consumption"" (European Economic Review, 2004) investigated whether different branches of government consumption affect private consumption differently, and provided important theoretical and empirical evidence of the crowding out effect between government consumption and private consumption.",clear,The replication finds positive and generally statistically significant coefficients for merit goods and explicitly interprets these as confirming the original complementary relationship.
10.18718--81781.23#fred_110,10.18718/81781.23,10.18718--81781.23,fred_110,"Public goods, merit goods, and the relation between private and government consumption (2004.0)",yes,,failure,direct,https://doi.org/10.1016/j.euroecorev.2004.01.004,"Public goods, merit goods, and the relation between private and government consumption","Fiorito, R.; Kollintzas, T.",2004,European Economic Review,"Using the same countries and period as the original study, the replication tests the original claim that public goods and private consumption are substitutes.","Fiorito & Kollintzas' (F&K) paper ""Public goods, merit goods, and the relationship between private and government consumption"" (European Economic Review, 2004) investigated whether different branches of government consumption affect private consumption differently, and provided important theoretical and empirical evidence of the crowding out effect between government consumption and private consumption.",clear,The replication reports statistically insignificant estimates and states that it did not find support for the original conclusion that public goods and private consumption are substitutes.
10.18718--81781.23#fred_111,10.18718/81781.23,10.18718--81781.23,fred_111,"Public goods, merit goods, and the relation between private and government consumption (2004.0)",yes,,success,close extension,https://doi.org/10.1016/j.euroecorev.2004.01.004,"Public goods, merit goods, and the relation between private and government consumption","Fiorito, R.; Kollintzas, T.",2004,European Economic Review,"Using data from 1996 to 2015, the extension tests whether the original claim that merit goods and private consumption are complements generalizes to a more recent period.","Fiorito & Kollintzas' (F&K) paper ""Public goods, merit goods, and the relationship between private and government consumption"" (European Economic Review, 2004) investigated whether different branches of government consumption affect private consumption differently, and provided important theoretical and empirical evidence of the crowding out effect between government consumption and private consumption.",clear,The authors describe the newer-period analysis as an extension and report strong evidence confirming the complementary relationship between merit goods and private consumption.
10.18718--81781.23#fred_112,10.18718/81781.23,10.18718--81781.23,fred_112,"Public goods, merit goods, and the relation between private and government consumption (2004.0)",yes,,failure,close extension,https://doi.org/10.1016/j.euroecorev.2004.01.004,"Public goods, merit goods, and the relation between private and government consumption","Fiorito, R.; Kollintzas, T.",2004,European Economic Review,"Using data from 1996 to 2015, the extension tests whether the original claim that public goods and private consumption are substitutes generalizes to a more recent period.","Fiorito & Kollintzas' (F&K) paper ""Public goods, merit goods, and the relationship between private and government consumption"" (European Economic Review, 2004) investigated whether different branches of government consumption affect private consumption differently, and provided important theoretical and empirical evidence of the crowding out effect between government consumption and private consumption.",clear,"The estimates are statistically insignificant, and the authors state that they found no evidence that public goods and private consumption are substitutes."
10.18718--81781.29#fred_162,10.18718/81781.29,10.18718--81781.29,fred_162,Knowledge Transfers from Multinational to Domestic Firms: Evidence from Worker Mobility (2013.0),yes,,,,,,,,,,,, [luna56: no entry matched this anchor]
10.18718--81781.29#fred_176,10.18718/81781.29,10.18718--81781.29,fred_176,Knowledge Transfers from Multinational to Domestic Firms: Evidence from Worker Mobility (2013.0),yes,,,,,,,,,,,, [luna56: no entry matched this anchor]
10.18718--81781.29#fred_177,10.18718/81781.29,10.18718--81781.29,fred_177,Knowledge Transfers from Multinational to Domestic Firms: Evidence from Worker Mobility (2013.0),yes,,,,,,,,,,,, [luna56: no entry matched this anchor]
10.18718--81781.29#fred_178,10.18718/81781.29,10.18718--81781.29,fred_178,Knowledge Transfers from Multinational to Domestic Firms: Evidence from Worker Mobility (2013.0),yes,,success,close extension,https://doi.org/10.1162/REST_a_00258,Knowledge Transfers from Multinational to Domestic Firms: Evidence from Worker Mobility,"Poole, Jennifer",2013,The Review of Economics and Statistics,"Norwegian matched employer-employee data replicate the claim that when workers leave multinational firms and are rehired by domestic establishments, the wages of incumbent domestic coworkers increase.","As in Poole's 2013 original paper, we employ matched employer-employee data from Ireland and Norway.",clear,This entry covers the Norway sample. The paper describes the exercise as a robustness-extension replication conducted in a different country and time period from the original Brazilian study.
10.18718--81781.29#fred_179,10.18718/81781.29,10.18718--81781.29,fred_179,Knowledge Transfers from Multinational to Domestic Firms: Evidence from Worker Mobility (2013.0),yes,,success,close extension,https://doi.org/10.1162/REST_a_00258,Knowledge Transfers from Multinational to Domestic Firms: Evidence from Worker Mobility,"Poole, Jennifer",2013,The Review of Economics and Statistics,"Irish matched employer-employee data from 2005 to 2010 replicate the claim that when workers leave multinational firms and are rehired by domestic firms, the wages of incumbent domestic coworkers increase.","As in Poole's 2013 original paper, we employ matched employer-employee data from Ireland and Norway.",clear,This entry covers the Ireland 2005–2010 sample. The paper reports a positive and statistically significant multinational wage-spillover estimate.
10.18718--81781.29#fred_180,10.18718/81781.29,10.18718--81781.29,fred_180,Knowledge Transfers from Multinational to Domestic Firms: Evidence from Worker Mobility (2013.0),yes,,success,close extension,https://doi.org/10.1162/REST_a_00258,Knowledge Transfers from Multinational to Domestic Firms: Evidence from Worker Mobility,"Poole, Jennifer",2013,The Review of Economics and Statistics,"Irish matched employer-employee data from 2011 to 2016 replicate the claim that when workers leave multinational firms and are rehired by domestic firms, the wages of incumbent domestic coworkers increase.","As in Poole's 2013 original paper, we employ matched employer-employee data from Ireland and Norway.",clear,This entry covers the Ireland 2011–2016 sample. The paper reports a positive and statistically significant multinational wage-spillover estimate.
10.1002--ejsp.2748#mainf_ba5c51248e,10.1002/ejsp.2748,10.1002--ejsp.2748,mainf_ba5c51248e,Beyond motivated reasoning: Hostile reactions to critical comments from the outgroup. (2018.0),yes,,success,direct,https://doi.org/10.1037/mot0000097,Beyond motivated reasoning: Hostile reactions to critical comments from the outgroup,"Thürmer, J.; McCrea, S.",2018,Motivation Science,Participants respond more defensively to criticism of their ingroup when it comes from an outgroup member than when it comes from an ingroup member.,"To ensure a stringent test of the expected effects, we followed the procedures by Thürmer and McCrea (2018, Experiment 3) very closely.",clear,"This entry covers the replicated classic intergroup sensitivity effect from Thürmer and McCrea (2018, Experiment 3); the pure bystander ISE was a newly added extension rather than a separately replicated original effect."
10.1016--j.actpsy.2020.103138#mainf_66fa4788f8,10.1016/j.actpsy.2020.103138,10.1016--j.actpsy.2020.103138,mainf_66fa4788f8,Age of acquisition effects depend on the mapping between representations and the frequency of occurrence: Empirical and computational evidence (2006.0),yes,,inconclusive,close experiment,https://doi.org/10.1080/13506280544000110,Age of acquisition effects depend on the mapping between representations and the frequency of occurrence: Empirical and computational evidence,"Lambon Ralph, M. A.; Ehsan, S.",2006,Visual Cognition,"Age of acquisition affects written word naming, with the magnitude of the effect differing from picture naming because orthography-to-phonology mappings are more systematic.","In order to partially replicate the study of Lambon Ralph and Ehsan (2006), we followed their design and split our stimuli into early and late AoA and high-frequency and low-frequency words.",ambiguous,"Experiment 4 tested word-picture verification, written word naming, and corrected written word-naming latencies using word stimuli. The experiment showed mixed evidence across the component measures, including an opposite-direction effect in corrected latencies."
,10.1016/j.actpsy.2020.103138,10.1016--j.actpsy.2020.103138,,,yes,,success,close experiment,https://doi.org/10.1080/13506280544000110,Age of acquisition effects depend on the mapping between representations and the frequency of occurrence: Empirical and computational evidence,"Lambon Ralph, M. A.; Ehsan, S.",2006,Visual Cognition,"Age of acquisition affects spoken picture naming, with the effect reflecting the arbitrary mapping between pictorial, semantic, and phonological representations.","In order to partially replicate the study of Lambon Ralph and Ehsan (2006), we followed their design and split our stimuli into early and late AoA and high-frequency and low-frequency words.",ambiguous,"Experiment 1 tested word-picture verification, spoken picture naming, and corrected spoken picture-naming latencies using pictorial stimuli. The experiment reproduced the expected age-of-acquisition pattern in picture naming, but included additional verification and subtraction measures beyond the original study. [luna56: extra entry, not in the external record]"
,10.1016/j.actpsy.2020.103138,10.1016--j.actpsy.2020.103138,,,yes,,success,close experiment,https://doi.org/10.1080/13506280544000110,Age of acquisition effects depend on the mapping between representations and the frequency of occurrence: Empirical and computational evidence,"Lambon Ralph, M. A.; Ehsan, S.",2006,Visual Cognition,"Age of acquisition affects written picture naming, with the effect reflecting the arbitrary mapping between pictorial, semantic, and orthographic representations.","In order to partially replicate the study of Lambon Ralph and Ehsan (2006), we followed their design and split our stimuli into early and late AoA and high-frequency and low-frequency words.",ambiguous,"Experiment 2 tested word-picture verification, written picture naming, and corrected written picture-naming latencies using pictorial stimuli. It extended the original paradigm to written production. [luna56: extra entry, not in the external record]"
,10.1016/j.actpsy.2020.103138,10.1016--j.actpsy.2020.103138,,,yes,,inconclusive,close experiment,https://doi.org/10.1080/13506280544000110,Age of acquisition effects depend on the mapping between representations and the frequency of occurrence: Empirical and computational evidence,"Lambon Ralph, M. A.; Ehsan, S.",2006,Visual Cognition,"Age of acquisition affects spoken word naming, with the magnitude of the effect differing from picture naming because orthography-to-phonology mappings are more systematic.","In order to partially replicate the study of Lambon Ralph and Ehsan (2006), we followed their design and split our stimuli into early and late AoA and high-frequency and low-frequency words.",ambiguous,"Experiment 3 tested word-picture verification, spoken word naming, and corrected spoken word-naming latencies using word stimuli. The experiment showed mixed evidence across the component measures, including an opposite-direction effect in corrected latencies. [luna56: extra entry, not in the external record]"
10.1016--j.actpsy.2022.103717#mainf_a2b6f468cd,10.1016/j.actpsy.2022.103717,10.1016--j.actpsy.2022.103717,mainf_a2b6f468cd,Brain Drain: The Mere Presence of One’s Own Smartphone Reduces Available Cognitive Capacity (2017.0),yes,,inconclusive,direct,https://doi.org/10.1086/691462,Brain Drain: The Mere Presence of One’s Own Smartphone Reduces Available Cognitive Capacity,"Ward, Adrian; Duke, Kristen; Gneezy, Ayelet; Bos, Marius",2017,Journal of the Association for Consumer Research,The smartphone attachment and dependency inventory has a two-factor structure consisting of smartphone dependence and emotional attachment.,The purpose of the present study was to carry out a direct replication of Ward et al.'s (2017) second experiment.,clear,"The replication partially supported Ward et al.'s two-factor findings but produced additional factors, so the outcome is inconclusive."
,10.1016/j.actpsy.2022.103717,10.1016--j.actpsy.2022.103717,,,yes,,failure,direct,https://doi.org/10.1086/691462,Brain Drain: The Mere Presence of One’s Own Smartphone Reduces Available Cognitive Capacity,"Ward, Adrian; Duke, Kristen; Gneezy, Ayelet; Bos, Marius",2017,Journal of the Association for Consumer Research,"Having one's smartphone closer in proximity, particularly on the desk, reduces working-memory performance on the OSpan task.",The purpose of the present study was to carry out a direct replication of Ward et al.'s (2017) second experiment.,clear,"The authors explicitly state that the main brain-drain effect on OSpan performance failed to replicate. [luna56: extra entry, not in the external record]"
,10.1016/j.actpsy.2022.103717,10.1016--j.actpsy.2022.103717,,,yes,,success,direct,https://doi.org/10.1086/691462,Brain Drain: The Mere Presence of One’s Own Smartphone Reduces Available Cognitive Capacity,"Ward, Adrian; Duke, Kristen; Gneezy, Ayelet; Bos, Marius",2017,Journal of the Association for Consumer Research,Smartphone location does not affect sustained attention performance on the Cue-Dependent Go/No-Go task.,The purpose of the present study was to carry out a direct replication of Ward et al.'s (2017) second experiment.,clear,"The authors explicitly state that they replicated Ward et al.'s null effect on Cue-Dependent Go/No-Go performance. [luna56: extra entry, not in the external record]"
,10.1016/j.actpsy.2022.103717,10.1016--j.actpsy.2022.103717,,,yes,,success,direct,https://doi.org/10.1086/691462,Brain Drain: The Mere Presence of One’s Own Smartphone Reduces Available Cognitive Capacity,"Ward, Adrian; Duke, Kristen; Gneezy, Ayelet; Bos, Marius",2017,Journal of the Association for Consumer Research,Whether a smartphone is powered on or off does not affect performance on the cognitive-capacity and sustained-attention tasks.,The purpose of the present study was to carry out a direct replication of Ward et al.'s (2017) second experiment.,clear,"The authors state that the smartphone power effect hypothesis was supported and that this replicated Ward et al.'s findings. [luna56: extra entry, not in the external record]"
,10.1016/j.actpsy.2022.103717,10.1016--j.actpsy.2022.103717,,,yes,,failure,direct,https://doi.org/10.1086/691462,Brain Drain: The Mere Presence of One’s Own Smartphone Reduces Available Cognitive Capacity,"Ward, Adrian; Duke, Kristen; Gneezy, Ayelet; Bos, Marius",2017,Journal of the Association for Consumer Research,"Smartphone attachment and dependency moderate the effect of smartphone location on OSpan working-memory performance, with higher reliance producing a larger brain-drain effect.",The purpose of the present study was to carry out a direct replication of Ward et al.'s (2017) second experiment.,clear,"The authors explicitly state that the moderation effect did not replicate. [luna56: extra entry, not in the external record]"
10.1016--j.intell.2020.101471#mainf_3688a0dc7a,10.1016/j.intell.2020.101471,10.1016--j.intell.2020.101471,mainf_3688a0dc7a,Implicit Theories of Intelligence Predict Achievement Across an Adolescent Transition: A Longitudinal Study and an Intervention (2007.0),yes,,failure,close extension,https://doi.org/10.1111/j.1467-8624.2007.00995.x,Implicit theories of intelligence predict achievement across an adolescent transition: A longitudinal study and an intervention,"Blackwell, Lisa S.; Trzesniewski, Kali H.; Dweck, Carol S.",2007,Child Development,Blackwell et al. (2007) claimed that a growth mindset predicts higher mathematics grades across a challenging educational transition.,"We conducted two near-replication studies of study 1 in Blackwell et al. (2007): Our study 1 tested the cross-sectional association between mindset and self-reported university grades. Our second study used a larger sample size (N = 586) and more rigorous set of analyses than was undertaken by Blackwell et al. (2007), testing the association of mindset with official grades in a longitudinal sample, controlling from baseline (university entrance) exam grades, and testing mindset effects across the challenging transition from high school to university and continuing each year across additional challenging thresholds to graduation.",clear,"Study 2 tested the association with entry grades and grades across university years, including the high-school-to-university transition and subsequent transitions; the authors reported no support for any predicted association."
,10.1016/j.intell.2020.101471,10.1016--j.intell.2020.101471,,,yes,,failure,close extension,https://doi.org/10.1111/j.1467-8624.2007.00995.x,Implicit theories of intelligence predict achievement across an adolescent transition: A longitudinal study and an intervention,"Blackwell, Lisa S.; Trzesniewski, Kali H.; Dweck, Carol S.",2007,Child Development,Blackwell et al. (2007) claimed that a growth mindset predicts improvement in mathematics grades across the challenging transition from sixth to seventh grade.,We conducted two near-replication studies of study 1 in Blackwell et al. (2007): Our study 1 tested the cross-sectional association between mindset and self-reported university grades.,clear,"Study 1 was a near-replication using university students in the UK and self-reported university grades; the association was null and slightly negative rather than positive. [luna56: extra entry, not in the external record]"
10.1016--j.jesp.2023.104549#mainf_72fbf7d05c,10.1016/j.jesp.2023.104549,10.1016--j.jesp.2023.104549,mainf_72fbf7d05c,Analytic thinking reduces belief in conspiracy theories (2014.0),yes,,failure,direct,https://doi.org/10.1016/j.cognition.2014.08.006,Analytic thinking reduces belief in conspiracy theories,"Swami, Viren; Voracek, Martin; Stieger, Stefan; Tran, Ulrich S.; Furnham, Adrian",2014,Cognition,"In Study 4, presenting questionnaires in a difficult-to-read font to induce analytic thinking was claimed to reduce generic conspiracist beliefs compared with an easy-to-read font condition.","This Registered Report aimed to replicate two experimental studies from Swami et al. (2014) which found that priming analytical thinking reduces belief in conspiracy theories. Therefore, we decided to replicate Studies 2 and 4 from the original paper.",clear,The replication tested the Generic Conspiracist Beliefs Scale as one of two outcomes from the original Study 4 and found no significant difference between conditions.
10.1016--j.jesp.2023.104549#mainf_f61e10fa5c,10.1016/j.jesp.2023.104549,10.1016--j.jesp.2023.104549,mainf_f61e10fa5c,Analytic thinking reduces belief in conspiracy theories (2014.0),yes,,failure,direct,https://doi.org/10.1016/j.cognition.2014.08.006,Analytic thinking reduces belief in conspiracy theories,"Swami, Viren; Voracek, Martin; Stieger, Stefan; Tran, Ulrich S.; Furnham, Adrian",2014,Cognition,"In Study 4, presenting questionnaires in a difficult-to-read font to induce analytic thinking was claimed to reduce belief in conspiracy theories about the 7/7 London bombings compared with an easy-to-read font condition.","This Registered Report aimed to replicate two experimental studies from Swami et al. (2014) which found that priming analytical thinking reduces belief in conspiracy theories. Therefore, we decided to replicate Studies 2 and 4 from the original paper.",clear,The replication tested beliefs about 7/7 conspiracy theories as one of two outcomes from the original Study 4 and found no significant difference between conditions.
,10.1016/j.jesp.2023.104549,10.1016--j.jesp.2023.104549,,,yes,,failure,direct,https://doi.org/10.1016/j.cognition.2014.08.006,Analytic thinking reduces belief in conspiracy theories,"Swami, Viren; Voracek, Martin; Stieger, Stefan; Tran, Ulrich S.; Furnham, Adrian",2014,Cognition,"In Study 2, priming analytic thinking with analytic words in a scrambled-sentence task was claimed to reduce belief in conspiracy theories compared with a neutral-word control condition.","Swami et al. (2014) conducted four studies and found that priming analytical thinking reduces belief in well-known conspiracy theories. Therefore, we decided to replicate Studies 2 and 4 from the original paper.",clear,"The replication authors explicitly state that the original Study 2 failed to replicate and found evidence for the null hypothesis. [luna56: extra entry, not in the external record]"
10.1098--rsos.210641#mainf_f69e708375,10.1098/rsos.210641,10.1098--rsos.210641,mainf_f69e708375,The Aging of the Social Mind - Differential Effects on Components of Social Understanding (2017.0),yes,,success,close extension,https://doi.org/10.1038/s41598-017-10669-4,The aging of the social mind—differential effects on components of social understanding,"Reiter, A; Kanske, P; Eppinger, B; Li, S",2017,Scientific Reports,Older adults show preserved empathic responses relative to younger adults.,"Therefore, the object of this study was to replicate the effect of age on empathy, compassion and ToM found in the study of Reiter et al. [62] by using the same paradigm (EmpaToM) in a different setting (inside an MRI scanner) and in an independent sample of YA and OA but keeping all other methods as close as possible to the original study.",clear,
10.1098--rsos.210641#mainf_d05d14818f,10.1098/rsos.210641,10.1098--rsos.210641,mainf_d05d14818f,The Aging of the Social Mind - Differential Effects on Components of Social Understanding (2017.0),yes,,success,close extension,https://doi.org/10.1038/s41598-017-10669-4,The aging of the social mind—differential effects on components of social understanding,"Reiter, A; Kanske, P; Eppinger, B; Li, S",2017,Scientific Reports,Older adults show enhanced compassion relative to younger adults.,"Therefore, the object of this study was to replicate the effect of age on empathy, compassion and ToM found in the study of Reiter et al. [62] by using the same paradigm (EmpaToM) in a different setting (inside an MRI scanner) and in an independent sample of YA and OA but keeping all other methods as close as possible to the original study.",clear,
10.1098--rsos.210641#mainf_52894d82df,10.1098/rsos.210641,10.1098--rsos.210641,mainf_52894d82df,The Aging of the Social Mind - Differential Effects on Components of Social Understanding (2017.0),yes,,inconclusive,close extension,https://doi.org/10.1038/s41598-017-10669-4,The aging of the social mind—differential effects on components of social understanding,"Reiter, A; Kanske, P; Eppinger, B; Li, S",2017,Scientific Reports,Older adults show a decline in Theory of Mind performance relative to younger adults.,"Therefore, the object of this study was to replicate the effect of age on empathy, compassion and ToM found in the study of Reiter et al. [62] by using the same paradigm (EmpaToM) in a different setting (inside an MRI scanner) and in an independent sample of YA and OA but keeping all other methods as close as possible to the original study.",ambiguous,"The age-related decline in ToM accuracy was replicated, but the original age effect on ToM reaction time was not replicated; the authors describe the overall ToM replication as partial."
10.1177--01461672211052120#mainf_cf2790f362,10.1177/01461672211052120,10.1177--01461672211052120,mainf_cf2790f362,The drunk utilitarian: Blood alcohol concentration predicts utilitarian responses in moral dilemmas (2014.0),yes,,failure,close extension,https://doi.org/10.1016/j.cognition.2014.09.006,The drunk utilitarian: Blood alcohol concentration predicts utilitarian responses in moral dilemmas,"Duke, A.; Bègue, L.",2015,Cognition,Higher blood alcohol concentration is associated with greater willingness to accept instrumental harm in the switch dilemma.,"Nevertheless, it is worth noting that the lack of experimental effects of alcohol in this study and prior research [2][25] does not necessarily question Duke and Bègue's (2015) correlational findings.",clear,The replication found no significant effect of alcohol on switch-dilemma judgments and explicitly described the study as failing to obtain significant effects.
,10.1177/01461672211052120,10.1177--01461672211052120,,,yes,,failure,close extension,https://doi.org/10.1016/j.cognition.2014.09.006,The drunk utilitarian: Blood alcohol concentration predicts utilitarian responses in moral dilemmas,"Duke, A.; Bègue, L.",2015,Cognition,Higher blood alcohol concentration is associated with greater willingness to accept instrumental harm in the footbridge dilemma.,"Nevertheless, it is worth noting that the lack of experimental effects of alcohol in this study and prior research [2][25] does not necessarily question Duke and Bègue's (2015) correlational findings.",clear,"The replication found no significant effect of alcohol on footbridge judgments and explicitly described the study as failing to obtain significant effects. [luna56: extra entry, not in the external record]"
10.1177--0956797617747090#mainf_5711a463c7,10.1177/0956797617747090,10.1177--0956797617747090,mainf_5711a463c7,Action Anticipation Through Attribution of False Belief by 2-Year-Olds (2007.0),yes,,inconclusive,direct,,Action anticipation through attribution of false belief by 2-year-olds,"Southgate, Victoria; Senju, Atsushi; Csibra, Gergely",2007,Psychological Science,Participants should look proportionally more toward the belief-congruent than the belief-incongruent location in a false-belief anticipatory-looking task.,"In the original studies of [37] and [34], the main finding was that participants generally showed more anticipatory looking to the belief-congruent than to the belief-incongruent location, with no significant differences between the False Belief 1 and False Belief 2 conditions.",ambiguous,The combined replication of the paradigm showed no overall significant effect; the two false-belief conditions went in opposite directions.
,10.1177/0956797617747090,10.1177--0956797617747090,,,yes,,inconclusive,direct,,Eye movements reveal sustained implicit processing of others' mental states,"Schneider, Daniel; Bayliss, Andrew; Becker, Sarah; Dux, Peter",2012,Journal of Experimental Psychology: General,"Participants should look longer at the no-object location in false-belief than in true-belief trials, indicating sustained implicit processing of another person's mental state.",The main results of the original [29] study were as follows.,clear,"Study 1 was described as an exact replication, but only the belief-by-location interaction replicated; the crucial no-object-location contrast did not. [luna56: extra entry, not in the external record]"
,10.1177/0956797617747090,10.1177--0956797617747090,,,yes,,failure,direct,,Eye movements reveal sustained implicit processing of others' mental states,"Schneider, Daniel; Bayliss, Andrew; Becker, Sarah; Dux, Peter",2012,Journal of Experimental Psychology: General,"Participants should look longer at the no-object location in false-belief than in true-belief trials, indicating sustained implicit processing of another person's mental state.",The findings were comparable with the nonreplication described above.,clear,"Study 2 replicated the Schneider et al. paradigm in a single session and again failed to reproduce the crucial original pattern. [luna56: extra entry, not in the external record]"
,10.1177/0956797617747090,10.1177--0956797617747090,,,yes,,inconclusive,direct,,Where will the triangle look for it? Attributing false beliefs to a geometric shape at 17 months,"Surian, Luca; Geraci, Anna",2012,British Journal of Developmental Psychology,"Participants should make belief-congruent anticipatory looks, with first saccades directed toward the no-object location in false-belief trials and toward the object location in true-belief trials.",The main findings of the original [38] study were as follows.,ambiguous,"The replication reproduced the original null looking-time interaction but not the positive first-saccade findings. [luna56: extra entry, not in the external record]"
,10.1177/0956797617747090,10.1177--0956797617747090,,,yes,,success,direct,,Attributing false beliefs about object identity reveals a signature blind spot in humans' efficient mind-reading system,"Low, Jason; Watts, Jonathan",2013,Psychological Science,Participants should look proportionally more toward the belief-congruent than the belief-incongruent location during an anticipatory-looking false-belief task.,The Low and Watts (2013) task 1 is structurally analogous but includes only a falsebelief condition.,clear,"Study 1 fully replicated the original Low and Watts finding. [luna56: extra entry, not in the external record]"
,10.1177/0956797617747090,10.1177--0956797617747090,,,yes,,inconclusive,close experiment,,Attributing false beliefs about object identity reveals a signature blind spot in humans' efficient mind-reading system,"Low, Jason; Watts, Jonathan",2013,Psychological Science,Participants should show belief-congruent anticipatory looking in the Low and Watts false-belief paradigm when using the original stimulus materials and procedure.,"Studies 3a and 3b included replications of the methods described in the original article, using and extending original stimuli, which were generously shared with us by the authors.",ambiguous,"Study 3a reproduced the effect in the original condition, but it disappeared when a familiarization confound was removed; the authors therefore questioned whether the effect reflected belief processing. [luna56: extra entry, not in the external record]"
,10.1177/0956797617747090,10.1177--0956797617747090,,,yes,,failure,close experiment,,Attributing false beliefs about object identity reveals a signature blind spot in humans' efficient mind-reading system,"Low, Jason; Watts, Jonathan",2013,Psychological Science,Participants should show belief-congruent anticipatory looking in the Low and Watts false-belief paradigm when the actress's final turn is consistent with the belief-congruent location.,"Studies 3a and 3b included replications of the methods described in the original article, using and extending original stimuli, which were generously shared with us by the authors.",clear,"Study 3b used a modified test trial in which the actress also turned toward the belief-incongruent direction; the belief-congruent looking effect was not reproduced. [luna56: extra entry, not in the external record]"
,10.1177/0956797617747090,10.1177--0956797617747090,,,yes,,inconclusive,direct,,Mindblind eyes: An absence of spontaneous theory of mind in Asperger syndrome,"Senju, Atsushi; Southgate, Victoria; White, Sarah; Frith, Uta",2009,Science,Participants should look proportionally more toward the belief-congruent than the belief-incongruent location in a false-belief anticipatory-looking task.,"In the original studies of [37] and [34], the main finding was that participants generally showed more anticipatory looking to the belief-congruent than to the belief-incongruent location, with no significant differences between the False Belief 1 and False Belief 2 conditions.",ambiguous,"The combined replication of the paradigm showed no overall significant effect; the two false-belief conditions went in opposite directions. [luna56: extra entry, not in the external record]"
10.1525--collabra.185#mainf_01059a4ba3,10.1525/collabra.185,10.1525--collabra.185,mainf_01059a4ba3,Foundational Tests of the Need-Support Model (2017.0),yes,,,,,,,,,,,, [luna56: no entry matched this anchor]
10.1525--collabra.185#mainf_ed873efa07,10.1525/collabra.185,10.1525--collabra.185,mainf_ed873efa07,Foundational Tests of the Need-Support Model (2017.0),yes,,,,,,,,,,,, [luna56: no entry matched this anchor]
10.1525--collabra.185#mainf_2a8e6fa66b,10.1525/collabra.185,10.1525--collabra.185,mainf_2a8e6fa66b,Foundational Tests of the Need-Support Model (2017.0),yes,,success,close experiment,https://doi.org/10.1177/0146167216684132,Foundational tests of the need-support model: A framework for bridging regulatory focus theory and self-determination theory,"Vaughn, Leigh Ann",2017,Personality and Social Psychology Bulletin,"Activities described as high in support of autonomy, competence, and relatedness produce higher reported need support than activities described as low in support of these needs.",Vaughn (2017b) reported the results on this scale for what is called Study 1a in the current research. The following results for the current Study 1b replicated these earlier findings.,clear,Study 1b used a new sample and a modified activity-writing prompt; the paper explicitly states that its need-support findings replicated earlier findings from Vaughn (2017b).
,10.1525/collabra.185,10.1525--collabra.185,,,yes,,success,direct,https://doi.org/10.3389/fpsyg.2018.00757,Contents of hopes and duties: A linguistic analysis,"Vaughn, Leigh Ann",2018,Frontiers in Psychology,"Descriptions of pursuing hopes are more positive in emotional tone, whereas descriptions of pursuing duties show more attention to social relationships.",I expected the results from Vaughn's (2018) LIWC analyses to replicate in Study 2.,clear,"Study 2 was a new experiment using the same hope-versus-duty writing paradigm as Vaughn (2018). [luna56: extra entry, not in the external record]"
10.1525--collabra.277#mainf_20277dcfde,10.1525/collabra.277,10.1525--collabra.277,mainf_20277dcfde,The semantic red effect: Processing the word red undermines intellectual performance (2009.0),yes,,failure,conceptual,https://doi.org/10.1016/j.jesp.2009.06.003,The semantic red effect: Processing the word red undermines intellectual performance,"Lichtenfeld, S.; Maier, M. A.; Elliot, A. J.; Pekrun, R.",2009,Journal of Experimental Social Psychology,Processing the word red before an intellectual performance test impairs test performance compared with processing a control color word.,The present study tested this assumption by trying to replicate Experiment 2 in Lichtenfeld et al. (2009).,clear,"Experiment 4 is explicitly described as a conceptual replication of Experiment 2 in Lichtenfeld et al. (2009), using a general knowledge outcome."
,10.1525/collabra.277,10.1525--collabra.277,,,yes,,failure,direct,https://doi.org/10.1016/j.jesp.2009.06.003,The semantic red effect: Processing the word red undermines intellectual performance,"Lichtenfeld, S.; Maier, M. A.; Elliot, A. J.; Pekrun, R.",2009,Journal of Experimental Social Psychology,Reading the word red before a verbal reasoning test causes lower test scores than reading a control color word.,The present study tested this assumption by trying to replicate Experiment 2 in Lichtenfeld et al. (2009).,clear,"Experiment 1 is explicitly described as a direct replication of Experiment 2 in Lichtenfeld et al. (2009). [luna56: extra entry, not in the external record]"
,10.1525/collabra.277,10.1525--collabra.277,,,yes,,failure,direct,https://doi.org/10.1016/j.jesp.2009.06.003,The semantic red effect: Processing the word red undermines intellectual performance,"Lichtenfeld, S.; Maier, M. A.; Elliot, A. J.; Pekrun, R.",2009,Journal of Experimental Social Psychology,Reading the word red before a verbal reasoning test causes lower test scores than reading a control color word.,The present study tested this assumption by trying to replicate Experiment 2 in Lichtenfeld et al. (2009).,clear,"Experiment 2 is explicitly described as a direct replication of Experiment 2 in Lichtenfeld et al. (2009). [luna56: extra entry, not in the external record]"
,10.1525/collabra.277,10.1525--collabra.277,,,yes,,failure,conceptual,https://doi.org/10.1016/j.jesp.2009.06.003,The semantic red effect: Processing the word red undermines intellectual performance,"Lichtenfeld, S.; Maier, M. A.; Elliot, A. J.; Pekrun, R.",2009,Journal of Experimental Social Psychology,Processing the word red before an intellectual performance test impairs test performance compared with processing a control color word.,The present study tested this assumption by trying to replicate Experiment 2 in Lichtenfeld et al. (2009).,clear,"Experiment 3 is explicitly described as a conceptual replication of Experiment 2 in Lichtenfeld et al. (2009), using a general knowledge outcome. [luna56: extra entry, not in the external record]"
10.31234--osf.io--drfht#mainf_8c2a51dec6,10.31234/osf.io/drfht,10.31234--osf.io--drfht,mainf_8c2a51dec6,Placebo analgesia and its opioidergic regulation suggest that empathy for pain is grounded in self pain (2015.0),yes,,failure,close experiment,https://doi.org/10.1073/pnas.1511269112,Placebo analgesia and its opioidergic regulation suggest that empathy for pain is grounded in self pain,"Rütgen, M.; Seidel, E.; Silani, G.; Riečanský, I.; Hummer, A.; Windischberger, C.; Petrovic, P.; Lamm, C.",2015,Proceedings of the National Academy of Sciences of the United States of America,Placebo analgesia reduces pain intensity and unpleasantness when participants observe another person in pain.,"A series of experimental studies has shown that individuals whose first-hand pain was reduced by placebo analgesia (i.e., belief that an inert treatment acts as a potent painkiller) showed reductions in self-reported pain empathy and decreased activation in key areas of the brain's affective 'pain empathy network' [58]Rütgen, Seidel, Riečanský, et al., 2015;[57][67].",clear,The authors explicitly state that they did not replicate previous findings of reduced other-related pain intensity or unpleasantness.
,10.31234/osf.io/drfht,10.31234--osf.io--drfht,,,yes,,success,close experiment,https://doi.org/10.1073/pnas.1511269112,Placebo analgesia and its opioidergic regulation suggest that empathy for pain is grounded in self pain,"Rütgen, M.; Seidel, E.; Silani, G.; Riečanský, I.; Hummer, A.; Windischberger, C.; Petrovic, P.; Lamm, C.",2015,Proceedings of the National Academy of Sciences of the United States of America,Placebo analgesia reduces participants' first-hand pain ratings.,"A series of experimental studies has shown that individuals whose first-hand pain was reduced by placebo analgesia (i.e., belief that an inert treatment acts as a potent painkiller) showed reductions in self-reported pain empathy and decreased activation in key areas of the brain's affective 'pain empathy network' [58]Rütgen, Seidel, Riečanský, et al., 2015;[57][67].",clear,"The authors explicitly state that first-hand pain findings replicated previous studies. [luna56: extra entry, not in the external record]"
10.3389--fpsyg.2014.00786#mainf_5df2ffe3fd,10.3389/fpsyg.2014.00786,10.3389--fpsyg.2014.00786,mainf_5df2ffe3fd,Measuring the Crowd Within (2008.0),yes,,success,close extension,https://doi.org/10.1111/j.1467-9280.2008.02136.x,Measuring the crowd within: probabilistic representations within individuals,"Vul, Edward; Pashler, Harold",2008,Psychological Science,"In the delayed condition, averaging two general-knowledge guesses made three weeks apart by one person produces a more accurate estimate than either individual guess alone.","In the light of the practical and theoretical appeal of the crowd within, and the limited success in replicating the effect, we believe it is worthwhile to set up another attempt at replicating the crowd within effect in both the immediate and the delayed condition of Vul and Pashler (2008).",clear,Separate replication entry for the delayed condition; the authors explicitly describe it as a successful replication.
,10.3389/fpsyg.2014.00786,10.3389--fpsyg.2014.00786,,,yes,,success,close extension,https://doi.org/10.1111/j.1467-9280.2008.02136.x,Measuring the crowd within: probabilistic representations within individuals,"Vul, Edward; Pashler, Harold",2008,Psychological Science,"In the immediate condition, averaging two successive general-knowledge guesses from one person produces a more accurate estimate than either individual guess alone.","In the light of the practical and theoretical appeal of the crowd within, and the limited success in replicating the effect, we believe it is worthwhile to set up another attempt at replicating the crowd within effect in both the immediate and the delayed condition of Vul and Pashler (2008).",clear,"Separate replication entry for the immediate condition; the authors explicitly describe it as a successful replication. [luna56: extra entry, not in the external record]"
10.1027--1864-9335--a000186#mainf_fc2d5dc9fe,10.1027/1864-9335/a000186,10.1027--1864-9335--a000186,mainf_fc2d5dc9fe,With a Clean Conscience (2008.0),yes,,failure,direct,,With a clean conscience cleanliness reduces the severity of moral judgments,"Schnall, Simone; Benton, Joshua; Harvey, Sarah",2008,Psychological Science,Experiment 1 tested whether priming participants with cleanliness would reduce the severity of their moral judgments.,"These reasons motivated our replication studies of the two experiments reported in Schnall, Benton, and colleagues (2008).",clear,The authors explicitly characterize this replication as an informative failure to replicate.
10.1027--1864-9335--a000186#mainf_e1dc8d815b,10.1027/1864-9335/a000186,10.1027--1864-9335--a000186,mainf_e1dc8d815b,"Cleanliness Reduces the Severity of
Moral Judgment (2013.0)",yes,,failure,direct,,With a clean conscience cleanliness reduces the severity of moral judgments,"Schnall, Simone; Benton, Joshua; Harvey, Sarah",2008,Psychological Science,Experiment 2 tested whether washing one's hands after experiencing disgust would reduce the severity of moral judgments.,"These reasons motivated our replication studies of the two experiments reported in Schnall, Benton, and colleagues (2008).",clear,The authors explicitly characterize this replication as an informative failure to replicate.
10.1016--j.jesp.2020.104052#mainf_e0e12977e6,10.1016/j.jesp.2020.104052,10.1016--j.jesp.2020.104052,mainf_e0e12977e6,Distinction Bias: Misprediction and Mischoice Due to Joint Evaluation. (2004.0),yes,,inconclusive,close experiment,https://doi.org/10/dhnrdb,Distinction bias: Misprediction and mischoice due to joint evaluation,"Hsee, C.; Zhang, J.",2004,Journal of Personality and Social Psychology,"In Study 2, joint evaluation causes people to overpredict differences in happiness between quantitatively different word-reading tasks relative to single evaluation, but not between qualitatively different positive- and negative-word tasks.","In the present paper, we report replications and extensions of Studies 1 and 2 from Hsee and Zhang (2004).",clear,The authors explicitly state that Study 2 results were inconclusive and did not replicate most of the original findings.
,10.1016/j.jesp.2020.104052,10.1016--j.jesp.2020.104052,,,yes,,success,close experiment,https://doi.org/10/dhnrdb,Distinction bias: Misprediction and mischoice due to joint evaluation,"Hsee, C.; Zhang, J.",2004,Journal of Personality and Social Psychology,"In Study 1, joint evaluation causes people to overpredict differences in happiness between quantitatively different book-selling outcomes relative to single evaluation, but not between qualitatively different outcomes.","In the present paper, we report replications and extensions of Studies 1 and 2 from Hsee and Zhang (2004).",clear,"The authors explicitly state that Study 1 successfully replicated the original findings. [luna56: extra entry, not in the external record]"
10.1371--journal.pone.0029081#mainf_4a16210cbe,10.1371/journal.pone.0029081,10.1371--journal.pone.0029081,mainf_4a16210cbe,Automaticity of social behavior: Direct effects of trait construct and stereotype activation on action (1996),yes,,inconclusive,close extension,,Automaticity of social behavior: direct effects of trait construct and stereotype-activation on action,"Bargh, J; Chen, M; Burrows, L",1996,Journal of Personality and Social Psychology,"Exposure to words related to old age causes participants to walk more slowly after completing a scrambled-sentences task, without awareness of the prime's influence.",This result replicates Bargh et al. [1] effect on walking speed.,clear,"Experiment 2 found the expected effect only when experimenters expected primed participants to walk more slowly; objective timing showed no effect in the fast-expectation condition, while subjective timing showed a significant opposite-direction effect there. The paper cites the original by numbered reference [1] rather than displaying the year in the citation sentence, so the original DOI is left blank."
,10.1371/journal.pone.0029081,10.1371--journal.pone.0029081,,,yes,,failure,close extension,,Automaticity of social behavior: direct effects of trait construct and stereotype-activation on action,"Bargh, J; Chen, M; Burrows, L",1996,Journal of Personality and Social Psychology,"Exposure to words related to old age causes participants to walk more slowly after completing a scrambled-sentences task, without awareness of the prime's influence.",The design replicated Bargh et al.'s [1] study and took place in an empty hallway located on a vacant floor of a Université Libre de Bruxelles building.,clear,"Experiment 1 used Belgian French-speaking students and adapted French stimuli, plus automated chronometry. The paper cites the original by numbered reference [1] rather than displaying the year in the citation sentence, so the original DOI is left blank. [luna56: extra entry, not in the external record]"
10.1177--2515245918777487#mainf_3dc6d2cee6,10.1177/2515245918777487,10.1177--2515245918777487,mainf_3dc6d2cee6,"The role of category accessibility in the interpretation of
information about persons: Some determinants and implications (1979.0)",yes,,failure,direct,https://doi.org/10.1037/0022-3514.37.10.1660,The role of category accessibility in the interpretation of information about persons: Some determinants and implications,"Srull, T.; Wyer, R.",1979,Journal of Personality and Social Psychology,Exposure to a higher proportion of hostility-related sentences causes participants to rate ambiguously hostile behaviors as more hostile.,"In Srull and Wyer's Experiment 1 (the focus of this RRR), participants first completed a sentence-descrambling task in which they underlined three of four words that could then be used to create a grammatically correct three-word sentence (e.g., ""hand break his nose"" can form the sentence ""break his nose"" or ""break his hand"").",clear,"The replication effect was small, nonsignificant, and numerically opposite to the original finding; the authors described the result as failing to reproduce the assimilative priming effect."
,10.1177/2515245918777487,10.1177--2515245918777487,,,yes,,inconclusive,direct,https://doi.org/10.1037/0022-3514.37.10.1660,The role of category accessibility in the interpretation of information about persons: Some determinants and implications,"Srull, T.; Wyer, R.",1979,Journal of Personality and Social Psychology,Exposure to a higher proportion of hostility-related sentences causes participants to judge an ambiguously hostile protagonist as more hostile.,"In Srull and Wyer's Experiment 1 (the focus of this RRR), participants first completed a sentence-descrambling task in which they underlined three of four words that could then be used to create a grammatically correct three-word sentence (e.g., ""hand break his nose"" can form the sentence ""break his nose"" or ""break his hand"").",clear,"The replication found a statistically significant effect in the predicted direction for ratings of the vignette protagonist, but the effect was much smaller than the original and the authors concluded that the procedures were unlikely to produce a practically and routinely detectable effect. [luna56: extra entry, not in the external record]"
10.1177--1745691618755704#mainf_2d568f212f,10.1177/1745691618755704,10.1177--1745691618755704,mainf_2d568f212f,"The relation between perception and behavior, or how to win a
game of trivial pursuit (1998.0)",yes,,failure,direct,,"The relation between perception and behavior, or how to win a game of Trivial Pursuit","Dijksterhuis, Ap; Van Knippenberg, Ad",1998,Journal of Personality and Social Psychology,Priming participants with intelligence-related professor concepts causes better performance on a general-knowledge trivia task than priming them with stupidity-related soccer-hooligan concepts.,"Although Dijksterhuis and van Knippenberg (1998) initially found evidence for overall effects of priming condition on trivia performance, the replications conducted by Dijksterhuis, van Knippenberg, and Holland produced a smaller overall effect of priming condition (a 2%-3% difference) and showed moderation of this effect by gender: Men showed a difference (9.3% and 7.6%), but women did not (0.3% and -0.3%).",clear,The paper reports a meta-analytic aggregate of 23 qualifying direct replications across laboratories. The original reference does not provide a DOI.
10.1177--2515245918781032#mainf_9a8b122d8c,10.1177/2515245918781032,10.1177--2515245918781032,mainf_9a8b122d8c,"The Dishonesty of Honest People: A Theory of Self-Concept
Maintenance (2008.0)",yes,,failure,direct,,The dishonesty of honest people: A theory of self-concept maintenance,"Mazar, Nina; Amir, On; Ariely, Dan",2008,Journal of Marketing Research,Recalling the Ten Commandments reduces cheating on a matrix problem-solving task compared with recalling 10 books read in high school when participants have an opportunity to cheat.,"In a well-known test of this prediction, Mazar et al. (2008, Experiment 1) gave participants (N = 229) an opportunity and incentive to cheat on a problem-solving task.",clear,This is a Registered Replication Report comprising 25 coordinated direct replications analyzed in aggregate. The authors explicitly state that they did not observe the predicted reduction in cheating and characterize the results as calling into question the effectiveness of the Ten Commandments moral prime.
10.1371--journal.pone.0042510#mainf_ded11be2a9,10.1371/journal.pone.0042510,10.1371--journal.pone.0042510,mainf_ded11be2a9,Keeping One's Distance (2008.0),yes,,,,,,,,,,,, [luna56: no entry matched this anchor]
,10.1371/journal.pone.0042510,10.1371--journal.pone.0042510,,,yes,,failure,direct,,Keeping one's distance: The influence of spatial distance cues on affect and evaluation,"Williams, Lawrence E.; Bargh, John A.",2008,Psychological Science,"In Study 4, plotting close-together rather than distant points was claimed to increase participants' reported emotional closeness to their parents, siblings, and hometown.","The first replication attempt focused on Study 4 of Williams and Bargh (2008), in which the “spatial priming manipulation” was reported to have influenced people's feelings of emotional attachment to familiar people and places.",clear,"The paper explicitly states that the present work attempted two fairly exact replications and that neither study supported the original results. [luna56: extra entry, not in the external record]"
,10.1371/journal.pone.0042510,10.1371--journal.pone.0042510,,,yes,,failure,direct,,Keeping one's distance: The influence of spatial distance cues on affect and evaluation,"Williams, Lawrence E.; Bargh, John A.",2008,Psychological Science,"In Study 3, physical-distance cues were claimed to affect calorie estimates, with distance priming reducing estimates for unhealthy foods but not healthy foods.","The second study attempted to replicate Study 3 of the same paper by Williams and Bargh (2008), which reported that physical-distance cues influenced participants' estimates of the caloric content of some “unhealthy foods” such as french fries and ice cream, and some “healthy foods” such as brown rice and apple.",clear,"The replication found no significant priming effect or interaction and explicitly concluded that the results offered no support whatsoever for Williams and Bargh (2008). [luna56: extra entry, not in the external record]"
10.1177--1745691616664694#mainf_5573c20497,10.1177/1745691616664694,10.1177--1745691616664694,mainf_5573c20497,"Dealing with betrayal in close relationships: Does commitment
promote forgiveness? (2002.0)",yes,,success,direct,https://doi.org/10.1037/0022-3514.82.6.956,Dealing with betrayal in close relationships: Does commitment promote forgiveness?,"Finkel, Eli J.; Rusbult, Caryl E.; Kumashiro, Miki; Hannon, Patrick A.",2002,Journal of Personality and Social Psychology,"The original study predicted that priming high commitment would cause participants to report greater loyalty responses to hypothetical partner betrayals than priming low commitment, although the original effect was not statistically significant.","Using interdependence theory as a guiding framework, Finkel, Rusbult, Kumashiro, and Hannon (2002) provided one of the only experiments addressing the causal relationship between commitment and responses to betrayal.",ambiguous,Loyalty was an auxiliary outcome for which the original study did not find a significant effect. The replication authors described the null replication result as consistent with the original result.
,10.1177/1745691616664694,10.1177--1745691616664694,,,yes,,failure,direct,https://doi.org/10.1037/0022-3514.82.6.956,Dealing with betrayal in close relationships: Does commitment promote forgiveness?,"Finkel, Eli J.; Rusbult, Caryl E.; Kumashiro, Miki; Hannon, Patrick A.",2002,Journal of Personality and Social Psychology,The original study claimed that priming high commitment would cause participants to report less exit in response to hypothetical partner betrayals than priming low commitment.,"Using interdependence theory as a guiding framework, Finkel, Rusbult, Kumashiro, and Hannon (2002) provided one of the only experiments addressing the causal relationship between commitment and responses to betrayal.",clear,"The replication authors explicitly reported a lack of evidence that priming commitment decreased exit forgiveness. [luna56: extra entry, not in the external record]"
,10.1177/1745691616664694,10.1177--1745691616664694,,,yes,,failure,direct,https://doi.org/10.1037/0022-3514.82.6.956,Dealing with betrayal in close relationships: Does commitment promote forgiveness?,"Finkel, Eli J.; Rusbult, Caryl E.; Kumashiro, Miki; Hannon, Patrick A.",2002,Journal of Personality and Social Psychology,The original study claimed that priming high commitment would cause participants to report less neglect in response to hypothetical partner betrayals than priming low commitment.,"Using interdependence theory as a guiding framework, Finkel, Rusbult, Kumashiro, and Hannon (2002) provided one of the only experiments addressing the causal relationship between commitment and responses to betrayal.",clear,"The replication authors explicitly reported that there was no effect of the commitment prime manipulation on neglect forgiveness. [luna56: extra entry, not in the external record]"
,10.1177/1745691616664694,10.1177--1745691616664694,,,yes,,success,direct,https://doi.org/10.1037/0022-3514.82.6.956,Dealing with betrayal in close relationships: Does commitment promote forgiveness?,"Finkel, Eli J.; Rusbult, Caryl E.; Kumashiro, Miki; Hannon, Patrick A.",2002,Journal of Personality and Social Psychology,"The original study predicted that priming high commitment would cause participants to report greater voice responses to hypothetical partner betrayals than priming low commitment, although the original effect was not statistically significant.","Using interdependence theory as a guiding framework, Finkel, Rusbult, Kumashiro, and Hannon (2002) provided one of the only experiments addressing the causal relationship between commitment and responses to betrayal.",ambiguous,"Voice was an auxiliary outcome for which the original study did not find a significant effect. The replication authors described the null replication result as consistent with the original result. [luna56: extra entry, not in the external record]"
10.1257--mac.6.3.1#mainf_86241f5ed5,10.1257/mac.6.3.1,10.1257--mac.6.3.1,mainf_86241f5ed5,Reversal of Fortune: Geography and Institutions in the Making of the Modern World Income Distribution (2001),yes,,failure,close experiment,https://doi.org/10.1086/341748,Reversal of Fortune: Geography and Institutions in the Making of the Modern World Income Distribution,"Acemoglu, Daron; Johnson, Simon; Robinson, James A.",2002,The Quarterly Journal of Economics,"Among countries colonized by European states, countries that were more developed around 1500 were claimed to have become relatively poorer by 1995, producing a reversal of fortune.","For example, Acemoglu, Johnson, and Robinson (2002) show that the reversal of fortune is robust to using alternative measures of precolonial development.",ambiguous,"The paper reexamines AJR's reversal-of-fortune result using migration-weighted measures and several alternative indicators of precolonial development. The supplied machine-extracted text is corrupted, so the citation sentence is reconstructed from the inline citation context."
10.1111--j.1540-6261.2012.01744.x#mainf_0715da0871,10.1111/j.1540-6261.2012.01744.x,10.1111--j.1540-6261.2012.01744.x,mainf_0715da0871,CEO Compensation and Board Structure (2008),yes,,reversal,direct,,CEO Compensation and Board Structure,"Chhaochharia, Vidhi; Grinstein, Yaniv",2009,The Journal of Finance,The requirement for fully independent compensation committees decreases CEO pay in noncompliant firms relative to compliant firms.,"To test prediction, Chhaochharia and Grinstein (2009) (henceforth CG) use firms' compliance status before the rule change to identify the causal effect of board composition on CEO pay.",ambiguous,"After excluding the outliers, the replication finds a statistically significant increase in CEO pay for compensation-committee-noncompliant firms, which the authors describe as an unintended or perverse consequence contrary to the predicted pay reduction."
,10.1111/j.1540-6261.2012.01744.x,10.1111--j.1540-6261.2012.01744.x,,,yes,,failure,direct,,CEO Compensation and Board Structure,"Chhaochharia, Vidhi; Grinstein, Yaniv",2009,The Journal of Finance,The NYSE/Nasdaq board-independence requirement causes CEO pay to decrease more in noncompliant firms than in compliant firms.,"To test prediction, Chhaochharia and Grinstein (2009) (henceforth CG) use firms' compliance status before the rule change to identify the causal effect of board composition on CEO pay.",clear,"The authors state that the original board-independence finding is fragile and driven by Apple and Fossil; excluding these outliers eliminates the effect. [luna56: extra entry, not in the external record]"
,10.1111/j.1540-6261.2012.01744.x,10.1111--j.1540-6261.2012.01744.x,,,yes,,inconclusive,direct,,CEO Compensation and Board Structure,"Chhaochharia, Vidhi; Grinstein, Yaniv",2009,The Journal of Finance,"The negative effect of board noncompliance on CEO pay is concentrated in firms without nonemployee blockholder directors, while blockholder directors mute the effect.","To test prediction, Chhaochharia and Grinstein (2009) (henceforth CG) use firms' compliance status before the rule change to identify the causal effect of board composition on CEO pay.",ambiguous,"The replication finds a significant decrease for firms without blockholder directors but also a significant increase for firms with blockholder directors, producing mixed moderator-specific results. [luna56: extra entry, not in the external record]"
,10.1111/j.1540-6261.2012.01744.x,10.1111--j.1540-6261.2012.01744.x,,,yes,,failure,direct,,CEO Compensation and Board Structure,"Chhaochharia, Vidhi; Grinstein, Yaniv",2009,The Journal of Finance,The negative effect of board noncompliance on CEO pay is stronger among firms with low institutional ownership concentration than among firms with high concentration.,"To test prediction, Chhaochharia and Grinstein (2009) (henceforth CG) use firms' compliance status before the rule change to identify the causal effect of board composition on CEO pay.",clear,"The authors report no support for a board-independence-related decrease in CEO pay among firms with either low or high institutional ownership concentration. [luna56: extra entry, not in the external record]"
10.23846--rps0002#mainf_62b2a670fc,10.23846/rps0002,10.23846--rps0002,mainf_62b2a670fc,The Power of TV: Cable Television and Women's Status in India (2009),yes,,,,,,,,,,,, [luna56: no entry matched this anchor]
10.1177--1091142114537893#mainf_a7f158b2c0,10.1177/1091142114537893,10.1177--1091142114537893,mainf_a7f158b2c0,Millionaire Migration and State Taxation of Top Incomes: Evidence from a Natural Experiment (2005),yes,,inconclusive,close experiment,,Millionaire Migration and State Taxation of Top Incomes: Evidence from a Natural Experiment,"Young, Cristobal; Varner, Charles",2011,National Tax Journal,"The 2004 New Jersey income tax increase had little or no effect on the relative net out-migration of taxpayers earning more than $500,000 compared with other affluent taxpayers.","This comment revisits an article by Cristobal Young and Charles Varner (2011; henceforth, YV) in the National Tax Journal that examined the extent to which a tax increase spurred net out-migration of high-income taxpayers from New Jersey.",ambiguous,"The replication reproduces the original net-migration results, which show no statistically significant effect, but reports a statistically significant increase in millionaire out-migration when in-migrants are excluded. The mixed findings support an inconclusive classification."
10.1007--s00181-005-0242-z#mainf_4b29ee1c0d,10.1007/s00181-005-0242-z,10.1007--s00181-005-0242-z,mainf_4b29ee1c0d,On using current information to value hard-rock mineral properties (1998),yes,,failure,close experiment,,On using current information to value hard-rock mineral properties,"Cairns, R. David; Davis, Graham A.",1998,Review of Economics and Statistics,"The alternative mineral-valuation equations, particularly those incorporating discounting and inflation, should predict gold-mine values more accurately than the Hotelling Valuation Principle.","In one such study, Cairns and Davis (1998) (henceforth, C&D) estimate several valuation models, including Hotelling's.",clear,"Cairns and Davis reported that the HVP was the least accurate by some measures, whereas matched-pairs tests in the replication found no significant prediction-accuracy differences among the equations."
,10.1007/s00181-005-0242-z,10.1007--s00181-005-0242-z,,,yes,,failure,close experiment,,On using current information to value hard-rock mineral properties,"Cairns, R. David; Davis, Graham A.",1998,Review of Economics and Statistics,"The Hotelling Valuation Principle predicts that the value of a mineral deposit is determined by reserves multiplied by the current net price of the mineral, with the regression slope equal to one.","In one such study, Cairns and Davis (1998) (henceforth, C&D) estimate several valuation models, including Hotelling's.",clear,"The original study rejected the HVP using OLS, whereas this replication's robust and weighted least squares analyses indicate that the HVP may not be rejected. [luna56: extra entry, not in the external record]"
,10.1007/s00181-005-0242-z,10.1007--s00181-005-0242-z,,,yes,,failure,close experiment,,On using current information to value hard-rock mineral properties,"Cairns, R. David; Davis, Graham A.",1998,Review of Economics and Statistics,"A valuation equation incorporating an intertemporal discount factor should explain mineral-mine values without reference to scale effects in production, with a zero intercept and unit slope.","In one such study, Cairns and Davis (1998) (henceforth, C&D) estimate several valuation models, including Hotelling's.",clear,"Cairns and Davis's OLS results appeared consistent with the equation, but the replication's weighted least squares results reject the joint null that the intercept is zero and the slope is one. [luna56: extra entry, not in the external record]"
,10.1007/s00181-005-0242-z,10.1007--s00181-005-0242-z,,,yes,,inconclusive,close experiment,,On using current information to value hard-rock mineral properties,"Cairns, R. David; Davis, Graham A.",1998,Review of Economics and Statistics,A valuation equation allowing price and cost inflation to differ should produce a zero intercept and unit slope for mineral-mine values.,"In one such study, Cairns and Davis (1998) (henceforth, C&D) estimate several valuation models, including Hotelling's.",clear,"The replication's weighted least squares results retain a slope not significantly different from one, while the intercept is marginally significant; the paper characterizes the original OLS results as nearly, but not precisely, replicated. [luna56: extra entry, not in the external record]"
10.1007--s00181-018-1457-0#mainf_820e3ec4ea,10.1007/s00181-018-1457-0,10.1007--s00181-018-1457-0,mainf_820e3ec4ea,Entry regulation and entrepreneurship: a natural experiment in German craftsmanship (2004),yes,,failure,close experiment,https://doi.org/10.1007/s00181-013-0773-7,Entry regulation and entrepreneurship: a natural experiment in German craftsmanship,"Rostam-Afschar, David",2014,Empirical Economics,The 2004 deregulation of German crafts trades does not change exit probabilities in fully deregulated or partially deregulated trades.,"Using microcensus data, RA (2014) finds a uniformly positive effect of the reform on market entry and self-employment in the fully deregulated and partly deregulated groups. The author also finds no change in exit probabilities. Against this background, our study replicates RA's paper.",clear,"The replication reports a positive and statistically significant increase in exit probabilities for fully deregulated B1-trades, contrary to the original null finding."
,10.1007/s00181-018-1457-0,10.1007--s00181-018-1457-0,,,yes,,success,close experiment,https://doi.org/10.1007/s00181-013-0773-7,Entry regulation and entrepreneurship: a natural experiment in German craftsmanship,"Rostam-Afschar, David",2014,Empirical Economics,The 2004 deregulation of German crafts trades increases the probability of being self-employed in both fully deregulated B1-trades and partially deregulated A-trades.,"Using microcensus data, RA (2014) finds a uniformly positive effect of the reform on market entry and self-employment in the fully deregulated and partly deregulated groups. The author also finds no change in exit probabilities. Against this background, our study replicates RA's paper.",clear,"The replication reports positive and significant effects on self-employment for both B1- and A-trades, although the B1 effect is more pronounced. [luna56: extra entry, not in the external record]"
,10.1007/s00181-018-1457-0,10.1007--s00181-018-1457-0,,,yes,,inconclusive,close experiment,https://doi.org/10.1007/s00181-013-0773-7,Entry regulation and entrepreneurship: a natural experiment in German craftsmanship,"Rostam-Afschar, David",2014,Empirical Economics,The 2004 deregulation of German crafts trades increases market entry in both fully deregulated B1-trades and partially deregulated A-trades.,"Using microcensus data, RA (2014) finds a uniformly positive effect of the reform on market entry and self-employment in the fully deregulated and partly deregulated groups. The author also finds no change in exit probabilities. Against this background, our study replicates RA's paper.",clear,"The replication finds a significant increase in entry for B1-trades but no statistically significant increase for A-trades, so support is partial. [luna56: extra entry, not in the external record]"
10.7554--elife.51019#1,10.7554/elife.51019,10.7554--elife.51019,,,yes,,,,,,,,,,,, [luna56: no entry matched this anchor]
,10.7554/elife.51019,10.7554--elife.51019,,,yes,,inconclusive,direct,https://doi.org/10.1038/nature09144,A coding-independent function of gene and pseudogene mRNAs regulates tumour biology,"Pandya, Kunal; Kerwin, Jessica; Cowley, David; Khan, Imran; Iorns, Elizabeth; Tsui, Rita; Denis, Anne; Perfito, Nicole; Errington, Tom; Poliseno, Luciano; Salmena, Laura; Zhang, Jun; Carver, Brett; Haveman, William; Pandolfi, Pier Paolo",2010,Nature,"Downregulation of PTEN and/or PTENP1 increases proliferation of DU145 prostate cancer cells, with the strongest effect when both are downregulated.",We independently replicated an experiment to examine the consequences of PTEN and/or PTENP1 downregulation on DU145 cell proliferation.,clear,"The replication authors reported effects generally in the same direction as the original but not statistically significant under the prespecified corrected comparisons. [luna56: extra entry, not in the external record]"
,10.7554/elife.51019,10.7554--elife.51019,,,yes,,inconclusive,direct,https://doi.org/10.1038/nature09144,A coding-independent function of gene and pseudogene mRNAs regulates tumour biology,"Pandya, Kunal; Kerwin, Jessica; Cowley, David; Khan, Imran; Iorns, Elizabeth; Tsui, Rita; Denis, Anne; Perfito, Nicole; Errington, Tom; Poliseno, Luciano; Salmena, Laura; Zhang, Jun; Carver, Brett; Haveman, William; Pandolfi, Pier Paolo",2010,Nature,Silencing PTEN or PTENP1 decreases the corresponding PTEN or PTENP1 mRNA abundance and PTENP1 knockdown decreases PTEN mRNA abundance.,"This is similar to what was reported in Figure 2G of Poliseno et al. (2010) and described in Protocol 3 in the Registered Report (Khan et al., 2015).",clear,"This row covers the PTEN mRNA outcome of the qRT-PCR experiment; the replication confirmed some target-specific knockdown effects but not all predicted cross-effects. [luna56: extra entry, not in the external record]"
,10.7554/elife.51019,10.7554--elife.51019,,,yes,,inconclusive,direct,https://doi.org/10.1038/nature09144,A coding-independent function of gene and pseudogene mRNAs regulates tumour biology,"Pandya, Kunal; Kerwin, Jessica; Cowley, David; Khan, Imran; Iorns, Elizabeth; Tsui, Rita; Denis, Anne; Perfito, Nicole; Errington, Tom; Poliseno, Luciano; Salmena, Laura; Zhang, Jun; Carver, Brett; Haveman, William; Pandolfi, Pier Paolo",2010,Nature,"Silencing PTEN or PTENP1 decreases the corresponding PTEN or PTENP1 mRNA abundance, including a decrease in PTENP1 mRNA following PTENP1 knockdown.","This is similar to what was reported in Figure 2G of Poliseno et al. (2010) and described in Protocol 3 in the Registered Report (Khan et al., 2015).",clear,"This row covers the PTENP1 mRNA outcome of the qRT-PCR experiment; the replication confirmed PTENP1-specific knockdown but not all predicted effects. [luna56: extra entry, not in the external record]"
,10.7554/elife.51019,10.7554--elife.51019,,,yes,,inconclusive,direct,https://doi.org/10.1038/nature09144,A coding-independent function of gene and pseudogene mRNAs regulates tumour biology,"Pandya, Kunal; Kerwin, Jessica; Cowley, David; Khan, Imran; Iorns, Elizabeth; Tsui, Rita; Denis, Anne; Perfito, Nicole; Errington, Tom; Poliseno, Luciano; Salmena, Laura; Zhang, Jun; Carver, Brett; Haveman, William; Pandolfi, Pier Paolo",2010,Nature,"Downregulation of PTEN or PTENP1 reduces PTEN protein abundance, with the strongest reduction when both PTEN and PTENP1 are downregulated.","This is similar to what was reported in Figure 2H of Poliseno et al. (2010) and described in Protocol 4 in the Registered Report (Khan et al., 2015).",clear,"The replication found significant decreases for some comparisons but not for the PTENP1-specific comparison, so the outcome was classified as inconclusive. [luna56: extra entry, not in the external record]"
,10.7554/elife.51019,10.7554--elife.51019,,,yes,,failure,direct,https://doi.org/10.1038/nature09144,A coding-independent function of gene and pseudogene mRNAs regulates tumour biology,"Pandya, Kunal; Kerwin, Jessica; Cowley, David; Khan, Imran; Iorns, Elizabeth; Tsui, Rita; Denis, Anne; Perfito, Nicole; Errington, Tom; Poliseno, Luciano; Salmena, Laura; Zhang, Jun; Carver, Brett; Haveman, William; Pandolfi, Pier Paolo",2010,Nature,"Overexpression of the PTEN 3′UTR increases, or derepresses, PTENP1 abundance in DU145 cells.","This was described in Protocol 5 in the Registered Report (Khan et al., 2015) and is similar to Figure 4A of Poliseno et al. (2010) that reported PTEN 3’UTR derepressed PTENP1 abundance.",clear,"The replication found no significant effect and the effect was not in the same direction as the original. [luna56: extra entry, not in the external record]"
,10.7554/elife.51019,10.7554--elife.51019,,,yes,,success,direct,https://doi.org/10.1038/nature09144,A coding-independent function of gene and pseudogene mRNAs regulates tumour biology,"Pandya, Kunal; Kerwin, Jessica; Cowley, David; Khan, Imran; Iorns, Elizabeth; Tsui, Rita; Denis, Anne; Perfito, Nicole; Errington, Tom; Poliseno, Luciano; Salmena, Laura; Zhang, Jun; Carver, Brett; Haveman, William; Pandolfi, Pier Paolo",2010,Nature,Overexpression of the PTEN 3′UTR inhibits proliferation of DU145 cells compared with a vector control.,"This is similar to what was reported in Figure 4A of Poliseno et al. (2010) and described in Protocol 6 in the Registered Report (Khan et al., 2015).",clear,"The replication authors explicitly summarized this experiment as showing the predicted direction with statistical significance. [luna56: extra entry, not in the external record]"
10.7554--elife.04363#1,10.7554/elife.04363,10.7554--elife.04363,,,yes,,,,,,,,,,,, [luna56: no entry matched this anchor]
,10.7554/elife.04363,10.7554--elife.04363,,,yes,,inconclusive,close experiment,https://doi.org/10.1038/nature09557,Tumour vascularization via endothelial differentiation of glioblastoma stem-like cells,"Ricci-Vitiani, Lucia; Pallini, Roberto; Biffoni, Michela; Todaro, Mario; Invernici, Giulia; Cenci, Tiziana; Maira, Giulio; Parati, Eugenio A.; Stassi, Giorgio; Larocca, Luisa M.; De Maria, Ruggero",2010,Nature,"Glioblastoma stem-like cells and U87MG cells express very low levels of the endothelial marker Tie2, whereas normal human endothelial cells express Tie2 robustly.","These experiments, and others, demonstrated that tumor xenografts obtained by injection of human glioblastoma neurospheres developed an intrinsic vascular network composed of tumor-derived endothelial cells (Ricci-Vitiani et al., 2010).",clear,"Registered report protocol with no replication results reported; Protocol 1 reproduces the Tie2-expression quality-control experiment shown in Figure S11C of the original study. Differences include use of GSC83 rather than the original panel of cell lines. [luna56: extra entry, not in the external record]"
,10.7554/elife.04363,10.7554--elife.04363,,,yes,,inconclusive,close experiment,https://doi.org/10.1038/nature09557,Tumour vascularization via endothelial differentiation of glioblastoma stem-like cells,"Ricci-Vitiani, Lucia; Pallini, Roberto; Biffoni, Michela; Todaro, Mario; Invernici, Giulia; Cenci, Tiziana; Maira, Giulio; Parati, Eugenio A.; Stassi, Giorgio; Larocca, Luisa M.; De Maria, Ruggero",2010,Nature,"Selective killing of glioblastoma stem-like cell-derived endothelial cells with ganciclovir reduces and degenerates xenograft tumors, demonstrating that these endothelial cells contribute functionally to tumor growth.","These experiments, and others, demonstrated that tumor xenografts obtained by injection of human glioblastoma neurospheres developed an intrinsic vascular network composed of tumor-derived endothelial cells (Ricci-Vitiani et al., 2010).",clear,"Registered report protocol with no replication results reported; Protocol 3 tests the original xenograft/ganciclovir finding shown in Figures 4B, S10B, S10C, and S10D. Protocol 2 is a supporting transduction procedure, not a separate replication entry. The replication uses single injections and only GSC83 and U87MG cell lines. [luna56: extra entry, not in the external record]"
10.7554--elife.11566#1,10.7554/elife.11566,10.7554--elife.11566,,,yes,,,,,,,,,,,, [luna56: no entry matched this anchor]
,10.7554/elife.11566,10.7554--elife.11566,,,yes,,inconclusive,close experiment,https://doi.org/10.1038/nature09208,Diverse somatic mutation patterns and pathway alterations in human cancers,"Kan, Z; Jaiswal, B; Stinson, J; Janakiraman, V; Bhatt, D; Stern, H; Yue, P; Haverty, P; Bourgon, R; Zheng, J; Moorhead, M; Chaudhuri, S; Tomsho, L; Peters, B; Pujara, K; Cordes, S; Davis, D; Carlton, V; Yuan, W; Li, L; Wang, W; Eigenbrot, C; Kaminker, J; Eberhard, D; Schuster, S; Modrusan, Z; Zhang, Z; Stokoe, D; de Sauvage, F; Faham, M; Seshagiri, S",2010,Nature,Expression of the GNAO1 R243H mutation increases anchorage-independent colony formation compared with wild-type GNAO1 in human mammary epithelial cells.,"Using this technique, Kan and colleagues identified an uncharacterized somatic mutation in GNAO1 from breast carcinoma tissue (Kan et al., 2010). This key experiment reported that the R243H mutation promotes a two-fold increase in anchorage-independent growth compared to cells expressing wild type GNAO1, and will be replicated in Protocol 1.",ambiguous,"This is a registered replication protocol with no replication outcome reported; Protocol 3, rather than the expression-validation Protocol 2, is coded as the replication experiment. [luna56: extra entry, not in the external record]"
,10.7554/elife.11566,10.7554--elife.11566,,,yes,,inconclusive,close experiment,https://doi.org/10.1038/nature09208,Diverse somatic mutation patterns and pathway alterations in human cancers,"Kan, Z; Jaiswal, B; Stinson, J; Janakiraman, V; Bhatt, D; Stern, H; Yue, P; Haverty, P; Bourgon, R; Zheng, J; Moorhead, M; Chaudhuri, S; Tomsho, L; Peters, B; Pujara, K; Cordes, S; Davis, D; Carlton, V; Yuan, W; Li, L; Wang, W; Eigenbrot, C; Kaminker, J; Eberhard, D; Schuster, S; Modrusan, Z; Zhang, Z; Stokoe, D; de Sauvage, F; Faham, M; Seshagiri, S",2010,Nature,Expression of the MAP2K4 R228K mutation increases anchorage-independent colony formation compared with wild-type MAP2K4 in NIH3T3 fibroblasts.,"In Figure 4C–E, the functional relevance of six select MAP2K4 mutants (5 located in the kinase domain, 1 outside the kinase domain) were tested in vitro (Kan et al., 2010). Importantly, all six MAP2K4 variants resulted in significantly enhanced agar colony formation compared to cells expressing wild type MAP2K4.",ambiguous,"This is a registered replication protocol with no replication outcome reported. Protocol 5 tests R228K and A279T separately. [luna56: extra entry, not in the external record]"
,10.7554/elife.11566,10.7554--elife.11566,,,yes,,inconclusive,close experiment,https://doi.org/10.1038/nature09208,Diverse somatic mutation patterns and pathway alterations in human cancers,"Kan, Z; Jaiswal, B; Stinson, J; Janakiraman, V; Bhatt, D; Stern, H; Yue, P; Haverty, P; Bourgon, R; Zheng, J; Moorhead, M; Chaudhuri, S; Tomsho, L; Peters, B; Pujara, K; Cordes, S; Davis, D; Carlton, V; Yuan, W; Li, L; Wang, W; Eigenbrot, C; Kaminker, J; Eberhard, D; Schuster, S; Modrusan, Z; Zhang, Z; Stokoe, D; de Sauvage, F; Faham, M; Seshagiri, S",2010,Nature,Expression of the MAP2K4 A279T mutation increases anchorage-independent colony formation compared with wild-type MAP2K4 in NIH3T3 fibroblasts.,"In Figure 4C–E, the functional relevance of six select MAP2K4 mutants (5 located in the kinase domain, 1 outside the kinase domain) were tested in vitro (Kan et al., 2010). Importantly, all six MAP2K4 variants resulted in significantly enhanced agar colony formation compared to cells expressing wild type MAP2K4.",ambiguous,"This is a registered replication protocol with no replication outcome reported. Protocol 5 tests R228K and A279T separately. [luna56: extra entry, not in the external record]"
,10.7554/elife.11566,10.7554--elife.11566,,,yes,,inconclusive,close experiment,https://doi.org/10.1038/nature09208,Diverse somatic mutation patterns and pathway alterations in human cancers,"Kan, Z; Jaiswal, B; Stinson, J; Janakiraman, V; Bhatt, D; Stern, H; Yue, P; Haverty, P; Bourgon, R; Zheng, J; Moorhead, M; Chaudhuri, S; Tomsho, L; Peters, B; Pujara, K; Cordes, S; Davis, D; Carlton, V; Yuan, W; Li, L; Wang, W; Eigenbrot, C; Kaminker, J; Eberhard, D; Schuster, S; Modrusan, Z; Zhang, Z; Stokoe, D; de Sauvage, F; Faham, M; Seshagiri, S",2010,Nature,The MAP2K4 R228K mutation reduces kinase activity toward JNK compared with wild-type MAP2K4.,"In Figure 4C–E, the functional relevance of six select MAP2K4 mutants (5 located in the kinase domain, 1 outside the kinase domain) were tested in vitro (Kan et al., 2010). A majority of the MAP2K4 mutants resulted in reduced activity to either JNK or myelin basic protein (MBP) when tested in an in vitro kinase assay suggesting that reduced MAP2K4 signaling plays a dominant-negative role in the control of cell growth.",ambiguous,"Protocol 6 is a planned replication of Figure 4F; no replication outcome is reported. [luna56: extra entry, not in the external record]"
,10.7554/elife.11566,10.7554--elife.11566,,,yes,,inconclusive,close experiment,https://doi.org/10.1038/nature09208,Diverse somatic mutation patterns and pathway alterations in human cancers,"Kan, Z; Jaiswal, B; Stinson, J; Janakiraman, V; Bhatt, D; Stern, H; Yue, P; Haverty, P; Bourgon, R; Zheng, J; Moorhead, M; Chaudhuri, S; Tomsho, L; Peters, B; Pujara, K; Cordes, S; Davis, D; Carlton, V; Yuan, W; Li, L; Wang, W; Eigenbrot, C; Kaminker, J; Eberhard, D; Schuster, S; Modrusan, Z; Zhang, Z; Stokoe, D; de Sauvage, F; Faham, M; Seshagiri, S",2010,Nature,The MAP2K4 R228K mutation reduces kinase activity toward myelin basic protein compared with wild-type MAP2K4.,"In Figure 4C–E, the functional relevance of six select MAP2K4 mutants (5 located in the kinase domain, 1 outside the kinase domain) were tested in vitro (Kan et al., 2010). A majority of the MAP2K4 mutants resulted in reduced activity to either JNK or myelin basic protein (MBP) when tested in an in vitro kinase assay suggesting that reduced MAP2K4 signaling plays a dominant-negative role in the control of cell growth.",ambiguous,"Protocol 6 is a planned replication of Figure 4F; no replication outcome is reported. [luna56: extra entry, not in the external record]"
,10.7554/elife.11566,10.7554--elife.11566,,,yes,,inconclusive,close experiment,https://doi.org/10.1038/nature09208,Diverse somatic mutation patterns and pathway alterations in human cancers,"Kan, Z; Jaiswal, B; Stinson, J; Janakiraman, V; Bhatt, D; Stern, H; Yue, P; Haverty, P; Bourgon, R; Zheng, J; Moorhead, M; Chaudhuri, S; Tomsho, L; Peters, B; Pujara, K; Cordes, S; Davis, D; Carlton, V; Yuan, W; Li, L; Wang, W; Eigenbrot, C; Kaminker, J; Eberhard, D; Schuster, S; Modrusan, Z; Zhang, Z; Stokoe, D; de Sauvage, F; Faham, M; Seshagiri, S",2010,Nature,The MAP2K4 A279T mutation reduces kinase activity toward JNK compared with wild-type MAP2K4.,"In Figure 4C–E, the functional relevance of six select MAP2K4 mutants (5 located in the kinase domain, 1 outside the kinase domain) were tested in vitro (Kan et al., 2010). A majority of the MAP2K4 mutants resulted in reduced activity to either JNK or myelin basic protein (MBP) when tested in an in vitro kinase assay suggesting that reduced MAP2K4 signaling plays a dominant-negative role in the control of cell growth.",ambiguous,"Protocol 6 is a planned replication of Figure 4F; no replication outcome is reported. [luna56: extra entry, not in the external record]"
,10.7554/elife.11566,10.7554--elife.11566,,,yes,,inconclusive,close experiment,https://doi.org/10.1038/nature09208,Diverse somatic mutation patterns and pathway alterations in human cancers,"Kan, Z; Jaiswal, B; Stinson, J; Janakiraman, V; Bhatt, D; Stern, H; Yue, P; Haverty, P; Bourgon, R; Zheng, J; Moorhead, M; Chaudhuri, S; Tomsho, L; Peters, B; Pujara, K; Cordes, S; Davis, D; Carlton, V; Yuan, W; Li, L; Wang, W; Eigenbrot, C; Kaminker, J; Eberhard, D; Schuster, S; Modrusan, Z; Zhang, Z; Stokoe, D; de Sauvage, F; Faham, M; Seshagiri, S",2010,Nature,The MAP2K4 A279T mutation reduces kinase activity toward myelin basic protein compared with wild-type MAP2K4.,"In Figure 4C–E, the functional relevance of six select MAP2K4 mutants (5 located in the kinase domain, 1 outside the kinase domain) were tested in vitro (Kan et al., 2010). A majority of the MAP2K4 mutants resulted in reduced activity to either JNK or myelin basic protein (MBP) when tested in an in vitro kinase assay suggesting that reduced MAP2K4 signaling plays a dominant-negative role in the control of cell growth.",ambiguous,"Protocol 6 is a planned replication of Figure 4F; no replication outcome is reported. [luna56: extra entry, not in the external record]"
10.7554--elife.11999#1,10.7554/elife.11999,10.7554--elife.11999,,,yes,,,,,,,,,,,, [luna56: no entry matched this anchor]
,10.7554/elife.11999,10.7554--elife.11999,,,yes,,inconclusive,close experiment,https://doi.org/10.1016/j.cell.2009.12.040,Kinase-dead BRAF and oncogenic RAS cooperate to drive tumor progression through CRAF,"Heidorn, SJ; Milagre, C; Whittaker, S; Nourry, A; Niculescu-Duvas, I; Dhomen, N; Hussain, J; Reis-Filho, JS; Springer, CJ; Pritchard, C; Marais, R",2010,Cell,"In BRAF[WT]/NRAS-mutant cells, treatment with selective BRAF inhibitors such as 885-A paradoxically activates MEK/ERK signaling, whereas the inhibitors block signaling in BRAF[V600E] cells.","In their 2010 paper, Heidorn and colleagues examined the mechanism of action behind this paradoxical activation of MEK/ERK signaling. This experiment will be replicated in Protocol 1.",clear,"Registered replication protocol; no replication outcome is reported in this paper, so the result is inconclusive. [luna56: extra entry, not in the external record]"
,10.7554/elife.11999,10.7554--elife.11999,,,yes,,inconclusive,close experiment,https://doi.org/10.1016/j.cell.2009.12.040,Kinase-dead BRAF and oncogenic RAS cooperate to drive tumor progression through CRAF,"Heidorn, SJ; Milagre, C; Whittaker, S; Nourry, A; Niculescu-Duvas, I; Dhomen, N; Hussain, J; Reis-Filho, JS; Springer, CJ; Pritchard, C; Marais, R",2010,Cell,"In D04 cells, siRNA knockdown of either NRAS or CRAF prevents the paradoxical activation of MEK/ERK signaling induced by the BRAF inhibitor 885-A.","In their 2010 paper, Heidorn and colleagues examined the mechanism of action behind this paradoxical activation of MEK/ERK signaling. Previous work had shown that activated RAS in melanoma signals through CRAF, while normal signaling in healthy melanocytes is accomplished through BRAF (Dumaz et al., 2006). To determine if CRAF was required for paradoxical pathway activation, Heidorn and colleagues treated D04 cells with siRNAs targeting NRAS and CRAF. This experiment will be replicated in Protocol 2.",clear,"Registered replication protocol; no replication outcome is reported in this paper, so the result is inconclusive. [luna56: extra entry, not in the external record]"
,10.7554/elife.11999,10.7554--elife.11999,,,yes,,inconclusive,close experiment,https://doi.org/10.1016/j.cell.2009.12.040,Kinase-dead BRAF and oncogenic RAS cooperate to drive tumor progression through CRAF,"Heidorn, SJ; Milagre, C; Whittaker, S; Nourry, A; Niculescu-Duvas, I; Dhomen, N; Hussain, J; Reis-Filho, JS; Springer, CJ; Pritchard, C; Marais, R",2010,Cell,"Drug-induced BRAF/CRAF heterodimerization in D04 cells requires active RAS signaling, because the RAS-binding-deficient CRAF[R89L] mutant does not bind BRAF.","In their 2010 paper, Heidorn and colleagues examined the mechanism of action behind this paradoxical activation of MEK/ERK signaling. Since activated RAS is known to drive heterodimerization of BRAF and CRAF (Weber et al., 2001), Heidorn and colleagues also tested if drug binding drove heterodimerization of BRAF and CRAF, and if this heterodimerization was dependent on active RAS signaling. This key experiment will be replicated in Protocol 3.",clear,"Registered replication protocol; no replication outcome is reported in this paper, so the result is inconclusive. [luna56: extra entry, not in the external record]"
,10.7554/elife.11999,10.7554--elife.11999,,,yes,,inconclusive,close experiment,https://doi.org/10.1016/j.cell.2009.12.040,Kinase-dead BRAF and oncogenic RAS cooperate to drive tumor progression through CRAF,"Heidorn, SJ; Milagre, C; Whittaker, S; Nourry, A; Niculescu-Duvas, I; Dhomen, N; Hussain, J; Reis-Filho, JS; Springer, CJ; Pritchard, C; Marais, R",2010,Cell,"In D04 cells, BRAF binds CRAF after BRAF inhibition, whereas the RAS-binding-deficient BRAF[R188L] mutant does not bind CRAF even in the presence of the inhibitor.","In their 2010 paper, Heidorn and colleagues examined the mechanism of action behind this paradoxical activation of MEK/ERK signaling. The authors showed that BRAF binds to CRAF but only in the presence of WT RAS, not oncogenic RAS. This key experiment will be replicated in Protocol 4.",clear,"Registered replication protocol; no replication outcome is reported in this paper, so the result is inconclusive. [luna56: extra entry, not in the external record]"
,10.7554/elife.11999,10.7554--elife.11999,,,yes,,inconclusive,close experiment,https://doi.org/10.1016/j.cell.2009.12.040,Kinase-dead BRAF and oncogenic RAS cooperate to drive tumor progression through CRAF,"Heidorn, SJ; Milagre, C; Whittaker, S; Nourry, A; Niculescu-Duvas, I; Dhomen, N; Hussain, J; Reis-Filho, JS; Springer, CJ; Pritchard, C; Marais, R",2010,Cell,"Kinase-dead BRAF[D594A] binds CRAF, indicating that inhibition of BRAF activity rather than drug binding itself drives BRAF/CRAF binding and paradoxical MEK/ERK activation.","In their 2010 paper, Heidorn and colleagues examined the mechanism of action behind this paradoxical activation of MEK/ERK signaling. After confirming that drug binding to BRAF drove BRAF binding to CRAF, Heidorn and colleagues tested a kinase dead version of BRAF (BRAF[D594A]) (Figure 4D). This key experiment will be replicated in Protocol 4.",clear,"The paper labels this replication as Protocol 5 in the full text, although the introductory sentence refers to Protocol 4. Registered replication protocol; no replication outcome is reported, so the result is inconclusive. [luna56: extra entry, not in the external record]"
10.7554--elife.09976#1,10.7554/elife.09976,10.7554--elife.09976,,,yes,,,,,,,,,,,, [luna56: no entry matched this anchor]
,10.7554/elife.09976,10.7554--elife.09976,,,yes,,inconclusive,direct,https://doi.org/10.1038/nature08833,RAF inhibitors prime wild-type RAF to activate the MAPK pathway and enhance growth,"Hatzivassiliou, George; Song, Kyu; Yen, I; Brandhuber, Bruce J.; Anderson, David J.; Alvarado, Roberto; Ludlam, Michael J. C.; Stokoe, David; Gloor, Stephanie L.; Vigers, Gregory; Morales, Teresa; Aliagas, Isabel; Liu, Bing; Sideris, Steve; Hoeflich, Kevin P.; Jaiswal, B. S.; Seshagiri, Sreenath; Koeppen, Hartmut; Belvin, Matthew; Friedman, Lawrence S.; Malek, Shiva",2010,Nature,RAF inhibitors selectively inhibit the growth of BRAF[V600E] mutant cancer cell lines while having little effect on BRAF wild-type or RAS-mutant cell lines.,"Hatzivassiliou and colleagues found that, while RAF inhibitors were effective in blocking signaling in BRAF[V600E] mutant (MT) cancer cell lines, they paradoxically increased cell proliferation in BRAF[WT] cancer cell lines (Hatzivassiliou et al., 2010).",clear,"This is a registered report describing a planned replication of Figure 1A; replication results are not reported. [luna56: extra entry, not in the external record]"
,10.7554/elife.09976,10.7554--elife.09976,,,yes,,inconclusive,direct,https://doi.org/10.1038/nature08833,RAF inhibitors prime wild-type RAF to activate the MAPK pathway and enhance growth,"Hatzivassiliou, George; Song, Kyu; Yen, I; Brandhuber, Bruce J.; Anderson, David J.; Alvarado, Roberto; Ludlam, Michael J. C.; Stokoe, David; Gloor, Stephanie L.; Vigers, Gregory; Morales, Teresa; Aliagas, Isabel; Liu, Bing; Sideris, Steve; Hoeflich, Kevin P.; Jaiswal, B. S.; Seshagiri, Sreenath; Koeppen, Hartmut; Belvin, Matthew; Friedman, Lawrence S.; Malek, Shiva",2010,Nature,Silencing CRAF reverses RAF-inhibitor-induced activation of MEK1/2 in KRAS-mutant HCT116 cells.,"Hatzivassiliou and colleagues found that, while RAF inhibitors were effective in blocking signaling in BRAF[V600E] mutant (MT) cancer cell lines, they paradoxically increased cell proliferation in BRAF[WT] cancer cell lines (Hatzivassiliou et al., 2010).",clear,"This is a registered report describing a planned replication of Figure 2B; replication results are not reported. [luna56: extra entry, not in the external record]"
,10.7554/elife.09976,10.7554--elife.09976,,,yes,,inconclusive,direct,https://doi.org/10.1038/nature08833,RAF inhibitors prime wild-type RAF to activate the MAPK pathway and enhance growth,"Hatzivassiliou, George; Song, Kyu; Yen, I; Brandhuber, Bruce J.; Anderson, David J.; Alvarado, Roberto; Ludlam, Michael J. C.; Stokoe, David; Gloor, Stephanie L.; Vigers, Gregory; Morales, Teresa; Aliagas, Isabel; Liu, Bing; Sideris, Steve; Hoeflich, Kevin P.; Jaiswal, B. S.; Seshagiri, Sreenath; Koeppen, Hartmut; Belvin, Matthew; Friedman, Lawrence S.; Malek, Shiva",2010,Nature,"RAF inhibitors differentially affect the interaction between the BRAF and CRAF kinase domains, with PLX4720 destabilizing and GDC-0879 stabilizing the BRAF-CRAF heterodimer.","Hatzivassiliou and colleagues found that, while RAF inhibitors were effective in blocking signaling in BRAF[V600E] mutant (MT) cancer cell lines, they paradoxically increased cell proliferation in BRAF[WT] cancer cell lines (Hatzivassiliou et al., 2010).",clear,"This is a registered report describing a planned replication of Figure 4A; replication results are not reported. [luna56: extra entry, not in the external record]"
10.7554--elife.45426#1,10.7554/elife.45426,10.7554--elife.45426,,,yes,,,,,,,,,,,, [luna56: no entry matched this anchor]
,10.7554/elife.45426,10.7554--elife.45426,,,yes,,inconclusive,direct,https://doi.org/10.1038/ncb2048,Wnt activity defines colon cancer stem cells and is regulated by the microenvironment,"Vermeulen, L; de Sousa Mello, F; van der Heijden, M; Cameron, K; de Jong, JH; Borovski, T; Tuynman, JB; Todaro, M; Merz, C; Rodermond, H; Sprick, MR; Kemper, K; Richel, DJ; Stassi, G; Medema, JP",2010,Nature Cell Biology,"High Wnt activity, measured by the TOP-GFP reporter, is correlated with expression of CD133, the combination of CD29/CD24, and the combination of CD44/CD166 in colon cancer stem cell populations.","The Registered Report for the paper by Vermeulen et al. (2010) described the experiments to be replicated (Figures 2F, 6D and 7E), and summarized the current evidence for these findings (Evans et al., 2015).",clear,"Replication of Figure 2F. The paper states that results varied in direction relative to the original study. [luna56: extra entry, not in the external record]"
,10.7554/elife.45426,10.7554--elife.45426,,,yes,,inconclusive,direct,https://doi.org/10.1038/ncb2048,Wnt activity defines colon cancer stem cells and is regulated by the microenvironment,"Vermeulen, L; de Sousa Mello, F; van der Heijden, M; Cameron, K; de Jong, JH; Borovski, T; Tuynman, JB; Todaro, M; Merz, C; Rodermond, H; Sprick, MR; Kemper, K; Richel, DJ; Stassi, G; Medema, JP",2010,Nature Cell Biology,"Colon cancer cells with high TOP-GFP Wnt activity have greater clonogenic potential than TOP-GFP-low cells, while myofibroblast-conditioned medium or HGF increases clonogenicity of TOP-GFP-low cells and this increase is blocked by the c-Met inhibitor PHA-665752.","The Registered Report for the paper by Vermeulen et al. (2010) described the experiments to be replicated (Figures 2F, 6D and 7E), and summarized the current evidence for these findings (Evans et al., 2015).",clear,"Replication of Figure 6D. Results were generally in the same direction as the original, but the effect of PHA-665752 on the whole TOP-GFP population differed and statistical significance varied across cultures and comparisons. [luna56: extra entry, not in the external record]"
,10.7554/elife.45426,10.7554--elife.45426,,,yes,,inconclusive,direct,https://doi.org/10.1038/ncb2048,Wnt activity defines colon cancer stem cells and is regulated by the microenvironment,"Vermeulen, L; de Sousa Mello, F; van der Heijden, M; Cameron, K; de Jong, JH; Borovski, T; Tuynman, JB; Todaro, M; Merz, C; Rodermond, H; Sprick, MR; Kemper, K; Richel, DJ; Stassi, G; Medema, JP",2010,Nature Cell Biology,"Colon cancer cells with high TOP-GFP Wnt activity are more tumorigenic than TOP-GFP-low cells, and myofibroblast-conditioned medium increases the tumorigenicity of TOP-GFP-low cells.","The Registered Report for the paper by Vermeulen et al. (2010) described the experiments to be replicated (Figures 2F, 6D and 7E), and summarized the current evidence for these findings (Evans et al., 2015).",clear,"Replication of Figure 7E. The TOP-GFP-low versus TOP-GFP-high comparison did not reproduce the original direction, whereas the MFCM effect was in the same direction but not statistically significant. [luna56: extra entry, not in the external record]"
10.7554--elife.11414#1,10.7554/elife.11414,10.7554--elife.11414,,,yes,,,,,,,,,,,, [luna56: no entry matched this anchor]
,10.7554/elife.11414,10.7554--elife.11414,,,yes,,inconclusive,close experiment,https://doi.org/10.1038/nature09627,COT drives resistance to RAF inhibition through MAP kinase pathway reactivation,"Johannessen, Cory M.; Boehm, Jesse S.; Kim, Soohyun Y.; Thomas, Sarah R.; Wardwell, Lisa; Johnson, Laura A.; Emery, Christopher M.; Stransky, Nicolas; Cogdill, April P.; Barretina, Jordi; Caponigro, Giuseppe; Hieronymus, Hayden; Murray, R. R.; Salehi-Ashtiani, Kaveh; Hill, David E.; Vidal, Marc; Zhao, Jun J.; Yang, Xia; Alkan, Omer; Kim, Soohyun; Harris, Jeremy L.; Wilson, Christopher J.; Myer, Virginia E.; Finan, Peter M.; Root, David E.; Roberts, Timothy M.; Golub, Todd; Flaherty, Keith T.; Dummer, Reinhard; Weber, Barbara L.; Sellers, William R.; Schlegel, Robert; Wargo, Jennifer A.; Hahn, William C.; Garraway, Levi A.",2010,Nature,MAP3K8 is expressed at high basal levels in RPMI-7951 and OUMS-23 melanoma cells but is undetectable in A375 cells.,"Johannessen and colleagues first examined basal MAP3K8 expression in multiple cell lines harboring the V600E mutation (Johannessen et al., 2010).",ambiguous,"Registered report; this protocol specifies a planned replication but reports no replication outcome. [luna56: extra entry, not in the external record]"
,10.7554/elife.11414,10.7554--elife.11414,,,yes,,inconclusive,close experiment,https://doi.org/10.1038/nature09627,COT drives resistance to RAF inhibition through MAP kinase pathway reactivation,"Johannessen, Cory M.; Boehm, Jesse S.; Kim, Soohyun Y.; Thomas, Sarah R.; Wardwell, Lisa; Johnson, Laura A.; Emery, Christopher M.; Stransky, Nicolas; Cogdill, April P.; Barretina, Jordi; Caponigro, Giuseppe; Hieronymus, Hayden; Murray, R. R.; Salehi-Ashtiani, Kaveh; Hill, David E.; Vidal, Marc; Zhao, Jun J.; Yang, Xia; Alkan, Omer; Kim, Soohyun; Harris, Jeremy L.; Wilson, Christopher J.; Myer, Virginia E.; Finan, Peter M.; Root, David E.; Roberts, Timothy M.; Golub, Todd; Flaherty, Keith T.; Dummer, Reinhard; Weber, Barbara L.; Sellers, William R.; Schlegel, Robert; Wargo, Jennifer A.; Hahn, William C.; Garraway, Levi A.",2010,Nature,RPMI-7951 and OUMS-23 cells with elevated MAP3K8 maintain robust MEK and ERK activity and show reduced growth inhibition after PLX4720 treatment.,"RPMI-7951 and OUMS-23 cells also exhibited robust, undiminished ERK and MEK activity concomitant with reduced growth sensitivity in the presence of PLX4720 (Figure 3D–E; Johannessen et al., 2010).",ambiguous,"Registered report; this protocol specifies a planned replication but reports no replication outcome. [luna56: extra entry, not in the external record]"
,10.7554/elife.11414,10.7554--elife.11414,,,yes,,inconclusive,close experiment,https://doi.org/10.1038/nature09627,COT drives resistance to RAF inhibition through MAP kinase pathway reactivation,"Johannessen, Cory M.; Boehm, Jesse S.; Kim, Soohyun Y.; Thomas, Sarah R.; Wardwell, Lisa; Johnson, Laura A.; Emery, Christopher M.; Stransky, Nicolas; Cogdill, April P.; Barretina, Jordi; Caponigro, Giuseppe; Hieronymus, Hayden; Murray, R. R.; Salehi-Ashtiani, Kaveh; Hill, David E.; Vidal, Marc; Zhao, Jun J.; Yang, Xia; Alkan, Omer; Kim, Soohyun; Harris, Jeremy L.; Wilson, Christopher J.; Myer, Virginia E.; Finan, Peter M.; Root, David E.; Roberts, Timothy M.; Golub, Todd; Flaherty, Keith T.; Dummer, Reinhard; Weber, Barbara L.; Sellers, William R.; Schlegel, Robert; Wargo, Jennifer A.; Hahn, William C.; Garraway, Levi A.",2010,Nature,MAP3K8 kinase activity is required to maintain MEK and ERK activation in RPMI-7951 cells.,"Finally, in Figure 3I, Johannessen and colleagues determined that MAP3K8 kinase activity is required to regulate MEK/ERK activation in RPMI-7951 cells, findings that further confirm MAP3K8 is an essential upstream activator of the MEK-ERK signaling cascade (George and Salmeron, 2009; Johannessen et al., 2010).",ambiguous,"Registered report; this protocol specifies a planned replication but reports no replication outcome. [luna56: extra entry, not in the external record]"
,10.7554/elife.11414,10.7554--elife.11414,,,yes,,inconclusive,close experiment,https://doi.org/10.1038/nature09627,COT drives resistance to RAF inhibition through MAP kinase pathway reactivation,"Johannessen, Cory M.; Boehm, Jesse S.; Kim, Soohyun Y.; Thomas, Sarah R.; Wardwell, Lisa; Johnson, Laura A.; Emery, Christopher M.; Stransky, Nicolas; Cogdill, April P.; Barretina, Jordi; Caponigro, Giuseppe; Hieronymus, Hayden; Murray, R. R.; Salehi-Ashtiani, Kaveh; Hill, David E.; Vidal, Marc; Zhao, Jun J.; Yang, Xia; Alkan, Omer; Kim, Soohyun; Harris, Jeremy L.; Wilson, Christopher J.; Myer, Virginia E.; Finan, Peter M.; Root, David E.; Roberts, Timothy M.; Golub, Todd; Flaherty, Keith T.; Dummer, Reinhard; Weber, Barbara L.; Sellers, William R.; Schlegel, Robert; Wargo, Jennifer A.; Hahn, William C.; Garraway, Levi A.",2010,Nature,Inhibition of MAP3K8 reduces MEK and ERK pathway activation in MAP3K8-expressing RPMI-7951 cells.,"Finally, in Figure 3I, Johannessen and colleagues determined that MAP3K8 kinase activity is required to regulate MEK/ERK activation in RPMI-7951 cells, findings that further confirm MAP3K8 is an essential upstream activator of the MEK-ERK signaling cascade (George and Salmeron, 2009; Johannessen et al., 2010).",ambiguous,"Registered report; this protocol specifies a planned replication but reports no replication outcome. [luna56: extra entry, not in the external record]"
,10.7554/elife.11414,10.7554--elife.11414,,,yes,,inconclusive,close experiment,https://doi.org/10.1038/nature09627,COT drives resistance to RAF inhibition through MAP kinase pathway reactivation,"Johannessen, Cory M.; Boehm, Jesse S.; Kim, Soohyun Y.; Thomas, Sarah R.; Wardwell, Lisa; Johnson, Laura A.; Emery, Christopher M.; Stransky, Nicolas; Cogdill, April P.; Barretina, Jordi; Caponigro, Giuseppe; Hieronymus, Hayden; Murray, R. R.; Salehi-Ashtiani, Kaveh; Hill, David E.; Vidal, Marc; Zhao, Jun J.; Yang, Xia; Alkan, Omer; Kim, Soohyun; Harris, Jeremy L.; Wilson, Christopher J.; Myer, Virginia E.; Finan, Peter M.; Root, David E.; Roberts, Timothy M.; Golub, Todd; Flaherty, Keith T.; Dummer, Reinhard; Weber, Barbara L.; Sellers, William R.; Schlegel, Robert; Wargo, Jennifer A.; Hahn, William C.; Garraway, Levi A.",2010,Nature,Combined RAF and MEK inhibition overcomes MAP3K8-driven resistance to PLX4720 and reduces viability in MAP3K8-expressing A375 melanoma cells.,"As shown in Figures 4E and 4F, both viability and ERK activation was dramatically reduced in MAP3K8-expressing cells treated with either of the combination therapies, similar to cells ectopically expressing MEK1, which remained sensitive to PLX4720 (Johannessen et al., 2010).",ambiguous,"Registered report; this protocol specifies a planned replication but reports no replication outcome. [luna56: extra entry, not in the external record]"
,10.7554/elife.11414,10.7554--elife.11414,,,yes,,inconclusive,close experiment,https://doi.org/10.1038/nature09627,COT drives resistance to RAF inhibition through MAP kinase pathway reactivation,"Johannessen, Cory M.; Boehm, Jesse S.; Kim, Soohyun Y.; Thomas, Sarah R.; Wardwell, Lisa; Johnson, Laura A.; Emery, Christopher M.; Stransky, Nicolas; Cogdill, April P.; Barretina, Jordi; Caponigro, Giuseppe; Hieronymus, Hayden; Murray, R. R.; Salehi-Ashtiani, Kaveh; Hill, David E.; Vidal, Marc; Zhao, Jun J.; Yang, Xia; Alkan, Omer; Kim, Soohyun; Harris, Jeremy L.; Wilson, Christopher J.; Myer, Virginia E.; Finan, Peter M.; Root, David E.; Roberts, Timothy M.; Golub, Todd; Flaherty, Keith T.; Dummer, Reinhard; Weber, Barbara L.; Sellers, William R.; Schlegel, Robert; Wargo, Jennifer A.; Hahn, William C.; Garraway, Levi A.",2010,Nature,Combined RAF and MEK inhibition suppresses ERK activation in MAP3K8-expressing A375 melanoma cells.,"As shown in Figures 4E and 4F, both viability and ERK activation was dramatically reduced in MAP3K8-expressing cells treated with either of the combination therapies, similar to cells ectopically expressing MEK1, which remained sensitive to PLX4720 (Johannessen et al., 2010).",ambiguous,"Registered report; this protocol specifies a planned replication but reports no replication outcome. [luna56: extra entry, not in the external record]"
10.7554--elife.17584#1,10.7554/elife.17584,10.7554--elife.17584,,,yes,,,,,,,,,,,, [luna56: no entry matched this anchor]
,10.7554/elife.17584,10.7554--elife.17584,,,yes,,failure,direct,https://doi.org/10.1126/science.1183057,Coadministration of a tumor-penetrating peptide enhances the efficacy of cancer drugs,"Sugahara, K. N.; Teesalu, T.; Karmali, P. P.; Kotamraju, V. R.; Agemy, L.; Greenwald, D. R.; Ruoslahti, E.",2010,Science,Coadministration of iRGD with doxorubicin increases the accumulation of doxorubicin in tumor tissue.,This experiment is similar to what was reported in Figure 2B of Sugahara et al. (2010).,clear,"The replication found no significant effect and the effect estimate was in the opposite direction from the original, but the opposite effect was not statistically significant, so this is not coded as a reversal. [luna56: extra entry, not in the external record]"
,10.7554/elife.17584,10.7554--elife.17584,,,yes,,failure,direct,https://doi.org/10.1126/science.1183057,Coadministration of a tumor-penetrating peptide enhances the efficacy of cancer drugs,"Sugahara, K. N.; Teesalu, T.; Karmali, P. P.; Kotamraju, V. R.; Agemy, L.; Greenwald, D. R.; Ruoslahti, E.",2010,Science,Coadministration of iRGD with doxorubicin reduces tumor growth and tumor weight compared with doxorubicin alone.,This experiment is similar to what was reported in Figure 2C of Sugahara et al. (2010).,clear,"The replication did not detect a statistically significant difference in tumor weight between doxorubicin alone and doxorubicin plus iRGD. [luna56: extra entry, not in the external record]"
,10.7554/elife.17584,10.7554--elife.17584,,,yes,,success,direct,https://doi.org/10.1126/science.1183057,Coadministration of a tumor-penetrating peptide enhances the efficacy of cancer drugs,"Sugahara, K. N.; Teesalu, T.; Karmali, P. P.; Kotamraju, V. R.; Agemy, L.; Greenwald, D. R.; Ruoslahti, E.",2010,Science,Treatment with doxorubicin alone or in combination with iRGD at the lower dose does not cause a shift in mouse body weight during treatment.,"This is similar to the original study, which only saw a shift in body weight when a higher dose (3 mg/kg) of DOX was administered.",ambiguous,"The replication reproduced the original absence of a body-weight shift under the lower-dose conditions, although the null finding was not statistically significant. [luna56: extra entry, not in the external record]"
,10.7554/elife.17584,10.7554--elife.17584,,,yes,,inconclusive,direct,https://doi.org/10.1126/science.1183057,Coadministration of a tumor-penetrating peptide enhances the efficacy of cancer drugs,"Sugahara, K. N.; Teesalu, T.; Karmali, P. P.; Kotamraju, V. R.; Agemy, L.; Greenwald, D. R.; Ruoslahti, E.",2010,Science,Coadministration of iRGD with doxorubicin increases tumor-cell apoptosis as measured by TUNEL staining.,This experiment is similar to what was reported in Figure 2D of Sugahara et al. (2010) except that this replication attempt was restricted to the 1 mg/kg DOX conditions.,clear,"The replication effect was in the same direction as the original but was not statistically significant; the paper describes the results as directionally consistent while noting substantial heterogeneity. [luna56: extra entry, not in the external record]"
10.7554--elife.26030#1,10.7554/elife.26030,10.7554--elife.26030,,,yes,,,,,,,,,,,, [luna56: no entry matched this anchor]
,10.7554/elife.26030,10.7554--elife.26030,,,yes,,success,direct,https://doi.org/10.1016/j.ccr.2010.01.020,The common feature of leukemia-associated IDH1 and IDH2 mutations is a neomorphic enzyme activity converting alpha-ketoglutarate to 2-hydroxyglutarate,"Ward, P.; Patel, J.; Wise, D.; Wahab, A.; Bennett, O.; Coller, B.; Cross, H.; Fantin, J.; Hedvat, V.; Perl, C.; Rabinowitz, A.; Carroll, J.; Su, M.; Sharp, S.; Levine, K.; Thompson, R.; C.",2010,Cancer Cell,The cancer-associated IDH2 R172 mutation causes a loss of isocitrate-dependent NADPH production compared with wild-type IDH2.,"This experiment is similar to what was reported in Figure 2 of Ward et al. (2010) and described in Protocol 1 in the Registered Report (Fiehn et al., 2016).",clear," [luna56: extra entry, not in the external record]"
,10.7554/elife.26030,10.7554--elife.26030,,,yes,,success,direct,https://doi.org/10.1016/j.ccr.2010.01.020,The common feature of leukemia-associated IDH1 and IDH2 mutations is a neomorphic enzyme activity converting alpha-ketoglutarate to 2-hydroxyglutarate,"Ward, P.; Patel, J.; Wise, D.; Wahab, A.; Bennett, O.; Coller, B.; Cross, H.; Fantin, J.; Hedvat, V.; Perl, C.; Rabinowitz, A.; Carroll, J.; Su, M.; Sharp, S.; Levine, K.; Thompson, R.; C.",2010,Cancer Cell,The cancer-associated IDH2 R172 mutation acquires a gain of function for alpha-ketoglutarate-dependent NADPH consumption compared with wild-type IDH2.,"This experiment is similar to what was reported in Figure 2 of Ward et al. (2010) and described in Protocol 1 in the Registered Report (Fiehn et al., 2016).",clear," [luna56: extra entry, not in the external record]"
,10.7554/elife.26030,10.7554--elife.26030,,,yes,,success,direct,https://doi.org/10.1016/j.ccr.2010.01.020,The common feature of leukemia-associated IDH1 and IDH2 mutations is a neomorphic enzyme activity converting alpha-ketoglutarate to 2-hydroxyglutarate,"Ward, P.; Patel, J.; Wise, D.; Wahab, A.; Bennett, O.; Coller, B.; Cross, H.; Fantin, J.; Hedvat, V.; Perl, C.; Rabinowitz, A.; Carroll, J.; Su, M.; Sharp, S.; Levine, K.; Thompson, R.; C.",2010,Cancer Cell,Expression of R172K mutant IDH2 causes greatly increased intracellular accumulation of the oncometabolite 2-hydroxyglutarate compared with wild-type IDH2 and vector control cells.,"This experiment is similar to what was reported in Figure 3D of Ward et al. (2010), and described in Protocol 2 in the Registered Report (Fiehn et al., 2016).",clear," [luna56: extra entry, not in the external record]"
,10.7554/elife.26030,10.7554--elife.26030,,,yes,,inconclusive,direct,https://doi.org/10.1016/j.ccr.2010.01.020,The common feature of leukemia-associated IDH1 and IDH2 mutations is a neomorphic enzyme activity converting alpha-ketoglutarate to 2-hydroxyglutarate,"Ward, P.; Patel, J.; Wise, D.; Wahab, A.; Bennett, O.; Coller, B.; Cross, H.; Fantin, J.; Hedvat, V.; Perl, C.; Rabinowitz, A.; Carroll, J.; Su, M.; Sharp, S.; Levine, K.; Thompson, R.; C.",2010,Cancer Cell,AML patient samples with an IDH1 mutation have elevated intracellular 2-hydroxyglutarate relative to AML samples without an IDH mutation.,"This is comparable to the experiment that was reported in Figure 5 of Ward et al. (2010), and described in Protocol 3 in the Registered Report (Fiehn et al., 2016).",clear,"The effect was statistically significant using the exploratory EIC analysis but not using the TIC analysis corresponding to the original study; the authors explicitly qualify the result. [luna56: extra entry, not in the external record]"
,10.7554/elife.26030,10.7554--elife.26030,,,yes,,success,direct,https://doi.org/10.1016/j.ccr.2010.01.020,The common feature of leukemia-associated IDH1 and IDH2 mutations is a neomorphic enzyme activity converting alpha-ketoglutarate to 2-hydroxyglutarate,"Ward, P.; Patel, J.; Wise, D.; Wahab, A.; Bennett, O.; Coller, B.; Cross, H.; Fantin, J.; Hedvat, V.; Perl, C.; Rabinowitz, A.; Carroll, J.; Su, M.; Sharp, S.; Levine, K.; Thompson, R.; C.",2010,Cancer Cell,AML patient samples with an IDH2 mutation have elevated intracellular 2-hydroxyglutarate relative to AML samples without an IDH mutation.,"This is comparable to the experiment that was reported in Figure 5 of Ward et al. (2010), and described in Protocol 3 in the Registered Report (Fiehn et al., 2016).",clear," [luna56: extra entry, not in the external record]"
,10.7554/elife.26030,10.7554--elife.26030,,,yes,,success,direct,https://doi.org/10.1016/j.ccr.2010.01.020,The common feature of leukemia-associated IDH1 and IDH2 mutations is a neomorphic enzyme activity converting alpha-ketoglutarate to 2-hydroxyglutarate,"Ward, P.; Patel, J.; Wise, D.; Wahab, A.; Bennett, O.; Coller, B.; Cross, H.; Fantin, J.; Hedvat, V.; Perl, C.; Rabinowitz, A.; Carroll, J.; Su, M.; Sharp, S.; Levine, K.; Thompson, R.; C.",2010,Cancer Cell,AML patient samples carrying either an IDH1 or IDH2 mutation have elevated intracellular 2-hydroxyglutarate relative to AML samples without an IDH mutation.,"This is comparable to the experiment that was reported in Figure 5 of Ward et al. (2010), and described in Protocol 3 in the Registered Report (Fiehn et al., 2016).",clear," [luna56: extra entry, not in the external record]"
10.7554--elife.21253#1,10.7554/elife.21253,10.7554--elife.21253,,,yes,,,,,,,,,,,, [luna56: no entry matched this anchor]
,10.7554/elife.21253,10.7554--elife.21253,,,yes,,success,direct,https://doi.org/10.1016/j.cell.2011.08.017,BET bromodomain inhibition as a therapeutic strategy to target c-Myc,"Delmore, Jeffrey E; Issa, Glen C; Lemieux, Matthew E; Rahl, Patrick B; Shi, Jun; Jacobs, Hannah M; Kastritis, Efstathios; et al.",2011,Cell,Treatment of MM.1S cells with (+)-JQ1 reduces MYC expression at 1 hour compared with baseline.,"This experiment is similar to what was reported in Figure 3B (Delmore et al., 2011) and assesses the levels of MYC by quantitative reverse transcription polymerase chain reaction (qRT-PCR) in a human MM cell line stabling expressing luciferase (MM.1S-luc) (Mitsiades et al., 2004).",clear,"The replication found a statistically significant reduction in MYC expression at 1 hour in the expected direction. [luna56: extra entry, not in the external record]"
,10.7554/elife.21253,10.7554--elife.21253,,,yes,,success,direct,https://doi.org/10.1016/j.cell.2011.08.017,BET bromodomain inhibition as a therapeutic strategy to target c-Myc,"Delmore, Jeffrey E; Issa, Glen C; Lemieux, Matthew E; Rahl, Patrick B; Shi, Jun; Jacobs, Hannah M; Kastritis, Efstathios; et al.",2011,Cell,Treatment of MM.1S cells with (+)-JQ1 reduces MYC expression at 8 hours compared with baseline.,"This experiment is similar to what was reported in Figure 3B (Delmore et al., 2011) and assesses the levels of MYC by quantitative reverse transcription polymerase chain reaction (qRT-PCR) in a human MM cell line stabling expressing luciferase (MM.1S-luc) (Mitsiades et al., 2004).",clear,"The replication found a statistically significant reduction in MYC expression at 8 hours in the expected direction. [luna56: extra entry, not in the external record]"
,10.7554/elife.21253,10.7554--elife.21253,,,yes,,inconclusive,direct,https://doi.org/10.1016/j.cell.2011.08.017,BET bromodomain inhibition as a therapeutic strategy to target c-Myc,"Delmore, Jeffrey E; Issa, Glen C; Lemieux, Matthew E; Rahl, Patrick B; Shi, Jun; Jacobs, Hannah M; Kastritis, Efstathios; et al.",2011,Cell,Treatment with (+)-JQ1 prolongs overall survival in mice bearing bioluminescent MM.1S tumors compared with vehicle control.,"In order to test the effectiveness of (+)-JQ1 as a therapeutic strategy to target c-Myc, we sought to replicate experiments similar to what was reported in Figure 7C–E (Delmore et al., 2011).",ambiguous,"Survival was longer with (+)-JQ1, but the Bonferroni-corrected p-value exceeded the preregistered significance threshold. [luna56: extra entry, not in the external record]"
,10.7554/elife.21253,10.7554--elife.21253,,,yes,,failure,direct,https://doi.org/10.1016/j.cell.2011.08.017,BET bromodomain inhibition as a therapeutic strategy to target c-Myc,"Delmore, Jeffrey E; Issa, Glen C; Lemieux, Matthew E; Rahl, Patrick B; Shi, Jun; Jacobs, Hannah M; Kastritis, Efstathios; et al.",2011,Cell,Treatment with (+)-JQ1 reduces tumor burden in mice bearing bioluminescent MM.1S tumors compared with vehicle control.,"In order to test the effectiveness of (+)-JQ1 as a therapeutic strategy to target c-Myc, we sought to replicate experiments similar to what was reported in Figure 7C–E (Delmore et al., 2011).",clear,"The replication found no statistically significant reduction in tumor burden at the prespecified endpoint. [luna56: extra entry, not in the external record]"
10.7554--elife.45120#1,10.7554/elife.45120,10.7554--elife.45120,,,yes,,,,,,,,,,,, [luna56: no entry matched this anchor]
,10.7554/elife.45120,10.7554--elife.45120,,,yes,,inconclusive,direct,https://doi.org/10.1016/j.cell.2011.05.040,Biomechanical remodeling of the microenvironment by stromal caveolin-1 favors tumor invasion and metastasis,"Goetz, J. G.; Minguet, S.; Navarro-Lérida, I.; Lazcano, J. J.; Samaniego, R.; Calvo, E.; Tello, M.; Osteso-Ibáñez, T.; Pellinen, T.; Echarri, A.; Cerezo, A.; Klein-Szanto, A. J.; Garcia, R.; Keely, P. J.; Sánchez-Mateos, P.; Cukierman, E.; Del Pozo, M. A.",2011,Cell,"Cav1WT fibroblasts express more alpha-smooth muscle actin than Cav1KO fibroblasts, consistent with increased fibroblast activation and extracellular-matrix remodeling capacity.","As described in the Registered Report (Fiering et al., 2015), we attempted a replication of the experiments reported in Figure 7C and Supplemental Figures S2A and S7C of Goetz et al. (2011).",ambiguous,"The replication found no SMA difference in two-dimensional culture, but the authors note that growth on a rigid substrate may have masked differences and that the original comparison involved three-dimensional growth. [luna56: extra entry, not in the external record]"
,10.7554/elife.45120,10.7554--elife.45120,,,yes,,success,direct,https://doi.org/10.1016/j.cell.2011.05.040,Biomechanical remodeling of the microenvironment by stromal caveolin-1 favors tumor invasion and metastasis,"Goetz, J. G.; Minguet, S.; Navarro-Lérida, I.; Lazcano, J. J.; Samaniego, R.; Calvo, E.; Tello, M.; Osteso-Ibáñez, T.; Pellinen, T.; Echarri, A.; Cerezo, A.; Klein-Szanto, A. J.; Garcia, R.; Keely, P. J.; Sánchez-Mateos, P.; Cukierman, E.; Del Pozo, M. A.",2011,Cell,Cav1WT fibroblasts contract and remodel collagen matrices more strongly than Cav1KO fibroblasts.,"This was reported for immortalized MEFs in the original study; however, for pMEFs the data were ‘not shown’ in the published paper because of the journal policy at Cell restricting the number of supplemental figures allowed (Goetz et al., 2011).",ambiguous,"The original pMEF contraction data were not shown, although the original paper stated that Cav1KO pMEFs had reduced ECM remodeling capabilities; the replication observed a significant difference in the predicted direction. [luna56: extra entry, not in the external record]"
,10.7554/elife.45120,10.7554--elife.45120,,,yes,,failure,direct,https://doi.org/10.1016/j.cell.2011.05.040,Biomechanical remodeling of the microenvironment by stromal caveolin-1 favors tumor invasion and metastasis,"Goetz, J. G.; Minguet, S.; Navarro-Lérida, I.; Lazcano, J. J.; Samaniego, R.; Calvo, E.; Tello, M.; Osteso-Ibáñez, T.; Pellinen, T.; Echarri, A.; Cerezo, A.; Klein-Szanto, A. J.; Garcia, R.; Keely, P. J.; Sánchez-Mateos, P.; Cukierman, E.; Del Pozo, M. A.",2011,Cell,Stromal Cav1 expression increases the metastatic burden of tumors formed by LM-4175 breast cancer cells.,"This experiment is similar to what was reported in Figure 7C and Supplemental Figure 7C of Goetz et al. (2011) and described in Protocols 3 and 4 in the Registered Report (Fiering et al., 2015).",clear,"The replication authors state that metastatic-burden results were not in the same direction as the original study and were not statistically significant. [luna56: extra entry, not in the external record]"
,10.7554/elife.45120,10.7554--elife.45120,,,yes,,failure,direct,https://doi.org/10.1016/j.cell.2011.05.040,Biomechanical remodeling of the microenvironment by stromal caveolin-1 favors tumor invasion and metastasis,"Goetz, J. G.; Minguet, S.; Navarro-Lérida, I.; Lazcano, J. J.; Samaniego, R.; Calvo, E.; Tello, M.; Osteso-Ibáñez, T.; Pellinen, T.; Echarri, A.; Cerezo, A.; Klein-Szanto, A. J.; Garcia, R.; Keely, P. J.; Sánchez-Mateos, P.; Cukierman, E.; Del Pozo, M. A.",2011,Cell,"Stromal Cav1 expression does not alter primary tumor growth, despite its reported effect on metastatic progression.","The comparisons of the primary tumor growth between the three groups of mice, LM-4175 cells injected with or without Cav1WT or Cav1KO pMEFs, which were reported in Figure 2A of this study and Supplemental Figure 7Ca of Goetz et al. (2011), were in the same directions between the two studies and the effect size point estimate of each study was within the CI of the other study.",ambiguous,"The replication and original studies were described as having effects in the same directions, but the replication found no statistically significant group difference; the original paper did not report tumor sizes directly but reported the corresponding bioluminescence measure. [luna56: extra entry, not in the external record]"
,10.7554/elife.45120,10.7554--elife.45120,,,yes,,inconclusive,direct,https://doi.org/10.1016/j.cell.2011.05.040,Biomechanical remodeling of the microenvironment by stromal caveolin-1 favors tumor invasion and metastasis,"Goetz, J. G.; Minguet, S.; Navarro-Lérida, I.; Lazcano, J. J.; Samaniego, R.; Calvo, E.; Tello, M.; Osteso-Ibáñez, T.; Pellinen, T.; Echarri, A.; Cerezo, A.; Klein-Szanto, A. J.; Garcia, R.; Keely, P. J.; Sánchez-Mateos, P.; Cukierman, E.; Del Pozo, M. A.",2011,Cell,Stromal Cav1 expression increases the alignment of fibronectin fibers within primary tumors.,"This compares to the original study that reported a statistically significant increase in fibronectin fiber alignment when LM-4175 cells were co-injected with Cav1WT pMEFs [Mdn = 52.5%, IQR = 43.6–55.4%, n = 8] compared to LM-4175 cells [Mdn = 36.9%, IQR = 36.8–37.7%, n = 5] or LM-4175 plus Cav1KO pMEFs [Mdn = 42.2%, IQR = 40.8–43.2%, n = 10], suggesting stromal Cav1 remodels the intratumoral microenvironment (Goetz et al., 2011).",clear,"The replication effect was in the predicted direction but was not statistically significant, and the image-analysis workflow differed from the original. [luna56: extra entry, not in the external record]"
,10.7554/elife.45120,10.7554--elife.45120,,,yes,,reversal,direct,https://doi.org/10.1016/j.cell.2011.05.040,Biomechanical remodeling of the microenvironment by stromal caveolin-1 favors tumor invasion and metastasis,"Goetz, J. G.; Minguet, S.; Navarro-Lérida, I.; Lazcano, J. J.; Samaniego, R.; Calvo, E.; Tello, M.; Osteso-Ibáñez, T.; Pellinen, T.; Echarri, A.; Cerezo, A.; Klein-Szanto, A. J.; Garcia, R.; Keely, P. J.; Sánchez-Mateos, P.; Cukierman, E.; Del Pozo, M. A.",2011,Cell,Greater intratumoral fibronectin fiber alignment is positively correlated with greater metastatic burden.,"The same type of analysis was reported in the original study, which indicated a statistically significant positive relationship (Goetz et al., 2011).",clear,"The replication found a statistically significant negative relationship and explicitly described the result as being in the opposite direction from the original study. [luna56: extra entry, not in the external record]"
10.7554--elife.17044#1,10.7554/elife.17044,10.7554--elife.17044,,,yes,,,,,,,,,,,, [luna56: no entry matched this anchor]
,10.7554/elife.17044,10.7554--elife.17044,,,yes,,inconclusive,direct,https://doi.org/10.1126/scitranslmed.3001318,Discovery and preclinical validation of drug indications using compendia of public gene expression data,"Sirota, Mark; Dudley, Joel; Kim, Junhyong; Chiang, Alex; Morgan, Alex; Sweet-Cordero, Arnaldo; Sage, Julien; Butte, Atul",2011,Science Translational Medicine,Treatment with cimetidine causes a decrease in tumor volume in A549 human lung adenocarcinoma xenografts compared with vehicle control.,"This experiment is similar to what was reported in Figure 4C–D and Supplemental Figure 1 of Sirota et al., 2011.",ambiguous,"The replication effect was in the expected direction and its reported confidence interval excluded zero, but the prespecified Bonferroni-adjusted comparison was not statistically significant; the authors describe the result as directionally consistent rather than clearly replicated. [luna56: extra entry, not in the external record]"
,10.7554/elife.17044,10.7554--elife.17044,,,yes,,success,direct,https://doi.org/10.1126/scitranslmed.3001318,Discovery and preclinical validation of drug indications using compendia of public gene expression data,"Sirota, Mark; Dudley, Joel; Kim, Junhyong; Chiang, Alex; Morgan, Alex; Sweet-Cordero, Arnaldo; Sage, Julien; Butte, Atul",2011,Science Translational Medicine,Treatment with cimetidine does not change tumor volume in ACHN human renal cell carcinoma xenografts compared with vehicle control.,"This experiment is similar to what was reported in Figure 4C–D and Supplemental Figure 1 of Sirota et al., 2011.",ambiguous,"The replication found no observational or statistically significant difference between cimetidine and vehicle, consistent with the original study's reported lack of efficacy in ACHN tumors. [luna56: extra entry, not in the external record]"
,10.7554/elife.17044,10.7554--elife.17044,,,yes,,inconclusive,direct,https://doi.org/10.1126/scitranslmed.3001318,Discovery and preclinical validation of drug indications using compendia of public gene expression data,"Sirota, Mark; Dudley, Joel; Kim, Junhyong; Chiang, Alex; Morgan, Alex; Sweet-Cordero, Arnaldo; Sage, Julien; Butte, Atul",2011,Science Translational Medicine,Treatment with doxorubicin decreases tumor volume in A549 human lung adenocarcinoma xenografts compared with vehicle control.,"This experiment is similar to what was reported in Figure 4C–D and Supplemental Figure 1 of Sirota et al., 2011.",ambiguous,"The replication effect was in the expected direction and the combined meta-analysis was significant, but the prespecified Bonferroni-adjusted replication comparison was not statistically significant; the authors describe it as directionally consistent rather than clearly replicated. [luna56: extra entry, not in the external record]"
10.7554--elife.56651#1,10.7554/elife.56651,10.7554--elife.56651,,,yes,,,,,,,,,,,, [luna56: no entry matched this anchor]
,10.7554/elife.56651,10.7554--elife.56651,,,yes,,failure,direct,https://doi.org/10.1016/j.cell.2011.09.029,Coding-independent regulation of the tumor suppressor PTEN by competing endogenous mRNAs,"Tay, Y.; Kats, L.; Salmena, L.; Weiss, D.; Tan, S.; Ala, U.; Karreth, F.; Poliseno, L.; Provero, P.; Cunto, D.; Lieberman, F.; Rigoutsos, J.; Pandolfi, P.",2011,Cell,"Depletion of candidate PTEN ceRNAs SERINC1, VAPA, and CNOT6L reduces activity of a luciferase reporter containing the PTEN 3′UTR.","This is similar to what was reported in Figure 3C and Supplemental Figure S3A of Tay et al., 2011 and described in Protocol 1 in the Registered Report (Phelps et al., 2016).",clear,"The replication authors report that the planned comparisons for candidate PTEN ceRNAs were not statistically significant and that effects varied in direction relative to the original. [luna56: extra entry, not in the external record]"
,10.7554/elife.56651,10.7554--elife.56651,,,yes,,inconclusive,direct,https://doi.org/10.1016/j.cell.2011.09.029,Coding-independent regulation of the tumor suppressor PTEN by competing endogenous mRNAs,"Tay, Y.; Kats, L.; Salmena, L.; Weiss, D.; Tan, S.; Ala, U.; Karreth, F.; Poliseno, L.; Provero, P.; Cunto, D.; Lieberman, F.; Rigoutsos, J.; Pandolfi, P.",2011,Cell,Overexpression of the 3′UTRs of candidate PTEN ceRNAs increases activity of a luciferase reporter containing the PTEN 3′UTR.,"This is similar to what was reported in Figure 3D of Tay et al., 2011 and described in Protocol 2 in the Registered Report (Phelps et al., 2016).",ambiguous,"The replication effects were generally statistically significant and in the opposite direction from the original, except for the VAPA 3′UTR1 comparison, which was not statistically significant; therefore this is not an unambiguous reversal. [luna56: extra entry, not in the external record]"
,10.7554/elife.56651,10.7554--elife.56651,,,yes,,inconclusive,direct,https://doi.org/10.1016/j.cell.2011.09.029,Coding-independent regulation of the tumor suppressor PTEN by competing endogenous mRNAs,"Tay, Y.; Kats, L.; Salmena, L.; Weiss, D.; Tan, S.; Ala, U.; Karreth, F.; Poliseno, L.; Provero, P.; Cunto, D.; Lieberman, F.; Rigoutsos, J.; Pandolfi, P.",2011,Cell,Depletion of candidate PTEN ceRNAs decreases PTEN protein expression in wild-type cells through a microRNA-dependent mechanism that is attenuated when DICER is disrupted.,"This experiment is similar to what was reported in Figure 3G–H and Supplemental Figure S3B of Tay et al., 2011 and described in Protocol 3 in the Registered Report (Phelps et al., 2016).",ambiguous,"Results were generally in the same direction in wild-type cells but varied in statistical significance, and the expected attenuation in Dicer[Ex5] cells was not observed. [luna56: extra entry, not in the external record]"
,10.7554/elife.56651,10.7554--elife.56651,,,yes,,inconclusive,direct,https://doi.org/10.1016/j.cell.2011.09.029,Coding-independent regulation of the tumor suppressor PTEN by competing endogenous mRNAs,"Tay, Y.; Kats, L.; Salmena, L.; Weiss, D.; Tan, S.; Ala, U.; Karreth, F.; Poliseno, L.; Provero, P.; Cunto, D.; Lieberman, F.; Rigoutsos, J.; Pandolfi, P.",2011,Cell,Depletion of candidate PTEN ceRNAs VAPA and CNOT6L increases cell proliferation through a DICER-dependent mechanism.,"This is similar to what was reported in Figure 5B of Tay et al., 2011 and described in Protocol 4 in the Registered Report (Phelps et al., 2016).",ambiguous,"Replication results varied in statistical significance and direction for the candidate PTEN ceRNAs, while PTEN depletion produced an effect in the same direction as the original. [luna56: extra entry, not in the external record]"
10.7554--elife.43511#1,10.7554/elife.43511,10.7554--elife.43511,,,yes,,,,,,,,,,,, [luna56: no entry matched this anchor]
,10.7554/elife.43511,10.7554--elife.43511,,,yes,,inconclusive,direct,https://doi.org/10.1038/nm.2284,The microRNA miR-34a inhibits prostate cancer stem cells and metastasis by directly repressing CD44,"Liu, C.; Kelnar, K.; Liu, B.; Chen, X.; Calhoun-Davis, T.; Li, H.; Patrawala, L.; Yan, H.; Jeter, C.; Honorio, S.; Wiggins, J.; Bader, A.; Fagin, R.; Brown, D.; Tang, D.",2011,Nature Medicine,Let-7b is underexpressed in CD44-positive LAPC4 prostate cancer stem cells relative to CD44-negative cells.,"This experiment is comparable to what was reported in Figure 1B of Liu et al. (2011) and described in Protocol 3 in the Registered Report (Li et al., 2015).",ambiguous,"The replication found let-7b in the same direction as the original, but the experiment used a different CD44 gating strategy and was based on one biological repeat. [luna56: extra entry, not in the external record]"
,10.7554/elife.43511,10.7554--elife.43511,,,yes,,inconclusive,direct,https://doi.org/10.1038/nm.2284,The microRNA miR-34a inhibits prostate cancer stem cells and metastasis by directly repressing CD44,"Liu, C.; Kelnar, K.; Liu, B.; Chen, X.; Calhoun-Davis, T.; Li, H.; Patrawala, L.; Yan, H.; Jeter, C.; Honorio, S.; Wiggins, J.; Bader, A.; Fagin, R.; Brown, D.; Tang, D.",2011,Nature Medicine,MiR-34a is underexpressed in CD44-positive LAPC4 prostate cancer stem cells relative to CD44-negative cells.,"This experiment is comparable to what was reported in Figure 1B of Liu et al. (2011) and described in Protocol 3 in the Registered Report (Li et al., 2015).",ambiguous,"The replication found miR-34a elevated rather than underexpressed in CD44-positive cells, but the authors identify potential confounding from the altered CD44 gating strategy and the result was not statistically evaluated. [luna56: extra entry, not in the external record]"
,10.7554/elife.43511,10.7554--elife.43511,,,yes,,failure,direct,https://doi.org/10.1038/nm.2284,The microRNA miR-34a inhibits prostate cancer stem cells and metastasis by directly repressing CD44,"Liu, C.; Kelnar, K.; Liu, B.; Chen, X.; Calhoun-Davis, T.; Li, H.; Patrawala, L.; Yan, H.; Jeter, C.; Honorio, S.; Wiggins, J.; Bader, A.; Fagin, R.; Brown, D.; Tang, D.",2011,Nature Medicine,Forced miR-34a expression inhibits tumor regeneration and reduces tumor growth of LAPC4 prostate cancer cells in xenograft mice.,"This experiment is similar to what was reported in Supplemental Figure 5C of Liu et al. (2011) and described in Protocol 4 in the Registered Report (Li et al., 2015).",clear,"The authors explicitly state that the replication results were not in the same direction as the original study and were not statistically significant. [luna56: extra entry, not in the external record]"
,10.7554/elife.43511,10.7554--elife.43511,,,yes,,inconclusive,direct,https://doi.org/10.1038/nm.2284,The microRNA miR-34a inhibits prostate cancer stem cells and metastasis by directly repressing CD44,"Liu, C.; Kelnar, K.; Liu, B.; Chen, X.; Calhoun-Davis, T.; Li, H.; Patrawala, L.; Yan, H.; Jeter, C.; Honorio, S.; Wiggins, J.; Bader, A.; Fagin, R.; Brown, D.; Tang, D.",2011,Nature Medicine,MiR-34a expression is increased in residual prostate cancer xenograft tumors after miR-34a expression is induced in the tumor cells.,"This experiment was described in Protocol 6 in the Registered Report (Li et al., 2015) and is conceptually similar to what was reported in Supplemental Figure 4A,B of Liu et al. (2011).",ambiguous,"MiR-34a was not detectable in tumors derived from miR-34a-transduced LAPC4 cells, but the authors note that miR-34a overexpression was not confirmed in vivo and therefore the result is not interpretable as a clear test of tumor suppression. [luna56: extra entry, not in the external record]"
,10.7554/elife.43511,10.7554--elife.43511,,,yes,,inconclusive,direct,https://doi.org/10.1038/nm.2284,The microRNA miR-34a inhibits prostate cancer stem cells and metastasis by directly repressing CD44,"Liu, C.; Kelnar, K.; Liu, B.; Chen, X.; Calhoun-Davis, T.; Li, H.; Patrawala, L.; Yan, H.; Jeter, C.; Honorio, S.; Wiggins, J.; Bader, A.; Fagin, R.; Brown, D.; Tang, D.",2011,Nature Medicine,CD44 expression is inversely correlated with miR-34a expression in prostate cancer tumors.,"This experiment was described in Protocol 5 in the Registered Report (Li et al., 2015) and is conceptually similar to what was reported in Figure 4A of Liu et al. (2011), which used DU145 cells transduced with a retroviral vector encoding miR-34a.",ambiguous,"CD44 expression did not differ between groups, but interpretation is limited because miR-34a was not detectable in the miR-34a-transduced tumors. [luna56: extra entry, not in the external record]"
,10.7554/elife.43511,10.7554--elife.43511,,,yes,,inconclusive,direct,https://doi.org/10.1038/nm.2284,The microRNA miR-34a inhibits prostate cancer stem cells and metastasis by directly repressing CD44,"Liu, C.; Kelnar, K.; Liu, B.; Chen, X.; Calhoun-Davis, T.; Li, H.; Patrawala, L.; Yan, H.; Jeter, C.; Honorio, S.; Wiggins, J.; Bader, A.; Fagin, R.; Brown, D.; Tang, D.",2011,Nature Medicine,MiR-34a represses luciferase activity from a wild-type CD44 3′UTR reporter more strongly than from a reporter with both putative miR-34a binding sites mutated.,"This is similar to what was reported in Figure 4D of Liu et al. (2011) and described in Protocol 7 in the Registered Report (Li et al., 2015).",ambiguous,"The replication effect was in the same direction as the original but was not statistically significant; the authors describe the overall results as not consistent in direction with the original study. [luna56: extra entry, not in the external record]"
,10.7554/elife.43511,10.7554--elife.43511,,,yes,,inconclusive,direct,https://doi.org/10.1038/nm.2284,The microRNA miR-34a inhibits prostate cancer stem cells and metastasis by directly repressing CD44,"Liu, C.; Kelnar, K.; Liu, B.; Chen, X.; Calhoun-Davis, T.; Li, H.; Patrawala, L.; Yan, H.; Jeter, C.; Honorio, S.; Wiggins, J.; Bader, A.; Fagin, R.; Brown, D.; Tang, D.",2011,Nature Medicine,MiR-34a reduces luciferase activity from the wild-type CD44 3′UTR reporter relative to the control oligo condition.,"This is similar to what was reported in Figure 4D of Liu et al. (2011) and described in Protocol 7 in the Registered Report (Li et al., 2015).",ambiguous,"The replication was in the same direction as the original but was not statistically significant. [luna56: extra entry, not in the external record]"
,10.7554/elife.43511,10.7554--elife.43511,,,yes,,failure,direct,https://doi.org/10.1038/nm.2284,The microRNA miR-34a inhibits prostate cancer stem cells and metastasis by directly repressing CD44,"Liu, C.; Kelnar, K.; Liu, B.; Chen, X.; Calhoun-Davis, T.; Li, H.; Patrawala, L.; Yan, H.; Jeter, C.; Honorio, S.; Wiggins, J.; Bader, A.; Fagin, R.; Brown, D.; Tang, D.",2011,Nature Medicine,MiR-34a reduces luciferase activity from the double-mutant CD44 3′UTR reporter relative to the control oligo condition.,"This is similar to what was reported in Figure 4D of Liu et al. (2011) and described in Protocol 7 in the Registered Report (Li et al., 2015).",ambiguous,"The replication effect was opposite in direction to the original but was not statistically significant, so it is not coded as a reversal. [luna56: extra entry, not in the external record]"
10.7554--elife.25306#1,10.7554/elife.25306,10.7554--elife.25306,,,yes,,,,,,,,,,,, [luna56: no entry matched this anchor]
,10.7554/elife.25306,10.7554--elife.25306,,,yes,,success,direct,https://doi.org/10.1038/nature10509,Inhibition of BET recruitment to chromatin as an effective treatment for MLL-fusion leukaemia,"Dawson, Mark A; Prinjha, Rakesh K; Dittmann, Antje; Giotopoulos, George; Bantscheff, Marcus; Chan, Wai I; Robson, Simon C; Chung, Chi W; Hopf, Christian; Savitski, Mikhail M; Huthmacher, Christian; Gudgin, Elizabeth; Lugo, David; Beinke, Sarah; Chapman, T. D; Roberts, Edward J; Soden, Peter E; Auger, Kristin R; Mirguet, Olivier; Doehner, Kathrin; Delwel, Reinier; Burnett, Alan K; Jeffrey, Paul; Drewes, Gerard; Lee, Kevin; Huntly, Brian J; Kouzarides, Tony",2011,Nature,I-BET151 selectively inhibits the growth of MLL-fusion leukaemia cells such as MV4;11 while having little effect on non-MLL-fusion K-562 cells.,"This experiment is comparable to what was reported in Figure 2A and Supplementary Figure 11A-B of Dawson et al. (2011) and described in Protocols 1–2 in the Registered Report (Fung et al., 2015).",clear," [luna56: extra entry, not in the external record]"
,10.7554/elife.25306,10.7554--elife.25306,,,yes,,success,direct,https://doi.org/10.1038/nature10509,Inhibition of BET recruitment to chromatin as an effective treatment for MLL-fusion leukaemia,"Dawson, Mark A; Prinjha, Rakesh K; Dittmann, Antje; Giotopoulos, George; Bantscheff, Marcus; Chan, Wai I; Robson, Simon C; Chung, Chi W; Hopf, Christian; Savitski, Mikhail M; Huthmacher, Christian; Gudgin, Elizabeth; Lugo, David; Beinke, Sarah; Chapman, T. D; Roberts, Edward J; Soden, Peter E; Auger, Kristin R; Mirguet, Olivier; Doehner, Kathrin; Delwel, Reinier; Burnett, Alan K; Jeffrey, Paul; Drewes, Gerard; Lee, Kevin; Huntly, Brian J; Kouzarides, Tony",2011,Nature,I-BET151 selectively suppresses BCL2 gene expression in MLL-fusion MV4;11 leukaemia cells but not in non-MLL-fusion K-562 cells.,"We sought to replicate this experiment, which is similar to what was reported in Figure 3D of Dawson et al. (2011) and described in Protocol 3 in the Registered Report (Fung et al., 2015).",clear," [luna56: extra entry, not in the external record]"
,10.7554/elife.25306,10.7554--elife.25306,,,yes,,failure,direct,https://doi.org/10.1038/nature10509,Inhibition of BET recruitment to chromatin as an effective treatment for MLL-fusion leukaemia,"Dawson, Mark A; Prinjha, Rakesh K; Dittmann, Antje; Giotopoulos, George; Bantscheff, Marcus; Chan, Wai I; Robson, Simon C; Chung, Chi W; Hopf, Christian; Savitski, Mikhail M; Huthmacher, Christian; Gudgin, Elizabeth; Lugo, David; Beinke, Sarah; Chapman, T. D; Roberts, Edward J; Soden, Peter E; Auger, Kristin R; Mirguet, Olivier; Doehner, Kathrin; Delwel, Reinier; Burnett, Alan K; Jeffrey, Paul; Drewes, Gerard; Lee, Kevin; Huntly, Brian J; Kouzarides, Tony",2011,Nature,Daily I-BET151 treatment increases survival in mice bearing MLL-fusion leukaemia xenografts compared with vehicle treatment.,"In order to test the efficacy of I-BET151 as a therapeutic agent in MLL-fusion leukaemia, we sought to replicate an experiment similar to what was reported in Figure 4B and D and Supplementary Figure 16A (Dawson et al., 2011) and described in Protocols 4–5 in the Registered Report (Fung et al., 2015).",clear," [luna56: extra entry, not in the external record]"
,10.7554/elife.25306,10.7554--elife.25306,,,yes,,inconclusive,direct,https://doi.org/10.1038/nature10509,Inhibition of BET recruitment to chromatin as an effective treatment for MLL-fusion leukaemia,"Dawson, Mark A; Prinjha, Rakesh K; Dittmann, Antje; Giotopoulos, George; Bantscheff, Marcus; Chan, Wai I; Robson, Simon C; Chung, Chi W; Hopf, Christian; Savitski, Mikhail M; Huthmacher, Christian; Gudgin, Elizabeth; Lugo, David; Beinke, Sarah; Chapman, T. D; Roberts, Edward J; Soden, Peter E; Auger, Kristin R; Mirguet, Olivier; Doehner, Kathrin; Delwel, Reinier; Burnett, Alan K; Jeffrey, Paul; Drewes, Gerard; Lee, Kevin; Huntly, Brian J; Kouzarides, Tony",2011,Nature,I-BET151 treatment reduces leukemic disease burden in mice bearing MLL-fusion leukaemia xenografts compared with vehicle treatment.,"In order to test the efficacy of I-BET151 as a therapeutic agent in MLL-fusion leukaemia, we sought to replicate an experiment similar to what was reported in Figure 4B and D and Supplementary Figure 16A (Dawson et al., 2011) and described in Protocols 4–5 in the Registered Report (Fung et al., 2015).",ambiguous,"Disease burden was reported in the same direction as the original, but the paper does not clearly characterize this aspect as a successful replication or report a confirmatory significance test for the burden comparison. [luna56: extra entry, not in the external record]"
10.7554--elife.29747#1,10.7554/elife.29747,10.7554--elife.29747,,,yes,,,,,,,,,,,, [luna56: no entry matched this anchor]
,10.7554/elife.29747,10.7554--elife.29747,,,yes,,inconclusive,direct,https://doi.org/10.1038/nature11005,Systematic identification of genomic markers of drug sensitivity in cancer cells,"Garnett, Mathew J.; Edelman, Elena J.; Heidorn, Sarah J.; Greenman, Chris D.; Dastur, Amit; Lau, Kwok W.; Greninger, Patricia; Thompson, Ian R.; Luo, Xiang; Soares, Joao; Liu, Qingsong; Iorio, Francesco; Surdez, Delphine; Chen, Lei; Milano, Raffaella J.; Bignell, Graham R.; Tam, Andrew T.; Davies, Helen; Stevenson, James A.; Barthorpe, Stephen; Lutz, Sarah R.; Kogera, Fani; Lawrence, Kate; McLaren-Douglas, Aidan; Mitropoulos, Xeni; Mironenko, Tatiana; Thi, Kim; Richardson, Laura; Zhou, Wen; Jewitt, Fiona; Zhang, Tao; O'Brien, Peter; Boisvert, Jennifer L.; Price, Stephen; Hur, Won; Yang, Wei; Deng, Xin; Butler, Andrew; Choi, Hong G.; Chang, Joon W.; Baselga, Jose; Stamenkovic, Ivan; Engelman, Jeffrey A.; Sharma, Suraj V.; Delattre, Olivier; Saez-Rodriguez, Julio; Gray, Nathanael S.; Settleman, Jeffrey; Futreal, P. Andrew; Haber, David A.; Stratton, Michael R.; Ramaswamy, Sridhar; McDermott, Ultan; Benes, Cyril H.",2012,Nature,Ewing’s sarcoma cell lines are more sensitive to the PARP inhibitor olaparib than osteosarcoma control cell lines.,"This experiment is comparable to what was reported in Figure 4C and Supplemental Figure 16 of Garnett et al. (2012) and described in Protocol 1 in the Registered Report (Vanden Heuvel et al., 2016).",clear,"The replication effect was in the same direction as the original but was not statistically significant; the authors explicitly summarize it this way. [luna56: extra entry, not in the external record]"
,10.7554/elife.29747,10.7554--elife.29747,,,yes,,failure,direct,https://doi.org/10.1038/nature11005,Systematic identification of genomic markers of drug sensitivity in cancer cells,"Garnett, Mathew J.; Edelman, Elena J.; Heidorn, Sarah J.; Greenman, Chris D.; Dastur, Amit; Lau, Kwok W.; Greninger, Patricia; Thompson, Ian R.; Luo, Xiang; Soares, Joao; Liu, Qingsong; Iorio, Francesco; Surdez, Delphine; Chen, Lei; Milano, Raffaella J.; Bignell, Graham R.; Tam, Andrew T.; Davies, Helen; Stevenson, James A.; Barthorpe, Stephen; Lutz, Sarah R.; Kogera, Fani; Lawrence, Kate; McLaren-Douglas, Aidan; Mitropoulos, Xeni; Mironenko, Tatiana; Thi, Kim; Richardson, Laura; Zhou, Wen; Jewitt, Fiona; Zhang, Tao; O'Brien, Peter; Boisvert, Jennifer L.; Price, Stephen; Hur, Won; Yang, Wei; Deng, Xin; Butler, Andrew; Choi, Hong G.; Chang, Joon W.; Baselga, Jose; Stamenkovic, Ivan; Engelman, Jeffrey A.; Sharma, Suraj V.; Delattre, Olivier; Saez-Rodriguez, Julio; Gray, Nathanael S.; Settleman, Jeffrey; Futreal, P. Andrew; Haber, David A.; Stratton, Michael R.; Ramaswamy, Sridhar; McDermott, Ultan; Benes, Cyril H.",2012,Nature,"The EWS-FLI1 rearrangement is sufficient to increase olaparib sensitivity in transformed mouse mesenchymal cells, producing sensitivity similar to that of Ewing’s sarcoma cells and greater sensitivity than FUS-CHOP-transformed cells.","This experiment is similar to what was reported in Figure 4E of Garnett et al. (2012) and described in Protocol 2 in the Registered Report (Vanden Heuvel et al., 2016).",clear,"The EWS-FLI1-transformed cells were relatively resistant rather than olaparib-sensitive, and the authors state that the results were not in the same direction as the original study. [luna56: extra entry, not in the external record]"
,10.7554/elife.29747,10.7554--elife.29747,,,yes,,failure,direct,https://doi.org/10.1038/nature11005,Systematic identification of genomic markers of drug sensitivity in cancer cells,"Garnett, Mathew J.; Edelman, Elena J.; Heidorn, Sarah J.; Greenman, Chris D.; Dastur, Amit; Lau, Kwok W.; Greninger, Patricia; Thompson, Ian R.; Luo, Xiang; Soares, Joao; Liu, Qingsong; Iorio, Francesco; Surdez, Delphine; Chen, Lei; Milano, Raffaella J.; Bignell, Graham R.; Tam, Andrew T.; Davies, Helen; Stevenson, James A.; Barthorpe, Stephen; Lutz, Sarah R.; Kogera, Fani; Lawrence, Kate; McLaren-Douglas, Aidan; Mitropoulos, Xeni; Mironenko, Tatiana; Thi, Kim; Richardson, Laura; Zhou, Wen; Jewitt, Fiona; Zhang, Tao; O'Brien, Peter; Boisvert, Jennifer L.; Price, Stephen; Hur, Won; Yang, Wei; Deng, Xin; Butler, Andrew; Choi, Hong G.; Chang, Joon W.; Baselga, Jose; Stamenkovic, Ivan; Engelman, Jeffrey A.; Sharma, Suraj V.; Delattre, Olivier; Saez-Rodriguez, Julio; Gray, Nathanael S.; Settleman, Jeffrey; Futreal, P. Andrew; Haber, David A.; Stratton, Michael R.; Ramaswamy, Sridhar; McDermott, Ultan; Benes, Cyril H.",2012,Nature,Depletion of EWS-FLI1 from A673 Ewing’s sarcoma cells partially rescues their sensitivity to olaparib.,"To test if EWS-FLI1 is necessary for olaparib sensitivity, we replicated an experiment similar to what was reported in Figure 4F and Supplemental Figure 20 in Garnett et al. (2012) and described in Protocol 3 in the Registered Report (Vanden Heuvel et al., 2016).",clear,"EWS-FLI1 depletion and control cells displayed similar olaparib sensitivities; the authors state that the cell viability results were not in the same direction as the original study. [luna56: extra entry, not in the external record]"
10.7554--elife.18173#1,10.7554/elife.18173,10.7554--elife.18173,,,yes,,,,,,,,,,,, [luna56: no entry matched this anchor]
,10.7554/elife.18173,10.7554--elife.18173,,,yes,,success,direct,https://doi.org/10.1073/pnas.1121623109,The CD47-signal regulatory protein alpha (SIRPa) interaction is a therapeutic target for human solid tumors,"Willingham, Stephen B.; Volkmer, Joerg-P.; Gentles, Andrew J.; Sahoo, Deepak; Dykxhoorn, Derek M.; Rimmele, V.; Weissman, Irving L.",2012,Proceedings of the National Academy of Sciences of the United States of America,Anti-CD47 antibody treatment causes short-term anemia without unacceptable toxicity in mice.,"In 2012, Willingham et al. reported that blocking the signal regulatory protein alpha (SIRPa)/CD47 interaction with an anti-CD47 blocking antibody promoted phagocytosis of solid tumor cells in vitro and reduced growth of solid tumors in vivo indicating that anti-CD47 antibody therapy may be an effective treatment for a variety of solid tumors.",clear,"The replication observed short-term anemia after anti-CD47 treatment, consistent with the toxicity findings reported in the original study. [luna56: extra entry, not in the external record]"
,10.7554/elife.18173,10.7554--elife.18173,,,yes,,failure,direct,https://doi.org/10.1073/pnas.1121623109,The CD47-signal regulatory protein alpha (SIRPa) interaction is a therapeutic target for human solid tumors,"Willingham, Stephen B.; Volkmer, Joerg-P.; Gentles, Andrew J.; Sahoo, Deepak; Dykxhoorn, Derek M.; Rimmele, V.; Weissman, Irving L.",2012,Proceedings of the National Academy of Sciences of the United States of America,Anti-CD47 antibody treatment reduces the final weight of syngeneic breast tumors compared with IgG control treatment.,"In 2012, Willingham et al. reported that blocking the signal regulatory protein alpha (SIRPa)/CD47 interaction with an anti-CD47 blocking antibody promoted phagocytosis of solid tumor cells in vitro and reduced growth of solid tumors in vivo indicating that anti-CD47 antibody therapy may be an effective treatment for a variety of solid tumors.",clear,"The replication found numerically heavier tumors after anti-CD47 treatment and no statistically significant reduction in tumor weight. [luna56: extra entry, not in the external record]"
,10.7554/elife.18173,10.7554--elife.18173,,,yes,,inconclusive,direct,https://doi.org/10.1073/pnas.1121623109,The CD47-signal regulatory protein alpha (SIRPa) interaction is a therapeutic target for human solid tumors,"Willingham, Stephen B.; Volkmer, Joerg-P.; Gentles, Andrew J.; Sahoo, Deepak; Dykxhoorn, Derek M.; Rimmele, V.; Weissman, Irving L.",2012,Proceedings of the National Academy of Sciences of the United States of America,Anti-CD47 antibody treatment increases lymphocytic infiltration into syngeneic breast tumors.,"In 2012, Willingham et al. reported that blocking the signal regulatory protein alpha (SIRPa)/CD47 interaction with an anti-CD47 blocking antibody promoted phagocytosis of solid tumor cells in vitro and reduced growth of solid tumors in vivo indicating that anti-CD47 antibody therapy may be an effective treatment for a variety of solid tumors.",ambiguous,"The replication reported minimal to moderate lymphocytic infiltration in both IgG and anti-CD47 tumors, without a clear demonstrated treatment-related increase. [luna56: extra entry, not in the external record]"
10.7554--elife.34364#1,10.7554/elife.34364,10.7554--elife.34364,,,yes,,,,,,,,,,,, [luna56: no entry matched this anchor]
,10.7554/elife.34364,10.7554--elife.34364,,,yes,,success,direct,https://doi.org/10.1126/science.1224820,Intestinal inflammation targets cancer-inducing activity of the microbiota,"Arthur, J; Perez-Chanona, E; Mühlbauer, M; Tomkovich, S; Uronis, J; Fan, T; Campbell, B; Abujamel, T; Dogan, B; Rogers, A; Rhodes, J; Stintzi, A; Simpson, K; Hansen, J; Keku, T; Fodor, A; Jobin, C",2012,Science,Deletion of the pks island from E. coli NC101 does not substantially affect bacterial growth in vitro.,"As described in the Registered Report (Eaton et al., 2015), we attempted a replication of the experiments reported in Figure 4A–F, and Supplemental Figure 7 and 10 of Arthur et al. (2012).",clear,"The replication authors explicitly state that the growth results were similar to the original study. [luna56: extra entry, not in the external record]"
,10.7554/elife.34364,10.7554--elife.34364,,,yes,,inconclusive,direct,https://doi.org/10.1126/science.1224820,Intestinal inflammation targets cancer-inducing activity of the microbiota,"Arthur, J; Perez-Chanona, E; Mühlbauer, M; Tomkovich, S; Uronis, J; Fan, T; Campbell, B; Abujamel, T; Dogan, B; Rogers, A; Rhodes, J; Stintzi, A; Simpson, K; Hansen, J; Keku, T; Fodor, A; Jobin, C",2012,Science,Deletion of the pks island has little or no effect on survival of AOM-treated mice mono-associated with E. coli NC101.,"As described in the Registered Report (Eaton et al., 2015), we attempted a replication of the experiments reported in Figure 4A–F, and Supplemental Figure 7 and 10 of Arthur et al. (2012).",ambiguous,"Survival effects were in the same direction as the original, but the replication used an endpoint that was nine weeks longer than the original study and the comparable-timeframe analysis was exploratory. [luna56: extra entry, not in the external record]"
,10.7554/elife.34364,10.7554--elife.34364,,,yes,,inconclusive,direct,https://doi.org/10.1126/science.1224820,Intestinal inflammation targets cancer-inducing activity of the microbiota,"Arthur, J; Perez-Chanona, E; Mühlbauer, M; Tomkovich, S; Uronis, J; Fan, T; Campbell, B; Abujamel, T; Dogan, B; Rogers, A; Rhodes, J; Stintzi, A; Simpson, K; Hansen, J; Keku, T; Fodor, A; Jobin, C",2012,Science,Deletion of the pks island does not alter colonic inflammation in AOM-treated germ-free Il10-/- mice mono-associated with E. coli.,"As described in the Registered Report (Eaton et al., 2015), we attempted a replication of the experiments reported in Figure 4A–F, and Supplemental Figure 7 and 10 of Arthur et al. (2012).",clear,"The replication authors state that the results cannot be directly compared with the original because of different experimental timing. [luna56: extra entry, not in the external record]"
,10.7554/elife.34364,10.7554--elife.34364,,,yes,,inconclusive,direct,https://doi.org/10.1126/science.1224820,Intestinal inflammation targets cancer-inducing activity of the microbiota,"Arthur, J; Perez-Chanona, E; Mühlbauer, M; Tomkovich, S; Uronis, J; Fan, T; Campbell, B; Abujamel, T; Dogan, B; Rogers, A; Rhodes, J; Stintzi, A; Simpson, K; Hansen, J; Keku, T; Fodor, A; Jobin, C",2012,Science,The pks island promotes invasion of the colon by E. coli NC101 in AOM-treated germ-free Il10-/- mice.,"As described in the Registered Report (Eaton et al., 2015), we attempted a replication of the experiments reported in Figure 4A–F, and Supplemental Figure 7 and 10 of Arthur et al. (2012).",clear,"The replication found no substantial difference in invasion scores but states that the result is confounded by the longer experimental timing and cannot directly address the original conditions. [luna56: extra entry, not in the external record]"
,10.7554/elife.34364,10.7554--elife.34364,,,yes,,inconclusive,direct,https://doi.org/10.1126/science.1224820,Intestinal inflammation targets cancer-inducing activity of the microbiota,"Arthur, J; Perez-Chanona, E; Mühlbauer, M; Tomkovich, S; Uronis, J; Fan, T; Campbell, B; Abujamel, T; Dogan, B; Rogers, A; Rhodes, J; Stintzi, A; Simpson, K; Hansen, J; Keku, T; Fodor, A; Jobin, C",2012,Science,The pks island promotes neoplasia and tumorigenesis in AOM-treated germ-free Il10-/- mice mono-associated with E. coli NC101.,"As described in the Registered Report (Eaton et al., 2015), we attempted a replication of the experiments reported in Figure 4A–F, and Supplemental Figure 7 and 10 of Arthur et al. (2012).",clear,"The replication found no substantial difference in neoplasia scores, but the authors state that the result cannot be directly compared with the original because of different experimental timing. [luna56: extra entry, not in the external record]"
,10.7554/elife.34364,10.7554--elife.34364,,,yes,,inconclusive,direct,https://doi.org/10.1126/science.1224820,Intestinal inflammation targets cancer-inducing activity of the microbiota,"Arthur, J; Perez-Chanona, E; Mühlbauer, M; Tomkovich, S; Uronis, J; Fan, T; Campbell, B; Abujamel, T; Dogan, B; Rogers, A; Rhodes, J; Stintzi, A; Simpson, K; Hansen, J; Keku, T; Fodor, A; Jobin, C",2012,Science,The pks island increases macroscopic tumor multiplicity in AOM-treated germ-free Il10-/- mice mono-associated with E. coli NC101.,"As described in the Registered Report (Eaton et al., 2015), we attempted a replication of the experiments reported in Figure 4A–F, and Supplemental Figure 7 and 10 of Arthur et al. (2012).",clear,"Individual tumors often could not be distinguished in the replication because lesions were coalescing, so tumor counts could not be directly compared with the original study. [luna56: extra entry, not in the external record]"
10.7554--elife.39944#1,10.7554/elife.39944,10.7554--elife.39944,,,yes,,inconclusive,direct,https://doi.org/10.1038/nm.2753,Melanoma exosomes educate bone marrow progenitor cells toward a pro-metastatic phenotype through MET,"Peinado, Hector; Alečković, Maja; Lavotshkin, Sergey; Matei, Irina; Costa-Silva, Bruno; Moreno-Bueno, Gema; Hergueta-Redondo, María; Williams, Christopher; García-Santos, Gabriela; Ghajar, Cyrus; Nitadori-Hoshino, Akira; Hoffman, Charles; Badal, Karim; Garcia, Benjamin A.; Callahan, Michael K.; Yuan, Jing; Martins, Vitor R.; Skog, Johan; Kaplan, Robert N.; Brady, Michael S.; Wolchok, Jedd D.; Chapman, Paul B.; Kang, Yibin; Bromberg, Jonathan; Lyden, David",2012,Nature Medicine,"Exosomes from highly metastatic B16-F10 melanoma cells, through transfer of MET to bone marrow-derived cells, increase primary tumor metastatic burden, whereas MET reduction in exosomes decreases lung and bone metastasis.","This experiment is similar to what was reported in Figure 4E of Peinado et al., 2012 and described in Protocol 3 in the Registered Report (Lesnik et al., 2016).",clear,"The authors describe this as a direct replication and report effects in the same direction as the original but not statistically significant, with caveats including an earlier experimental endpoint and differences in MET knockdown."
10.7554--elife.21634#1,10.7554/elife.21634,10.7554--elife.21634,,,yes,,,,,,,,,,,, [luna56: no entry matched this anchor]
,10.7554/elife.21634,10.7554--elife.21634,,,yes,,failure,direct,https://doi.org/10.1038/nature11071,Melanoma genome sequencing reveals frequent PREX2 mutations,"Berger, MF; Hodis, E; Heffernan, TP; Deribe, YL; Lawrence, MS; Protopopov, A; Ivanova, E; Watson, IR; Nickerson, E; Ghosh, P; Zhang, H; Zeid, R; Ren, X; Cibulskis, K; Sivachenko, AY; Wagle, N; Sucker, A; Sougnez, C; Onofrio, R; Ambrogio, L; Auclair, D; Fennell, T; Carter, SL; Drier, Y; Stojanov, P; Singer, MA; Voet, D; Jing, R; Saksena, G; Barretina, J; Ramos, AH; Pugh, TJ; Stransky, N; Parkin, M; Winckler, W; Mahan, S; Ardlie, K; Baldwin, J; Wargo, J; Schadendorf, D; Meyerson, M; Gabriel, SB; Golub, TR; Wagner, SN; Lander, ES; Getz, G; Chin, L; Garraway, LA",2012,Nature,Expression of PREX2[G844D] in NRAS[G12D] melanocytes causes shorter tumor-free survival in mice than expression of GFP.,"As described in the Registered Report (Chroscinski et al., 2014), we attempted a replication of the experiments reported in Figures 3B and S6 of Berger et al. (2012).",clear,"The replication found no statistically significant difference in tumor-free survival between GFP and PREX2[G844D] groups. [luna56: extra entry, not in the external record]"
,10.7554/elife.21634,10.7554--elife.21634,,,yes,,failure,direct,https://doi.org/10.1038/nature11071,Melanoma genome sequencing reveals frequent PREX2 mutations,"Berger, MF; Hodis, E; Heffernan, TP; Deribe, YL; Lawrence, MS; Protopopov, A; Ivanova, E; Watson, IR; Nickerson, E; Ghosh, P; Zhang, H; Zeid, R; Ren, X; Cibulskis, K; Sivachenko, AY; Wagle, N; Sucker, A; Sougnez, C; Onofrio, R; Ambrogio, L; Auclair, D; Fennell, T; Carter, SL; Drier, Y; Stojanov, P; Singer, MA; Voet, D; Jing, R; Saksena, G; Barretina, J; Ramos, AH; Pugh, TJ; Stransky, N; Parkin, M; Winckler, W; Mahan, S; Ardlie, K; Baldwin, J; Wargo, J; Schadendorf, D; Meyerson, M; Gabriel, SB; Golub, TR; Wagner, SN; Lander, ES; Getz, G; Chin, L; Garraway, LA",2012,Nature,Expression of PREX2[Q1430*] in NRAS[G12D] melanocytes causes shorter tumor-free survival in mice than expression of GFP.,"As described in the Registered Report (Chroscinski et al., 2014), we attempted a replication of the experiments reported in Figures 3B and S6 of Berger et al. (2012).",clear,"The replication found no statistically significant difference in tumor-free survival between GFP and PREX2[Q1430*] groups. [luna56: extra entry, not in the external record]"
,10.7554/elife.21634,10.7554--elife.21634,,,yes,,failure,direct,https://doi.org/10.1038/nature11071,Melanoma genome sequencing reveals frequent PREX2 mutations,"Berger, MF; Hodis, E; Heffernan, TP; Deribe, YL; Lawrence, MS; Protopopov, A; Ivanova, E; Watson, IR; Nickerson, E; Ghosh, P; Zhang, H; Zeid, R; Ren, X; Cibulskis, K; Sivachenko, AY; Wagle, N; Sucker, A; Sougnez, C; Onofrio, R; Ambrogio, L; Auclair, D; Fennell, T; Carter, SL; Drier, Y; Stojanov, P; Singer, MA; Voet, D; Jing, R; Saksena, G; Barretina, J; Ramos, AH; Pugh, TJ; Stransky, N; Parkin, M; Winckler, W; Mahan, S; Ardlie, K; Baldwin, J; Wargo, J; Schadendorf, D; Meyerson, M; Gabriel, SB; Golub, TR; Wagner, SN; Lander, ES; Getz, G; Chin, L; Garraway, LA",2012,Nature,Expression of PREX2[G844D] in NRAS[G12D] melanocytes causes shorter tumor-free survival in mice than expression of PREX2[WT].,"As described in the Registered Report (Chroscinski et al., 2014), we attempted a replication of the experiments reported in Figures 3B and S6 of Berger et al. (2012).",clear,"The replication found no statistically significant difference in tumor-free survival between PREX2[WT] and PREX2[G844D] groups. [luna56: extra entry, not in the external record]"
,10.7554/elife.21634,10.7554--elife.21634,,,yes,,failure,direct,https://doi.org/10.1038/nature11071,Melanoma genome sequencing reveals frequent PREX2 mutations,"Berger, MF; Hodis, E; Heffernan, TP; Deribe, YL; Lawrence, MS; Protopopov, A; Ivanova, E; Watson, IR; Nickerson, E; Ghosh, P; Zhang, H; Zeid, R; Ren, X; Cibulskis, K; Sivachenko, AY; Wagle, N; Sucker, A; Sougnez, C; Onofrio, R; Ambrogio, L; Auclair, D; Fennell, T; Carter, SL; Drier, Y; Stojanov, P; Singer, MA; Voet, D; Jing, R; Saksena, G; Barretina, J; Ramos, AH; Pugh, TJ; Stransky, N; Parkin, M; Winckler, W; Mahan, S; Ardlie, K; Baldwin, J; Wargo, J; Schadendorf, D; Meyerson, M; Gabriel, SB; Golub, TR; Wagner, SN; Lander, ES; Getz, G; Chin, L; Garraway, LA",2012,Nature,Expression of PREX2[Q1430*] in NRAS[G12D] melanocytes causes shorter tumor-free survival in mice than expression of PREX2[WT].,"As described in the Registered Report (Chroscinski et al., 2014), we attempted a replication of the experiments reported in Figures 3B and S6 of Berger et al. (2012).",clear,"The replication found no statistically significant difference in tumor-free survival between PREX2[WT] and PREX2[Q1430*] groups. [luna56: extra entry, not in the external record]"
10.7554--elife.10860#1,10.7554/elife.10860,10.7554--elife.10860,,,yes,,,,,,,,,,,, [luna56: no entry matched this anchor]
,10.7554/elife.10860,10.7554--elife.10860,,,yes,,inconclusive,close experiment,https://doi.org/10.1038/nature10860,IDH mutation impairs histone demethylation and results in a block to cell differentiation,"Lu, C; Ward, PS; Kapoor, GS; Rohle, D; Turcan, S; Abdel-Wahab, O; Edwards, CR; Khanin, R; Figueroa, ME; Melnick, A; Wellen, KE; O’Rourke, DM; Berger, SL; Chan, TA; Levine, RL; Mellinghoff, IK; Thompson, CB",2012,Nature,Expression of mutant IDH1 or IDH2 increases global histone methylation levels and produces the oncometabolite 2-hydroxyglutarate in transfected 293T cells.,"Examination of glioma samples showed a correlation between IDH mutation status and level of overall methylation (Lu et al., 2012).",ambiguous,"This is a registered report describing a planned replication protocol; no replication outcome is reported, so the result is coded inconclusive. [luna56: extra entry, not in the external record]"
,10.7554/elife.10860,10.7554--elife.10860,,,yes,,inconclusive,close experiment,https://doi.org/10.1038/nature10860,IDH mutation impairs histone demethylation and results in a block to cell differentiation,"Lu, C; Ward, PS; Kapoor, GS; Rohle, D; Turcan, S; Abdel-Wahab, O; Edwards, CR; Khanin, R; Figueroa, ME; Melnick, A; Wellen, KE; O’Rourke, DM; Berger, SL; Chan, TA; Levine, RL; Mellinghoff, IK; Thompson, CB",2012,Nature,Expression of mutant IDH2 blocks the differentiation of 3T3-L1 progenitor cells into adipocytes and reduces expression of adipocyte markers.,"Examination of glioma samples showed a correlation between IDH mutation status and level of overall methylation (Lu et al., 2012).",ambiguous,"This is a registered report describing a planned replication protocol; no replication outcome is reported, so the result is coded inconclusive. [luna56: extra entry, not in the external record]"
,10.7554/elife.10860,10.7554--elife.10860,,,yes,,inconclusive,close experiment,https://doi.org/10.1038/nature10860,IDH mutation impairs histone demethylation and results in a block to cell differentiation,"Lu, C; Ward, PS; Kapoor, GS; Rohle, D; Turcan, S; Abdel-Wahab, O; Edwards, CR; Khanin, R; Figueroa, ME; Melnick, A; Wellen, KE; O’Rourke, DM; Berger, SL; Chan, TA; Levine, RL; Mellinghoff, IK; Thompson, CB",2012,Nature,Knockdown of the histone demethylase KDM4C increases global methylation and inhibits differentiation of 3T3-L1 cells into adipocytes.,"Examination of glioma samples showed a correlation between IDH mutation status and level of overall methylation (Lu et al., 2012).",ambiguous,"This is a registered report describing a planned replication protocol; no replication outcome is reported, so the result is coded inconclusive. [luna56: extra entry, not in the external record]"
10.7554--elife.30274#1,10.7554/elife.30274,10.7554--elife.30274,,,yes,,,,,,,,,,,, [luna56: no entry matched this anchor]
,10.7554/elife.30274,10.7554--elife.30274,,,yes,,success,direct,https://doi.org/10.1016/j.cell.2012.08.026,Transcriptional amplification in tumor cells with elevated c-Myc,"Lin, Charles Y.; Lovén, Johan; Rahl, Peter B.; Paranal, R. Matthew; Burge, Christopher B.; Bradner, James E.; Lee, Thomas I.; Young, Richard A.",2012,Cell,"Tetracycline represses c-Myc expression in P493-6 cells, and removal of tetracycline reactivates c-Myc expression.","This is comparable to what was reported in Figure 1B of Lin et al. (2012) and described in Protocol 1 in the Registered Report (Blum et al., 2015).",clear,"Western blot confirmation of conditional c-Myc repression and reactivation; no formal statistical analysis was performed. [luna56: extra entry, not in the external record]"
,10.7554/elife.30274,10.7554--elife.30274,,,yes,,inconclusive,direct,https://doi.org/10.1016/j.cell.2012.08.026,Transcriptional amplification in tumor cells with elevated c-Myc,"Lin, Charles Y.; Lovén, Johan; Rahl, Peter B.; Paranal, R. Matthew; Burge, Christopher B.; Bradner, James E.; Lee, Thomas I.; Young, Richard A.",2012,Cell,Increasing c-Myc expression increases the absolute amount of total RNA per cell in P493-6 cells.,"This experiment is similar to what was reported in Figure 3E of Lin et al. (2012) and used the same extraction method for total RNA quantification, which was described in Protocol 2 in the Registered Report (Blum et al., 2015).",ambiguous,"The effect was in the original direction for both serum lots, but was statistically significant for only one of the two lots; the authors explicitly summarize the outcome as mixed across serum lots. [luna56: extra entry, not in the external record]"
,10.7554/elife.30274,10.7554--elife.30274,,,yes,,success,direct,https://doi.org/10.1016/j.cell.2012.08.026,Transcriptional amplification in tumor cells with elevated c-Myc,"Lin, Charles Y.; Lovén, Johan; Rahl, Peter B.; Paranal, R. Matthew; Burge, Christopher B.; Bradner, James E.; Lee, Thomas I.; Young, Richard A.",2012,Cell,Induction of c-Myc increases expression of genes that are already transcriptionally active.,"This experiment is similar to what was reported in Figure 3F and Table S1 of Lin et al. (2012) and described in Protocols 3–4 in the Registered Report (Blum et al., 2015).",clear,"Active genes increased during c-Myc induction in the replication, consistent with the original claim; the authors describe the results as being in the same direction as the original. [luna56: extra entry, not in the external record]"
,10.7554/elife.30274,10.7554--elife.30274,,,yes,,inconclusive,direct,https://doi.org/10.1016/j.cell.2012.08.026,Transcriptional amplification in tumor cells with elevated c-Myc,"Lin, Charles Y.; Lovén, Johan; Rahl, Peter B.; Paranal, R. Matthew; Burge, Christopher B.; Bradner, James E.; Lee, Thomas I.; Young, Richard A.",2012,Cell,Genes that are transcriptionally silent under low-c-Myc conditions do not increase in expression when c-Myc is induced.,"This experiment is similar to what was reported in Figure 3F and Table S1 of Lin et al. (2012) and described in Protocols 3–4 in the Registered Report (Blum et al., 2015).",ambiguous,"The replication found increases among silent genes, contrary to the original null pattern, but results varied by comparison and serum lot; the authors report mixed and heterogeneous evidence rather than explicitly characterizing the finding as a reversal. [luna56: extra entry, not in the external record]"
10.7554--elife.25801#1,10.7554/elife.25801,10.7554--elife.25801,,,yes,,inconclusive,direct,https://doi.org/10.1101/gr.126516.111,Fusobacterium nucleatum infection is prevalent in human colorectal carcinoma,"Castellarin, Mauro; Warren, René L.; Freeman, Jessica D.; Dreolini, Laura; Krzywinski, Martin; Strauss, John; Barnes, Ryan; Watson, Peter; Allen-Vercoe, Eugenia; Moore, Richard A.; Holt, Robert A.",2012,Genome Research,Fusobacterium nucleatum DNA abundance is substantially higher in colorectal carcinoma tissue than in adjacent normal tissue.,This experiment is similar to what was reported in Figure 2 of Castellarin et al. (2012).,ambiguous,"The replication found higher F. nucleatum signal in colorectal carcinoma tissue using the prespecified analysis, but the replication effect confidence interval included zero and many qPCR signals were nonspecific or near the detection threshold."
10.1101--2025.04.02.645026#1,10.1101/2025.04.02.645026,10.1101--2025.04.02.645026,,,yes,,inconclusive,direct,,Multiple original experiments from Brazilian biomedical science,,,,"The paper reports aggregate results from replications of 45 distinct experiments originally published by Brazilian biomedical researchers, without identifying the individual original studies in the provided text.",,ambiguous,"The paper is a multicenter replication project, but the individual original studies and experiment-level outcomes are provided only in supplementary materials linked externally and are not identified in the supplied full text. The aggregate findings are mixed across replication criteria."
10.1007--s40279-025-02201-w#1,10.1007/s40279-025-02201-w,10.1007--s40279-025-02201-w,,,yes,,,,,,,,,,,, [luna56: no entry matched this anchor]
,10.1007/s40279-025-02201-w,10.1007--s40279-025-02201-w,,,yes,,inconclusive,close experiment,https://doi.org/10.1519/JSC.0000000000001503,"Age-related differences in maximal and rapid torque characteristics of the hip extensors and dynamic postural balance in healthy, young and old females","Palmer, T; Thiele, R; Thompson, B",2017,Journal of Strength and Conditioning Research,Age-related differences affect maximal and rapid hip-extensor torque characteristics and dynamic postural balance in healthy young and older females.,,ambiguous,"The paper reports this as one of 25 completed replications, but the machine-readable text omits Tables 1–6, which contain the study-specific outcome classifications. [luna56: extra entry, not in the external record]"
,10.1007/s40279-025-02201-w,10.1007--s40279-025-02201-w,,,yes,,inconclusive,close experiment,https://doi.org/10.1519/JSC.0000000000002198,A single dose of oral ATP supplementation improves performance and physiological response during lower body resistance exercise in recreational resistance-trained males,"Freitas, M; Cholewa, J; Gerosa-Neto, J; Gonçalves, D; Caperuto, E; Lira, F",2019,Journal of Strength and Conditioning Research,A single oral dose of ATP supplementation improves lower-body resistance-exercise performance and physiological responses in recreationally resistance-trained males.,,ambiguous,"Study-specific outcome classification is unavailable because the tables are not included in the supplied text. [luna56: extra entry, not in the external record]"
,10.1007/s40279-025-02201-w,10.1007--s40279-025-02201-w,,,yes,,inconclusive,close experiment,https://doi.org/10.1519/JSC.0000000000001620,Effect of a compressive garment on kinematics of jump-landing tasks,"Debritto, M; Lemos, A; Santos, D; Strefanyshyn, C; Carpes, D; F",2017,Journal of Strength and Conditioning Research,Wearing a compressive garment changes the kinematics of jump-landing tasks.,,ambiguous,"Study-specific outcome classification is unavailable because the tables are not included in the supplied text. [luna56: extra entry, not in the external record]"
,10.1007/s40279-025-02201-w,10.1007--s40279-025-02201-w,,,yes,,inconclusive,close experiment,https://doi.org/10.1111/sms.13776,Caffeine increases strength and power performance in resistance-trained females during early follicular phase,"Norum, M; Risvang, L; Bjørnsen, T; Dimitriou, L; Rønning, P; Bjørgen, M",2020,Scandinavian Journal of Medicine & Science in Sports,Caffeine increases strength and power performance in resistance-trained females during the early follicular phase.,,ambiguous,"Study-specific outcome classification is unavailable because the tables are not included in the supplied text. [luna56: extra entry, not in the external record]"
,10.1007/s40279-025-02201-w,10.1007--s40279-025-02201-w,,,yes,,inconclusive,close experiment,https://doi.org/10.1519/JSC.0000000000001655,"The effects of a heel wedge on hip, pelvis and trunk biomechanics during squatting in resistance trained individuals","Charlton, J; Hammond, C; Cochrane, C; Hatfield, G; Hunt, M",2017,Journal of Strength and Conditioning Research,"A heel wedge alters hip, pelvis, and trunk biomechanics during squatting in resistance-trained individuals.",,ambiguous,"Study-specific outcome classification is unavailable because the tables are not included in the supplied text. [luna56: extra entry, not in the external record]"
,10.1007/s40279-025-02201-w,10.1007--s40279-025-02201-w,,,yes,,inconclusive,close experiment,https://doi.org/10.1519/JSC.0000000000002981,Effects of preferred vs nonpreferred music on resistance exercise performance,"Ballmann, C; Mccullum, M; Rogers, R; Marshall, M; Williams, T",2021,Journal of Strength and Conditioning Research,Listening to preferred rather than nonpreferred music improves resistance-exercise performance.,,ambiguous,"Study-specific outcome classification is unavailable because the tables are not included in the supplied text. [luna56: extra entry, not in the external record]"
,10.1007/s40279-025-02201-w,10.1007--s40279-025-02201-w,,,yes,,inconclusive,close experiment,https://doi.org/10.1123/ijspp.2019-0098,"Acute enhancement of jump performance, muscle strength, and power in resistance-trained men after consumption of caffeinated chewing gum","Venier, S; Grgic, J; Mikulic, P",2019,International Journal of Sports Physiology and Performance,"Consuming caffeinated chewing gum acutely enhances jump performance, muscle strength, and power in resistance-trained men.",,ambiguous,"Study-specific outcome classification is unavailable because the tables are not included in the supplied text. [luna56: extra entry, not in the external record]"
,10.1007/s40279-025-02201-w,10.1007--s40279-025-02201-w,,,yes,,inconclusive,close experiment,https://doi.org/10.1519/JSC.0000000000001339,Passive recovery promotes superior performance and reduced physiological stress across different phases of short-distance repeated sprints,"Scanlan, A; Madueno, M",2016,Journal of Strength and Conditioning Research,Passive recovery improves performance and reduces physiological stress across phases of short-distance repeated-sprint exercise.,,ambiguous,"Study-specific outcome classification is unavailable because the tables are not included in the supplied text. [luna56: extra entry, not in the external record]"
,10.1007/s40279-025-02201-w,10.1007--s40279-025-02201-w,,,yes,,inconclusive,close experiment,https://doi.org/10.1080/02640414.2020.1785727,Associated ACL risk factors differences during an unanticipated volleyball blocking movement,"Zahradnik, D; Jandacka, D; Beinhauerova, G; Hamill, J",2020,Journal of Sports Sciences,Unanticipated volleyball blocking movements produce differences in biomechanical factors associated with anterior cruciate ligament injury risk.,,ambiguous,"Study-specific outcome classification is unavailable because the tables are not included in the supplied text. [luna56: extra entry, not in the external record]"
,10.1007/s40279-025-02201-w,10.1007--s40279-025-02201-w,,,yes,,inconclusive,close experiment,https://doi.org/10.1080/17461391.2020.1733671,"Effect of consecutive jumping trials on metatarsophalangeal, ankle, and knee biomechanics during take-off and landing","Lam, W; Jia, S; Baker, J; Ugbolue, U; Gu, Y; Sun, W",2021,European Journal of Sport Science,"Consecutive jumping trials alter metatarsophalangeal, ankle, and knee biomechanics during take-off and landing.",,ambiguous,"Study-specific outcome classification is unavailable because the tables are not included in the supplied text. [luna56: extra entry, not in the external record]"
,10.1007/s40279-025-02201-w,10.1007--s40279-025-02201-w,,,yes,,inconclusive,close experiment,https://doi.org/10.1519/JSC.0000000000001280,The effects of caffeine on vertical jump height and execution in collegiate athletes,"Bloms, L; Fitzgerald, J; Short, M; Whitehead, J",2016,Journal of Strength and Conditioning Research,Caffeine affects vertical-jump height and execution in collegiate athletes.,,ambiguous,"Study-specific outcome classification is unavailable because the tables are not included in the supplied text. [luna56: extra entry, not in the external record]"
,10.1007/s40279-025-02201-w,10.1007--s40279-025-02201-w,,,yes,,inconclusive,close experiment,https://doi.org/10.1080/02640414.2020.1788288,A real-time feedback method to reduce loading rate during running: effect of combining direct and indirect feedback,"Garofolini, A; Oppici, L; Taylor, S",2020,Journal of Sports Sciences,Combining direct and indirect real-time feedback reduces the loading rate during running.,,ambiguous,"Study-specific outcome classification is unavailable because the tables are not included in the supplied text. [luna56: extra entry, not in the external record]"
,10.1007/s40279-025-02201-w,10.1007--s40279-025-02201-w,,,yes,,inconclusive,close experiment,https://doi.org/10.1519/JSC.0000000000003166,Changes in bench press velocity and power after 8 weeks of high-load cluster-or traditional-set structures,"Davies, T; Halaki, M; Orr, R; Helms, E; Hackett, D",2020,Journal of Strength and Conditioning Research,Eight weeks of high-load cluster sets produce different changes in bench-press velocity and power than traditional sets.,,ambiguous,"Study-specific outcome classification is unavailable because the tables are not included in the supplied text. [luna56: extra entry, not in the external record]"
,10.1007/s40279-025-02201-w,10.1007--s40279-025-02201-w,,,yes,,inconclusive,close experiment,https://doi.org/10.1249/MSS.0000000000002323,Does mental fatigue negatively affect outcomes of functional performance tests?,"Verschueren, J; Tassignon, B; Proost, M; Teugels, A; Van Cutsem, J; Roelands, B",2020,Medicine & Science in Sports & Exercise,Mental fatigue negatively affects performance on functional performance tests.,,ambiguous,"Study-specific outcome classification is unavailable because the tables are not included in the supplied text. [luna56: extra entry, not in the external record]"
,10.1007/s40279-025-02201-w,10.1007--s40279-025-02201-w,,,yes,,inconclusive,close experiment,https://doi.org/10.1249/MSS.0000000000001982,Beep test performance is influenced by 30 minutes of cognitive work,"Macmahon, C; Hawkins, Z; Schücker, L",2019,Medicine & Science in Sports & Exercise,Thirty minutes of cognitive work influences performance on the beep test.,,ambiguous,"Study-specific outcome classification is unavailable because the tables are not included in the supplied text. [luna56: extra entry, not in the external record]"
,10.1007/s40279-025-02201-w,10.1007--s40279-025-02201-w,,,yes,,inconclusive,close experiment,https://doi.org/10.1519/JSC.0000000000003326,Voluntary muscle relaxation can mitigate fatigue and improve countermovement jump performance,"Pinto, B; Mcgill, S",2020,Journal of Strength and Conditioning Research,Voluntary muscle relaxation mitigates fatigue and improves countermovement-jump performance.,,ambiguous,"Study-specific outcome classification is unavailable because the tables are not included in the supplied text. [luna56: extra entry, not in the external record]"
,10.1007/s40279-025-02201-w,10.1007--s40279-025-02201-w,,,yes,,inconclusive,close experiment,https://doi.org/10.1249/MSS.0000000000000818,"Maximizing performance: augmented feedback, focus of attention, and/or reward?","Wälchli, M; Ruffieux, J; Bourquin, Y; Keller, M; Taube, W",2016,Medicine & Science in Sports & Exercise,"Augmented feedback, attentional focus, and reward influence performance.",,ambiguous,"Study-specific outcome classification is unavailable because the tables are not included in the supplied text. [luna56: extra entry, not in the external record]"
,10.1007/s40279-025-02201-w,10.1007--s40279-025-02201-w,,,yes,,inconclusive,close experiment,https://doi.org/10.1519/JSC.0000000000001122,Altering work to rest ratios differentially influences fatigue indices during repeated sprint ability testing,"Monica, L; Fukuda, M; Beyer, D; Hoffman, K; Miramonti, M; Riffe, A; J",2016,Journal of Strength and Conditioning Research,Changing work-to-rest ratios differentially affects fatigue indices during repeated-sprint ability testing.,,ambiguous,"Study-specific outcome classification is unavailable because the tables are not included in the supplied text. [luna56: extra entry, not in the external record]"
,10.1007/s40279-025-02201-w,10.1007--s40279-025-02201-w,,,yes,,inconclusive,close experiment,https://doi.org/10.1016/j.jsams.2017.06.007,Investigating the effects of maximal anaerobic fatigue on dynamic postural control using the Y-balance test,"Johnston, W; Dolan, K; Reid, N; Coughlan, G; Caulfield, B",2018,Journal of Science and Medicine in Sport,Maximal anaerobic fatigue impairs dynamic postural control measured with the Y-balance test.,,ambiguous,"Study-specific outcome classification is unavailable because the tables are not included in the supplied text. [luna56: extra entry, not in the external record]"
,10.1007/s40279-025-02201-w,10.1007--s40279-025-02201-w,,,yes,,inconclusive,close experiment,https://doi.org/10.1080/17461391.2018.1537378,Effect of different loading conditions on running mechanics at different velocities,"Carretero-Navarro, G; Márquez, G; Cherubini, D; Taube, W",2019,European Journal of Sport Science,Different loading conditions alter running mechanics at different running velocities.,,ambiguous,"Study-specific outcome classification is unavailable because the tables are not included in the supplied text. [luna56: extra entry, not in the external record]"
,10.1007/s40279-025-02201-w,10.1007--s40279-025-02201-w,,,yes,,inconclusive,close experiment,https://doi.org/10.1519/JSC.0000000000003009,Effect of attentional focus strategies on the biomechanical performance of the drop jump,"Comyns, T; Brady, C; Molloy, J",2019,Journal of Strength and Conditioning Research,Attentional-focus strategies affect biomechanical performance during the drop jump.,,ambiguous,"Study-specific outcome classification is unavailable because the tables are not included in the supplied text. [luna56: extra entry, not in the external record]"
,10.1007/s40279-025-02201-w,10.1007--s40279-025-02201-w,,,yes,,inconclusive,close experiment,https://doi.org/10.1123/jsep.2016-0272,Further evidence for an external focus of attention in running: looking at specific focus instructions and individual differences,"Hill, A; Schücker, L; Hagemann, N; Strauß, B",2017,Journal of Sport & Exercise Psychology,"External-focus instructions improve running performance, with effects varying according to specific instructions and individual differences.",,ambiguous,"Study-specific outcome classification is unavailable because the tables are not included in the supplied text. [luna56: extra entry, not in the external record]"
,10.1007/s40279-025-02201-w,10.1007--s40279-025-02201-w,,,yes,,inconclusive,close experiment,https://doi.org/10.1016/j.psychsport.2015.08.009,Enhanced expectancies facilitate golf putting,"Palmer, K; Chiviacowsky, S; Wulf, G",2016,Psychology of Sport and Exercise,Enhanced expectancies improve golf-putting performance.,,ambiguous,"Study-specific outcome classification is unavailable because the tables are not included in the supplied text. [luna56: extra entry, not in the external record]"
,10.1007/s40279-025-02201-w,10.1007--s40279-025-02201-w,,,yes,,inconclusive,close experiment,https://doi.org/10.1080/17461391.2017.1333159,Carbohydrate mouth rinse improves morning high-intensity exercise performance,"Clarke, N; Hammond, S; Kornilios, E; Mundy, P",2017,European Journal of Sport Science,A carbohydrate mouth rinse improves morning high-intensity exercise performance.,,ambiguous,"Study-specific outcome classification is unavailable because the tables are not included in the supplied text. [luna56: extra entry, not in the external record]"
,10.1007/s40279-025-02201-w,10.1007--s40279-025-02201-w,,,yes,,inconclusive,close experiment,https://doi.org/10.1080/17461391.2017.1308560,Side-to-side differences in lower extremity biomechanics during multidirectional jump landing in volleyball athletes,"Sinsurin, K; Srisangboriboon, S; Vachalathiti, R",2017,European Journal of Sport Science,Volleyball athletes exhibit side-to-side differences in lower-extremity biomechanics during multidirectional jump landing.,,ambiguous,"Study-specific outcome classification is unavailable because the tables are not included in the supplied text. [luna56: extra entry, not in the external record]"
10.1186--1471-2350-13-27#1,10.1186/1471-2350-13-27,10.1186--1471-2350-13-27,,,yes,,,,,,,,,,,, [luna56: no entry matched this anchor]
,10.1186/1471-2350-13-27,10.1186--1471-2350-13-27,,,yes,,failure,close extension,,A genome-wide association study of hypertension and blood pressure in African Americans,"Adeyemo, A; Gerry, N; Chen, G; Herbert, A; Doumatey, A; Huang, H; Zhou, J; Lashley, K; Chen, Y; Christman, M; Rotimi, C",2009,PLoS Genetics,The original study claimed that specific genetic variants were associated with hypertension as a binary trait in African Americans.,"Therefore, we investigated the association of SNPs identified by Adeyemo et al in an independent population of African American subjects from the mid-western United States.",clear,"The replication found no convincing association between the tested SNPs and hypertension status. [luna56: extra entry, not in the external record]"
,10.1186/1471-2350-13-27,10.1186--1471-2350-13-27,,,yes,,failure,close extension,,A genome-wide association study of hypertension and blood pressure in African Americans,"Adeyemo, A; Gerry, N; Chen, G; Herbert, A; Doumatey, A; Huang, H; Zhou, J; Lashley, K; Chen, Y; Christman, M; Rotimi, C",2009,PLoS Genetics,The original study claimed that specific genetic variants were associated with systolic blood pressure in African Americans.,SNPs associated with hypertension and blood pressure in the genome wide association study by Adeyemo et al among AAs were selected for the study [18].,clear,"The authors stated that they were unable to confirm the previously reported systolic blood pressure associations. [luna56: extra entry, not in the external record]"
,10.1186/1471-2350-13-27,10.1186--1471-2350-13-27,,,yes,,failure,close extension,,A genome-wide association study of hypertension and blood pressure in African Americans,"Adeyemo, A; Gerry, N; Chen, G; Herbert, A; Doumatey, A; Huang, H; Zhou, J; Lashley, K; Chen, Y; Christman, M; Rotimi, C",2009,PLoS Genetics,The original study claimed that specific genetic variants were associated with diastolic blood pressure in African Americans.,SNPs associated with hypertension and blood pressure in the genome wide association study by Adeyemo et al among AAs were selected for the study [18].,clear,"The authors stated that they were unable to confirm the previously reported diastolic blood pressure associations. [luna56: extra entry, not in the external record]"
,10.1186/1471-2350-13-27,10.1186--1471-2350-13-27,,,yes,,failure,close extension,,From the Cover: Whole-genome association study identifies STK39 as a hypertension susceptibility gene,"Wang, Y; Connell, O; Mcardle, J; Wade, P; Dorff, J; Shah, S; Shi, S; Pan, X; Rampersaud, L; Shen, E; H",2009,Proceedings of the National Academy of Sciences,The original study claimed that variants in STK39 were associated with systolic blood pressure.,"In addition, 8 variants in 2 genes (STK39 and CHD13) identified in European and Amish populations [11,14] and replicated by Adeyemo et al [18] in African Americans were also selected for replication in the current study.",clear,"The authors reported that they were unable to confirm the associations of the two top-associated STK39 SNPs with systolic blood pressure. [luna56: extra entry, not in the external record]"
,10.1186/1471-2350-13-27,10.1186--1471-2350-13-27,,,yes,,failure,close extension,,From the Cover: Whole-genome association study identifies STK39 as a hypertension susceptibility gene,"Wang, Y; Connell, O; Mcardle, J; Wade, P; Dorff, J; Shah, S; Shi, S; Pan, X; Rampersaud, L; Shen, E; H",2009,Proceedings of the National Academy of Sciences,The original study claimed that variants in STK39 were associated with diastolic blood pressure.,"In addition, 8 variants in 2 genes (STK39 and CHD13) identified in European and Amish populations [11,14] and replicated by Adeyemo et al [18] in African Americans were also selected for replication in the current study.",clear,"The authors reported that they were unable to confirm the associations of the two top-associated STK39 SNPs with diastolic blood pressure. [luna56: extra entry, not in the external record]"
,10.1186/1471-2350-13-27,10.1186--1471-2350-13-27,,,yes,,inconclusive,close extension,,Genome-wide scan identifies CDH13 as a novel susceptibility locus contributing to blood pressure determination in two European populations,"Org, E; Eyheramendy, S; Juhanson, P; Gieger, C; Lichtner, P; Klopp, N; Veldre, G; Doring, A; Viigimaa, M; Sober, S",2009,Human Molecular Genetics,The original study claimed that variants in CDH13 were associated with systolic blood pressure.,"In addition, 8 variants in 2 genes (STK39 and CHD13) identified in European and Amish populations [11,14] and replicated by Adeyemo et al [18] in African Americans were also selected for replication in the current study.",clear,"The replication found a borderline association for CDH13 variants with blood pressure, but it was insignificant after accounting for multiple tests; the authors described it as a borderline association rather than a clear replication. [luna56: extra entry, not in the external record]"
,10.1186/1471-2350-13-27,10.1186--1471-2350-13-27,,,yes,,inconclusive,close extension,,Genome-wide scan identifies CDH13 as a novel susceptibility locus contributing to blood pressure determination in two European populations,"Org, E; Eyheramendy, S; Juhanson, P; Gieger, C; Lichtner, P; Klopp, N; Veldre, G; Doring, A; Viigimaa, M; Sober, S",2009,Human Molecular Genetics,The original study claimed that variants in CDH13 were associated with diastolic blood pressure.,"In addition, 8 variants in 2 genes (STK39 and CHD13) identified in European and Amish populations [11,14] and replicated by Adeyemo et al [18] in African Americans were also selected for replication in the current study.",clear,"The replication found a borderline association for CDH13 variants with blood pressure, but it was insignificant after accounting for multiple tests; the authors described it as a borderline association rather than a clear replication. [luna56: extra entry, not in the external record]"
10.1046--j.1365-2133.1996.d01-1096.x#1,10.1046/j.1365-2133.1996.d01-1096.x,10.1046--j.1365-2133.1996.d01-1096.x,,,yes,,failure,close experiment,,The angry back syndrome: eczema creates angry eczema,"Mitchell, J.C.",1975,Contact Dermatitis,A strong positive patch-test reaction creates an 'angry back' state in which the skin becomes generally or locally hyperreactive to other patch-test challenges and produces multiple concomitant positive reactions.,The term  'jingry  back  syndrome' (ABS) was coined by Mitchell  in  197S.,clear,"The paper tested generalized hyperreactivity, localized hyperreactivity, individual-specificity, and reproducibility of the angry back syndrome and concluded that the phenomenon could not be reproduced."
10.1158--1055-9965.epi-08-1223#1,10.1158/1055-9965.epi-08-1223,10.1158--1055-9965.epi-08-1223,,,yes,,,,,,,,,,,, [luna56: no entry matched this anchor]
,10.1158/1055-9965.epi-08-1223,10.1158--1055-9965.epi-08-1223,,,yes,,success,direct,,A common variant associated with prostate cancer in European and African populations,"Amundadottir, Laufey; Sulem, Patti; Gudmundsson, Johannes",2006,Nature Genetics,The rs1447295 variant at the 8q24 locus is associated with increased prostate cancer risk.,"Amundadottir et al. (5), Helfand et al. (44), Wang et al. (45), Schumacher et al. (46), Severi et al. (47), and Suuriniemi et al. (48) each observed a greater effect at rs1447295 in more aggressive disease.",clear," [luna56: extra entry, not in the external record]"
,10.1158/1055-9965.epi-08-1223,10.1158--1055-9965.epi-08-1223,,,yes,,success,direct,,Multiple regions within 8q24 independently affect risk for prostate cancer,"Haiman, Christopher; Patterson, Nick; Freedman, Matthew",2007,Nature Genetics,The rs6983267 variant in the centromeric 8q24 linkage disequilibrium block is associated with prostate cancer risk.,"The adjacent centromeric LD block is independently associated with prostate cancer risk, detected by rs6983267 (6, 7).",clear,"The paper cites multiple prior GWAS studies for this locus; this row uses the earliest clearly identifiable published 8q24 study in the reference list. [luna56: extra entry, not in the external record]"
,10.1158/1055-9965.epi-08-1223,10.1158--1055-9965.epi-08-1223,,,yes,,success,direct,,Multiple newly identified loci associated with prostate cancer susceptibility,"Eeles, Rosalind; Kote-Jarai, Zsofia; Giles, Graham",2008,Nature Genetics,The 11q13 variant rs10896450 is associated with reduced prostate cancer risk.,"Three separate GWAS studies have identified the association of 11q13 with prostate cancer, though at different SNPs.",clear,"The paper discusses rs10896450 in relation to the Icelandic GWAS and the Eeles and Thomas GWAS reports. [luna56: extra entry, not in the external record]"
,10.1158/1055-9965.epi-08-1223,10.1158--1055-9965.epi-08-1223,,,yes,,success,direct,,Common sequence variants on 2p15 and Xp11.22 confer susceptibility to prostate cancer,"Gudmundsson, Johannes; Sulem, Patti; Rafnar, Thorunn",2008,Nature Genetics,"The rs721048 variant at 2p15 is associated with increased prostate cancer risk, particularly among homozygous carriers.","A fourth variant originally detected in the Icelandic GWAS on 2p15 and subsequently validated across multiple study populations (32), including an overlapping subject group of this study, was re-investigated here to enable cross-comparisons with other variants.",clear," [luna56: extra entry, not in the external record]"
,10.1158/1055-9965.epi-08-1223,10.1158--1055-9965.epi-08-1223,,,yes,,success,direct,,RNASEL gene polymorphisms and the risk of prostate cancer: a meta-analysis,"Li, Hong; Tai, Bao",2006,Clinical Cancer Research,"The RNASEL E541D variant is associated with prostate cancer risk, with minor-allele homozygotes having reduced risk.","Our result for E541D is consistent with the meta-analysis result of Li et al., who demonstrated a significant odds ratio of 1.37 for major allele (Glu) homozygotes or heterozygotes relative to minor allele (Asp) homozygotes among familial Caucasian cases (39).",clear," [luna56: extra entry, not in the external record]"
,10.1158/1055-9965.epi-08-1223,10.1158--1055-9965.epi-08-1223,,,yes,,success,direct,https://doi.org/10.1158/1055-9965.epi-04-0637,"Association of susceptibility alleles in ELAC2/HPC2, RNASEL/HPC1, and MSR1 with prostate cancer severity in European American and African American men","Rennert, Hava; Zeigler-Johnson, Christina; Addya, Kiran",2005,"Cancer Epidemiology, Biomarkers & Prevention","The RNASEL R462Q variant is associated with increased prostate cancer risk, particularly among carriers of the minor allele.",The meta-analysis of R462Q among Caucasians by Rennert et al. found that minor allele (Gln) heterozygotes and homozygotes each had a significantly elevated risk of prostate cancer (40).,clear," [luna56: extra entry, not in the external record]"
,10.1158/1055-9965.epi-08-1223,10.1158--1055-9965.epi-08-1223,,,yes,,success,direct,,Mutation screen and association study of EZH2 as a susceptibility gene for aggressive prostate cancer,"Bachmann, Nicole; Hoegel, Joerg; Haeusler, Jens",2005,Prostate,The EZH2 rs2302427 variant is associated with reduced risk of prostate cancer among carriers of the minor allele.,"Bachmann et al. conducted a mutation screen at EZH2 among hereditary prostate cancer pedigrees linked to 7q35, and evaluated the discovered variants for evidence of association with sporadic and familial prostate cancer (41).",clear," [luna56: extra entry, not in the external record]"
,10.1158/1055-9965.epi-08-1223,10.1158--1055-9965.epi-08-1223,,,yes,,success,direct,,Occurrence of NKX3.1 C154T polymorphism in men with and without prostate cancer and studies of its effect on protein function,"Gelmann, Edward; Steadman, David; Ma, Jing",2002,Cancer Research,"Variation in the NKX3-1 gene is associated with prostate cancer risk, particularly in relation to aggressive disease.","Gelmann et al. found that the minor allele of rs2228013 (C154T, R52C, MAF 0.04) was associated with prostate cancer risk among subjects of the Physician Health Study with more aggressive disease (stage C or D, or Gleason score ≥ 7) (42).",clear," [luna56: extra entry, not in the external record]"
10.1186--s12913-023-09505-5#1,10.1186/s12913-023-09505-5,10.1186--s12913-023-09505-5,,,yes,,success,close extension,https://doi.org/10.1186/s12913-021-06708-6,Sociodemographic aspects and health care-related outcomes: a latent class analysis of informal dementia care dyads,"Wiegelmann, H; Wolf-Ostermann, K; Brannath, W; Arzideh, F; Dreyer, J; Thyrian, R; et al.",2021,BMC Health Services Research,The original study claimed that six latent classes of community-dwelling informal dementia care dyads could be identified and that these dyad subgroups differed in health care-related outcomes.,"The present study is designed as a replication of a previous LCA, which was carried out with baseline data of the German DemNet-D study [22].",clear,"The paper uses numbered citations rather than author-year citations; reference [22] identifies the original study and its DOI. The replication applies the same LCA approach to a structurally similar Dutch sample, so it is a close extension. Authors explicitly state that the findings confirm those of the original LCA."
10.1371--journal.pone.0284404#1,10.1371/journal.pone.0284404,10.1371--journal.pone.0284404,,,yes,,failure,direct,https://doi.org/10.1016/j.cellimm.2012.07.009,"VSTM1-v2, a novel soluble glycoprotein, promotes the differentiation and activation of Th17 cells","Guo, X; Zhang, Y; Wang, P; Li, T; Fu, W; Mo, X",2012,Cell Immunology,"VSTM1-v2 promotes the differentiation of human CD4+ T cells into Th17 cells under anti-CD3, anti-CD28, and Th17-polarizing cytokine stimulation.","Finally, we repeated the same set-up as Guo et al. used to show that VSTM1-v2 induced Th17 cell differentiation, by activating total CD4[+] T cells with anti-CD3, anti-CD28, and a Th17 polarizing cytokine mix [6].",clear,The paper reports no effect of VSTM1-v2 on cytokine-driven Th17 cell differentiation and concludes that its data do not support the prior finding. The paper uses numbered citations rather than author-year citations.
10.1016--0022-3999(93)90123-w#1,10.1016/0022-3999(93)90123-w,10.1016--0022-3999(93)90123-w,,,yes,,,,,,,,,,,, [luna56: no entry matched this anchor]
,10.1016/0022-3999(93)90123-w,10.1016--0022-3999(93)90123-w,,,yes,,inconclusive,direct,,Patterns of illness behaviour with intractable pain,"Pilowsky, Ian; Spence, Norman D",1975,Journal of Psychosomatic Research,The original study claimed that the Illness Behaviour Questionnaire measures a General Hypochondriasis factor reflecting a phobic attitude toward health.,"The factors obtained were compared to those of the original study, Pilowsky and Spence J Psychosom Res 1975, 19: 279-287, and studies by Zonderman ef al. Hlth Psycho1 1985; 4: 425-436, and Main and Waddell Pain 1987; 28: 13-26.",ambiguous,"The General Hypochondriasis factor was recognizable in the pain-clinic sample and similar populations but was less consistently reproduced across the combined and psychiatric samples. [luna56: extra entry, not in the external record]"
,10.1016/0022-3999(93)90123-w,10.1016--0022-3999(93)90123-w,,,yes,,inconclusive,direct,,Patterns of illness behaviour with intractable pain,"Pilowsky, Ian; Spence, Norman D",1975,Journal of Psychosomatic Research,The original study claimed that the Illness Behaviour Questionnaire measures a Disease Conviction factor reflecting certainty about physical disease and reluctance to accept medical reassurance.,"The factors obtained were compared to those of the original study, Pilowsky and Spence J Psychosom Res 1975, 19: 279-287, and studies by Zonderman ef al. Hlth Psycho1 1985; 4: 425-436, and Main and Waddell Pain 1987; 28: 13-26.",ambiguous,"A corresponding factor appeared in the pain-clinic sample but was not consistently reproduced across the psychiatric and combined samples. [luna56: extra entry, not in the external record]"
,10.1016/0022-3999(93)90123-w,10.1016--0022-3999(93)90123-w,,,yes,,failure,direct,,Patterns of illness behaviour with intractable pain,"Pilowsky, Ian; Spence, Norman D",1975,Journal of Psychosomatic Research,"The original study claimed that the Illness Behaviour Questionnaire measures a Psychological versus Somatic Focusing factor, with scores indicating acceptance or rejection of a psychological explanation for illness.","The factors obtained were compared to those of the original study, Pilowsky and Spence J Psychosom Res 1975, 19: 279-287, and studies by Zonderman ef al. Hlth Psycho1 1985; 4: 425-436, and Main and Waddell Pain 1987; 28: 13-26.",clear,"The paper states that this factor had no counterpart in the pain-clinic or psychiatric analyses and was recognizable only in the original analysis. [luna56: extra entry, not in the external record]"
,10.1016/0022-3999(93)90123-w,10.1016--0022-3999(93)90123-w,,,yes,,success,direct,,Patterns of illness behaviour with intractable pain,"Pilowsky, Ian; Spence, Norman D",1975,Journal of Psychosomatic Research,The original study claimed that the Illness Behaviour Questionnaire measures an Affective Inhibition factor concerning difficulty expressing negative feelings.,"The factors obtained were compared to those of the original study, Pilowsky and Spence J Psychosom Res 1975, 19: 279-287, and studies by Zonderman ef al. Hlth Psycho1 1985; 4: 425-436, and Main and Waddell Pain 1987; 28: 13-26.",clear,"All five original items appeared in the large pain-clinic and combined analyses, and the factor was described as robust. [luna56: extra entry, not in the external record]"
,10.1016/0022-3999(93)90123-w,10.1016--0022-3999(93)90123-w,,,yes,,success,direct,,Patterns of illness behaviour with intractable pain,"Pilowsky, Ian; Spence, Norman D",1975,Journal of Psychosomatic Research,"The original study claimed that the Illness Behaviour Questionnaire measures an Affective Disturbance factor involving anxiety, depression, and tension.","The factors obtained were compared to those of the original study, Pilowsky and Spence J Psychosom Res 1975, 19: 279-287, and studies by Zonderman ef al. Hlth Psycho1 1985; 4: 425-436, and Main and Waddell Pain 1987; 28: 13-26.",clear,"The original items formed corresponding factors across the pain-clinic, psychiatric, and combined analyses; the paper identifies Affective Disturbance as robust. [luna56: extra entry, not in the external record]"
,10.1016/0022-3999(93)90123-w,10.1016--0022-3999(93)90123-w,,,yes,,success,direct,,Patterns of illness behaviour with intractable pain,"Pilowsky, Ian; Spence, Norman D",1975,Journal of Psychosomatic Research,The original study claimed that the Illness Behaviour Questionnaire measures a Denial factor involving attribution of life problems to sickness and denial of environmental or psychological causes.,"The factors obtained were compared to those of the original study, Pilowsky and Spence J Psychosom Res 1975, 19: 279-287, and studies by Zonderman ef al. Hlth Psycho1 1985; 4: 425-436, and Main and Waddell Pain 1987; 28: 13-26.",clear,"Most or all original items appeared in corresponding factors across the replication samples; the paper identifies Denial as robust. [luna56: extra entry, not in the external record]"
,10.1016/0022-3999(93)90123-w,10.1016--0022-3999(93)90123-w,,,yes,,success,direct,,Patterns of illness behaviour with intractable pain,"Pilowsky, Ian; Spence, Norman D",1975,Journal of Psychosomatic Research,The original study claimed that the Illness Behaviour Questionnaire measures an Irritability factor concerning irritability and interpersonal friction.,"The factors obtained were compared to those of the original study, Pilowsky and Spence J Psychosom Res 1975, 19: 279-287, and studies by Zonderman ef al. Hlth Psycho1 1985; 4: 425-436, and Main and Waddell Pain 1987; 28: 13-26.",clear,"Corresponding factors containing the original items appeared in the pain-clinic, psychiatric, and combined analyses; the paper identifies Irritability as robust. [luna56: extra entry, not in the external record]"
10.1080--17470218.2016.1253756#1,10.1080/17470218.2016.1253756,10.1080--17470218.2016.1253756,,,yes,,,,,,,,,,,, [luna56: no entry matched this anchor]
,10.1080/17470218.2016.1253756,10.1080--17470218.2016.1253756,,,yes,,success,conceptual,,"A database of 629 English compound words: Ratings of familiarity, lexeme meaning dominance, semantic transparency, age-of-acquisition, imageability, and sensory experience","Juhasz, B.; Lai, Y.; Woodcock, M.",2015,Behavior Research Methods,"Familiarity influences the processing speed of English compound words, with more familiar compounds processed faster.",The primary purpose of the present study was to examine the impact of the six variables explored by Juhasz et al. (2015) on fixation durations.,clear,"The replication used eye movements during sentence reading rather than lexical decision and naming. [luna56: extra entry, not in the external record]"
,10.1080/17470218.2016.1253756,10.1080--17470218.2016.1253756,,,yes,,success,conceptual,,"A database of 629 English compound words: Ratings of familiarity, lexeme meaning dominance, semantic transparency, age-of-acquisition, imageability, and sensory experience","Juhasz, B.; Lai, Y.; Woodcock, M.",2015,Behavior Research Methods,"Age of acquisition influences the processing speed of English compound words, with compounds learned earlier processed faster.",The primary purpose of the present study was to examine the impact of the six variables explored by Juhasz et al. (2015) on fixation durations.,clear,"The age-of-acquisition effect was significant for gaze duration and total fixation duration. [luna56: extra entry, not in the external record]"
,10.1080/17470218.2016.1253756,10.1080--17470218.2016.1253756,,,yes,,inconclusive,conceptual,,"A database of 629 English compound words: Ratings of familiarity, lexeme meaning dominance, semantic transparency, age-of-acquisition, imageability, and sensory experience","Juhasz, B.; Lai, Y.; Woodcock, M.",2015,Behavior Research Methods,Sensory experience ratings influence the processing speed of English compound words.,The primary purpose of the present study was to examine the impact of the six variables explored by Juhasz et al. (2015) on fixation durations.,ambiguous,"Sensory experience ratings predicted first fixation duration, but the authors noted that the effect did not survive a strict Bonferroni correction and called for future replication. [luna56: extra entry, not in the external record]"
,10.1080/17470218.2016.1253756,10.1080--17470218.2016.1253756,,,yes,,failure,conceptual,,"A database of 629 English compound words: Ratings of familiarity, lexeme meaning dominance, semantic transparency, age-of-acquisition, imageability, and sensory experience","Juhasz, B.; Lai, Y.; Woodcock, M.",2015,Behavior Research Methods,Imageability influences the processing speed of English compound words.,The primary purpose of the present study was to examine the impact of the six variables explored by Juhasz et al. (2015) on fixation durations.,clear,"Imageability did not significantly affect fixation durations, although its contribution to total fixation duration was marginal. [luna56: extra entry, not in the external record]"
,10.1080/17470218.2016.1253756,10.1080--17470218.2016.1253756,,,yes,,failure,conceptual,,"A database of 629 English compound words: Ratings of familiarity, lexeme meaning dominance, semantic transparency, age-of-acquisition, imageability, and sensory experience","Juhasz, B.; Lai, Y.; Woodcock, M.",2015,Behavior Research Methods,Semantic transparency influences the processing speed of English compound words.,The primary purpose of the present study was to examine the impact of the six variables explored by Juhasz et al. (2015) on fixation durations.,clear,"Semantic transparency did not significantly influence any fixation-duration measure. [luna56: extra entry, not in the external record]"
,10.1080/17470218.2016.1253756,10.1080--17470218.2016.1253756,,,yes,,failure,conceptual,,"A database of 629 English compound words: Ratings of familiarity, lexeme meaning dominance, semantic transparency, age-of-acquisition, imageability, and sensory experience","Juhasz, B.; Lai, Y.; Woodcock, M.",2015,Behavior Research Methods,Lexeme meaning dominance influences the processing speed of English compound words.,The primary purpose of the present study was to examine the impact of the six variables explored by Juhasz et al. (2015) on fixation durations.,clear,"Lexeme meaning dominance did not significantly influence any fixation-duration measure. [luna56: extra entry, not in the external record]"
10.3389--fninf.2018.00046#1,10.3389/fninf.2018.00046,10.3389--fninf.2018.00046,,,yes,,success,direct,https://doi.org/10.1162/089976606775093882,Polychronization: Computation with Spikes,"Izhikevich, Eugene M.",2006,Neural Computation,"A minimal spiking neural network with spike-timing-dependent plasticity exhibits polychronization, slow oscillations and gamma rhythms, and thousands of polychronous groups.","The polychronization network model was proposed by Izhikevich (2006) as a minimal spiking neural network model capable of exhibiting polychronization, consisting of randomly coupled point neurons expressing STDP (see Section 2.1 for a detailed network description).",ambiguous,"The authors explicitly state that executing the original model successfully replicates its main results and that the final NEST implementation reproduces it identically. An initial NEST attempt failed, and subsequent robustness/generalization analyses found strong dependence on implementation details and parameters."
10.1002--ijc.23682#1,10.1002/ijc.23682,10.1002--ijc.23682,,,yes,,,,,,,,,,,, [luna56: no entry matched this anchor]
,10.1002/ijc.23682,10.1002--ijc.23682,,,yes,,success,direct,,Genome-wide association study in esophageal cancer using the genechip mapping 10K array,"Hu, N; Wang, C; Hu, Y; Yang, H; Giffen, C; Tang, Z; Han, X; Goldstein, A; Emmert-Buck, M; Buetow, K; Taylor, P; Lee, M",2005,Cancer Research,The EPHB1 rs1515366 variant was associated with altered risk of esophageal squamous cell carcinoma.,"As an initial step in the identification of ESCC susceptibility loci, we performed a whole-genome scan using the Affymetrix 10K SNP array.",clear,"The paper explicitly states that EPHB1/rs1515366 replicated its association with ESCC risk. The citation appears as reference 9 rather than an author-year citation, and no DOI for the original study is provided. [luna56: extra entry, not in the external record]"
,10.1002/ijc.23682,10.1002--ijc.23682,,,yes,,success,direct,,Genome-wide association study in esophageal cancer using the genechip mapping 10K array,"Hu, N; Wang, C; Hu, Y; Yang, H; Giffen, C; Tang, Z; Han, X; Goldstein, A; Emmert-Buck, M; Buetow, K; Taylor, P; Lee, M",2005,Cancer Research,The PGLYRP2 rs959117 variant was associated with altered risk of esophageal squamous cell carcinoma.,"As an initial step in the identification of ESCC susceptibility loci, we performed a whole-genome scan using the Affymetrix 10K SNP array.",ambiguous,"The paper counts PGLYRP2/rs959117 among the four associations replicated in phase 1 based on genotype-frequency differences, although its additive GLM result was marginally nonsignificant. The citation appears as reference 9 rather than an author-year citation, and no DOI for the original study is provided. [luna56: extra entry, not in the external record]"
,10.1002/ijc.23682,10.1002--ijc.23682,,,yes,,success,direct,,Genome-wide association study in esophageal cancer using the genechip mapping 10K array,"Hu, N; Wang, C; Hu, Y; Yang, H; Giffen, C; Tang, Z; Han, X; Goldstein, A; Emmert-Buck, M; Buetow, K; Taylor, P; Lee, M",2005,Cancer Research,The PIK3C3 rs52911 variant was associated with altered risk of esophageal squamous cell carcinoma.,"As an initial step in the identification of ESCC susceptibility loci, we performed a whole-genome scan using the Affymetrix 10K SNP array.",clear,"The paper explicitly states that PIK3C3/rs52911 replicated its association with ESCC risk. The citation appears as reference 9 rather than an author-year citation, and no DOI for the original study is provided. [luna56: extra entry, not in the external record]"
,10.1002/ijc.23682,10.1002--ijc.23682,,,yes,,success,direct,,Genome-wide association study in esophageal cancer using the genechip mapping 10K array,"Hu, N; Wang, C; Hu, Y; Yang, H; Giffen, C; Tang, Z; Han, X; Goldstein, A; Emmert-Buck, M; Buetow, K; Taylor, P; Lee, M",2005,Cancer Research,The SLC9A9 rs956062 variant was associated with altered risk of esophageal squamous cell carcinoma.,"As an initial step in the identification of ESCC susceptibility loci, we performed a whole-genome scan using the Affymetrix 10K SNP array.",clear,"The paper explicitly states that SLC9A9/rs956062 replicated its association with ESCC risk based on genotype-frequency differences, although its additive GLM result was nonsignificant. The citation appears as reference 9 rather than an author-year citation, and no DOI for the original study is provided. [luna56: extra entry, not in the external record]"
10.1016--0006-8993(90)90328-9#1,10.1016/0006-8993(90)90328-9,10.1016--0006-8993(90)90328-9,,,yes,,,,,,,,,,,, [luna56: no entry matched this anchor]
,10.1016/0006-8993(90)90328-9,10.1016--0006-8993(90)90328-9,,,yes,,success,direct,,Narcolepsy: biogenic amine deficits in an animal model,"Mefford, I.M.; Baker, T.L.; Boehme, R.; Foutz, A.S.; Ciaranello, R.D.; Barchas, J.D.; Dement, W.C.",1983,Science,Narcoleptic canines have elevated dopamine concentrations in the amygdala compared with control canines.,"This study (Study 2) is an attempt to replicate previous findings 14 (Study 1) of altered regional neurotransmitter and transmitter metabolite levels in the narcoleptic canine brain 12, in a larger population of subjects.",clear,"The paper identifies the original by reference number rather than author and year in the replication sentence. [luna56: extra entry, not in the external record]"
,10.1016/0006-8993(90)90328-9,10.1016--0006-8993(90)90328-9,,,yes,,success,direct,,Narcolepsy: biogenic amine deficits in an animal model,"Mefford, I.M.; Baker, T.L.; Boehme, R.; Foutz, A.S.; Ciaranello, R.D.; Barchas, J.D.; Dement, W.C.",1983,Science,Narcoleptic canines have elevated DOPAC concentrations in the amygdala compared with control canines.,"This study (Study 2) is an attempt to replicate previous findings 14 (Study 1) of altered regional neurotransmitter and transmitter metabolite levels in the narcoleptic canine brain 12, in a larger population of subjects.",clear,"The paper identifies the original by reference number rather than author and year in the replication sentence. [luna56: extra entry, not in the external record]"
,10.1016/0006-8993(90)90328-9,10.1016--0006-8993(90)90328-9,,,yes,,success,direct,,Narcolepsy: biogenic amine deficits in an animal model,"Mefford, I.M.; Baker, T.L.; Boehme, R.; Foutz, A.S.; Ciaranello, R.D.; Barchas, J.D.; Dement, W.C.",1983,Science,Narcoleptic canines have elevated DOPAC concentrations in the reticularis parvicellularis compared with control canines.,"This study (Study 2) is an attempt to replicate previous findings 14 (Study 1) of altered regional neurotransmitter and transmitter metabolite levels in the narcoleptic canine brain 12, in a larger population of subjects.",clear,"The paper identifies the original by reference number rather than author and year in the replication sentence. [luna56: extra entry, not in the external record]"
,10.1016/0006-8993(90)90328-9,10.1016--0006-8993(90)90328-9,,,yes,,success,direct,,Narcolepsy: biogenic amine deficits in an animal model,"Mefford, I.M.; Baker, T.L.; Boehme, R.; Foutz, A.S.; Ciaranello, R.D.; Barchas, J.D.; Dement, W.C.",1983,Science,Narcoleptic canines have elevated norepinephrine concentrations in the reticularis oralis compared with control canines.,"This study (Study 2) is an attempt to replicate previous findings 14 (Study 1) of altered regional neurotransmitter and transmitter metabolite levels in the narcoleptic canine brain 12, in a larger population of subjects.",clear,"The paper identifies the original by reference number rather than author and year in the replication sentence. [luna56: extra entry, not in the external record]"
,10.1016/0006-8993(90)90328-9,10.1016--0006-8993(90)90328-9,,,yes,,success,direct,,Narcolepsy: biogenic amine deficits in an animal model,"Mefford, I.M.; Baker, T.L.; Boehme, R.; Foutz, A.S.; Ciaranello, R.D.; Barchas, J.D.; Dement, W.C.",1983,Science,Narcoleptic canines have lower norepinephrine concentrations in the preoptic hypothalamus than control canines.,"This study (Study 2) is an attempt to replicate previous findings 14 (Study 1) of altered regional neurotransmitter and transmitter metabolite levels in the narcoleptic canine brain 12, in a larger population of subjects.",clear,"The paper identifies the original by reference number rather than author and year in the replication sentence. [luna56: extra entry, not in the external record]"
,10.1016/0006-8993(90)90328-9,10.1016--0006-8993(90)90328-9,,,yes,,failure,direct,,Narcolepsy: biogenic amine deficits in an animal model,"Mefford, I.M.; Baker, T.L.; Boehme, R.; Foutz, A.S.; Ciaranello, R.D.; Barchas, J.D.; Dement, W.C.",1983,Science,Narcoleptic canines have elevated DOPAC concentrations in the caudate compared with control canines.,"This study (Study 2) is an attempt to replicate previous findings 14 (Study 1) of altered regional neurotransmitter and transmitter metabolite levels in the narcoleptic canine brain 12, in a larger population of subjects.",clear,"The abstract explicitly states that the previously observed caudate DOPAC difference failed to replicate. [luna56: extra entry, not in the external record]"
,10.1016/0006-8993(90)90328-9,10.1016--0006-8993(90)90328-9,,,yes,,failure,direct,,Narcolepsy: biogenic amine deficits in an animal model,"Mefford, I.M.; Baker, T.L.; Boehme, R.; Foutz, A.S.; Ciaranello, R.D.; Barchas, J.D.; Dement, W.C.",1983,Science,Narcoleptic canines have elevated DOPAC concentrations in the reticularis oralis compared with control canines.,"This study (Study 2) is an attempt to replicate previous findings 14 (Study 1) of altered regional neurotransmitter and transmitter metabolite levels in the narcoleptic canine brain 12, in a larger population of subjects.",clear,"The abstract explicitly states that the previously observed reticularis-oralis DOPAC difference failed to replicate. [luna56: extra entry, not in the external record]"
10.1177--0022022100031003001#1,10.1177/0022022100031003001,10.1177--0022022100031003001,,,yes,,,,,,,,,,,, [luna56: no entry matched this anchor]
,10.1177/0022022100031003001,10.1177--0022022100031003001,,,yes,,success,conceptual,,Culture's Consequences: International Differences in Work-Related Values,"Hofstede, Geert",1980,Sage,National differences in Individualism-Collectivism are reflected in country-level work values and cultural attitudes.,"Turning to the literature in cross-cultural psychology for guidance in this study, the seminal work of Geert Hofstede (1980, 1991) seemed the most relevant.",clear,"One of four distinct Hofstede dimensions tested using the same pilot sample. The authors report a successful conceptual replication for Individualism-Collectivism, although the more stringent direct replication using Hofstede's prescribed items and formulae was weaker. [luna56: extra entry, not in the external record]"
,10.1177/0022022100031003001,10.1177--0022022100031003001,,,yes,,success,conceptual,,Culture's Consequences: International Differences in Work-Related Values,"Hofstede, Geert",1980,Sage,National differences in Power Distance are reflected in country-level acceptance of unequal power and hierarchical authority.,"Turning to the literature in cross-cultural psychology for guidance in this study, the seminal work of Geert Hofstede (1980, 1991) seemed the most relevant.",clear,"One of four distinct Hofstede dimensions tested using the same pilot sample. Both the prescribed direct replication and the less constrained conceptual replication produced positive results. [luna56: extra entry, not in the external record]"
,10.1177/0022022100031003001,10.1177--0022022100031003001,,,yes,,success,conceptual,,Culture's Consequences: International Differences in Work-Related Values,"Hofstede, Geert",1980,Sage,"National differences in Masculinity-Femininity are reflected in country-level work values concerning achievement, advancement, cooperation, and employment security.","Turning to the literature in cross-cultural psychology for guidance in this study, the seminal work of Geert Hofstede (1980, 1991) seemed the most relevant.",clear,"One of four distinct Hofstede dimensions tested using the same pilot sample. The prescribed direct replication was poor, but the authors describe the less constrained conceptual replication as successful and interpret the dimension as replicated in the pilot context. [luna56: extra entry, not in the external record]"
,10.1177/0022022100031003001,10.1177--0022022100031003001,,,yes,,success,conceptual,,Culture's Consequences: International Differences in Work-Related Values,"Hofstede, Geert",1980,Sage,"National differences in Uncertainty Avoidance are reflected in country-level preferences for rules, predictability, and avoidance of uncertainty.","Turning to the literature in cross-cultural psychology for guidance in this study, the seminal work of Geert Hofstede (1980, 1991) seemed the most relevant.",clear,"One of four distinct Hofstede dimensions tested using the same pilot sample. The prescribed direct replication was nonsignificant, but the authors describe the less constrained conceptual replication as successful and conclude that the index was replicated. [luna56: extra entry, not in the external record]"
10.1016--j.neurobiolaging.2009.09.004#1,10.1016/j.neurobiolaging.2009.09.004,10.1016--j.neurobiolaging.2009.09.004,,,yes,,,,,,,,,,,, [luna56: no entry matched this anchor]
,10.1016/j.neurobiolaging.2009.09.004,10.1016--j.neurobiolaging.2009.09.004,,,yes,,failure,direct,,Haplotypes extending across ACE are associated with Alzheimer's disease,"Kehoe, P; Katzov, H; Feuk, L; Bennet, A; Johansson, B; Wiman, B; De Faire, U; Cairns, N; Wilcock, G; Brookes, A; Blennow, K; Prince, J",2003,Human Molecular Genetics,The ACE rs4291 variant was associated with Alzheimer's disease risk.,,clear," [luna56: extra entry, not in the external record]"
,10.1016/j.neurobiolaging.2009.09.004,10.1016--j.neurobiolaging.2009.09.004,,,yes,,failure,direct,,Haplotypes extending across ACE are associated with Alzheimer's disease,"Kehoe, P; Katzov, H; Feuk, L; Bennet, A; Johansson, B; Wiman, B; De Faire, U; Cairns, N; Wilcock, G; Brookes, A; Blennow, K; Prince, J",2003,Human Molecular Genetics,The ACE rs1799752 Alu insertion/deletion variant was associated with Alzheimer's disease risk.,,clear," [luna56: extra entry, not in the external record]"
,10.1016/j.neurobiolaging.2009.09.004,10.1016--j.neurobiolaging.2009.09.004,,,yes,,failure,direct,,Polymorphism in the BACE gene influences the risk for Alzheimer's disease,"Kirschling, C; Kölsch, H; Frahnert, C; Rao, M; Maier, W; Heun, R",2003,Neuroreport,The BACE1 rs638405 variant was associated with Alzheimer's disease risk.,,clear," [luna56: extra entry, not in the external record]"
,10.1016/j.neurobiolaging.2009.09.004,10.1016--j.neurobiolaging.2009.09.004,,,yes,,failure,direct,,A polymorphism of the brain-derived neurotrophic factor (BDNF) is associated with Alzheimer's disease in patients lacking the Apolipoprotein E epsilon4 allele,"Riemenschneider, M; Schwarz, S; Wagenpfeil, S; Diehl, J; Müller, U; Förstl, H; Kurz, A",2002,Molecular Psychiatry,"The BDNF C-270T polymorphism was associated with Alzheimer's disease, particularly among patients lacking APOE-epsilon4.",,clear," [luna56: extra entry, not in the external record]"
,10.1016/j.neurobiolaging.2009.09.004,10.1016--j.neurobiolaging.2009.09.004,,,yes,,failure,direct,,Endothelin-converting enzyme-1 is expressed in human cerebral cortex and protects against Alzheimer's disease,"Funalot, B; Ouimet, T; Claperon, A; Fallet, C; Delacourte, A; Epelbaum, J; Subkowski, T; Léonard, N; Codron, V; David, J; Amouyel, P; Schwartz, J; Helbecque, N",2004,Molecular Psychiatry,The ECE1 rs213045 variant was associated with protection against Alzheimer's disease.,,clear," [luna56: extra entry, not in the external record]"
,10.1016/j.neurobiolaging.2009.09.004,10.1016--j.neurobiolaging.2009.09.004,,,yes,,failure,direct,,Heparan sulfate proteoglycan 2 polymorphism in Alzheimer's disease and correlation with neuropathology,"Iivonen, S; Helisalmi, S; Mannermaa, A; Alafuzoff, I; Lehtovirta, M; Soininen, H; Hiltunen, M",2003,Neuroscience Letters,"The HSPG2 rs3767140 variant was associated with Alzheimer's disease, particularly among APOE-epsilon4 carriers.",,clear," [luna56: extra entry, not in the external record]"
,10.1016/j.neurobiolaging.2009.09.004,10.1016--j.neurobiolaging.2009.09.004,,,yes,,inconclusive,direct,,Insulin degrading enzyme (IDE) genetic variants and risk of Alzheimer's disease: evidence of effect modification by apolipoprotein E (APOE),"Edland, S; Wavrant-De Vriesé, F; Compton, D; Smith, G; Ivnik, R; Boeve, B; Tangalos, E; Petersen, R",2003,Neuroscience Letters,The IDE rs464954 variant was associated with Alzheimer's disease conditional on APOE-epsilon4 background.,"When the authors of the original report (Edland et al., 2003) tested the IDE/AD association in cases and controls with an identical APOE-ε4 background, the association was also positive but much less significant in APOE-ε4(−) subjects (association not replicated in the present study, despite a 100% power of replication) and negative in APOE-ε4(+) subjects.",ambiguous,"The authors report one significant stratified association but state that the unusual stratification and nonsignificant APOE/IDE interaction prevent a clear conclusion. [luna56: extra entry, not in the external record]"
,10.1016/j.neurobiolaging.2009.09.004,10.1016--j.neurobiolaging.2009.09.004,,,yes,,failure,direct,,Association of early-onset Alzheimer's disease with an interleukin-1alpha gene polymorphism,"Grimaldi, L; Casadei, V; Ferri, C; Veglia, F; Licastro, F; Annoni, G; Biunno, I; De Bellis, G; Sorbi, S; Mariani, C; Canal, N; Griffin, W; Franceschi, M",2000,Annals of Neurology,The IL-1alpha rs1800587 variant was associated with early-onset Alzheimer's disease.,,clear," [luna56: extra entry, not in the external record]"
,10.1016/j.neurobiolaging.2009.09.004,10.1016--j.neurobiolaging.2009.09.004,,,yes,,failure,direct,,The 174 G/C polymorphism of the interleukin-6 gene promoter is associated with Alzheimer's disease in an Italian population,"Pola, R; Flex, A; Gaetani, E; Lago, A; Gerardino, L; Pola, P; Bernabei, R",2002,Neuroreport,The IL6 rs1800795 promoter polymorphism was associated with Alzheimer's disease.,,clear," [luna56: extra entry, not in the external record]"
,10.1016/j.neurobiolaging.2009.09.004,10.1016--j.neurobiolaging.2009.09.004,,,yes,,failure,direct,,Interleukin-10 promoter polymorphism in sporadic Alzheimer's disease,"Lio, D; Licastro, F; Scola, L; Chiappelli, M; Grimaldi, L; Crivello, A; Colonna-Romano, G; Candore, G; Franceschi, C; Caruso, C",2003,Genes and Immunity,The IL10 rs1800896 promoter polymorphism was associated with sporadic Alzheimer's disease.,,clear," [luna56: extra entry, not in the external record]"
,10.1016/j.neurobiolaging.2009.09.004,10.1016--j.neurobiolaging.2009.09.004,,,yes,,failure,direct,,Association between tau polymorphism and male early-onset Alzheimer's disease,"Tanahashi, H; Asada, T; Tabira, T",2004,Neuroreport,The MAPT rs9891103 variant was associated with male early-onset Alzheimer's disease.,,clear," [luna56: extra entry, not in the external record]"
,10.1016/j.neurobiolaging.2009.09.004,10.1016--j.neurobiolaging.2009.09.004,,,yes,,failure,direct,,The H1c haplotype at the MAPT locus is associated with Alzheimer's disease,"Myers, A; Kaleem, M; Marlowe, L; Pittman, A; Lees, A; Fung, H; Duckworth, J; Leung, D; Gibson, A; Morris, C; De Silva, R; Hardy, J",2005,Human Molecular Genetics,The MAPT H1c haplotype was associated with late-onset Alzheimer's disease.,"Interestingly, in the original study (Myers et al., 2005) this SNP did not show any association with AD risk in unstratified single-locus association tests nor is this SNP associated to AD risk after meta-analysis conducted in the AlzGene database (http://www.alzgene.org) (Bertram et al., 2009).",clear," [luna56: extra entry, not in the external record]"
,10.1016/j.neurobiolaging.2009.09.004,10.1016--j.neurobiolaging.2009.09.004,,,yes,,failure,direct,,Elevated amyloid beta protein (Abeta42) and late onset Alzheimer's disease are associated with single nucleotide polymorphisms in the urokinase-type plasminogen activator gene,"Ertekin-Taner, N; Ronald, J; Feuk, L; Prince, J; Tucker, M; Younkin, L; Hella, M; Jain, S; Hackett, A; Scanlin, L; Kelly, J; Kihiko-Ehman, M; Neltner, M; Hersh, L; Kindy, M; Markesbery, W; Hutton, M; De Andrade, M; Petersen, R; Graff-Radford, N; Estus, S; Brookes, A; Younkin, S",2005,Human Molecular Genetics,The PLAU rs2227564 variant was associated with late-onset Alzheimer's disease and elevated amyloid-beta 42.,,clear," [luna56: extra entry, not in the external record]"
,10.1016/j.neurobiolaging.2009.09.004,10.1016--j.neurobiolaging.2009.09.004,,,yes,,failure,direct,,PRNP Val129 homozygosity increases risk for early-onset Alzheimer's disease,"Dermaut, B; Croes, E; Rademakers, R; Van Den Broeck, M; Cruts, M; Hofman, A; Van Duijn, C; Van Broeckhoven, C",2003,Annals of Neurology,PRNP M129V genotype was associated with risk of early-onset Alzheimer's disease.,,clear," [luna56: extra entry, not in the external record]"
,10.1016/j.neurobiolaging.2009.09.004,10.1016--j.neurobiolaging.2009.09.004,,,yes,,failure,direct,,Genetic association of the presenilin-1 regulatory region with early-onset Alzheimer's disease in a population-based sample,"Van Duijn, C; Cruts, M; Theuns, J; Van Gassen, G; Backhovens, H; Van Den Broeck, M; Wehnert, A; Serneels, S; Hofman, A; Van Broeckhoven, C",1999,European Journal of Human Genetics,The PSEN1 rs1800839 regulatory-region polymorphism was associated with early-onset Alzheimer's disease.,,clear," [luna56: extra entry, not in the external record]"
,10.1016/j.neurobiolaging.2009.09.004,10.1016--j.neurobiolaging.2009.09.004,,,yes,,failure,direct,,Is the presenilin-1 E318G missense mutation a risk factor for Alzheimer's disease?,"Helisalmi, S; Hiltunen, M; Mannermaa, A; Koivisto, A; Lehtovirta, M; Alafuzoff, I; Ryynänen, M; Soininen, H",2000,Neuroscience Letters,The PSEN1 E318G (rs362373) variant was associated with Alzheimer's disease.,,clear," [luna56: extra entry, not in the external record]"
,10.1016/j.neurobiolaging.2009.09.004,10.1016--j.neurobiolaging.2009.09.004,,,yes,,failure,direct,,The neuronal sortilin-related receptor SORL1 is genetically associated with Alzheimer disease,"Rogaeva, E; Meng, Y; Lee, J; Gu, Y; Kawarai, T; Zou, F; Katayama, T; Baldwin, C; Cheng, R; Hasegawa, H; Chen, F; Shibata, N; Lunetta, K; Pardossi-Piquard, R; Bohm, C; Wakutani, Y; Cupples, L; Cuenco, K; Green, R; Pinessi, L; Rainero, I; Sorbi, S; Bruni, A; Duara, R; Friedland, R; Inzelberg, R; Hampe, W; Bujo, H; Song, Y; Andersen, O; Willnow, H; Graff-Radford, N; Petersen, R; Dickson, D; Der, S; Fraser, P; Schmitt-Ulms, G; Younkin, S; Mayeux, R; Farrer, L; St G; P",2007,Nature Genetics,The SORL1 rs661057 variant was associated with late-onset Alzheimer's disease.,,clear," [luna56: extra entry, not in the external record]"
,10.1016/j.neurobiolaging.2009.09.004,10.1016--j.neurobiolaging.2009.09.004,,,yes,,failure,direct,,The neuronal sortilin-related receptor SORL1 is genetically associated with Alzheimer disease,"Rogaeva, E; Meng, Y; Lee, J; Gu, Y; Kawarai, T; Zou, F; Katayama, T; Baldwin, C; Cheng, R; Hasegawa, H; Chen, F; Shibata, N; Lunetta, K; Pardossi-Piquard, R; Bohm, C; Wakutani, Y; Cupples, L; Cuenco, K; Green, R; Pinessi, L; Rainero, I; Sorbi, S; Bruni, A; Duara, R; Friedland, R; Inzelberg, R; Hampe, W; Bujo, H; Song, Y; Andersen, O; Willnow, H; Graff-Radford, N; Petersen, R; Dickson, D; Der, S; Fraser, P; Schmitt-Ulms, G; Younkin, S; Mayeux, R; Farrer, L; St G; P",2007,Nature Genetics,The SORL1 rs668387 variant was associated with late-onset Alzheimer's disease.,,clear," [luna56: extra entry, not in the external record]"
,10.1016/j.neurobiolaging.2009.09.004,10.1016--j.neurobiolaging.2009.09.004,,,yes,,failure,direct,,The neuronal sortilin-related receptor SORL1 is genetically associated with Alzheimer disease,"Rogaeva, E; Meng, Y; Lee, J; Gu, Y; Kawarai, T; Zou, F; Katayama, T; Baldwin, C; Cheng, R; Hasegawa, H; Chen, F; Shibata, N; Lunetta, K; Pardossi-Piquard, R; Bohm, C; Wakutani, Y; Cupples, L; Cuenco, K; Green, R; Pinessi, L; Rainero, I; Sorbi, S; Bruni, A; Duara, R; Friedland, R; Inzelberg, R; Hampe, W; Bujo, H; Song, Y; Andersen, O; Willnow, H; Graff-Radford, N; Petersen, R; Dickson, D; Der, S; Fraser, P; Schmitt-Ulms, G; Younkin, S; Mayeux, R; Farrer, L; St G; P",2007,Nature Genetics,The SORL1 rs689021 variant was associated with late-onset Alzheimer's disease.,,clear," [luna56: extra entry, not in the external record]"
,10.1016/j.neurobiolaging.2009.09.004,10.1016--j.neurobiolaging.2009.09.004,,,yes,,failure,direct,,The neuronal sortilin-related receptor SORL1 is genetically associated with Alzheimer disease,"Rogaeva, E; Meng, Y; Lee, J; Gu, Y; Kawarai, T; Zou, F; Katayama, T; Baldwin, C; Cheng, R; Hasegawa, H; Chen, F; Shibata, N; Lunetta, K; Pardossi-Piquard, R; Bohm, C; Wakutani, Y; Cupples, L; Cuenco, K; Green, R; Pinessi, L; Rainero, I; Sorbi, S; Bruni, A; Duara, R; Friedland, R; Inzelberg, R; Hampe, W; Bujo, H; Song, Y; Andersen, O; Willnow, H; Graff-Radford, N; Petersen, R; Dickson, D; Der, S; Fraser, P; Schmitt-Ulms, G; Younkin, S; Mayeux, R; Farrer, L; St G; P",2007,Nature Genetics,The SORL1 rs641120 variant was associated with late-onset Alzheimer's disease.,,clear," [luna56: extra entry, not in the external record]"
,10.1016/j.neurobiolaging.2009.09.004,10.1016--j.neurobiolaging.2009.09.004,,,yes,,failure,direct,,The neuronal sortilin-related receptor SORL1 is genetically associated with Alzheimer disease,"Rogaeva, E; Meng, Y; Lee, J; Gu, Y; Kawarai, T; Zou, F; Katayama, T; Baldwin, C; Cheng, R; Hasegawa, H; Chen, F; Shibata, N; Lunetta, K; Pardossi-Piquard, R; Bohm, C; Wakutani, Y; Cupples, L; Cuenco, K; Green, R; Pinessi, L; Rainero, I; Sorbi, S; Bruni, A; Duara, R; Friedland, R; Inzelberg, R; Hampe, W; Bujo, H; Song, Y; Andersen, O; Willnow, H; Graff-Radford, N; Petersen, R; Dickson, D; Der, S; Fraser, P; Schmitt-Ulms, G; Younkin, S; Mayeux, R; Farrer, L; St G; P",2007,Nature Genetics,The SORL1 rs12285364 variant was associated with late-onset Alzheimer's disease.,,clear," [luna56: extra entry, not in the external record]"
,10.1016/j.neurobiolaging.2009.09.004,10.1016--j.neurobiolaging.2009.09.004,,,yes,,failure,direct,,The neuronal sortilin-related receptor SORL1 is genetically associated with Alzheimer disease,"Rogaeva, E; Meng, Y; Lee, J; Gu, Y; Kawarai, T; Zou, F; Katayama, T; Baldwin, C; Cheng, R; Hasegawa, H; Chen, F; Shibata, N; Lunetta, K; Pardossi-Piquard, R; Bohm, C; Wakutani, Y; Cupples, L; Cuenco, K; Green, R; Pinessi, L; Rainero, I; Sorbi, S; Bruni, A; Duara, R; Friedland, R; Inzelberg, R; Hampe, W; Bujo, H; Song, Y; Andersen, O; Willnow, H; Graff-Radford, N; Petersen, R; Dickson, D; Der, S; Fraser, P; Schmitt-Ulms, G; Younkin, S; Mayeux, R; Farrer, L; St G; P",2007,Nature Genetics,The SORL1 rs3824968 variant was associated with late-onset Alzheimer's disease.,,clear," [luna56: extra entry, not in the external record]"
,10.1016/j.neurobiolaging.2009.09.004,10.1016--j.neurobiolaging.2009.09.004,,,yes,,failure,direct,,The neuronal sortilin-related receptor SORL1 is genetically associated with Alzheimer disease,"Rogaeva, E; Meng, Y; Lee, J; Gu, Y; Kawarai, T; Zou, F; Katayama, T; Baldwin, C; Cheng, R; Hasegawa, H; Chen, F; Shibata, N; Lunetta, K; Pardossi-Piquard, R; Bohm, C; Wakutani, Y; Cupples, L; Cuenco, K; Green, R; Pinessi, L; Rainero, I; Sorbi, S; Bruni, A; Duara, R; Friedland, R; Inzelberg, R; Hampe, W; Bujo, H; Song, Y; Andersen, O; Willnow, H; Graff-Radford, N; Petersen, R; Dickson, D; Der, S; Fraser, P; Schmitt-Ulms, G; Younkin, S; Mayeux, R; Farrer, L; St G; P",2007,Nature Genetics,The SORL1 rs2282649 variant was associated with late-onset Alzheimer's disease.,One slightly significant result (p =0.05) was obtained with the SORL1 SNP rs2282649 but the risk allele was not the same as in the original sample.,ambiguous,"The authors state that this result cannot strictly be considered a replication because the risk allele differed from the original. [luna56: extra entry, not in the external record]"
,10.1016/j.neurobiolaging.2009.09.004,10.1016--j.neurobiolaging.2009.09.004,,,yes,,failure,direct,,The neuronal sortilin-related receptor SORL1 is genetically associated with Alzheimer disease,"Rogaeva, E; Meng, Y; Lee, J; Gu, Y; Kawarai, T; Zou, F; Katayama, T; Baldwin, C; Cheng, R; Hasegawa, H; Chen, F; Shibata, N; Lunetta, K; Pardossi-Piquard, R; Bohm, C; Wakutani, Y; Cupples, L; Cuenco, K; Green, R; Pinessi, L; Rainero, I; Sorbi, S; Bruni, A; Duara, R; Friedland, R; Inzelberg, R; Hampe, W; Bujo, H; Song, Y; Andersen, O; Willnow, H; Graff-Radford, N; Petersen, R; Dickson, D; Der, S; Fraser, P; Schmitt-Ulms, G; Younkin, S; Mayeux, R; Farrer, L; St G; P",2007,Nature Genetics,The SORL1 rs1010159 variant was associated with late-onset Alzheimer's disease.,,clear," [luna56: extra entry, not in the external record]"
,10.1016/j.neurobiolaging.2009.09.004,10.1016--j.neurobiolaging.2009.09.004,,,yes,,reversal,direct,,The transcriptional factor LBP-1c/CP2/LSF gene on chromosome 12 is a genetic determinant of Alzheimer's disease,"Lambert, J; Goumidi, L; Vrièze, F; Frigard, B; Harris, J; Cummings, A; Coates, J; Pasquier, F; Cottel, D; Gaillac, M; St Clair, D; Mann, D; Hardy, J; Lendon, C; Amouyel, P; Chartier-Harlin, M",2000,Human Molecular Genetics,"The TFCP2 rs11550090 variant was associated with sporadic Alzheimer's disease, with the minor allele originally reported as protective.","However, interestingly, another study also found a significant effect of the TFCP2-rs11550090 variant in the opposite direction to the one observed in the original study (Panza et al., 2004).",clear,"The replication effect was significant and opposite in direction to the original; the authors explicitly describe the opposite direction. [luna56: extra entry, not in the external record]"
,10.1016/j.neurobiolaging.2009.09.004,10.1016--j.neurobiolaging.2009.09.004,,,yes,,failure,direct,,Analysis of genetic polymorphisms in the transforming growth factor-beta1 gene and the risk of Alzheimer's disease,"Luedecking, E; Dekosky, S; Mehdi, H; Ganguli, M; Kamboh, M",2000,Human Genetics,The TGF-beta1 rs1800469 variant was associated with late-onset Alzheimer's disease.,,clear," [luna56: extra entry, not in the external record]"
10.1111--famp.12710#1,10.1111/famp.12710,10.1111--famp.12710,,,yes,,,,,,,,,,,, [luna56: no entry matched this anchor]
,10.1111/famp.12710,10.1111--famp.12710,,,yes,,success,direct,https://doi.org/10.1037/ccp0000479,Online programs improve relationship functioning for distressed low-income couples: Results from a nationwide randomized controlled trial,"Doss, B. D.; Knopp, K.; Roddy, M. K.; Rothman, K.; Hatch, S. G.; Rhoades, G. K.",2020,Journal of Consulting and Clinical Psychology,The OurRelationship and ePREP programs produce greater improvements in relationship satisfaction than a waitlist control group among low-income couples.,"Each of the during-intervention effect sizes reported in Doss and colleagues (2020) was reproduced (including IPV) in the current study with a single exception: During the treatment period, the OurRelationship program produced reliably smaller reductions in communication conflict compared to the waitlist control group in the current sample than in the previous sample (difference between current and previous study: d = 0.177; see Table 1).",clear," [luna56: extra entry, not in the external record]"
,10.1111/famp.12710,10.1111--famp.12710,,,yes,,success,direct,https://doi.org/10.1037/ccp0000479,Online programs improve relationship functioning for distressed low-income couples: Results from a nationwide randomized controlled trial,"Doss, B. D.; Knopp, K.; Roddy, M. K.; Rothman, K.; Hatch, S. G.; Rhoades, G. K.",2020,Journal of Consulting and Clinical Psychology,The OurRelationship and ePREP programs produce greater improvements in emotional intimacy than a waitlist control group among low-income couples.,"Each of the during-intervention effect sizes reported in Doss and colleagues (2020) was reproduced (including IPV) in the current study with a single exception: During the treatment period, the OurRelationship program produced reliably smaller reductions in communication conflict compared to the waitlist control group in the current sample than in the previous sample (difference between current and previous study: d = 0.177; see Table 1).",clear," [luna56: extra entry, not in the external record]"
,10.1111/famp.12710,10.1111--famp.12710,,,yes,,success,direct,https://doi.org/10.1037/ccp0000479,Online programs improve relationship functioning for distressed low-income couples: Results from a nationwide randomized controlled trial,"Doss, B. D.; Knopp, K.; Roddy, M. K.; Rothman, K.; Hatch, S. G.; Rhoades, G. K.",2020,Journal of Consulting and Clinical Psychology,The OurRelationship and ePREP programs reduce communication conflict relative to a waitlist control group among low-income couples.,"Each of the during-intervention effect sizes reported in Doss and colleagues (2020) was reproduced (including IPV) in the current study with a single exception: During the treatment period, the OurRelationship program produced reliably smaller reductions in communication conflict compared to the waitlist control group in the current sample than in the previous sample (difference between current and previous study: d = 0.177; see Table 1).",clear,"The communication-conflict effect was reproduced in the same direction but was reliably smaller for OurRelationship than in the original study. [luna56: extra entry, not in the external record]"
,10.1111/famp.12710,10.1111--famp.12710,,,yes,,success,direct,https://doi.org/10.1037/ccp0000479,Online programs improve relationship functioning for distressed low-income couples: Results from a nationwide randomized controlled trial,"Doss, B. D.; Knopp, K.; Roddy, M. K.; Rothman, K.; Hatch, S. G.; Rhoades, G. K.",2020,Journal of Consulting and Clinical Psychology,The OurRelationship and ePREP programs reduce breakup potential relative to a waitlist control group among low-income couples.,"Each of the during-intervention effect sizes reported in Doss and colleagues (2020) was reproduced (including IPV) in the current study with a single exception: During the treatment period, the OurRelationship program produced reliably smaller reductions in communication conflict compared to the waitlist control group in the current sample than in the previous sample (difference between current and previous study: d = 0.177; see Table 1).",clear," [luna56: extra entry, not in the external record]"
,10.1111/famp.12710,10.1111--famp.12710,,,yes,,failure,direct,https://doi.org/10.1037/ccp0000479,Online programs improve relationship functioning for distressed low-income couples: Results from a nationwide randomized controlled trial,"Doss, B. D.; Knopp, K.; Roddy, M. K.; Rothman, K.; Hatch, S. G.; Rhoades, G. K.",2020,Journal of Consulting and Clinical Psychology,The OurRelationship and ePREP programs reduce the presence or frequency of intimate partner violence relative to a waitlist control group among low-income couples.,"Each of the during-intervention effect sizes reported in Doss and colleagues (2020) was reproduced (including IPV) in the current study with a single exception: During the treatment period, the OurRelationship program produced reliably smaller reductions in communication conflict compared to the waitlist control group in the current sample than in the previous sample (difference between current and previous study: d = 0.177; see Table 1).",clear,"The discussion explicitly states that the programs did not appear to reliably reduce intimate partner violence, unlike the previous trial. [luna56: extra entry, not in the external record]"
,10.1111/famp.12710,10.1111--famp.12710,,,yes,,inconclusive,direct,https://doi.org/10.1037/ccp0000479,Online programs improve relationship functioning for distressed low-income couples: Results from a nationwide randomized controlled trial,"Doss, B. D.; Knopp, K.; Roddy, M. K.; Rothman, K.; Hatch, S. G.; Rhoades, G. K.",2020,Journal of Consulting and Clinical Psychology,The OurRelationship program produces a greater reduction in communication conflict than the ePREP program.,"This result is somewhat different than Doss and colleagues (2020) original study, which found that OurRelationship produced larger reductions in communication conflict than ePREP.",ambiguous,"The replication found no statistically reliable between-program difference, although Bayesian analyses indicated that the magnitude of the original difference was narrowly reproduced; the authors state that more research is needed. [luna56: extra entry, not in the external record]"
10.1007--s10508-025-03297-x#1,10.1007/s10508-025-03297-x,10.1007--s10508-025-03297-x,,,yes,,,,,,,,,,,, [luna56: no entry matched this anchor]
,10.1007/s10508-025-03297-x,10.1007--s10508-025-03297-x,,,yes,,inconclusive,direct,https://doi.org/10.1080/19317611.2021.1888170,"Exploratory findings on U.S. adolescents' pornography use, dominant behavior, and sexual satisfaction","Wright, P.; Herbenick, D.; Paul, B.; Tokunaga, R.",2021,International Journal of Sexual Health,Greater exposure to sexually dominant behavior in pornography increases adolescents’ likelihood of engaging in sexually dominant behavior.,"The purpose of the present investigation is to attempt to replicate a study of United States (U.S.) adolescents’ pornography exposure, dominant sexual behavior, and sexual satisfaction (Wright, Herbenick, Paul, & Tokunaga, 2021).",clear,"The authors explicitly characterize this path as a semi-partial replication, which maps to inconclusive. [luna56: extra entry, not in the external record]"
,10.1007/s10508-025-03297-x,10.1007--s10508-025-03297-x,,,yes,,success,direct,https://doi.org/10.1080/19317611.2021.1888170,"Exploratory findings on U.S. adolescents' pornography use, dominant behavior, and sexual satisfaction","Wright, P.; Herbenick, D.; Paul, B.; Tokunaga, R.",2021,International Journal of Sexual Health,Adolescents who engage in more sexually dominant behaviors report lower levels of partnered sexual satisfaction.,"The purpose of the present investigation is to attempt to replicate a study of United States (U.S.) adolescents’ pornography exposure, dominant sexual behavior, and sexual satisfaction (Wright, Herbenick, Paul, & Tokunaga, 2021).",clear,"The authors explicitly characterize this path as a full replication, which maps to success. [luna56: extra entry, not in the external record]"
,10.1007/s10508-025-03297-x,10.1007--s10508-025-03297-x,,,yes,,inconclusive,direct,https://doi.org/10.1080/19317611.2021.1888170,"Exploratory findings on U.S. adolescents' pornography use, dominant behavior, and sexual satisfaction","Wright, P.; Herbenick, D.; Paul, B.; Tokunaga, R.",2021,International Journal of Sexual Health,Greater exposure to sexually dominant behaviors in pornography leads to lower partnered sexual satisfaction indirectly through increased sexually dominant behavior.,"The purpose of the present investigation is to attempt to replicate a study of United States (U.S.) adolescents’ pornography exposure, dominant sexual behavior, and sexual satisfaction (Wright, Herbenick, Paul, & Tokunaga, 2021).",clear,"The authors explicitly characterize the indirect effect as a semi-partial replication because it was not statistically significant in the replication, which maps to inconclusive. [luna56: extra entry, not in the external record]"
10.1177--1534508420953894#1,10.1177/1534508420953894,10.1177--1534508420953894,,,yes,,inconclusive,direct,https://doi.org/10.1016/j.jsp.2019.07.016,Interval likelihood ratios: Applications for gated screening in schools,"Klingbeil, David A.; Van Norman, Emily R.; Nelson, Peter M.; Birr, Colleen",2019,Journal of School Psychology,Using interval likelihood ratios rather than dichotomized likelihood ratios improves the efficiency and diagnostic accuracy of a gated screening framework for identifying math risk among middle school students.,Klingbeil et al. (2019) conducted an initial evaluation of whether using interval LRs improved upon the diagnostic accuracy and efficiency of a gated screening framework but the LRs were applied to the same sample from which they were derived.,clear,"The replication found support for reduced further assessment after the first screening step and similar diagnostic accuracy, but results diverged from the original after later screening steps, particularly in Grades 6 and 7."
10.1007--s40616-014-0012-0#1,10.1007/s40616-014-0012-0,10.1007--s40616-014-0012-0,,,yes,,inconclusive,direct,https://doi.org/10.1901/jaba.2009.42-225,Evaluation of an enhanced stimulus-stimulus pairing procedure to increase early vocalizations of children with autism,"Esch, B. E.; Carr, J. E.; Grow, L. L.",2009,Journal of Applied Behavior Analysis,An enhanced stimulus-stimulus pairing procedure increases early target vocalizations in children with autism beyond baseline and beyond vocalizations exposed to high-preference items without pairing.,The purpose of the current study was to replicate the enhanced pairing procedure methodology used in Esch et al. (2009) to demonstrate the generality of this enhanced SSP intervention.,clear,"The replication produced substantial target-vocalization increases for two of three participants, but minimal and similar target and nontarget increases for the third participant; therefore the overall result is inconclusive."
10.1023--a~1024223916710#1,10.1023/a:1024223916710,10.1023--a~1024223916710,,,yes,,,,,,,,,,,, [luna56: no entry matched this anchor]
10.1002--art.39932#1,10.1002/art.39932,10.1002--art.39932,,,yes,,,,,,,,,,,, [luna56: no entry matched this anchor]
,10.1002/art.39932,10.1002--art.39932,,,yes,,success,close extension,,A functional polymorphism in the 5' UTR of GDF5 is associated with susceptibility to osteoarthritis,,,,The GDF5 variant rs143383 is associated with susceptibility to osteoarthritis.,"We also tested associations between previously reported OA SNPs that were genome-wide significant or replicated across several studies (9–13), which were mostly conducted in European cohorts.",clear,"The replication found a nominally significant association in the same direction as the previously reported GDF5 effect; the Discussion describes GDF5 as one of two modestly replicated loci. [luna56: extra entry, not in the external record]"
,10.1002/art.39932,10.1002--art.39932,,,yes,,failure,close extension,,Identification of new susceptibility loci for osteoarthritis (arcOGEN): a genome-wide association study,,,The Lancet,The CHST11 variant rs835487 is associated with osteoarthritis susceptibility.,"We also tested associations between previously reported OA SNPs that were genome-wide significant or replicated across several studies (9–13), which were mostly conducted in European cohorts.",clear,"The replication association was nominally significant but was not directionally consistent with the previously reported effect; the authors explicitly state that CHST11 was not replicated. [luna56: extra entry, not in the external record]"
,10.1002/art.39932,10.1002--art.39932,,,yes,,failure,close extension,,Identification of new susceptibility loci for osteoarthritis (arcOGEN): a genome-wide association study,,,The Lancet,The FTO variant rs8044769 is associated with osteoarthritis susceptibility.,"We also tested associations between previously reported OA SNPs that were genome-wide significant or replicated across several studies (9–13), which were mostly conducted in European cohorts.",ambiguous,"The paper reports a nominally significant association in the same direction and calls FTO one of two modestly replicated loci, but the reported association was not genome-wide significant. [luna56: extra entry, not in the external record]"
10.1371--journal.pone.0110118#1,10.1371/journal.pone.0110118,10.1371--journal.pone.0110118,,,yes,,,,,,,,,,,, [luna56: no entry matched this anchor]
,10.1371/journal.pone.0110118,10.1371--journal.pone.0110118,,,yes,,inconclusive,close experiment,,Action observation modulates auditory perception of the consequence of others’ actions,"Sato, A.",2008,Consciousness and Cognition,"Self-initiated auditory action-effects are perceived as less intense than externally generated or observed auditory action-effects, indicating sensory attenuation.","The sensory attenuation task was a modification of paradigms previously used to investigate sensory attenuation of auditory action-effects [37], [38].",ambiguous,"The paper explicitly states that it replicated previously reported perceptual differences, but sensory attenuation was significant only in the TB-SA order and not overall, so the outcome is inconclusive. The paper cites the original using numbered references rather than author-year citations. [luna56: extra entry, not in the external record]"
,10.1371/journal.pone.0110118,10.1371--journal.pone.0110118,,,yes,,success,close experiment,,Temporal binding of action and effect in interval reproduction,"Humphreys, G.; Buehner, M.",2010,Experimental Brain Research,"The perceived interval between a voluntary action and its sensory effect is shorter than the interval between externally generated events, producing temporal binding.","By contrast, studies which measure the perception of temporal intervals more directly (via numerical estimates or asking participants to reproduce the interval between two events) have reported temporal binding at much longer intervals [24],[25].",clear,"The replication found the classic temporal binding effect and describes it as such. The paper cites the original using numbered references rather than author-year citations. [luna56: extra entry, not in the external record]"
10.1371--journal.pone.0210327#1,10.1371/journal.pone.0210327,10.1371--journal.pone.0210327,,,yes,,,,,,,,,,,, [luna56: no entry matched this anchor]
10.5018--economics-ejournal.ja.2018-3#1,10.5018/economics-ejournal.ja.2018-3,10.5018--economics-ejournal.ja.2018-3,,,yes,,,,,,,,,,,, [luna56: no entry matched this anchor]
,10.5018/economics-ejournal.ja.2018-3,10.5018--economics-ejournal.ja.2018-3,,,yes,,failure,close experiment,https://doi.org/10.1257/mac.3.3.92,Education and Catch-Up in the Industrial Revolution,"Becker, S.; Hornung, E.; Woessmann, L.",2011,American Economic Journal: Macroeconomics,"Education had a positive causal effect on overall Prussian industrialisation during the first phase of industrialisation, measured in 1849.","Becker, Hornung and Woessmann (henceforth BHW) argue that such education made an important contribution to the industrialisation of Prussia (BHW 2011).",clear,"The replication's IV estimate is negative and statistically significant after accounting for regional effects and applying systematic model selection. [luna56: extra entry, not in the external record]"
,10.5018/economics-ejournal.ja.2018-3,10.5018--economics-ejournal.ja.2018-3,,,yes,,failure,close experiment,https://doi.org/10.1257/mac.3.3.92,Education and Catch-Up in the Industrial Revolution,"Becker, S.; Hornung, E.; Woessmann, L.",2011,American Economic Journal: Macroeconomics,Education had a positive causal effect on metal-sector industrialisation during the first phase of Prussian industrialisation.,"Becker, Hornung and Woessmann (henceforth BHW) argue that such education made an important contribution to the industrialisation of Prussia (BHW 2011).",clear,"The replication finds a large, statistically significant negative IV effect in the metal sector, but the authors do not explicitly label it a reversal. [luna56: extra entry, not in the external record]"
,10.5018/economics-ejournal.ja.2018-3,10.5018--economics-ejournal.ja.2018-3,,,yes,,failure,close experiment,https://doi.org/10.1257/mac.3.3.92,Education and Catch-Up in the Industrial Revolution,"Becker, S.; Hornung, E.; Woessmann, L.",2011,American Economic Journal: Macroeconomics,Education had a positive causal effect on textile-sector industrialisation during the first phase of Prussian industrialisation.,"Becker, Hornung and Woessmann (henceforth BHW) argue that such education made an important contribution to the industrialisation of Prussia (BHW 2011).",ambiguous,"The replication reports a negative but statistically insignificant estimate for textiles. [luna56: extra entry, not in the external record]"
,10.5018/economics-ejournal.ja.2018-3,10.5018--economics-ejournal.ja.2018-3,,,yes,,failure,close experiment,https://doi.org/10.1257/mac.3.3.92,Education and Catch-Up in the Industrial Revolution,"Becker, S.; Hornung, E.; Woessmann, L.",2011,American Economic Journal: Macroeconomics,"Education had a positive causal effect on industrialisation in the non-metal, non-textile sector during the first phase of Prussian industrialisation.","Becker, Hornung and Woessmann (henceforth BHW) argue that such education made an important contribution to the industrialisation of Prussia (BHW 2011).",ambiguous,"The replication finds no evidence of an effect in the non-metal, non-textile sector. [luna56: extra entry, not in the external record]"
,10.5018/economics-ejournal.ja.2018-3,10.5018--economics-ejournal.ja.2018-3,,,yes,,failure,close experiment,https://doi.org/10.1257/mac.3.3.92,Education and Catch-Up in the Industrial Revolution,"Becker, S.; Hornung, E.; Woessmann, L.",2011,American Economic Journal: Macroeconomics,"Education had a positive causal effect on overall Prussian industrialisation during the second phase of industrialisation, from 1849 to 1882.","Becker, Hornung and Woessmann (henceforth BHW) argue that such education made an important contribution to the industrialisation of Prussia (BHW 2011).",ambiguous,"The replication finds a negative but statistically insignificant effect and describes it as poorly determined. [luna56: extra entry, not in the external record]"
,10.5018/economics-ejournal.ja.2018-3,10.5018--economics-ejournal.ja.2018-3,,,yes,,failure,close experiment,https://doi.org/10.1257/mac.3.3.92,Education and Catch-Up in the Industrial Revolution,"Becker, S.; Hornung, E.; Woessmann, L.",2011,American Economic Journal: Macroeconomics,"Education had a positive causal effect on metal-sector industrialisation during the second phase of Prussian industrialisation, from 1849 to 1882.","Becker, Hornung and Woessmann (henceforth BHW) argue that such education made an important contribution to the industrialisation of Prussia (BHW 2011).",ambiguous,"The replication estimates a negative effect for the metal sector, but it is not statistically significant. [luna56: extra entry, not in the external record]"
,10.5018/economics-ejournal.ja.2018-3,10.5018--economics-ejournal.ja.2018-3,,,yes,,failure,close experiment,https://doi.org/10.1257/mac.3.3.92,Education and Catch-Up in the Industrial Revolution,"Becker, S.; Hornung, E.; Woessmann, L.",2011,American Economic Journal: Macroeconomics,"Education had a positive causal effect on textile-sector industrialisation during the second phase of Prussian industrialisation, from 1849 to 1882.","Becker, Hornung and Woessmann (henceforth BHW) argue that such education made an important contribution to the industrialisation of Prussia (BHW 2011).",ambiguous,"The replication estimates a negative effect for the textile sector, but it is not statistically significant. [luna56: extra entry, not in the external record]"
,10.5018/economics-ejournal.ja.2018-3,10.5018--economics-ejournal.ja.2018-3,,,yes,,success,close experiment,https://doi.org/10.1257/mac.3.3.92,Education and Catch-Up in the Industrial Revolution,"Becker, S.; Hornung, E.; Woessmann, L.",2011,American Economic Journal: Macroeconomics,"Education had a positive causal effect on industrialisation in the non-metal, non-textile sector during the second phase of Prussian industrialisation, from 1849 to 1882.","Becker, Hornung and Woessmann (henceforth BHW) argue that such education made an important contribution to the industrialisation of Prussia (BHW 2011).",clear,"The authors explicitly state that there is evidence of a positive causal effect in the non-metal, non-textile sector. [luna56: extra entry, not in the external record]"
10.1177--073953298600700307#1,10.1177/073953298600700307,10.1177--073953298600700307,,,yes,,,,,,,,,,,, [luna56: no entry matched this anchor]
,10.1177/073953298600700307,10.1177--073953298600700307,,,yes,,failure,direct,,Weekday and Sunday Readership Seen Through Uses and Gratifications,"Towers, Wayne M.",1985,Newspaper Research Journal,"Newspaper uses-and-gratifications statements produce three distinct factors: surveillance, diversion, and interaction.","Wayne M. Towers, ""Weekday and Sunday Readership Seen Through Uses and Gratifications,"" Newspaper Research Journal 6:20-32 (1985).",clear,"The replication found two factors rather than the original three and explicitly stated that Hypothesis 1 could not be accepted. [luna56: extra entry, not in the external record]"
,10.1177/073953298600700307,10.1177--073953298600700307,,,yes,,inconclusive,direct,,Weekday and Sunday Readership Seen Through Uses and Gratifications,"Towers, Wayne M.",1985,Newspaper Research Journal,Weekday newspaper subscribers are strongly oriented toward obtaining immediate knowledge of big news events.,"Wayne M. Towers, ""Weekday and Sunday Readership Seen Through Uses and Gratifications,"" Newspaper Research Journal 6:20-32 (1985).",ambiguous,"The authors described this hypothesis as strongly supported, but the result was only marginally significant at the .15 level and was characterized in the Discussion as marginal at best. [luna56: extra entry, not in the external record]"
,10.1177/073953298600700307,10.1177--073953298600700307,,,yes,,failure,direct,,Weekday and Sunday Readership Seen Through Uses and Gratifications,"Towers, Wayne M.",1985,Newspaper Research Journal,Weekday single-copy newspaper readers are strongly oriented toward finding interesting or unusual stories to tell others.,"Wayne M. Towers, ""Weekday and Sunday Readership Seen Through Uses and Gratifications,"" Newspaper Research Journal 6:20-32 (1985).",clear,"The authors stated that this hypothesis disappeared and received no support in the replication. [luna56: extra entry, not in the external record]"
,10.1177/073953298600700307,10.1177--073953298600700307,,,yes,,failure,direct,,Weekday and Sunday Readership Seen Through Uses and Gratifications,"Towers, Wayne M.",1985,Newspaper Research Journal,Weekday newspaper non-readers are strongly oriented toward using a newspaper simply to pass the time.,"Wayne M. Towers, ""Weekday and Sunday Readership Seen Through Uses and Gratifications,"" Newspaper Research Journal 6:20-32 (1985).",clear,"The authors stated that this hypothesis disappeared and received no support in the replication. [luna56: extra entry, not in the external record]"
,10.1177/073953298600700307,10.1177--073953298600700307,,,yes,,inconclusive,direct,,Weekday and Sunday Readership Seen Through Uses and Gratifications,"Towers, Wayne M.",1985,Newspaper Research Journal,"Sunday newspaper subscribers are oriented toward immediate knowledge of big news events, being happy, and obtaining more information about events they have seen.","Wayne M. Towers, ""Weekday and Sunday Readership Seen Through Uses and Gratifications,"" Newspaper Research Journal 6:20-32 (1985).",clear,"Only the immediate-knowledge component received support; the hypothesized relations involving being happy and obtaining more information disappeared. [luna56: extra entry, not in the external record]"
,10.1177/073953298600700307,10.1177--073953298600700307,,,yes,,success,direct,,Weekday and Sunday Readership Seen Through Uses and Gratifications,"Towers, Wayne M.",1985,Newspaper Research Journal,Sunday single-copy readers are oriented toward understanding what is going on and toward using the newspaper simply to pass the time.,"Wayne M. Towers, ""Weekday and Sunday Readership Seen Through Uses and Gratifications,"" Newspaper Research Journal 6:20-32 (1985).",ambiguous,"The replication authors explicitly stated that the results clearly supported Hypothesis 6, although the reported pattern combined Sunday non-readers with the hypothesis wording. [luna56: extra entry, not in the external record]"
,10.1177/073953298600700307,10.1177--073953298600700307,,,yes,,inconclusive,direct,,Weekday and Sunday Readership Seen Through Uses and Gratifications,"Towers, Wayne M.",1985,Newspaper Research Journal,Sunday newspaper non-readers are oriented toward passing the time and toward obtaining more information about events they have seen.,"Wayne M. Towers, ""Weekday and Sunday Readership Seen Through Uses and Gratifications,"" Newspaper Research Journal 6:20-32 (1985).",ambiguous,"The replication found the predicted pattern for Sunday non-readers, but the paper's hypothesis numbering and summary inconsistently attribute this support to Hypothesis 6 and describe the overall Sunday results as limited or mixed. [luna56: extra entry, not in the external record]"
10.1080--02699931.2020.1719982#1,10.1080/02699931.2020.1719982,10.1080--02699931.2020.1719982,,,yes,,,,,,,,,,,, [luna56: no entry matched this anchor]
,10.1080/02699931.2020.1719982,10.1080--02699931.2020.1719982,,,yes,,success,conceptual,https://doi.org/10.1016/0023-9690(90)90025-J,Flavor/flavor and color/flavor conditioning in humans,"Baeyens, F.; Eelen, P.; Van den Bergh, O.; Crombez, G.",1990,Learning and Motivation,Pairing tastes with smells produces evaluative conditioning of the smells.,"In a conceptual replication of the study by Baeyens et al. (1990), we tested whether (1) EC effects occur for smell-taste combinations, (2) whether EC effects are stronger for smell-taste combinations than for visualtaste combinations and (3) whether memory for the pairings and its interaction with CS type is related to the size of the EC effect, and (4) whether there are EC effects of non-remembered CS-US combinations.",ambiguous,"Experiment 1 found an overall EC effect, and the authors said it tentatively supports conditioning olfactory CSs with gustatory USs, although the effect was not isolated from visual CSs. [luna56: extra entry, not in the external record]"
,10.1080/02699931.2020.1719982,10.1080--02699931.2020.1719982,,,yes,,inconclusive,conceptual,https://doi.org/10.1016/0023-9690(90)90025-J,Flavor/flavor and color/flavor conditioning in humans,"Baeyens, F.; Eelen, P.; Van den Bergh, O.; Crombez, G.",1990,Learning and Motivation,Evaluative conditioning from taste pairings is stronger for smells than for visual stimuli.,"In a conceptual replication of the study by Baeyens et al. (1990), we tested whether (1) EC effects occur for smell-taste combinations, (2) whether EC effects are stronger for smell-taste combinations than for visualtaste combinations and (3) whether memory for the pairings and its interaction with CS type is related to the size of the EC effect, and (4) whether there are EC effects of non-remembered CS-US combinations.",clear,"The smell-versus-visual interaction was nonsignificant. The authors discuss power and possible opposing CS main effects, so this is coded inconclusive rather than failure. [luna56: extra entry, not in the external record]"
,10.1080/02699931.2020.1719982,10.1080--02699931.2020.1719982,,,yes,,failure,conceptual,https://doi.org/10.1016/0023-9690(90)90025-J,Flavor/flavor and color/flavor conditioning in humans,"Baeyens, F.; Eelen, P.; Van den Bergh, O.; Crombez, G.",1990,Learning and Motivation,Evaluative conditioning occurs for smell-taste pairings that participants do not explicitly remember.,"In a conceptual replication of the study by Baeyens et al. (1990), we tested whether (1) EC effects occur for smell-taste combinations, (2) whether EC effects are stronger for smell-taste combinations than for visualtaste combinations and (3) whether memory for the pairings and its interaction with CS type is related to the size of the EC effect, and (4) whether there are EC effects of non-remembered CS-US combinations.",clear,"Experiment 1 found evaluative conditioning only for correctly remembered pairings, not incorrectly remembered pairings; the paper concludes there was no evidence for memory-independent EC. [luna56: extra entry, not in the external record]"
10.3389--fnhum.2020.00265#1,10.3389/fnhum.2020.00265,10.3389--fnhum.2020.00265,,,yes,,inconclusive,close experiment,https://doi.org/10.1016/j.biopsycho.2016.10.006,Wheelchair control by elderly participants in a virtual environment with a brain-computer interface (BCI) and tactile stimulation,"Herweg, A.; Gutzeit, J.; Kleih, S.; Kübler, A.",2016,Biological Psychology,Training across five sessions improves tactile P300-based BCI performance and enables wheelchair navigation in a virtual environment.,We present a slightly adapted and extended replication of the study by Herweg et al. (2016).,clear,"The replication found significant training-related increases in online and offline accuracy and ITR, but did not support training effects on physiological P300 measures and many participants did not achieve BCI efficiency; the authors therefore report mixed support."
10.1016--j.jsat.2013.07.013#1,10.1016/j.jsat.2013.07.013,10.1016--j.jsat.2013.07.013,,,yes,,inconclusive,close experiment,,Computer-based brief intervention: a randomized trial with postpartum women,"Ondersma, S.; Svikis, D.; Schuster, C.",2007,American Journal of Preventive Medicine,A single 20-minute computer-delivered e-SBI intervention plus two non-tailored mailings reduces postpartum women's self-reported drug use.,The present study was designed to replicate the results of Ondersma et al. (2007) with respect to postpartum drug use.,ambiguous,"The authors report short-term support for the original finding, but the 6-month abstinence effect was no longer significant and the drug-use-days outcomes were nonsignificant, yielding mixed evidence."
10.1017--s0003055405051658#1,10.1017/s0003055405051658,10.1017--s0003055405051658,,,yes,,,,,,,,,,,, [luna56: no entry matched this anchor]
10.3386--w21801#1,10.3386/w21801,10.3386--w21801,,,yes,,,,,,,,,,,, [luna56: no entry matched this anchor]
,10.3386/w21801,10.3386--w21801,,,yes,,success,close experiment,,The Impact of the Mariel Boatlift on The Miami Labor Market,"Card, David",1990,Industrial and Labor Relations Review,The Mariel Boatlift had no significant negative effect on the wages of low-skilled non-Cuban workers in Miami.,An early study by David Card (1990) analyzed the Mariel Boatlift.,clear,"The replication uses the synthetic control method rather than Card's original approach; the authors explicitly state that their results confirm Card (1990). [luna56: extra entry, not in the external record]"
,10.3386/w21801,10.3386--w21801,,,yes,,success,close experiment,,The Impact of the Mariel Boatlift on The Miami Labor Market,"Card, David",1990,Industrial and Labor Relations Review,The Mariel Boatlift did not significantly increase unemployment among low-skilled non-Cuban workers in Miami.,An early study by David Card (1990) analyzed the Mariel Boatlift.,clear,"The replication uses the synthetic control method rather than Card's original approach; the authors report no significant post-Boatlift unemployment difference and state that their results confirm Card (1990). [luna56: extra entry, not in the external record]"
,10.3386/w21801,10.3386--w21801,,,yes,,success,direct,,The Wage Impact of the Marielitos: A Reappraisal,"Borjas, George",2017,Industrial and Labor Relations Review,The Mariel Boatlift caused a large and lasting decline in the wages of selected groups of low-skilled workers in Miami relative to a synthetic control.,We then move on to reconcile our results with those presented in Borjas (2017).,ambiguous,"The paper explicitly reproduces Borjas's negative estimate under his sample and specification, but shows that it disappears or reverses under broader samples, longer pre-treatment periods, and alternative controls. [luna56: extra entry, not in the external record]"
,10.3386/w21801,10.3386--w21801,,,yes,,failure,close experiment,,Empirical Strategies in Labor Economics,"Angrist, Joshua; Krueger, Alan",1999,Handbook of Labor Economics,A nonexistent 1994 Mariel Boatlift would appear to produce a spurious increase in Miami unemployment when analyzed with a small conventional control group.,"Angrist and Krueger (1999) show that between 1993 (prenon-shock) and 1995 (post-non-shock) the unemployment rate for Black workers in Miami increased by 3.6 percentage points, while in the control group of cities in Card (1990) it decreased by 2.7 percentage points.",clear,"Using the synthetic control method, the paper finds no significant post-1994 difference and no false evidence of a wage or employment effect. [luna56: extra entry, not in the external record]"
10.1002--jae.2886#1,10.1002/jae.2886,10.1002--jae.2886,,,yes,,,,,,,,,,,, [luna56: no entry matched this anchor]
,10.1002/jae.2886,10.1002--jae.2886,,,yes,,success,direct,https://doi.org/10.1086/500990,Economics: An emerging small world,"Goyal, S.; Van Der Leij, M.; Moraga-González, J.",2006,Journal of Political Economy,"The Economics co-authorship network becomes a small world by the 1990s, characterized by a large connected component, short distances, and high clustering, with highly connected researchers driving the pattern.",This paper both narrowly and widely replicates [6].,clear,"Narrow replication using the exact publication data from the original study; the replication reproduces the original network statistics using Python instead of C++. [luna56: extra entry, not in the external record]"
,10.1002/jae.2886,10.1002--jae.2886,,,yes,,success,close experiment,https://doi.org/10.1086/500990,Economics: An emerging small world,"Goyal, S.; Van Der Leij, M.; Moraga-González, J.",2006,Journal of Political Economy,"The Economics co-authorship network becomes a small world by the 1990s, with highly connected researchers producing short average distances and increasing connectedness.",This paper both narrowly and widely replicates [6].,clear,"Replication using a recent EconLit extract for 1970–1999, with minor data-processing differences because publications with four or more authors could not be excluded. [luna56: extra entry, not in the external record]"
,10.1002/jae.2886,10.1002--jae.2886,,,yes,,success,close experiment,https://doi.org/10.1086/500990,Economics: An emerging small world,"Goyal, S.; Van Der Leij, M.; Moraga-González, J.",2006,Journal of Political Economy,"Using co-authorship data, the Economics profession forms a small world by the 1990s, with a large giant component, short distances, high clustering, and highly connected researchers linking otherwise distant groups.",This paper both narrowly and widely replicates [6].,clear,"Wide replication for 1970–1999 using Scopus, including all pairwise links in papers with four or more authors and Scopus author-profile disambiguation. [luna56: extra entry, not in the external record]"
,10.1002/jae.2886,10.1002--jae.2886,,,yes,,success,close extension,https://doi.org/10.1086/500990,Economics: An emerging small world,"Goyal, S.; Van Der Leij, M.; Moraga-González, J.",2006,Journal of Political Economy,"The small-world structure of the Economics co-authorship network persists and strengthens in the 2000s and 2010s, with larger giant components, higher clustering, and shorter average distances.",This paper both narrowly and widely replicates [6].,clear,"Long replication extending the original analysis to the 2000s and 2010s using both recent EconLit and Scopus data; the paper explicitly states that it replicates all main results. [luna56: extra entry, not in the external record]"
10.1111--sjoe.12341#1,10.1111/sjoe.12341,10.1111--sjoe.12341,,,yes,,,,,,,,,,,, [luna56: no entry matched this anchor]
,10.1111/sjoe.12341,10.1111--sjoe.12341,,,yes,,success,direct,,Iodine Deficiency and Schooling Attainment in Tanzania,"Field, E.; Robles, O.; Torero, M.",2009,American Economic Journal: Applied Economics,"Protection from iodine deficiency in utero increases educational attainment in Tanzania, with particularly large effects for girls.","Field, Robles, and Torero (2009, American Economic Journal: Applied Economics 1, 140-169) find large increases in educational attainment caused by a reduction of fetal iodine deficiency following a set of iodine supplementation programs in Tanzania. We revisit the Tanzanian iodine programs with a narrow and wide replication of the study by Field et al.",ambiguous,"The narrow replication exactly reproduces the original results, although the paper also reports that the findings disappear under alternative specifications. [luna56: extra entry, not in the external record]"
,10.1111/sjoe.12341,10.1111--sjoe.12341,,,yes,,failure,close experiment,,Iodine Deficiency and Schooling Attainment in Tanzania,"Field, E.; Robles, O.; Torero, M.",2009,American Economic Journal: Applied Economics,"Protection from iodine deficiency in utero increases educational attainment in Tanzania, with particularly large effects for girls.","Field, Robles, and Torero (2009, American Economic Journal: Applied Economics 1, 140-169) find large increases in educational attainment caused by a reduction of fetal iodine deficiency following a set of iodine supplementation programs in Tanzania. We revisit the Tanzanian iodine programs with a narrow and wide replication of the study by Field et al.",ambiguous,"The wide replication uses five surveys, a substantially larger sample, and revised treatment models. Estimates are close to zero and not statistically significant, but the authors note limited power and treatment measurement error. [luna56: extra entry, not in the external record]"
10.1257--aer.104.3.1072#1,10.1257/aer.104.3.1072,10.1257--aer.104.3.1072,,,yes,,,,,,,,,,,, [luna56: no entry matched this anchor]
10.1371--journal.pone.0051382#1,10.1371/journal.pone.0051382,10.1371--journal.pone.0051382,,,yes,,,,,,,,,,,, [luna56: no entry matched this anchor]
,10.1371/journal.pone.0051382,10.1371--journal.pone.0051382,,,yes,,success,close extension,,The effect of implied orientation derived from verbal context on picture recognition,"Stanfield, Rob; Zwaan, Rolf A.",2001,Psychological Science,Sentences implying a particular object orientation cause faster verification of pictures showing the object in the matching orientation than pictures showing it in the mismatching orientation.,The 48 experimental sentences were taken from [4].,clear,"Experiment 1a. The paper uses numbered citations rather than author-year citations; reference [4] identifies the original study. The authors state that both orientation experiments replicated the published RT result. [luna56: extra entry, not in the external record]"
,10.1371/journal.pone.0051382,10.1371--journal.pone.0051382,,,yes,,success,close extension,,The effect of implied orientation derived from verbal context on picture recognition,"Stanfield, Rob; Zwaan, Rolf A.",2001,Psychological Science,Sentences implying a particular object orientation cause faster verification of pictures showing the object in the matching orientation than pictures showing it in the mismatching orientation.,The stimuli and procedure were exactly the same as those in Experiment 1a.,clear,"Experiment 1b. The paper uses numbered citations rather than author-year citations; reference [4] identifies the original study. The authors state that both orientation experiments replicated the published RT result. [luna56: extra entry, not in the external record]"
,10.1371/journal.pone.0051382,10.1371--journal.pone.0051382,,,yes,,success,close extension,,Language comprehenders mentally represent the shape of objects,"Zwaan, Rolf A.; Stanfield, Rob A.; Yaxley, Richard H.",2002,Psychological Science,Sentences implying an object's shape cause faster and more accurate verification of pictures showing the object in the matching shape than pictures showing it in the mismatching shape.,"Experimental stimuli consisted of 56 sentences and 56 pictures, taken from [5].",clear,"Experiment 2a. The paper uses numbered citations rather than author-year citations; reference [5] identifies the original study. [luna56: extra entry, not in the external record]"
,10.1371/journal.pone.0051382,10.1371--journal.pone.0051382,,,yes,,success,close extension,,Language comprehenders mentally represent the shape of objects,"Zwaan, Rolf A.; Stanfield, Rob A.; Yaxley, Richard H.",2002,Psychological Science,Sentences implying an object's shape cause faster and more accurate verification of pictures showing the object in the matching shape than pictures showing it in the mismatching shape.,The stimuli and procedure were exactly the same as those in Experiment 2a.,clear,"Experiment 2b. The paper uses numbered citations rather than author-year citations; reference [5] identifies the original study. [luna56: extra entry, not in the external record]"
,10.1371/journal.pone.0051382,10.1371--journal.pone.0051382,,,yes,,reversal,close extension,,Representing object colour in language comprehension,"Connell, Louise",2007,Cognition,Sentences implying an object's color cause faster verification of pictures showing the object in the mismatching color than pictures showing it in the matching color.,"We used the same 24 experimental sentences and 24 pictures as were used by [7],[8].",ambiguous,"Experiment 3a. The replication found a significant match advantage, opposite to the original mismatch advantage, and the authors state that this directly contradicts the published studies. The paper also cites Connell (2005), reference [7], which appears to report the related earlier color study. [luna56: extra entry, not in the external record]"
,10.1371/journal.pone.0051382,10.1371--journal.pone.0051382,,,yes,,inconclusive,close extension,,Representing object colour in language comprehension,"Connell, Louise",2007,Cognition,Sentences implying an object's color cause faster verification of pictures showing the object in the mismatching color than pictures showing it in the matching color.,"We used the same 24 experimental sentences and 24 pictures as were used by [7],[8].",ambiguous,"Experiment 3b. The replication showed a significant opposite-direction match advantage in median RTs and accuracy, but no RT difference under the original trimming procedure; the authors describe it as only partly replicating Experiment 3a and as contradicting the published results. The paper also cites Connell (2005), reference [7]. [luna56: extra entry, not in the external record]"
10.1177--0956797613486983#1,10.1177/0956797613486983,10.1177--0956797613486983,,,yes,,,,,,,,,,,, [luna56: no entry matched this anchor]
,10.1177/0956797613486983,10.1177--0956797613486983,,,yes,,failure,direct,,Warm thoughts: Attachment anxiety and sensitivity to temperature cues,"Vess, Matthew",2012,Psychological Science,"Activating attachment concerns by having participants reflect on a romantic breakup increases preferences for warm foods among individuals with high, but not low, anxious attachment.","In his recent article, Vess (2012) was the first to integrate research on attachment anxiety with research linking physical temperature to perceptions of intimacy (i.e., intimacy is associated with physical warmth, whereas social isolation is associated with coldness; IJzerman & Semin, 2009; Zhong & Leonardelli, 2008). In his first study, Vess found that individuals with high (but not low) levels of anxious attachment reported heightened preferences for warm foods when attachment concerns were activated (i.e., by reflecting on a romantic breakup). Given that only one study (i.e., Vess’s Study 1; N = 56) found an association between activation of the attachment concerns of anxious individuals and heightened sensitivity to temperature cues, it is unknown whether this phenomenon is reproducible. We therefore attempted to replicate this finding before seeking to explain it.",clear,"First replication attempt, reported as Sample 1. The authors state that they did not replicate Vess's finding. [luna56: extra entry, not in the external record]"
,10.1177/0956797613486983,10.1177--0956797613486983,,,yes,,failure,direct,,Warm thoughts: Attachment anxiety and sensitivity to temperature cues,"Vess, Matthew",2012,Psychological Science,"Activating attachment concerns by having participants reflect on a romantic breakup increases preferences for warm foods among individuals with high, but not low, anxious attachment.","In his recent article, Vess (2012) was the first to integrate research on attachment anxiety with research linking physical temperature to perceptions of intimacy (i.e., intimacy is associated with physical warmth, whereas social isolation is associated with coldness; IJzerman & Semin, 2009; Zhong & Leonardelli, 2008). In his first study, Vess found that individuals with high (but not low) levels of anxious attachment reported heightened preferences for warm foods when attachment concerns were activated (i.e., by reflecting on a romantic breakup). Given that only one study (i.e., Vess’s Study 1; N = 56) found an association between activation of the attachment concerns of anxious individuals and heightened sensitivity to temperature cues, it is unknown whether this phenomenon is reproducible. We therefore attempted to replicate this finding before seeking to explain it.",clear,"Second replication attempt, reported as Sample 2. The authors incorporated minor procedural differences identified after the first attempt and state that they did not replicate Vess's finding. [luna56: extra entry, not in the external record]"
10.1177--1745691615605826#1,10.1177/1745691615605826,10.1177--1745691615605826,,,yes,,,,,,,,,,,, [luna56: no entry matched this anchor]
,10.1177/1745691615605826,10.1177--1745691615605826,,,yes,,failure,direct,,Learning about what others were doing: Verb aspect and attributions of mundane and criminal intent for past actions,"Hart, William; Albarracín, Dolores",2011,Psychological Science,Describing criminal actions in the imperfective aspect causes participants to attribute greater intentionality to the perpetrator than describing the same actions in the perfective aspect.,"In the Kurby and Kibbe study, participants read the original, unaltered vignette used by Hart and Albarracín (2011, see Appendix A), and they also had access to the vignette while making their ratings.",clear,"The registered replication report combined 11 laboratory replications and one MTurk replication of Experiment 3; the aggregate replication did not support the original criminal-intentionality effect. A follow-up direct replication using the unaltered vignette also found no significant effect. [luna56: extra entry, not in the external record]"
,10.1177/1745691615605826,10.1177--1745691615605826,,,yes,,failure,direct,,Learning about what others were doing: Verb aspect and attributions of mundane and criminal intent for past actions,"Hart, William; Albarracín, Dolores",2011,Psychological Science,Describing criminal actions in the imperfective aspect makes them easier to imagine and promotes more detailed processing than describing the same actions in the perfective aspect.,"In the Kurby and Kibbe study, participants read the original, unaltered vignette used by Hart and Albarracín (2011, see Appendix A), and they also had access to the vignette while making their ratings.",clear,"The aggregate replication found no evidence that imperfective aspect increased detailed processing or imagery. The follow-up direct replication also found no significant effect. [luna56: extra entry, not in the external record]"
,10.1177/1745691615605826,10.1177--1745691615605826,,,yes,,failure,direct,,Learning about what others were doing: Verb aspect and attributions of mundane and criminal intent for past actions,"Hart, William; Albarracín, Dolores",2011,Psychological Science,Describing criminal actions in the imperfective aspect causes participants to attribute greater intention to the perpetrator than describing the same actions in the perfective aspect.,"In the Kurby and Kibbe study, participants read the original, unaltered vignette used by Hart and Albarracín (2011, see Appendix A), and they also had access to the vignette while making their ratings.",clear,"The aggregate replication found an intention-attribution effect close to zero and did not support the original effect. The follow-up direct replication also found no significant effect. [luna56: extra entry, not in the external record]"
10.1016--j.jesp.2015.09.003#1,10.1016/j.jesp.2015.09.003,10.1016--j.jesp.2015.09.003,,,yes,,,,,,,,,,,, [luna56: no entry matched this anchor]
,10.1016/j.jesp.2015.09.003,10.1016--j.jesp.2015.09.003,,,yes,,success,direct,,Approach-motivated positive affect reduces breadth of attention,"Gable, P.A.; Harmon-Jones, E.",2008,Psychological Science,"In Experiment 2, positive-high affect induced by dessert pictures was hypothesized to narrow attentional breadth compared with neutral affect induced by rock pictures, producing slower responses to global targets and relatively faster responses to local targets.","In the present replication study, we attempted to emulate as closely as possible the original settings of Experiment 2 by Gable and Harmon-Jones (2008), and, whenever possible, use the original materials obtained from the authors.",clear,"The paper explicitly describes this experiment as a direct replication and concludes that it yielded the same pattern of results as Experiment 2 of the original study. [luna56: extra entry, not in the external record]"
,10.1016/j.jesp.2015.09.003,10.1016--j.jesp.2015.09.003,,,yes,,success,conceptual,,Approach-motivated positive affect reduces breadth of attention,"Gable, P.A.; Harmon-Jones, E.",2008,Psychological Science,"In Experiment 2, positive-high affect was hypothesized to narrow attentional breadth compared with neutral affect, such that responses to global targets would be slower after positive-high than after neutral stimuli.",The first one only compared positive-high affect to neutral affect (comparable to Experiment 2 by Gable and Harmon-Jones (2008) and our direct replication); the second one compared only positive-high affect to positive-low affect (comparable to Experiment 1 by Gable and Harmon-Jones (2008)).,clear,"This is the positive-high versus neutral effect tested within the conceptual replication experiment using German-normed stimuli. The authors state that this comparison replicated the original effect. [luna56: extra entry, not in the external record]"
,10.1016/j.jesp.2015.09.003,10.1016--j.jesp.2015.09.003,,,yes,,failure,conceptual,,Approach-motivated positive affect reduces breadth of attention,"Gable, P.A.; Harmon-Jones, E.",2008,Psychological Science,"In Experiment 1, positive-high affect was hypothesized to narrow attentional breadth compared with positive-low affect, with relatively greater local than global processing after positive-high stimuli.",The first one only compared positive-high affect to neutral affect (comparable to Experiment 2 by Gable and Harmon-Jones (2008) and our direct replication); the second one compared only positive-high affect to positive-low affect (comparable to Experiment 1 by Gable and Harmon-Jones (2008)).,clear,"The positive-high versus positive-low interaction was not significant (p = .152), and the authors explicitly state that this was in contrast to Experiment 1 of Gable and Harmon-Jones (2008). [luna56: extra entry, not in the external record]"
10.1007--s10648-015-9332-4#1,10.1007/s10648-015-9332-4,10.1007--s10648-015-9332-4,,,yes,,,,,,,,,,,, [luna56: no entry matched this anchor]
10.3758--s13421-017-0708-1#1,10.3758/s13421-017-0708-1,10.3758--s13421-017-0708-1,,,yes,,,,,,,,,,,, [luna56: no entry matched this anchor]
,10.3758/s13421-017-0708-1,10.3758--s13421-017-0708-1,,,yes,,inconclusive,conceptual,https://doi.org/10.1016/j.cognition.2006.02.009,Representing object colour in language comprehension,"Connell, L.",2007,Cognition,"Color implied by a sentence produces a mismatch advantage, with responses to mismatching object colors faster than responses to matching colors.","The first experiment was conducted as a conceptual replication of Connell’s (2007) and Zwaan and Pecher’s (2012) experiments on color, to resolve which of the contradicting findings has more empirical support.",ambiguous,"Experiment 1 found a significant match advantage, opposite to Connell's reported mismatch advantage, but the authors did not explicitly characterize the result as a reversal. [luna56: extra entry, not in the external record]"
,10.3758/s13421-017-0708-1,10.3758--s13421-017-0708-1,,,yes,,success,conceptual,https://doi.org/10.1371/journal.pone.0051382,Revisiting mental simulation in language comprehension: Six replication attempts,"Zwaan, R. A.; Pecher, D.",2012,PLoS ONE,"Color implied by a sentence produces a match advantage, with faster responses to object pictures whose colors match the implied color.","The first experiment was conducted as a conceptual replication of Connell’s (2007) and Zwaan and Pecher’s (2012) experiments on color, to resolve which of the contradicting findings has more empirical support.",clear," [luna56: extra entry, not in the external record]"
10.1371--journal.pone.0108269#1,10.1371/journal.pone.0108269,10.1371--journal.pone.0108269,,,yes,,,,,,,,,,,, [luna56: no entry matched this anchor]
10.3758--s13423-020-01834-4#1,10.3758/s13423-020-01834-4,10.3758--s13423-020-01834-4,,,yes,,,,,,,,,,,, [luna56: no entry matched this anchor]
,10.3758/s13423-020-01834-4,10.3758--s13423-020-01834-4,,,yes,,success,direct,https://doi.org/10.1073/pnas.1708413114,Default neglect in attempts at social influence,"Zlatev, J.; Daniels, D.; Kim, H.; Neale, M.",2017,Proceedings of the National Academy of Sciences,"In Study 1h, choice architects selecting a default to influence a new employee toward a higher-paying or more vacation-rich job selected the optimal default at below-chance levels.",Experiment 2 includes both a direct and a conceptual replication of Zlatev et al.'s (2017) Study 1h.,clear,"The direct replication used the original materials and found significantly below-chance optimal-default selection overall, consistent with the original study. [luna56: extra entry, not in the external record]"
,10.3758/s13423-020-01834-4,10.3758--s13423-020-01834-4,,,yes,,reversal,conceptual,https://doi.org/10.1073/pnas.1708413114,Default neglect in attempts at social influence,"Zlatev, J.; Daniels, D.; Kim, H.; Neale, M.",2017,Proceedings of the National Academy of Sciences,"In Study 1h, choice architects selecting a default to influence a new employee toward a higher-paying or more vacation-rich job selected the optimal default at below-chance levels.",Experiment 2 includes both a direct and a conceptual replication of Zlatev et al.'s (2017) Study 1h.,clear,"The conceptual replication simplified the task and removed the default-framing confound; optimal-default selection was significantly above chance, which the authors describe as the opposite pattern and a reversal of the original result. [luna56: extra entry, not in the external record]"
,10.3758/s13423-020-01834-4,10.3758--s13423-020-01834-4,,,yes,,inconclusive,close experiment,https://doi.org/10.1073/pnas.1708413114,Default neglect in attempts at social influence,"Zlatev, J.; Daniels, D.; Kim, H.; Neale, M.",2017,Proceedings of the National Academy of Sciences,"In Study 1h, choice architects selecting a default to influence a new employee toward a higher-paying or more vacation-rich job selected the optimal default at below-chance levels when the option attributes were framed as the advantages and disadvantages of switching jobs.","First, we again replicated Zlatev et al.'s (2017) original results when the (dis)advantages were framed in terms of switching to the new job.",clear,"Experiment 3 tested both the original switch framing and an alternate stay framing within one experiment; results were below chance in the original framing and above chance in the alternate framing, so the entry is inconclusive under the multi-condition rule. [luna56: extra entry, not in the external record]"
10.1098--rsos.181868#1,10.1098/rsos.181868,10.1098--rsos.181868,,,yes,,failure,close experiment,https://doi.org/10.1038/srep30423,Skilled musicians are not subject to the McGurk effect,"Proverbio, Alessandra; Massetti, Giulia; Rizzi, Elena; Zani, Alberto",2016,Scientific Reports,Skilled musicians do not experience the McGurk effect when audiovisual speech stimuli conflict.,"As Proverbio and colleagues [2] had 30 musicians and 30 non-musicians in the critical conditions, we set a goal of 60 musicians and 60 non-musicians; as we ran the participants in groups, we scheduled slightly more participants than necessary in case of no-shows.",clear,"The paper reports a close replication using modified procedures and two analysis schemes. Both analyses found a robust McGurk effect among musicians, contradicting the original study's conclusion that musicians were not subject to the effect."
10.1016--j.strueco.2018.01.002#1,10.1016/j.strueco.2018.01.002,10.1016--j.strueco.2018.01.002,,,yes,,,,,,,,,,,, [luna56: no entry matched this anchor]
10.3758--s13421-023-01471-x#1,10.3758/s13421-023-01471-x,10.3758--s13421-023-01471-x,,,yes,,,,,,,,,,,, [luna56: no entry matched this anchor]
,10.3758/s13421-023-01471-x,10.3758--s13421-023-01471-x,,,yes,,inconclusive,close experiment,https://doi.org/10.1093/cercor/bhu307,Expectations of task demands dissociate working memory and long-term memory systems,"Zanto, T.; Clapp, W.; Rubens, M.; Karlsson, J.; Gazzaley, A.",2016,Cerebral Cortex,Distraction during encoding of faces improves delayed memory performance compared with encoding without distraction.,The goal of the present study was to replicate a previous study by Zanto et al. (2016) showing a beneficial effect of distraction on delayed memory for complex visual stimuli and to investigate the potential boundary conditions of the benefit – also known as the McCabe effect.,ambiguous,"Experiment 1 found the expected delayed-memory benefit only for door stimuli, not faces, and the benefit was attributed to extended encoding time rather than distraction. [luna56: extra entry, not in the external record]"
,10.3758/s13421-023-01471-x,10.3758--s13421-023-01471-x,,,yes,,failure,close experiment,https://doi.org/10.1093/cercor/bhu307,Expectations of task demands dissociate working memory and long-term memory systems,"Zanto, T.; Clapp, W.; Rubens, M.; Karlsson, J.; Gazzaley, A.",2016,Cerebral Cortex,"Distraction during encoding of faces, presented in blocked task conditions, improves delayed memory performance compared with simple-span encoding.",The goal of the present study was to replicate a previous study by Zanto et al. (2016) showing a beneficial effect of distraction on delayed memory for complex visual stimuli and to investigate the potential boundary conditions of the benefit – also known as the McCabe effect.,clear,"Experiment 2 reported no delayed-memory difference between simple-span and distraction conditions in either pure or mixed blocks and explicitly stated that it did not replicate Zanto et al. (2016). [luna56: extra entry, not in the external record]"
,10.3758/s13421-023-01471-x,10.3758--s13421-023-01471-x,,,yes,,failure,close experiment,https://doi.org/10.1093/cercor/bhu307,Expectations of task demands dissociate working memory and long-term memory systems,"Zanto, T.; Clapp, W.; Rubens, M.; Karlsson, J.; Gazzaley, A.",2016,Cerebral Cortex,Distraction during encoding of faces improves delayed memory performance compared with simple-span encoding across different working-memory set sizes.,The goal of the present study was to replicate a previous study by Zanto et al. (2016) showing a beneficial effect of distraction on delayed memory for complex visual stimuli and to investigate the potential boundary conditions of the benefit – also known as the McCabe effect.,clear,"Experiment 3 found no delayed-memory difference between simple-span and distraction conditions at either set size and stated that the results did not replicate Zanto et al. (2016). [luna56: extra entry, not in the external record]"
,10.3758/s13421-023-01471-x,10.3758--s13421-023-01471-x,,,yes,,reversal,close experiment,https://doi.org/10.1093/cercor/bhu307,Expectations of task demands dissociate working memory and long-term memory systems,"Zanto, T.; Clapp, W.; Rubens, M.; Karlsson, J.; Gazzaley, A.",2016,Cerebral Cortex,"Distraction during encoding of faces improves delayed memory performance compared with simple-span encoding, including under intentional and incidental encoding conditions.",The goal of the present study was to replicate a previous study by Zanto et al. (2016) showing a beneficial effect of distraction on delayed memory for complex visual stimuli and to investigate the potential boundary conditions of the benefit – also known as the McCabe effect.,clear,"Experiment 4 found a credible delayed-memory effect in the opposite direction: simple-span performance was better than distraction performance. The authors explicitly described this as opposite to the predicted McCabe effect. [luna56: extra entry, not in the external record]"
10.1007--s11205-005-5074-x#1,10.1007/s11205-005-5074-x,10.1007--s11205-005-5074-x,,,yes,,,,,,,,,,,, [luna56: no entry matched this anchor]
10.1016--j.neuroimage.2008.04.023#1,10.1016/j.neuroimage.2008.04.023,10.1016--j.neuroimage.2008.04.023,,,yes,,,,,,,,,,,, [luna56: no entry matched this anchor]
,10.1016/j.neuroimage.2008.04.023,10.1016--j.neuroimage.2008.04.023,,,yes,,success,close experiment,,Cortical and subcortical contributions to Stop signal response inhibition: role of the subthalamic nucleus,"Aron, A; Poldrack, R",2006,Journal of Neuroscience,Stop trials produce greater activity in the subthalamic nucleus than go trials.,"We sought to replicate the finding of greater subthalamic activity during stop compared to go trials, as reported in Aron and Poldrack, 2006.",clear,"The authors explicitly state in the Discussion that they replicated this finding. [luna56: extra entry, not in the external record]"
,10.1016/j.neuroimage.2008.04.023,10.1016--j.neuroimage.2008.04.023,,,yes,,reversal,close experiment,,Cortical and subcortical contributions to Stop signal response inhibition: role of the subthalamic nucleus,"Aron, A; Poldrack, R",2006,Journal of Neuroscience,Individuals with short SSRT show greater subthalamic nucleus activity than individuals with long SSRT.,"Specifically, greater STN activity in the short, as compared to the long, SSRT group would replicate the findings of Aron and Poldrack, 2006.",ambiguous,"The replication found the opposite pattern, with greater bilateral STN activity in the long-SSRT group, and states that the STN results contrasted with Aron and Poldrack (2006). [luna56: extra entry, not in the external record]"
10.1001--archneurol.2011.155#1,10.1001/archneurol.2011.155,10.1001--archneurol.2011.155,,,yes,,,,,,,,,,,, [luna56: no entry matched this anchor]
,10.1001/archneurol.2011.155,10.1001--archneurol.2011.155,,,yes,,failure,close experiment,,A TOMM40 variable-length polymorphism predicts the age of late-onset Alzheimer's disease,"Roses, A.; Lutz, M.; Amrine-Madsen, H.",2010,Pharmacogenomics Journal,The APOE ε3–TOMM40 polyT polymorphism haplotype groups are associated with age at onset of late-onset Alzheimer's disease.,In this study we attempted to replicate the recent report by Roses et al.12 that reported an association of APOE 3-TOMM40 polyT polymorphism (rs10524523) haplotypes are associated with age at onset and risk of AD.,clear,"The paper reports no significant association with age at onset after accounting for APOE genotype and concludes that it failed to support the original finding. The original reference does not provide a DOI. [luna56: extra entry, not in the external record]"
,10.1001/archneurol.2011.155,10.1001--archneurol.2011.155,,,yes,,reversal,close experiment,,A TOMM40 variable-length polymorphism predicts the age of late-onset Alzheimer's disease,"Roses, A.; Lutz, M.; Amrine-Madsen, H.",2010,Pharmacogenomics Journal,The very-long allele of the APOE ε3–TOMM40 polyT polymorphism is associated with increased risk of late-onset Alzheimer's disease.,In this study we attempted to replicate the recent report by Roses et al.12 that reported an association of APOE 3-TOMM40 polyT polymorphism (rs10524523) haplotypes are associated with age at onset and risk of AD.,clear,"The replication found a statistically significant association in the opposite direction from the original report: the very-long allele was less frequent in cases and associated with a protective effect. The authors explicitly describe the result as opposite to the original finding. The original reference does not provide a DOI. [luna56: extra entry, not in the external record]"
10.1016--j.psyneuen.2016.08.017#1,10.1016/j.psyneuen.2016.08.017,10.1016--j.psyneuen.2016.08.017,,,yes,,,,,,,,,,,, [luna56: no entry matched this anchor]
,10.1016/j.psyneuen.2016.08.017,10.1016--j.psyneuen.2016.08.017,,,yes,,success,direct,,Effects of 5-hydroxytryptamine 2C receptor agonist MK212 and 2A receptor antagonist MDL100907 on maternal behavior in postpartum female rats,"Chen, W; Zhang, Q; Su, W; Zhang, H; Yang, Y; Qiao, J; Sui, N; Li, M",2014,"Pharmacology, Biochemistry and Behavior","Acute systemic administration of the 5-HT2C receptor agonist MK212 disrupts active maternal behaviors in postpartum rats, particularly pup retrieval.","In agreement with our previous report (Chen et al., 2014), acute MK212 injection severely disrupted various active components of maternal behavior.",clear,"Experiment 1 explicitly frames its finding as agreeing with Chen et al. (2014). [luna56: extra entry, not in the external record]"
,10.1016/j.psyneuen.2016.08.017,10.1016--j.psyneuen.2016.08.017,,,yes,,success,direct,,Effects of 5-hydroxytryptamine 2C receptor agonist MK212 and 2A receptor antagonist MDL100907 on maternal behavior in postpartum female rats,"Chen, W; Zhang, Q; Su, W; Zhang, H; Yang, Y; Qiao, J; Sui, N; Li, M",2014,"Pharmacology, Biochemistry and Behavior",Acute administration of MK212 disrupts pup retrieval and other maternal behaviors in postpartum rats.,"This dose was chosen based on our previous work showing that acute injection of MK212 dose-dependently disrupts rat maternal performance with 2.0 mg/kg MK212 having the most disruption (Chen et al., 2014).",clear,"Experiment 4 reports that it replicated the acute disruptive effect of MK212 on pup retrieval. [luna56: extra entry, not in the external record]"
10.3758--s13421-024-01583-y#1,10.3758/s13421-024-01583-y,10.3758--s13421-024-01583-y,,,yes,,,,,,,,,,,, [luna56: no entry matched this anchor]
,10.3758/s13421-024-01583-y,10.3758--s13421-024-01583-y,,,yes,,reversal,close extension,,"Channel-capacity, intelligibility and immediate memory","Rabbitt, P.",1968,The Quarterly Journal of Experimental Psychology,Rabbitt's Experiment 3 claimed that presenting noise during the second half of a spoken passage impairs retention of information presented in the first half.,"Thus, in the current investigation, we attempt to replicate the finding that noise in the second half of a passage can impair retention of material presented in the first half of the passage (Rabbitt, 1968).",clear,"Experiment 1a used second-half noise at SNR = −1 and found a significant effect in the opposite direction: noise facilitated first-half recall. The authors explicitly describe this as evidence for the opposite claim. [luna56: extra entry, not in the external record]"
,10.3758/s13421-024-01583-y,10.3758--s13421-024-01583-y,,,yes,,failure,close extension,,"Channel-capacity, intelligibility and immediate memory","Rabbitt, P.",1968,The Quarterly Journal of Experimental Psychology,Rabbitt's Experiment 3 claimed that presenting noise during the second half of a spoken passage impairs retention of information presented in the first half.,"Thus, in the current investigation, we attempt to replicate the finding that noise in the second half of a passage can impair retention of material presented in the first half of the passage (Rabbitt, 1968).",clear,"Experiment 1b used second-half noise at SNR = 5 and found no significant effect on first-half recall. The authors explicitly state that it did not replicate Rabbitt's finding. [luna56: extra entry, not in the external record]"
,10.3758/s13421-024-01583-y,10.3758--s13421-024-01583-y,,,yes,,failure,close extension,,"Channel-capacity, intelligibility and immediate memory","Rabbitt, P.",1968,The Quarterly Journal of Experimental Psychology,Rabbitt's Experiment 3 claimed that presenting noise during the second half of a spoken passage impairs retention of information presented in the first half.,"Thus, in the current investigation, we attempt to replicate the finding that noise in the second half of a passage can impair retention of material presented in the first half of the passage (Rabbitt, 1968).",clear,"Experiment 1c used second-half noise at SNR = −4 and found no significant effect on first-half recall. The authors explicitly state that it did not replicate Rabbitt's finding. [luna56: extra entry, not in the external record]"
10.2466--pr0.2000.87.2.493#1,10.2466/pr0.2000.87.2.493,10.2466--pr0.2000.87.2.493,,,yes,,,,,,,,,,,, [luna56: no entry matched this anchor]
,10.2466/pr0.2000.87.2.493,10.2466--pr0.2000.87.2.493,,,yes,,success,direct,,Sex-role stereotypes and self-concepts in college students,"Rosenkrantz, Paul S.; Vogel, Susan R.; Bee, Helen; Broverman, Inge K.; Broverman, David M.",1968,Journal of Consulting and Clinical Psychology,Male and female college students agree about which traits typify men and women.,"This paper reports a partial replication of the study by Rosenkrantz, et al. (1968) aimed at clarifying whether changes have occurred in the content of gender stereotypes and the relative perceived social desirability of traits associated with men and with women since 30 years ago.",clear," [luna56: extra entry, not in the external record]"
,10.2466/pr0.2000.87.2.493,10.2466--pr0.2000.87.2.493,,,yes,,failure,direct,,Sex-role stereotypes and self-concepts in college students,"Rosenkrantz, Paul S.; Vogel, Susan R.; Bee, Helen; Broverman, Inge K.; Broverman, David M.",1968,Journal of Consulting and Clinical Psychology,College students identify numerous gender-stereotypic traits distinguishing the typical man from the typical woman.,"This paper reports a partial replication of the study by Rosenkrantz, et al. (1968) aimed at clarifying whether changes have occurred in the content of gender stereotypes and the relative perceived social desirability of traits associated with men and with women since 30 years ago.",clear,"The replication found substantially fewer stereotypic items than the original study and the authors interpret this as evidence that stereotype content has changed. [luna56: extra entry, not in the external record]"
,10.2466/pr0.2000.87.2.493,10.2466--pr0.2000.87.2.493,,,yes,,success,direct,,Sex-role stereotypes and self-concepts in college students,"Rosenkrantz, Paul S.; Vogel, Susan R.; Bee, Helen; Broverman, Inge K.; Broverman, David M.",1968,Journal of Consulting and Clinical Psychology,Male and female students agree about which poles of the questionnaire traits are socially desirable.,"This paper reports a partial replication of the study by Rosenkrantz, et al. (1968) aimed at clarifying whether changes have occurred in the content of gender stereotypes and the relative perceived social desirability of traits associated with men and with women since 30 years ago.",clear," [luna56: extra entry, not in the external record]"
,10.2466/pr0.2000.87.2.493,10.2466--pr0.2000.87.2.493,,,yes,,failure,direct,,Sex-role stereotypes and self-concepts in college students,"Rosenkrantz, Paul S.; Vogel, Susan R.; Bee, Helen; Broverman, Inge K.; Broverman, David M.",1968,Journal of Consulting and Clinical Psychology,Students attribute more socially desirable traits to men than to women.,"This paper reports a partial replication of the study by Rosenkrantz, et al. (1968) aimed at clarifying whether changes have occurred in the content of gender stereotypes and the relative perceived social desirability of traits associated with men and with women since 30 years ago.",ambiguous,"The replication found the opposite pattern, with traits associated with the typical woman judged more socially desirable than traits associated with the typical man; the authors describe this as a contrast with the original finding but do not explicitly call it a reversal. [luna56: extra entry, not in the external record]"
,10.2466/pr0.2000.87.2.493,10.2466--pr0.2000.87.2.493,,,yes,,success,direct,,Sex-role stereotypes and self-concepts in college students,"Rosenkrantz, Paul S.; Vogel, Susan R.; Bee, Helen; Broverman, Inge K.; Broverman, David M.",1968,Journal of Consulting and Clinical Psychology,Male and female students rate themselves as less different from the opposite-sex prototype than the typical man and typical woman are from each other.,"This paper reports a partial replication of the study by Rosenkrantz, et al. (1968) aimed at clarifying whether changes have occurred in the content of gender stereotypes and the relative perceived social desirability of traits associated with men and with women since 30 years ago.",clear,"The authors report that the current participants showed the same self-rating pattern as participants in the original study, although the older male group was an exception on one comparison. [luna56: extra entry, not in the external record]"
10.1016--j.leaqua.2022.101633#1,10.1016/j.leaqua.2022.101633,10.1016--j.leaqua.2022.101633,,,yes,,,,,,,,,,,, [luna56: no entry matched this anchor]
,10.1016/j.leaqua.2022.101633,10.1016--j.leaqua.2022.101633,,,yes,,inconclusive,close experiment,https://doi.org/10.1037/0021-9010.93.4.758,The White standard: Racial bias in leader categorization,"Rosette, Amy; Leonardelli, Geoffrey J.; Phillips, Katherine W.",2008,Journal of Applied Psychology,"In the absence of racial cues, participants perceive a business leader as White more often than a non-leader.","RLP's first study (RLP1) established race as a component of the business leader prototype by demonstrating that in the absence of racial cues, undergraduate participants were more likely to perceive a business leader as White than they were to perceive a non-leader as White.",clear,"Study 1A; the authors describe the result as failing to fully replicate RLP1 and providing minimal support. [luna56: extra entry, not in the external record]"
,10.1016/j.leaqua.2022.101633,10.1016--j.leaqua.2022.101633,,,yes,,inconclusive,conceptual,https://doi.org/10.1037/0021-9010.93.4.758,The White standard: Racial bias in leader categorization,"Rosette, Amy; Leonardelli, Geoffrey J.; Phillips, Katherine W.",2008,Journal of Applied Psychology,"In the absence of racial cues, participants perceive a business leader as White more often than a non-leader.","RLP's first study (RLP1) established race as a component of the business leader prototype by demonstrating that in the absence of racial cues, undergraduate participants were more likely to perceive a business leader as White than they were to perceive a non-leader as White.",clear,"Study 1B; conceptual replication using an MTurk sample. The authors report no significant leader-versus-non-leader difference and describe the overall evidence as minimal support. [luna56: extra entry, not in the external record]"
,10.1016/j.leaqua.2022.101633,10.1016--j.leaqua.2022.101633,,,yes,,failure,close experiment,https://doi.org/10.1037/0021-9010.93.4.758,The White standard: Racial bias in leader categorization,"Rosette, Amy; Leonardelli, Geoffrey J.; Phillips, Katherine W.",2008,Journal of Applied Psychology,"When successful organizational performance is attributed to the leader, White leaders are evaluated more favorably than non-White leaders.","The core contribution of this study was the finding that ""White leaders were evaluated more favorably than non-White leaders, but only when successful organizational performance was attributed to the leader"" (Rosette et al., 2008, p. 769).",clear,"Study 2A; the primary interaction and the predicted high-performance/leader-attribution contrast were not significant. [luna56: extra entry, not in the external record]"
,10.1016/j.leaqua.2022.101633,10.1016--j.leaqua.2022.101633,,,yes,,failure,close experiment,https://doi.org/10.1037/0021-9010.93.4.758,The White standard: Racial bias in leader categorization,"Rosette, Amy; Leonardelli, Geoffrey J.; Phillips, Katherine W.",2008,Journal of Applied Psychology,"When successful organizational performance is attributed to the leader, White leaders are evaluated more favorably than non-White leaders.","The core contribution of this study was the finding that ""White leaders were evaluated more favorably than non-White leaders, but only when successful organizational performance was attributed to the leader"" (Rosette et al., 2008, p. 769).",clear,"Study 2B; the predicted three-way interaction was not significant, and the significant attribution-related difference favored the non-White leader. [luna56: extra entry, not in the external record]"
,10.1016/j.leaqua.2022.101633,10.1016--j.leaqua.2022.101633,,,yes,,failure,conceptual,https://doi.org/10.1037/0021-9010.93.4.758,The White standard: Racial bias in leader categorization,"Rosette, Amy; Leonardelli, Geoffrey J.; Phillips, Katherine W.",2008,Journal of Applied Psychology,"When successful organizational performance is attributed to the leader, White leaders are evaluated more favorably than non-White leaders.","The core contribution of this study was the finding that ""White leaders were evaluated more favorably than non-White leaders, but only when successful organizational performance was attributed to the leader"" (Rosette et al., 2008, p. 769).",clear,"Study 2C; conceptual replication using a non-student sample. The predicted interaction was not significant. [luna56: extra entry, not in the external record]"
,10.1016/j.leaqua.2022.101633,10.1016--j.leaqua.2022.101633,,,yes,,failure,conceptual,https://doi.org/10.1037/0021-9010.93.4.758,The White standard: Racial bias in leader categorization,"Rosette, Amy; Leonardelli, Geoffrey J.; Phillips, Katherine W.",2008,Journal of Applied Psychology,"When successful organizational performance is attributed to the leader, White leaders are evaluated more favorably than non-White leaders.","The core contribution of this study was the finding that ""White leaders were evaluated more favorably than non-White leaders, but only when successful organizational performance was attributed to the leader"" (Rosette et al., 2008, p. 769).",clear,"Study 3A; conceptual replication manipulating the presence of the CEO's first name. The non-White leader received more favorable ratings overall. [luna56: extra entry, not in the external record]"
,10.1016/j.leaqua.2022.101633,10.1016--j.leaqua.2022.101633,,,yes,,failure,conceptual,https://doi.org/10.1037/0021-9010.93.4.758,The White standard: Racial bias in leader categorization,"Rosette, Amy; Leonardelli, Geoffrey J.; Phillips, Katherine W.",2008,Journal of Applied Psychology,"When successful organizational performance is attributed to the leader, White leaders are evaluated more favorably than non-White leaders.","The core contribution of this study was the finding that ""White leaders were evaluated more favorably than non-White leaders, but only when successful organizational performance was attributed to the leader"" (Rosette et al., 2008, p. 769).",clear,"Study 3B; conceptual replication comparing pre-tested and FaceGen photographs. No significant leader-race effect was detected. [luna56: extra entry, not in the external record]"
,10.1016/j.leaqua.2022.101633,10.1016--j.leaqua.2022.101633,,,yes,,failure,conceptual,https://doi.org/10.1037/0021-9010.93.4.758,The White standard: Racial bias in leader categorization,"Rosette, Amy; Leonardelli, Geoffrey J.; Phillips, Katherine W.",2008,Journal of Applied Psychology,"When successful organizational performance is attributed to the leader, White leaders are evaluated more favorably than non-White leaders.","The core contribution of this study was the finding that ""White leaders were evaluated more favorably than non-White leaders, but only when successful organizational performance was attributed to the leader"" (Rosette et al., 2008, p. 769).",clear,"Study 3C; conceptual replication varying the presence of a race manipulation check. The design manipulation did not affect the findings, and the predicted White-leader advantage was not found. [luna56: extra entry, not in the external record]"
10.1007--s12662-024-00979-x#1,10.1007/s12662-024-00979-x,10.1007--s12662-024-00979-x,,,yes,,success,close experiment,https://doi.org/10.3390/s21082672,"Comparison of self-reported and device-based measured physical activity using measures of stability, reliability, and validity in adults and children","Fiedler, J.; Eckert, T.; Burchartz, A.; Woll, A.; Wunsch, K.",2021,Sensors,"The original study examined the stability, test-retest reliability, and validity of physical activity estimates obtained using accelerometry with 10- and 60-second epochs, a physical activity diary, and a questionnaire in adults and children.","Therefore, the current study aimed to replicate the results of our previous study using data from the first SMARTFAMILY trial [8] with data from the SMARTFAMILY2.0 trial.",clear,"The paper explicitly describes the study as a replication and states that the present results reinforce the findings and conclusions of the original study. The questionnaire and diary procedures were intentionally modified, so this is coded as a close experiment rather than a direct replication. The citation uses numbered references rather than author-year format."
10.1037--0096-3445.123.2.161#neg,10.1037/0096-3445.123.2.161,10.1037--0096-3445.123.2.161,,,yes,,,,,,,,,,,, [coded by luna56]
,10.1037/0096-3445.123.2.161,10.1037--0096-3445.123.2.161,,,yes,,success,close experiment,,Isolating attentional systems: A cognitive-anatomical analysis,"Posner, Michael I.; Inhoff, Albrecht W.; Friedrich, Fred J.; Cohen, Alan",1987,Psychobiology,"Unilateral parietal lesions cause an abnormally large spatial disengagement cost for invalidly cued contralesional targets, including targets requiring horizontal shifts of attention.","The spatial disengage difficulty with horizontal shifts to an invalidly cued contralesional target replicates the previous findings of Posner, Inhoff, et al. (1987), and the difficulty with vertical shifts within the contralesional field replicates the observations of Baynes et al. (1986).",clear,"Experiment 2 explicitly states that its finding for horizontal shifts replicates Posner, Inhoff, et al. (1987). [luna56: extra entry, not in the external record]"
,10.1037/0096-3445.123.2.161,10.1037--0096-3445.123.2.161,,,yes,,success,close experiment,https://doi.org/10.1093/brain/109.1.99,Components of visual attention: Alternations in response pattern to visual stimuli following parietal lobe infarction,"Baynes, Kevin; Holtzman, Jeffrey D.; Volpe, Bruce T.",1986,Brain,Parietal-lesion patients show an abnormally large difficulty disengaging attention for vertical shifts to invalidly cued targets in the contralesional field.,"The spatial disengage difficulty with horizontal shifts to an invalidly cued contralesional target replicates the previous findings of Posner, Inhoff, et al. (1987), and the difficulty with vertical shifts within the contralesional field replicates the observations of Baynes et al. (1986).",clear,"Experiment 2 explicitly states that its finding for vertical shifts within the contralesional field replicates Baynes et al. (1986). [luna56: extra entry, not in the external record]"
10.1037--a0020413#neg,10.1037/a0020413,10.1037--a0020413,,,no,The paper reports novel experiments on canonical visual size rather than replication experiments testing a specific prior published finding.,,,,,,,,,,, [coded by luna56]
10.1073--pnas.1616921114#neg,10.1073/pnas.1616921114,10.1073--pnas.1616921114,,,no,"The paper reports original field and online experiments, and the online experiment replicates the paper's own field experiment rather than a separately published prior study.",,,,,,,,,,, [coded by luna56]
10.1016--j.chb.2012.07.031#neg,10.1016/j.chb.2012.07.031,10.1016--j.chb.2012.07.031,,,no,"This is a software reliability and validity evaluation methods paper, not a replication of a prior published empirical finding.",,,,,,,,,,, [coded by luna56]
10.1037--0022-3514.75.6.1411#neg,10.1037/0022-3514.75.6.1411,10.1037--0022-3514.75.6.1411,,,no,The paper reports an original series of studies introducing and testing the alternative-outcomes effect rather than conducting qualifying replications of separately published experiments; Study 3 reuses a scenario and data previously described elsewhere.,,,,,,,,,,, [coded by luna56]
10.1037--0021-9010.63.2.228#neg,10.1037/0021-9010.63.2.228,10.1037--0021-9010.63.2.228,,,no,This is an original correlational study of faculty attitudes toward collective bargaining and does not report a replication experiment of a separately published study.,,,,,,,,,,, [coded by luna56]
10.1177--0956797611419168#neg,10.1177/0956797611419168,10.1177--0956797611419168,,,yes,,,,,,,,,,,, [coded by luna56]
,10.1177/0956797611419168,10.1177--0956797611419168,,,yes,,failure,close experiment,,Inattentional blindness: Perception without attention,"Mack, Arien; Rock, Irvin",1998,MIT Press,Natural scenes are perceived despite attention being directed to another task and therefore do not produce inattentional blindness.,It has previously been claimed that inattentional blindness does not occur for natural scenes [17].,clear,"Experiment 1a tested this claim using a more demanding multiple-object-tracking task and found substantial inattentional blindness. [luna56: extra entry, not in the external record]"
,10.1177/0956797611419168,10.1177--0956797611419168,,,yes,,failure,close experiment,,Inattentional blindness: Perception without attention,"Mack, Arien; Rock, Irvin",1998,MIT Press,Natural scenes are perceived despite attention being directed to another task and therefore do not produce inattentional blindness.,It has previously been claimed that inattentional blindness does not occur for natural scenes [17].,clear,"Experiment 1b tested this claim using a demanding RSVP task and found substantial inattentional blindness. [luna56: extra entry, not in the external record]"
,10.1177/0956797611419168,10.1177--0956797611419168,,,yes,,inconclusive,close experiment,,Why does natural scene categorization require little attention? Exploring attentional requirements for natural and synthetic stimuli,"Fei-Fei, Li; Vanrullen, Rufin; Koch, Christof; Perona, Pietro",2005,Visual Cognition,Natural-scene perception is unaffected by dual-task interference and requires little or no attention.,Previous studies have found that scene perception is unaffected by dual-task interference [8][16][29].,ambiguous,"Experiment 2 found no interference at slow tracking speed but significant interference at fast tracking speed. [luna56: extra entry, not in the external record]"
,10.1177/0956797611419168,10.1177--0956797611419168,,,yes,,inconclusive,close experiment,,Rapid natural scene categorization in the near absence of attention,"Li, Fei; Vanrullen, Rufin; Koch, Christof; Perona, Pietro",2002,Proceedings of the National Academy of Sciences,Natural-scene perception is unaffected by dual-task interference and can occur in the near absence of attention.,Previous studies have found that scene perception is unaffected by dual-task interference [8][16][29].,ambiguous,"Experiment 2 found no interference at slow tracking speed but significant interference at fast tracking speed. [luna56: extra entry, not in the external record]"
,10.1177/0956797611419168,10.1177--0956797611419168,,,yes,,inconclusive,close experiment,,Parallel processing in high-level categorization of natural images,"Rousselet, Guillaume; Fabre-Thorpe, Michel; Thorpe, Simon",2002,Nature Neuroscience,Natural-scene perception is unaffected by dual-task interference and can occur with little or no focused attention.,Previous studies have found that scene perception is unaffected by dual-task interference [8][16][29].,ambiguous,"Experiment 2 found no interference at slow tracking speed but significant interference at fast tracking speed. [luna56: extra entry, not in the external record]"
,10.1177/0956797611419168,10.1177--0956797611419168,,,yes,,inconclusive,close experiment,,Why does natural scene categorization require little attention? Exploring attentional requirements for natural and synthetic stimuli,"Fei-Fei, Li; Vanrullen, Rufin; Koch, Christof; Perona, Pietro",2005,Visual Cognition,"Natural-scene perception, including detection and categorization of scene contents, is largely unaffected by a demanding concurrent task.","Given that we followed previous studies in using a task that required the detection and classification of animals and vehicles within a scene, the difference in results between the current study and previous studies [16][29][35] cannot be attributed to a difference in the task used to assess scene perception.",ambiguous,"Experiment 3 found dual-task costs for both five-category scene classification and animal-vehicle classification, but the replication used a demanding RSVP task and therefore provides conditional rather than unqualified evidence. [luna56: extra entry, not in the external record]"
,10.1177/0956797611419168,10.1177--0956797611419168,,,yes,,inconclusive,close experiment,,Rapid natural scene categorization in the near absence of attention,"Li, Fei; Vanrullen, Rufin; Koch, Christof; Perona, Pietro",2002,Proceedings of the National Academy of Sciences,"Natural-scene perception, including detection and categorization of scene contents, is largely unaffected by a demanding concurrent task.","Given that we followed previous studies in using a task that required the detection and classification of animals and vehicles within a scene, the difference in results between the current study and previous studies [16][29][35] cannot be attributed to a difference in the task used to assess scene perception.",ambiguous,"Experiment 3 found dual-task costs for both five-category scene classification and animal-vehicle classification, but the replication used a demanding RSVP task and therefore provides conditional rather than unqualified evidence. [luna56: extra entry, not in the external record]"
,10.1177/0956797611419168,10.1177--0956797611419168,,,yes,,inconclusive,close experiment,,Parallel processing in high-level categorization of natural images,"Rousselet, Guillaume; Fabre-Thorpe, Michel; Thorpe, Simon",2002,Nature Neuroscience,"Natural-scene perception, including detection and categorization of scene contents, is largely unaffected by a demanding concurrent task.","Given that we followed previous studies in using a task that required the detection and classification of animals and vehicles within a scene, the difference in results between the current study and previous studies [16][29][35] cannot be attributed to a difference in the task used to assess scene perception.",ambiguous,"Experiment 3 found dual-task costs for both five-category scene classification and animal-vehicle classification, but the replication used a demanding RSVP task and therefore provides conditional rather than unqualified evidence. [luna56: extra entry, not in the external record]"
,10.1177/0956797611419168,10.1177--0956797611419168,,,yes,,inconclusive,close experiment,,Speed of processing in the human visual system,"Thorpe, Simon; Fize, Denis; Marlot, Catherine",1996,Nature,Animals and other semantic information in natural scenes can be detected and categorized rapidly with minimal attention.,"Given that we followed previous studies in using a task that required the detection and classification of animals and vehicles within a scene, the difference in results between the current study and previous studies [16][29][35] cannot be attributed to a difference in the task used to assess scene perception.",ambiguous,"Experiment 3 found dual-task costs for the animal-vehicle scene task when paired with RSVP. [luna56: extra entry, not in the external record]"
10.1177--0956797614554955#neg,10.1177/0956797614554955,10.1177--0956797614554955,,,no,The paper reports new experiments testing an original hypothesis about face typicality and trustworthiness rather than qualifying replications of separately published studies.,,,,,,,,,,, [coded by luna56]
10.1192--bjp.138.4.321#neg,10.1192/bjp.138.4.321,10.1192--bjp.138.4.321,,,no,"This is an original observational analysis of seasonal suicide patterns in Britain, not a replication study of a specific prior experiment or study.",,,,,,,,,,, [coded by luna56]
10.1177--0956797618788882#neg,10.1177/0956797618788882,10.1177--0956797618788882,,,no,"The paper reports original experiments and only replicates findings from its own earlier studies within the same paper, with no qualifying replication of a separately published study.",,,,,,,,,,, [coded by luna56]
10.1080--13523260.2020.1868836#neg,10.1080/13523260.2020.1868836,10.1080--13523260.2020.1868836,,,no,"The paper reports two original survey experiments, and its only explicit replication is Study 2 replicating Study 1 within the same paper, which does not qualify as a replication entry.",,,,,,,,,,, [coded by luna56]
10.1037--pspa0000032#neg,10.1037/pspa0000032,10.1037--pspa0000032,,,no,"This is an original multi-study research paper developing and testing a new more-less asymmetry, and its studies are not replications of separately published prior experiments.",,,,,,,,,,, [coded by luna56]
10.1016--j.cognition.2019.104157#neg,10.1016/j.cognition.2019.104157,10.1016--j.cognition.2019.104157,,,yes,,,,,,,,,,,, [coded by luna56]
,10.1016/j.cognition.2019.104157,10.1016--j.cognition.2019.104157,,,yes,,success,close extension,,Conceptual distinctions amongst generics,"Prasada, S.; Khemlani, S.; Leslie, S.; Glucksberg, S.",2013,Cognition,"Principled connections between kinds and properties license self-referential generalizations, whereas non-principled connections do not.",[47] introduced several linguistic tests to distinguish principled from non-principled connections.,ambiguous,"Experiment 1 adapted the self-referential generalization test from the original study to teleological generics. [luna56: extra entry, not in the external record]"
,10.1016/j.cognition.2019.104157,10.1016--j.cognition.2019.104157,,,yes,,success,close extension,,Conceptual distinctions amongst generics,"Prasada, S.; Khemlani, S.; Leslie, S.; Glucksberg, S.",2013,Cognition,"Principled connections establish norms of normality and normativity for the properties of a kind, whereas non-principled connections do not.","As [47] point out, there are two ways of examining norm-based expectations.",ambiguous,"Experiment 2a tested normality and normativity formulations as an extension of the original norm test. [luna56: extra entry, not in the external record]"
,10.1016/j.cognition.2019.104157,10.1016--j.cognition.2019.104157,,,yes,,success,close extension,,Conceptual distinctions amongst generics,"Prasada, S.; Khemlani, S.; Leslie, S.; Glucksberg, S.",2013,Cognition,Principled connections establish normative expectations that a kind should possess the corresponding property.,"As [47] point out, there are two ways of examining norm-based expectations.",ambiguous,"Experiment 2b used an alternative should formulation to extend the original normativity test. [luna56: extra entry, not in the external record]"
,10.1016/j.cognition.2019.104157,10.1016--j.cognition.2019.104157,,,yes,,success,close extension,,Conceptual distinctions amongst generics,"Prasada, S.; Khemlani, S.; Leslie, S.; Glucksberg, S.",2013,Cognition,"Properties linked to a kind by a principled connection are construed as an aspect of that kind, whereas properties linked non-principally are not.","When a principled connection is present between a kind and a property, people construe the property as an aspect of the kind.",ambiguous,"The paragraph identifies the aspect test as originating in the prior principled-connections work, cited as [47]. [luna56: extra entry, not in the external record]"
,10.1016/j.cognition.2019.104157,10.1016--j.cognition.2019.104157,,,yes,,success,close extension,,Conceptual distinctions amongst generics,"Prasada, S.; Khemlani, S.; Leslie, S.; Glucksberg, S.",2013,Cognition,"Principled connections license natural formal explanations that explain a property by reference to the kind, whereas non-principled connections do not.","Principled connections should license formal explanations, i.e., explanations that explain properties by referring to the kind in question [44].",ambiguous,"Experiment 4 adapted the formal-explanations test to teleological phenomena; the sentence cites [44] directly, while the broader four-test framework is attributed to [47]. [luna56: extra entry, not in the external record]"
10.1111--j.1467-9280.2008.02076.x#neg,10.1111/j.1467-9280.2008.02076.x,10.1111--j.1467-9280.2008.02076.x,,,yes,,,,,,,,,,,, [coded by luna56]
,10.1111/j.1467-9280.2008.02076.x,10.1111--j.1467-9280.2008.02076.x,,,yes,,success,close experiment,,"Perceived entitativity, stereotype formation, and the interchangeability of group members","Crawford, M.; Sherman, S.; Hamilton, D.",2002,Journal of Personality and Social Psychology,"When a group is perceived as large and diverse, people recognize that one individual's behavior is not representative of all group members and resist generalizing evaluations to another group member.",We predicted that people would explicitly refrain from using the information about the original group members in making immediate judgments of the new group members; this finding would replicate demonstrations that people can recognize that one individual's behavior is not representative of all group members if their group is large and diverse [5][17].,clear,"The paper cites the original using numbered references rather than author-year citations. The replication found that explicit generalization was substantially reduced for new group members, although not entirely absent. [luna56: extra entry, not in the external record]"
,10.1111/j.1467-9280.2008.02076.x,10.1111--j.1467-9280.2008.02076.x,,,yes,,success,close experiment,,Target entitativity: Implications for information processing about individual and group targets,"McConnell, A.; Sherman, S.; Hamilton, D.",1997,Journal of Personality and Social Psychology,People can recognize that one individual's behavior is not representative of all members of a large and diverse group and therefore resist transferring evaluations from one group member to another.,We predicted that people would explicitly refrain from using the information about the original group members in making immediate judgments of the new group members; this finding would replicate demonstrations that people can recognize that one individual's behavior is not representative of all group members if their group is large and diverse [5][17].,clear,"The paper cites the original using numbered references rather than author-year citations. The replication found that explicit generalization was substantially reduced for new group members, although not entirely absent. [luna56: extra entry, not in the external record]"
10.1080--13803390701550110#neg,10.1080/13803390701550110,10.1080--13803390701550110,,,yes,,,,,,,,,,,, [coded by luna56]
,10.1080/13803390701550110,10.1080--13803390701550110,,,yes,,success,close experiment,,A transfer appropriate processing approach to investigating implicit memory for emotional words in the cerebral hemispheres,"Collins, Mark; Cooke, Alison",2005,Neuropsychologia,"Positive emotional words show an advantage over negative emotional words when presented to the left visual field, with no corresponding word-category difference for right-visual-field presentations.","In line with the present findings, Collins and Cooke (2005, Exp. 2) observed an advantage for positive over negative words with LVF presentation and no difference between positive and negative words after RVF presentations.",ambiguous,"The paper presents this as being in line with Collins and Cooke (2005, Experiment 2), rather than explicitly calling it a replication. The present study uses attachment-related words and a bilateral simultaneous lexical-decision paradigm. [luna56: extra entry, not in the external record]"
10.1016--0010-0277(83)90004-5#neg,10.1016/0010-0277(83)90004-5,10.1016--0010-0277(83)90004-5,,,no,This paper reports original experiments on children's understanding of false beliefs and deception rather than qualifying replications of separately published studies.,,,,,,,,,,, [coded by luna56]
10.1037--h0091247#neg,10.1037/h0091247,10.1037--h0091247,,,no,The paper is a theoretical reply that reports a novel mini-study rather than a replication of a separately published experiment.,,,,,,,,,,, [coded by luna56]
10.1038--s41598-018-24735-y#neg,10.1038/s41598-018-24735-y,10.1038--s41598-018-24735-y,,,no,"The paper reports a new genome-wide association study with an internal replication sample, not a replication of a separately published study.",,,,,,,,,,, [coded by luna56]
10.1038--mp.2011.142#neg,10.1038/mp.2011.142,10.1038--mp.2011.142,,,no,"The paper reports a new discovery GWAS with an internal replication sample and a functional Drosophila follow-up, but does not replicate a separately published original study.",,,,,,,,,,, [coded by luna56]
10.1037--xge0000157#neg,10.1037/xge0000157,10.1037--xge0000157,,,no,"This is a commentary and meta-analytic assessment of previously reported replications, not a paper reporting a new qualifying replication experiment.",,,,,,,,,,, [coded by luna56]
10.1001--jamapsychiatry.2015.0554#neg,10.1001/jamapsychiatry.2015.0554,10.1001--jamapsychiatry.2015.0554,,,no,"This is an original genome-wide association meta-analysis with an internal follow-up cohort, not a replication of a separately published study.",,,,,,,,,,, [coded by luna56]
10.1038--ng.3434#neg,10.1038/ng.3434,10.1038--ng.3434,,,yes,,,,,,,,,,,, [coded by luna56]
,10.1038/ng.3434,10.1038--ng.3434,,,yes,,inconclusive,direct,,Association of systemic lupus erythematosus with C8orf13-BLK and ITGAM-ITGAX,"Hom, G.",2008,New England Journal of Medicine,Genetic variants at the C8orf13-BLK and ITGAM-ITGAX loci are associated with susceptibility to systemic lupus erythematosus.,"To validate these findings, and to search for additional susceptibility loci, we carried out a meta-analysis of our GWAS results and those from an independent European SLE GWAS comprising 1,165 cases and 2,107 controls (the Hom et al.4 study).",ambiguous,"The paper reports a single independent replication cohort testing 33 SNPs, including loci identified in the Hom et al. GWAS and other prior studies; replication results are mixed rather than uniformly supportive. The cited sentence identifies Hom et al. but does not state a publication year. [luna56: extra entry, not in the external record]"
10.1038--s41598-018-35209-6#neg,10.1038/s41598-018-35209-6,10.1038--s41598-018-35209-6,,,yes,,,,,,,,,,,, [coded by luna56]
,10.1038/s41598-018-35209-6,10.1038--s41598-018-35209-6,,,yes,,success,close extension,https://doi.org/10.1073/pnas.0905267106,Correspondence of the brain's functional architecture during activation and rest,,2009,Proceedings of the National Academy of Sciences of the United States of America,Resting-state brain networks correspond to the functional networks engaged during task performance.,"In 2009, Smith et al. published a paper in the Proceedings of the National Academy of Sciences 30 that showed that the collection of brain networks that are 'active' while a person is resting and engaged in idle thought (e.g., resting state networks or RSNs) correspond to the same functional networks used by the brain to perform tasks.",clear,"The paper explicitly states that the Smith et al. findings were highly reproducible and that this study provided a true replication, while also noting differences in subjects, stimuli, data inputs, and analysis methods. [luna56: extra entry, not in the external record]"
