coder,row_id,paper_folder,description,result,replication_type,reason
ling26,10.1037--edu0000095#ling26:20e6c153a8e026da:1,10.1037--edu0000095,The Pathway Project cognitive strategies professional development program improves academic writing outcomes for secondary school Latinos and English learners,success,direct,identity unresolved; not proof of an omitted effect
ling26,10.1037--edu0000095#ling26:20e6c153a8e026da:2,10.1037--edu0000095,The Pathway Project cognitive strategies professional development program improves academic writing outcomes for secondary school Latinos and English learners,success,direct,identity unresolved; not proof of an omitted effect
ling26,10.3390--su12083069#ling26:ec2f0e35f7794e0a:1,10.3390--su12083069,"The first Hungarian household food waste measurement using the FUSIONS methodology, which found 68.04 kg of food waste per capita annually with 48.70% avoidable.",success,direct,identity unresolved; not proof of an omitted effect
ling26,10.1080--13561820.2016.1233096#ling26:c1132452d47cf5c1:1,10.1080--13561820.2016.1233096,"Validation of the ICCAS instrument for assessing interprofessional collaborative competency attainment, demonstrating its internal factor structure and pre-post effect sizes.",success,close experiment,identity unresolved; not proof of an omitted effect
ling26,10.1002--npr2.70078#ling26:916a84ca36bcc0f7:1,10.1002--npr2.70078,"Data-driven classification identifies a novel subtype of psychiatric disorders characterized by pronounced enlarged ventricles and cognitive impairment (EVCI), predominantly associated with schizophrenia.",success,direct,identity unresolved; not proof of an omitted effect
ling26,10.17705--1atrr.00014#ling26:ba33843460280bc0:1,10.17705--1atrr.00014,"IS Continuance Model predicting continuance intention from satisfaction, confirmation, and perceived usefulness in web-based banking.",success,conceptual,identity unresolved; not proof of an omitted effect
ling26,10.1007--s11145-018-9858-1#ling26:e14d97642227f1f1:1,10.1007--s11145-018-9858-1,Masked suffix priming facilitates processing of complex words relative to simple words in adults through overlapping suffixes between prime and target,inconclusive,direct,identity unresolved; not proof of an omitted effect
ling26,10.1371--journal.pone.0053234#ling26:e8c7dd0d8804be15:1,10.1371--journal.pone.0053234,"Association between common variants near LBX1 (rs11190870, rs625039, rs11598564) and adolescent idiopathic scoliosis susceptibility",success,close extension,identity unresolved; not proof of an omitted effect
ling26,10.1080--10510974.2018.1466718#ling26:8b61dbd63f1df3b6:1,10.1080--10510974.2018.1466718,The relationship between nonverbal immediacy behaviors and cognitive learning,success,direct,identity unresolved; not proof of an omitted effect
ling26,10.1080--10510974.2018.1466718#ling26:847e0b8f554694c9:1,10.1080--10510974.2018.1466718,The relationship between student perceptions of instructor humor and students' reports of learning,success,direct,identity unresolved; not proof of an omitted effect
ling26,10.1080--10510974.2018.1466718#ling26:52bcab54ee08127e:1,10.1080--10510974.2018.1466718,The relationship of teacher clarity and immediacy with student cognitive learning,success,direct,identity unresolved; not proof of an omitted effect
ling26,10.3102--0013189x20922993#ling26:7d7f466e06b5a6b1:1,10.3102--0013189x20922993,Teacher VAM scores from models using spring-to-spring test score changes are essentially orthogonal (correlation of -.10) to those same teachers' VAM scores from a model using fall-to-fall test score changes,success,close extension,identity unresolved; not proof of an omitted effect
ling26,10.1111--j.1743-6109.2010.01970.x#ling26:c5548fbeca253d57:1,10.1111--j.1743-6109.2010.01970.x,"The original FSFI study validated the six-factor structure and psychometric properties of the Female Sexual Function Index in a clinical sample; this replication evaluates whether those psychometric properties (factor structure, internal consistency, construct validity) hold in an unselected twin sample.",success,close experiment,identity unresolved; not proof of an omitted effect
ling26,10.17605--osf.io--ehjdm#ling26:460cd4dc128531a2:1,10.17605--osf.io--ehjdm,Anchor precision influences the degree of adjustment in numerical estimates,inconclusive,direct,identity unresolved; not proof of an omitted effect
ling26,10.1521--pedi_2013_27_117#ling26:b22d27a54be7ffcf:1,10.1521--pedi_2013_27_117,Clark et al. (2003) found that both the changeable state and stable trait components of SNAP personality scales predict depressive symptoms in recurrent major depressive disorder patients receiving cognitive therapy.,success,close experiment,identity unresolved; not proof of an omitted effect
ling26,10.1080--02619768.2014.882308#ling26:1c472bbde289bcde:1,10.1080--02619768.2014.882308,"Psychological need satisfaction leads to self-determined motivation, which then influences dispositional variables (attitude, subjective norm, self-efficacy) and behavioral intention in the contexts of exercise and dieting.",inconclusive,close extension,identity unresolved; not proof of an omitted effect
ling26,10.1525--mp.2012.30.2.161#ling26:a53d01a7c1cfb9c8:1,10.1525--mp.2012.30.2.161,"The original study claimed that musical preferences are structured by five orthogonal dimensions (Mellow, Unpretentious, Sophisticated, Intense, Contemporary); Study 3 tested whether this structure emerges using rock music excerpts only.",success,close extension,identity unresolved; not proof of an omitted effect
ling26,10.1525--mp.2012.30.2.161#ling26:e8da122eb955c6b8:1,10.1525--mp.2012.30.2.161,"The original study claimed that musical preferences are structured by five orthogonal dimensions (Mellow, Unpretentious, Sophisticated, Intense, Contemporary); Study 2 tested whether this structure emerges using jazz music excerpts only.",success,close extension,identity unresolved; not proof of an omitted effect
ling26,10.1007--s40732-020-00396-0#ling26:18511916b039a3d4:1,10.1007--s40732-020-00396-0,The original study tested the effects of foreign tact and bidirectional intraverbal training on emergent verbal relations in teaching a foreign language vocabulary to adults.,success,direct,identity unresolved; not proof of an omitted effect
ling26,10.1007--s00426-019-01203-4#ling26:7c12c3462fab4147:1,10.1007--s00426-019-01203-4,"Social threat (angry faces) causes lower heart rate and reduced body sway compared to neutral and happy faces, with the effect modulated by state anxiety",success,direct,identity unresolved; not proof of an omitted effect
ling26,10.1017--s0142716423000127#ling26:ad78f125dc78d612:1,10.1017--s0142716423000127,"Social bias orientations (positive or negative) influence native listeners' ratings of non-native English speech across five linguistic dimensions (accentedness, comprehensibility, segmental errors, intonation, and flow)",failure,conceptual,identity unresolved; not proof of an omitted effect
ling26,10.1080--00330124.2012.681509#ling26:8a97bb2426dd2942:1,10.1080--00330124.2012.681509,"Adaptation of the SoVI index of social vulnerability for Norwegian municipalities, modifying variables and conceptualizations for the Norwegian context",inconclusive,close extension,identity unresolved; not proof of an omitted effect
ling26,10.1080--00330124.2012.681509#ling26:0b3a341ab15f0297:1,10.1080--00330124.2012.681509,Replication of the SoVI index of social vulnerability for Norwegian municipalities following the original US county-level methodology as closely as possible,inconclusive,direct,identity unresolved; not proof of an omitted effect
ling26,10.1007--s10664-025-10739-6#ling26:e590f197a07d1f19:1,10.1007--s10664-025-10739-6,The original lab study claimed that biometric sensors can predict the interruptibility of software developers with high accuracy (91.5%) in a controlled lab environment.,failure,close experiment,identity unresolved; not proof of an omitted effect
ling26,10.1002--smj.2905#ling26:a635f3a229a11a02:1,10.1002--smj.2905,Women CEOs receive higher compensation than male CEOs,failure,close experiment,identity unresolved; not proof of an omitted effect
ling26,10.1016--j.cortex.2022.12.003#ling26:ea1b980f82ce6c96:1,10.1016--j.cortex.2022.12.003,"Participants learned to adjust Go/NoGo responses in line with subliminally presented rewarding and punishing cues, constituting instrumental conditioning without conscious awareness of the cues.",failure,close experiment,identity unresolved; not proof of an omitted effect
ling26,10.1016--j.cortex.2022.12.003#ling26:286ff419ce3b9279:1,10.1016--j.cortex.2022.12.003,"Participants learned to adjust Go/NoGo responses in line with subliminally presented rewarding and punishing cues, constituting instrumental conditioning without conscious awareness of the cues.",inconclusive,direct,identity unresolved; not proof of an omitted effect
ling26,10.21203--rs.3.rs-8351701--v1#ling26:ed7084409bb92025:1,10.21203--rs.3.rs-8351701--v1,"The original study found that higher ambiguity tolerance (unidimensional) was associated with stronger connectivity within integration and control networks (IPL-MFG/MCC) and lower tolerance with stronger connectivity in threat/error-monitoring circuits (OFC-ACC). This replication tested whether three MAAS dimensions (Discomfort with Ambiguity, Absolutism, Need for Complexity) relate to resting-state functional connectivity in a Japanese sample.",failure,conceptual,identity unresolved; not proof of an omitted effect
ling26,10.1101--2021.11.30.470372#ling26:02af9b0300dd425a:1,10.1101--2021.11.30.470372,RAF inhibitors differentially affect BRAF-CRAF heterodimerization as tested by recombinant protein dimerization assay,inconclusive,direct,identity unresolved; not proof of an omitted effect
ling26,10.1101--2021.11.30.470372#ling26:30e5b70e9a3b25d0:1,10.1101--2021.11.30.470372,RAF inhibitors selectively inhibit BRAF(V600E) cell proliferation while sparing wild-type RAF/RAS and mutant RAS cell lines,success,direct,identity unresolved; not proof of an omitted effect
ling26,10.1101--2021.11.30.470372#ling26:449162f717458614:1,10.1101--2021.11.30.470372,"Knockdown of CRAF, but not BRAF, attenuates phospho-MEK induction after RAF inhibitor treatment in wild-type RAF cells",inconclusive,direct,identity unresolved; not proof of an omitted effect
ling26,10.1177--2515245920903079#ling26:3114e86e90a47fe6:1,10.1177--2515245920903079,Participants are quicker to detect left-side targets when preceded by small numbers and quicker to detect right-side targets when preceded by large numbers (the Att-SNARC effect).,failure,direct,identity unresolved; not proof of an omitted effect
ling26,10.1037--xge0000644#ling26:2fc50212a930d483:1,10.1037--xge0000644,"An anchor selectively increases the accessibility of anchor-consistent knowledge, measured by faster lexical decision responses to anchor-consistent words following a comparative judgment.",failure,conceptual,identity unresolved; not proof of an omitted effect
ling26,10.1037--xge0000644#ling26:94812232735ab6d0:1,10.1037--xge0000644,"An anchor selectively increases the accessibility of anchor-consistent knowledge, measured by faster lexical decision responses to anchor-consistent words following a comparative judgment about temperature.",failure,close experiment,identity unresolved; not proof of an omitted effect
ling26,10.1037--xge0000644#ling26:f48d5176477ff753:1,10.1037--xge0000644,"An anchor selectively increases the accessibility of anchor-consistent knowledge, measured by faster lexical decision responses to anchor-consistent words following a comparative judgment about car prices.",failure,close experiment,identity unresolved; not proof of an omitted effect
ling26,10.1037--xge0000644#ling26:94812232735ab6d0:2,10.1037--xge0000644,"An anchor selectively increases the accessibility of anchor-consistent knowledge, measured by faster lexical decision responses to anchor-consistent words following a comparative judgment about temperature.",failure,close experiment,identity unresolved; not proof of an omitted effect
ling26,10.1037--xge0000644#ling26:f48d5176477ff753:2,10.1037--xge0000644,"An anchor selectively increases the accessibility of anchor-consistent knowledge, measured by faster lexical decision responses to anchor-consistent words following a comparative judgment about car prices.",failure,close experiment,identity unresolved; not proof of an omitted effect
ling26,10.1080--02699931.2018.1429389#ling26:51955cd35bd8ef92:1,10.1080--02699931.2018.1429389,"Briefly presented subliminal primes selectively influence implicit attitudes while explicit attitudes are influenced by supraliminal behavioral information, producing opposite implicit and explicit attitudes toward the same target.",failure,conceptual,identity unresolved; not proof of an omitted effect
ling26,10.1080--02699931.2018.1429389#ling26:51955cd35bd8ef92:2,10.1080--02699931.2018.1429389,"Briefly presented subliminal primes selectively influence implicit attitudes while explicit attitudes are influenced by supraliminal behavioral information, producing opposite implicit and explicit attitudes toward the same target.",failure,conceptual,identity unresolved; not proof of an omitted effect
ling26,10.1111--psyp.13546#ling26:20dd105ea4b07396:1,10.1111--psyp.13546,Higher intolerance of uncertainty is associated with greater threat generalization during acquisition training and delayed learning of cue pairings during extinction training,inconclusive,conceptual,identity unresolved; not proof of an omitted effect
ling26,10.1111--psyp.13546#ling26:b137995150310942:1,10.1111--psyp.13546,Higher intolerance of uncertainty is associated with greater threat generalization during acquisition training and delayed learning of cue pairings during extinction training,failure,direct,identity unresolved; not proof of an omitted effect
ling26,10.1111--psyp.13546#ling26:20dd105ea4b07396:2,10.1111--psyp.13546,Higher intolerance of uncertainty is associated with greater threat generalization during acquisition training and delayed learning of cue pairings during extinction training,inconclusive,conceptual,identity unresolved; not proof of an omitted effect
ling26,10.1177--0956797619837942#ling26:b6f98497c2e61c0d:1,10.1177--0956797619837942,The association between working memory capacity and probe-caught mind wandering during a breath-awareness task,reversal,close experiment,identity unresolved; not proof of an omitted effect
ling26,10.1007--s10882-014-9400-6#ling26:d2afd1ef2f3a493e:1,10.1007--s10882-014-9400-6,"Feeley et al. (2011) taught toddlers with Down syndrome to make requests using multiple opportunities, prompting, and social reinforcement",success,close experiment,identity unresolved; not proof of an omitted effect
ling26,10.1007--s10882-014-9400-6#ling26:53bc21af9fd88d3e:1,10.1007--s10882-014-9400-6,"Feeley et al. (2011) taught toddlers with Down syndrome to imitate verbal sounds using multiple opportunities, prompting, and social reinforcement",success,close experiment,identity unresolved; not proof of an omitted effect
ling26,10.1002--pits.22364#ling26:ca6b89948e789109:1,10.1002--pits.22364,The prevalence of operational definitions of interventions and treatment fidelity assessment in school psychology intervention outcome studies from 1995 to 2008,success,close extension,identity unresolved; not proof of an omitted effect
ling26,10.1158--1055-9965.epi-11-0870-t#ling26:49b7667953124c8f:1,10.1158--1055-9965.epi-11-0870-t,Replication of the association between rs9600079 on chromosome 13q22 and prostate cancer risk in European-ancestry men,failure,close extension,identity unresolved; not proof of an omitted effect
ling26,10.1158--1055-9965.epi-11-0870-t#ling26:7877f864aa43cdfd:1,10.1158--1055-9965.epi-11-0870-t,Replication of the association between rs13385191 (C2orf43) on chromosome 2p24 and prostate cancer risk in European-ancestry men,success,close extension,identity unresolved; not proof of an omitted effect
ling26,10.1158--1055-9965.epi-11-0870-t#ling26:1df0f5dc71d69007:1,10.1158--1055-9965.epi-11-0870-t,Replication of the association between rs12653946 on chromosome 5p15 and prostate cancer risk in European-ancestry men,success,close extension,identity unresolved; not proof of an omitted effect
ling26,10.1158--1055-9965.epi-11-0870-t#ling26:c35ad7d76fabb63b:1,10.1158--1055-9965.epi-11-0870-t,Replication of the association between rs1983891 on chromosome 6p21 and prostate cancer risk in European-ancestry men,success,close extension,identity unresolved; not proof of an omitted effect
ling26,10.1158--1055-9965.epi-11-0870-t#ling26:12b3f6714f5852a8:1,10.1158--1055-9965.epi-11-0870-t,Replication of the association between rs339331 on chromosome 6p22 and prostate cancer risk in European-ancestry men,success,close extension,identity unresolved; not proof of an omitted effect
ling26,10.1016--j.jml.2022.104352#ling26:cf88abab063f06b4:1,10.1016--j.jml.2022.104352,Multiple talker phonetic training improves generalisation of non-native phoneme contrast learning,inconclusive,direct,identity unresolved; not proof of an omitted effect
ling26,10.1016--0163-6383(90)90029-8#ling26:8d7e4d738fd6e047:1,10.1016--0163-6383(90)90029-8,"Tactile/kinesthetic stimulation effects on preterm neonates' clinical course, weight gain, and sleep/wake behavior",success,close experiment,identity unresolved; not proof of an omitted effect
ling26,10.1016--0163-6383(90)90029-8#ling26:2bed48f17767af11:1,10.1016--0163-6383(90)90029-8,Tactile/kinesthetic stimulation effects on preterm neonates' clinical course and sleep/wake behavior,success,close experiment,identity unresolved; not proof of an omitted effect
ling26,10.1016--j.ynirp.2022.100147#ling26:bf22f4d008c68312:1,10.1016--j.ynirp.2022.100147,MPFC response is reduced during gain anticipation in fibromyalgia patients compared to healthy controls,inconclusive,direct,identity unresolved; not proof of an omitted effect
ling26,10.1016--j.ynirp.2022.100147#ling26:44066a964b82dfd4:1,10.1016--j.ynirp.2022.100147,MPFC response is increased during non-punishment outcomes in fibromyalgia patients compared to healthy controls,inconclusive,direct,identity unresolved; not proof of an omitted effect
ling26,10.1108--neje-04-2020-0005#ling26:c59e57d7394a6adc:1,10.1108--neje-04-2020-0005,Participation in an international consulting project improves self-reported entrepreneurial competencies,inconclusive,conceptual,identity unresolved; not proof of an omitted effect
ling26,10.1017--xps.2017.22#ling26:321f1e047cbb86e3:1,10.1017--xps.2017.22,"The outcome of a college football game affects presidential approval, university satisfaction, and mood.",inconclusive,close extension,identity unresolved; not proof of an omitted effect
ling26,10.1371--journal.pone.0209704#ling26:825163dfe6a82e37:1,10.1371--journal.pone.0209704,"Participants obey an authority figure's instructions to administer electric shocks to a learner, entering an agentic state where they are insensitive to the victim's suffering.",success,close experiment,identity unresolved; not proof of an omitted effect
ling26,10.1002--cpp.686#ling26:059a9b40611117a6:1,10.1002--cpp.686,Attachment insecurity predicts improvement on treatment outcome following short-term group therapy for complicated grief,success,direct,identity unresolved; not proof of an omitted effect
ling26,10.1007--s11251-018-9451-7#ling26:49d5eff6b7089b61:1,10.1007--s11251-018-9451-7,Subgoal labeled expository text interacts with subgoal labeled worked examples to improve problem solving performance in chemistry,failure,close extension,identity unresolved; not proof of an omitted effect
ling26,10.1007--s11251-018-9451-7#ling26:6ecccbbc17540847:1,10.1007--s11251-018-9451-7,Subgoal labeled expository text interacts with subgoal labeled worked examples to improve problem solving performance in statistics,failure,close extension,identity unresolved; not proof of an omitted effect
ling26,10.1007--s10648-019-09468-2#ling26:917a29a6865856f8:1,10.1007--s10648-019-09468-2,"Longhand note-taking produces superior immediate test performance compared to laptop note-taking for factual and conceptual questions (Mueller and Oppenheimer 2014, Experiment 2)",failure,direct,identity unresolved; not proof of an omitted effect
ling26,10.1007--s10648-019-09468-2#ling26:4fe0641464ae0ab8:1,10.1007--s10648-019-09468-2,"Longhand note-taking produces superior immediate test performance compared to laptop note-taking for factual and conceptual questions (Mueller and Oppenheimer 2014, Experiment 1)",inconclusive,direct,identity unresolved; not proof of an omitted effect
ling26,10.1037--xge0000788#ling26:cd9f94ab9b5309ac:1,10.1037--xge0000788,Clark et al. (2014) Study 1 found that exposure to morally blameworthy scenarios increases belief in free will compared to morally neutral scenarios,failure,direct,identity unresolved; not proof of an omitted effect
ling26,10.1037--xge0000788#ling26:47bf7dfc0b3636f8:1,10.1037--xge0000788,Clark et al. (2014) Study 2 found that exposure to immoral behavior increases belief in free will compared to morally neutral behavior,failure,direct,identity unresolved; not proof of an omitted effect
ling26,10.1037--xge0000788#ling26:711639dcbb5266ae:1,10.1037--xge0000788,Clark et al. (2014) found that exposure to morally blameworthy behavior increases belief in free will compared to morally neutral behavior,inconclusive,close extension,identity unresolved; not proof of an omitted effect
ling26,10.1525--collabra.216#ling26:cc4aa0ccf2d02e4a:1,10.1525--collabra.216,Larger magnitude of vertical spatial difference in an organization chart causes stronger power judgments of a leader,failure,close extension,identity unresolved; not proof of an omitted effect
ling26,10.5964--jnc.7047#ling26:0f7e3698ccf1afd3:1,10.5964--jnc.7047,Bidirectional associations between executive function and math/literacy achievement from preschool to kindergarten,failure,conceptual,identity unresolved; not proof of an omitted effect
ling26,10.5964--jnc.7047#ling26:0f7e3698ccf1afd3:2,10.5964--jnc.7047,Bidirectional associations between executive function and math/literacy achievement from preschool to kindergarten,failure,conceptual,identity unresolved; not proof of an omitted effect
ling26,10.1525--collabra.168#ling26:c63405f5aa36fcc3:1,10.1525--collabra.168,The explicit association between brightness and positivity tested with achromatic black-and-white stimuli using a rating task in Study 2 of the original,success,direct,identity unresolved; not proof of an omitted effect
ling26,10.1525--collabra.168#ling26:8a6243684fa1201b:1,10.1525--collabra.168,The implicit association between brightness and positivity tested with chromatic blue color patches using the IAT in Study 1 of the original,success,direct,identity unresolved; not proof of an omitted effect
ling26,10.1525--collabra.168#ling26:31f51d1587e386b1:1,10.1525--collabra.168,The explicit association between brightness and positivity tested with chromatic blue color patches using a rating task in Study 1 of the original,failure,direct,identity unresolved; not proof of an omitted effect
ling26,10.1525--collabra.168#ling26:3e7d46c25591f329:1,10.1525--collabra.168,The implicit association between brightness and positivity tested with achromatic black-and-white stimuli using the IAT in Study 2 of the original,success,direct,identity unresolved; not proof of an omitted effect
ling26,10.1177--1948550618775410#ling26:638c285faab1de93:1,10.1177--1948550618775410,"Reading literary fiction compared to popular genre fiction improves Theory of Mind performance on the Reading the Mind in the Eyes Test (RMET), as tested in Experiment 5 of Kidd and Castano (2013).",success,direct,identity unresolved; not proof of an omitted effect
ling26,10.1177--1948550618775410#ling26:5fa1b6fd476b1979:1,10.1177--1948550618775410,"Reading literary fiction compared to popular genre fiction improves Theory of Mind performance on the Reading the Mind in the Eyes Test (RMET), as tested in Experiment 5 of Kidd and Castano (2013).",inconclusive,direct,identity unresolved; not proof of an omitted effect
ling26,10.1177--1948550618775410#ling26:5fa1b6fd476b1979:2,10.1177--1948550618775410,"Reading literary fiction compared to popular genre fiction improves Theory of Mind performance on the Reading the Mind in the Eyes Test (RMET), as tested in Experiment 5 of Kidd and Castano (2013).",inconclusive,direct,identity unresolved; not proof of an omitted effect
ling26,10.1016--j.dcn.2017.12.003#ling26:1f8ef58097805e15:1,10.1016--j.dcn.2017.12.003,Differential hemodynamic response in the posterior temporal cortex to social dynamic versus non-social dynamic stimuli in 5-month-old infants,success,direct,identity unresolved; not proof of an omitted effect
ling26,10.17605--osf.io--knjhu#ling26:7f18c7d893496d08:1,10.17605--osf.io--knjhu,"In Experiment 1, Baron and Hershey (1988) found that participants rated medical decisions that resulted in positive outcomes higher than those that resulted in negative outcomes, despite the decisions being identical except for the outcome.",success,close extension,identity unresolved; not proof of an omitted effect
ling26,10.17605--osf.io--ahcpw#ling26:452977142338dde3:1,10.17605--osf.io--ahcpw,Study 4 tested whether affect-poor (no-empathy) conditions yield scope-sensitive responses and affect-rich (empathy) conditions yield scope-insensitive responses in recommended prison sentence for a mugger.,failure,close experiment,identity unresolved; not proof of an omitted effect
ling26,10.17605--osf.io--ahcpw#ling26:138769898cf6e300:1,10.17605--osf.io--ahcpw,Study 2 tested whether affect-poor (cash) targets yield scope-sensitive responses and affect-rich (music book) targets yield scope-insensitive responses in willingness to work at a campus bookstore.,failure,close experiment,identity unresolved; not proof of an omitted effect
ling26,10.17605--osf.io--ahcpw#ling26:740fc5fa8b66505e:1,10.17605--osf.io--ahcpw,Study 3 tested whether affect-poor (dot) presentations yield scope-sensitive responses and affect-rich (picture) presentations yield scope-insensitive responses in donation willingness for panda rescue.,failure,close experiment,identity unresolved; not proof of an omitted effect
ling26,10.17605--osf.io--wmqtb#ling26:466dd30c5686e8bf:1,10.17605--osf.io--wmqtb,"Goals serve as reference points consistent with Prospect Theory's value function, such that outcomes above goals are perceived as gains and below goals as losses, with loss aversion and diminishing sensitivity across eleven scenario-based problems.",success,close experiment,identity unresolved; not proof of an omitted effect
ling26,10.17605--osf.io--4hjck#ling26:dfc00205388cea5e:1,10.17605--osf.io--4hjck,"Numeracy moderates the frequency-percentage effect, with lower numeracy associated with stronger frequency-percentage bias",failure,direct,identity unresolved; not proof of an omitted effect
ling26,10.17605--osf.io--4hjck#ling26:47e4d4e581bec223:1,10.17605--osf.io--4hjck,"Numeracy is associated with more optimal choices in competing affective decisions, with lower numeracy associated with stronger ratio bias",success,direct,identity unresolved; not proof of an omitted effect
ling26,10.1097--psy.0b013e3181fdd074#ling26:84699ab79d66c8a6:1,10.1097--psy.0b013e3181fdd074,"Childhood sex abuse is associated with methylation at the 5HTT promoter region, and methylation mediates the impact of child sex abuse on symptoms of antisocial personality disorder in women",success,direct,identity unresolved; not proof of an omitted effect
ling26,10.17605--osf.io--w34fb#ling26:954560a7bb259ab2:1,10.17605--osf.io--w34fb,"Body focus inferring different moral statuses effect (Experiment Five of Gray et al., 2011).",failure,close experiment,identity unresolved; not proof of an omitted effect
ling26,10.17605--osf.io--w34fb#ling26:e9336994a0997c95:1,10.17605--osf.io--w34fb,"Body focus inducing redistribution of mind perception effect (Experiment Four of Gray et al., 2011).",failure,close experiment,identity unresolved; not proof of an omitted effect
ling26,10.1037--a0024923#ling26:6b6168f911d3e7e1:1,10.1037--a0024923,5-and 6-year-olds' and parents' sensitivity to proportion when evaluating niceness of givers in collaborative versus individual effort contexts,success,close extension,identity unresolved; not proof of an omitted effect
ling26,10.1037--a0024923#ling26:9a28644d18a57ae9:1,10.1037--a0024923,5-year-olds' sensitivity to proportion when assessing the niceness of givers in a Giving Game,success,direct,identity unresolved; not proof of an omitted effect
ling26,10.1037--a0024923#ling26:ac2dee94ee27f29d:1,10.1037--a0024923,children's and adults' sensitivity to proportion when evaluating niceness of givers in collaborative versus individual effort contexts,inconclusive,close extension,identity unresolved; not proof of an omitted effect
ling26,10.31234--osf.io--3bhja#ling26:f89d34f4af4c5b09:1,10.31234--osf.io--3bhja,"The effect of involuntary job loss on mean-level changes in openness, agreeableness, and conscientiousness, moderated by unemployment duration and gender, as tested using latent change models in a working sample.",failure,close experiment,identity unresolved; not proof of an omitted effect
ling26,10.1177--2515245920958687#ling26:0485982ca6dfac70:1,10.1177--2515245920958687,Attention to fear-relevant stimuli (snakes) differs between adults and young children.,failure,close experiment,identity unresolved; not proof of an omitted effect
ling26,10.1177--2515245920958687#ling26:a6f19e7a7128b287:1,10.1177--2515245920958687,Instilling action or inaction goals influences subsequent motor and cognitive output (Experiment 5).,inconclusive,close experiment,identity unresolved; not proof of an omitted effect
ling26,10.1177--2515245920958687#ling26:2b9cdde600baa7b4:1,10.1177--2515245920958687,Instilling action or inaction goals influences subsequent motor and cognitive output (Experiment 7).,failure,close experiment,identity unresolved; not proof of an omitted effect
ling26,10.1177--2515245920958687#ling26:0cfea7066eded820:1,10.1177--2515245920958687,Exposure to offensive behavior affects where people direct their gaze during intergroup interactions.,inconclusive,close experiment,identity unresolved; not proof of an omitted effect
ling26,10.1177--2515245920958687#ling26:40166790c246e6b9:1,10.1177--2515245920958687,Global versus local processing styles affect assimilation versus contrast in social judgment.,failure,close experiment,identity unresolved; not proof of an omitted effect
ling26,10.1177--2515245920958687#ling26:473f7b9386d34d1a:1,10.1177--2515245920958687,Implicit and explicit attitude tests diverge due to structural fit between the measure and the construct.,failure,close extension,identity unresolved; not proof of an omitted effect
ling26,10.1177--2515245920958687#ling26:c7978d34a31a1e97:1,10.1177--2515245920958687,People are reluctant to tempt fate (avoid actions that might cause negative outcomes).,failure,close experiment,identity unresolved; not proof of an omitted effect
ling26,10.1177--2515245920958687#ling26:776204fe04227e2c:1,10.1177--2515245920958687,Individuals express more willingness to reconcile after a conflict if their psychological needs are restored.,inconclusive,close experiment,identity unresolved; not proof of an omitted effect
ling26,10.1177--2515245920958687#ling26:5021b959e525a49c:1,10.1177--2515245920958687,Individuals make more generous offers in negotiations with happy negotiation partners compared with angry negotiation partners.,inconclusive,close experiment,identity unresolved; not proof of an omitted effect
ling26,10.1177--2515245920958687#ling26:ccb1a43bf00533eb:1,10.1177--2515245920958687,Encouraging a belief in determinism increases cheating behavior.,failure,close experiment,identity unresolved; not proof of an omitted effect
ling26,10.17605--osf.io--j9mfn#ling26:8dd8dac05f24bebe:1,10.17605--osf.io--j9mfn,Mind attribution is higher for the 1st-person perspective compared to the 3rd-person perspective.,failure,close experiment,identity unresolved; not proof of an omitted effect
ling26,10.48550--arxiv.1605.00178#ling26:d5b3592bf5f0f9d2:1,10.48550--arxiv.1605.00178,"HKV's Experiment 1: ACD relative clauses modifying a quantified object NP (every) are easier to process than those modifying a definite object NP (the), with a critical interaction between verb type and determiner in the words immediately following the disambiguating verb",failure,direct,identity unresolved; not proof of an omitted effect
ling26,10.48550--arxiv.1605.00178#ling26:e25d7d79826518b8:1,10.48550--arxiv.1605.00178,"HKV's Experiment 2: ACD relative clauses modifying a quantified object NP (every) are easier to process than those modifying a definite object NP (the), with a critical interaction between verb type (full verb, local ellipsis, long-distance ellipsis) and determiner in the words following the disambiguating verb",failure,direct,identity unresolved; not proof of an omitted effect
ling26,10.17605--osf.io--j3ue4#ling26:e1fe9ec668a721c7:1,10.17605--osf.io--j3ue4,Public exposure increases shame more than guilt over one's misconduct,failure,direct,identity unresolved; not proof of an omitted effect
ling26,10.1002--rrq.62#ling26:8367794c44c5cc87:1,10.1002--rrq.62,The effect of adding teacher phone calls to a voluntary summer reading program providing matched books and teacher scaffolding on reading comprehension,failure,close extension,identity unresolved; not proof of an omitted effect
ling26,10.1002--rrq.62#ling26:39e7557ddf61efd0:1,10.1002--rrq.62,The effect of a voluntary summer reading program providing matched books and teacher scaffolding on reading comprehension,failure,direct,identity unresolved; not proof of an omitted effect
ling26,10.1002--rrq.62#ling26:2a89b359ecc5cdfe:1,10.1002--rrq.62,The effect of a voluntary summer reading program providing matched books and teacher scaffolding on reading comprehension,failure,direct,identity unresolved; not proof of an omitted effect
ling26,10.1037--0022-3514.83.2.406#ling26:7b45e77265ca6ffc:1,10.1037--0022-3514.83.2.406,Exposure to elderly-related words causes participants to walk more slowly,success,direct,identity unresolved; not proof of an omitted effect
ling26,10.1037--0022-3514.83.2.406#ling26:7b45e77265ca6ffc:2,10.1037--0022-3514.83.2.406,Exposure to elderly-related words causes participants to walk more slowly,success,direct,identity unresolved; not proof of an omitted effect
ling26,10.1016--j.cogdev.2017.10.004#ling26:e21926bc3d99e647:1,10.1016--j.cogdev.2017.10.004,24-month-old children's anticipatory helping behavior is influenced by an experimenter's knowledge state about an object's location,success,close experiment,identity unresolved; not proof of an omitted effect
ling26,10.1016--j.cogdev.2017.10.004#ling26:fafadc874a471db1:1,10.1016--j.cogdev.2017.10.004,18-month-old infants' helping behavior is influenced by an experimenter's false belief about an object's location,success,close experiment,identity unresolved; not proof of an omitted effect
ling26,10.1016--j.cogdev.2017.10.004#ling26:a7114875953e305b:1,10.1016--j.cogdev.2017.10.004,15-month-old infants look longer when an experimenter reaches for an object in a location inconsistent with her false belief about its location,failure,close experiment,identity unresolved; not proof of an omitted effect
ling26,10.1016--j.cogdev.2017.10.004#ling26:5e45809b5550b11a:1,10.1016--j.cogdev.2017.10.004,15-month-old infants look longer when an experimenter reaches for an object in a location inconsistent with her false belief about its location,failure,close experiment,identity unresolved; not proof of an omitted effect
ling26,10.1002--pits.22027#ling26:8f2c23d552082ef8:1,10.1002--pits.22027,"The dynamics of engagement and disaffection in the classroom, including how indicators of engagement (behavioral and emotional engagement and disaffection) relate to each other over time and how facilitators (student self-perceptions and teacher support) predict changes in engagement and disaffection",inconclusive,close extension,identity unresolved; not proof of an omitted effect
ling26,10.1080--09658211.2011.590505#ling26:44b62e39b41adc4b:1,10.1080--09658211.2011.590505,Intrusion and avoidance of intrusive memories do not predict depression at 6-month follow-up after controlling for baseline depression,inconclusive,close extension,identity unresolved; not proof of an omitted effect
ling26,10.1080--09658211.2011.590505#ling26:972652efcfe94b0b:1,10.1080--09658211.2011.590505,Intrusion and avoidance of intrusive memories predict anxiety at 6-month follow-up,failure,close extension,identity unresolved; not proof of an omitted effect
ling26,10.1080--09658211.2011.590505#ling26:ff10c2604badd6f1:1,10.1080--09658211.2011.590505,Intrusion and avoidance of intrusive memories predict depression at 6-month follow-up,inconclusive,close extension,identity unresolved; not proof of an omitted effect
ling26,10.1111--bjso.12217#ling26:649bc0fbd9b272ed:1,10.1111--bjso.12217,"Affectively charged prime images influence subsequent judgments of neutral target images, producing an AMP effect that measures implicit attitudes.",success,direct,identity unresolved; not proof of an omitted effect
ling26,10.18718--81781.23#ling26:9ba58358e5e22afe:1,10.18718--81781.23,Merit goods and private consumption are complements (α₂ > 0),success,close extension,identity unresolved; not proof of an omitted effect
ling26,10.18718--81781.23#ling26:a1badbe74913689a:1,10.18718--81781.23,Public goods and private consumption are substitutes (α₁ < 0),failure,close extension,identity unresolved; not proof of an omitted effect
ling26,10.18718--81781.29#ling26:445a3218fd2c1b5d:1,10.18718--81781.29,"When workers leave multinationals and are rehired at domestic establishments, the wages of their new coworkers who have already been present in the establishment increase (replicated for Norway).",success,close extension,identity unresolved; not proof of an omitted effect
ling26,10.18718--81781.29#ling26:e2f84cc29f646f47:1,10.18718--81781.29,"When workers leave multinationals and are rehired at domestic establishments, the wages of their new coworkers who have already been present in the establishment increase (replicated for Ireland, 2005-2010).",success,close extension,identity unresolved; not proof of an omitted effect
ling26,10.18718--81781.29#ling26:7fc99ac1c1a18ddd:1,10.18718--81781.29,"When workers leave multinationals and are rehired at domestic establishments, the wages of their new coworkers who have already been present in the establishment increase (replicated for Ireland, 2011-2016).",success,close extension,identity unresolved; not proof of an omitted effect
ling26,10.1002--ejsp.2748#ling26:9ea9577f61a17d67:1,10.1002--ejsp.2748,"Outgroup criticism elicits stronger defensive reactions than ingroup criticism, measured through costly behavioral responses (bonus withholding)",success,close experiment,identity unresolved; not proof of an omitted effect
ling26,10.1016--j.actpsy.2020.103138#ling26:0211b168024f2c9e:1,10.1016--j.actpsy.2020.103138,Age of acquisition effects in picture and word naming as tested by Lambon Ralph and Ehsan (2006),inconclusive,close extension,identity unresolved; not proof of an omitted effect
ling26,10.1016--j.actpsy.2022.103717#ling26:822df7cd8c9b1630:1,10.1016--j.actpsy.2022.103717,"The 'brain drain' effect found in Ward et al.'s (2017) second experiment, where closer proximity to one's smartphone (on desk) impaired working memory capacity (OSpan performance) compared to other locations, moderated by smartphone reliance.",failure,direct,identity unresolved; not proof of an omitted effect
ling26,10.1016--j.intell.2020.101471#ling26:6c96a0b1b93d9395:1,10.1016--j.intell.2020.101471,Growth mindset predicts improvement in mathematics grades across a challenging transition to junior high school,failure,close extension,identity unresolved; not proof of an omitted effect
ling26,10.1016--j.intell.2020.101471#ling26:6c96a0b1b93d9395:2,10.1016--j.intell.2020.101471,Growth mindset predicts improvement in mathematics grades across a challenging transition to junior high school,failure,close extension,identity unresolved; not proof of an omitted effect
ling26,10.1016--j.jesp.2023.104549#ling26:c3aaa8c1d40b3822:1,10.1016--j.jesp.2023.104549,Priming analytic thinking through a scrambled sentence task reduces belief in conspiracy theories,failure,direct,identity unresolved; not proof of an omitted effect
ling26,10.1016--j.jesp.2023.104549#ling26:3e106d96fcf4bd1c:1,10.1016--j.jesp.2023.104549,Priming analytic thinking through a disfluent font manipulation reduces belief in conspiracy theories,failure,direct,identity unresolved; not proof of an omitted effect
ling26,10.1098--rsos.210641#ling26:23e4c0628088e0b2:1,10.1098--rsos.210641,Age-related differences in empathy (sharing of a narrator's emotion) measured with the EmpaToM paradigm,success,direct,identity unresolved; not proof of an omitted effect
ling26,10.1098--rsos.210641#ling26:9b4de009b9f06d5c:1,10.1098--rsos.210641,Age-related differences in compassion (concern for the narrator) measured with the EmpaToM paradigm,success,direct,identity unresolved; not proof of an omitted effect
ling26,10.1098--rsos.210641#ling26:262d4f133f264d0f:1,10.1098--rsos.210641,Age-related differences in Theory of Mind (reasoning about the narrator's thoughts) measured with the EmpaToM paradigm,success,direct,identity unresolved; not proof of an omitted effect
ling26,10.1177--01461672211052120#ling26:227c7992bfb544cf:1,10.1177--01461672211052120,Pro-sacrificial harm judgments in the switch dilemma as a function of blood alcohol concentration,failure,close experiment,identity unresolved; not proof of an omitted effect
ling26,10.1177--01461672211052120#ling26:537d498cafec8cd5:1,10.1177--01461672211052120,Pro-sacrificial harm judgments in the footbridge dilemma as a function of blood alcohol concentration,failure,close experiment,identity unresolved; not proof of an omitted effect
ling26,10.1177--0956797617747090#ling26:04135118671f13c3:1,10.1177--0956797617747090,"Anticipatory-looking false-belief task with two false-belief conditions (False Belief 1 and False Belief 2), measuring differential looking score to belief-congruent vs belief-incongruent locations",failure,direct,identity unresolved; not proof of an omitted effect
ling26,10.1177--0956797617747090#ling26:82718479ed83e835:1,10.1177--0956797617747090,Anticipatory-looking false-belief task where participants look longer at the no-object location in the false-belief condition compared to the true-belief condition,inconclusive,direct,identity unresolved; not proof of an omitted effect
ling26,10.1177--0956797617747090#ling26:f256f4cbd0c1892b:1,10.1177--0956797617747090,"Anticipatory-looking false-belief task with a geometric shape protagonist, measuring first saccades and looking time to belief-congruent vs belief-incongruent locations",inconclusive,direct,identity unresolved; not proof of an omitted effect
ling26,10.1177--0956797617747090#ling26:2315a211911e31fa:1,10.1177--0956797617747090,Anticipatory-looking false-belief task measuring differential looking score (DLS) to belief-congruent vs belief-incongruent locations,success,direct,identity unresolved; not proof of an omitted effect
ling26,10.1177--0956797617747090#ling26:e2071814fd6b1273:1,10.1177--0956797617747090,Anticipatory-looking false-belief task where participants look longer at the no-object location in the false-belief condition compared to the true-belief condition,failure,direct,identity unresolved; not proof of an omitted effect
ling26,10.1177--0956797617747090#ling26:116737e1448ab42c:1,10.1177--0956797617747090,Anticipatory-looking false-belief task measuring differential looking score (DLS) to belief-congruent vs belief-incongruent locations,failure,direct,identity unresolved; not proof of an omitted effect
ling26,10.1177--0956797617747090#ling26:116737e1448ab42c:2,10.1177--0956797617747090,Anticipatory-looking false-belief task measuring differential looking score (DLS) to belief-congruent vs belief-incongruent locations,failure,direct,identity unresolved; not proof of an omitted effect
ling26,10.1525--collabra.277#ling26:a19c03a16a453cef:1,10.1525--collabra.277,Processing the word red impairs general knowledge test performance,failure,conceptual,identity unresolved; not proof of an omitted effect
ling26,10.1525--collabra.277#ling26:dae0913c357040cf:1,10.1525--collabra.277,Processing the word red impairs verbal analogy test performance,failure,direct,identity unresolved; not proof of an omitted effect
ling26,10.1525--collabra.277#ling26:dae0913c357040cf:2,10.1525--collabra.277,Processing the word red impairs verbal analogy test performance,failure,direct,identity unresolved; not proof of an omitted effect
ling26,10.1525--collabra.277#ling26:a19c03a16a453cef:2,10.1525--collabra.277,Processing the word red impairs general knowledge test performance,failure,conceptual,identity unresolved; not proof of an omitted effect
ling26,10.3389--fpsyg.2014.00786#ling26:78f8d04675ffb35a:1,10.3389--fpsyg.2014.00786,Averaging two guesses within one person provides a more accurate answer than either guess alone in the delayed condition,success,direct,identity unresolved; not proof of an omitted effect
ling26,10.3389--fpsyg.2014.00786#ling26:9bc6c3c4941143e9:1,10.3389--fpsyg.2014.00786,Averaging two guesses within one person provides a more accurate answer than either guess alone in the immediate condition,success,direct,identity unresolved; not proof of an omitted effect
ling26,10.1027--1864-9335--a000186#ling26:ee9df26bf0ff41ea:1,10.1027--1864-9335--a000186,Exposure to cleanliness-related words reduces the severity of moral judgments.,failure,direct,identity unresolved; not proof of an omitted effect
ling26,10.1016--j.jesp.2020.104052#ling26:d9ce11c013142269:1,10.1016--j.jesp.2020.104052,People in joint evaluation mode overpredict happiness differences between quantitatively different word tasks but not between qualitatively different word tasks.,failure,close experiment,identity unresolved; not proof of an omitted effect
ling26,10.1016--j.jesp.2020.104052#ling26:cdfde1e007105ea6:1,10.1016--j.jesp.2020.104052,People in joint evaluation mode overpredict happiness differences between quantitatively different options but not between qualitatively different options.,success,close experiment,identity unresolved; not proof of an omitted effect
ling26,10.1371--journal.pone.0029081#ling26:6fd18c0eafa1df56:1,10.1371--journal.pone.0029081,Activating the stereotype of old age through scrambled sentences priming causes participants to walk more slowly,inconclusive,close experiment,identity unresolved; not proof of an omitted effect
ling26,10.1371--journal.pone.0029081#ling26:0d30ec28c7d6bb36:1,10.1371--journal.pone.0029081,Activating the stereotype of old age through scrambled sentences priming causes participants to walk more slowly,failure,close experiment,identity unresolved; not proof of an omitted effect
ling26,10.1177--2515245918777487#ling26:326c85af6bb85621:1,10.1177--2515245918777487,Exposure to hostility-related sentence primes (80% hostile vs. 20% hostile) causes participants to rate a vignette protagonist and ambiguously hostile behaviors as more hostile,inconclusive,direct,identity unresolved; not proof of an omitted effect
ling26,10.1177--1745691618755704#ling26:c15b12cb75d1b4b6:1,10.1177--1745691618755704,Priming with intelligence-related categories (professor) improved trivia performance compared to priming with stupidity-related categories (hooligan).,failure,direct,identity unresolved; not proof of an omitted effect
ling26,10.1371--journal.pone.0042510#ling26:08c1620a4184a768:1,10.1371--journal.pone.0042510,Plotting close-together points on graph paper causes people to report stronger emotional bonds to family and hometown compared to plotting distant points,failure,direct,identity unresolved; not proof of an omitted effect
ling26,10.1371--journal.pone.0042510#ling26:19ca9453c9d80c85:1,10.1371--journal.pone.0042510,Physical-distance cues influence participants' estimates of the caloric content of unhealthy and healthy foods,failure,direct,identity unresolved; not proof of an omitted effect
ling26,10.1177--1745691616664694#ling26:3a06ad9b13495509:1,10.1177--1745691616664694,A high commitment prime reduces exit and neglect forgiveness responses and increases voice and loyalty forgiveness responses compared to a low commitment prime when reacting to hypothetical betrayals by a romantic partner.,failure,direct,identity unresolved; not proof of an omitted effect
ling26,10.1111--j.1540-6261.2012.01744.x#ling26:ad381adbaa418a11:1,10.1111--j.1540-6261.2012.01744.x,CEO pay decreases 17% more in firms with noncompliant boards (majority non-independent directors) than in firms with compliant boards (majority independent directors),failure,direct,identity unresolved; not proof of an omitted effect
ling26,10.1111--j.1540-6261.2012.01744.x#ling26:f99190581e53cc58:1,10.1111--j.1540-6261.2012.01744.x,The effect of board independence on CEO pay is moderated by the presence of blockholder directors (nonemployee directors owning 5%+ of shares),failure,direct,identity unresolved; not proof of an omitted effect
ling26,10.1111--j.1540-6261.2012.01744.x#ling26:8010a6d8218c84cf:1,10.1111--j.1540-6261.2012.01744.x,Compensation committee independence requirement does not significantly affect CEO pay,failure,direct,identity unresolved; not proof of an omitted effect
ling26,10.1177--1091142114537893#ling26:07567cdb91b6cbf5:1,10.1177--1091142114537893,The effect of New Jersey's 2004 income tax increase on net out-migration of millionaires among taxpayers earning all income in New Jersey,success,close experiment,identity unresolved; not proof of an omitted effect
ling26,10.1177--1091142114537893#ling26:89d02acb36e17bbf:1,10.1177--1091142114537893,The effect of New Jersey's 2004 income tax increase on net out-migration of millionaires relative to other affluent taxpayers,success,direct,identity unresolved; not proof of an omitted effect
ling26,10.1177--1091142114537893#ling26:9b5e59d397faa762:1,10.1177--1091142114537893,The effect of New Jersey's 2004 income tax increase on net out-migration of millionaires relative to other affluent taxpayers,success,close experiment,identity unresolved; not proof of an omitted effect
ling26,10.1007--s00181-005-0242-z#ling26:8680750506f0e24b:1,10.1007--s00181-005-0242-z,Cairns and Davis (1998) tested and rejected the Hotelling Valuation Principle using cross-sectional data on gold mines,failure,direct,identity unresolved; not proof of an omitted effect
ling26,10.1007--s00181-018-1457-0#ling26:1b9514d27bcc498b:1,10.1007--s00181-018-1457-0,"The effect of deregulation of the German Trade and Crafts Code of 2004 on market entry, self-employment, and exit probabilities in crafts trades",failure,close experiment,identity unresolved; not proof of an omitted effect
ling26,10.7554--elife.51019#ling26:e3a2c7c2111b7661:1,10.7554--elife.51019,PTENP1 downregulation accelerated cell proliferation with the strongest effect observed when PTEN and PTENP1 were both silenced.,inconclusive,direct,identity unresolved; not proof of an omitted effect
ling26,10.7554--elife.51019#ling26:0c2c48db719c41f9:1,10.7554--elife.51019,siRNA knockdown of PTEN or PTENP1 decreased both PTEN and PTENP1 mRNA expression.,inconclusive,direct,identity unresolved; not proof of an omitted effect
ling26,10.7554--elife.51019#ling26:a3763bbae1cd98d6:1,10.7554--elife.51019,PTEN protein levels decreased after siRNA knockdown of PTEN or PTENP1.,inconclusive,direct,identity unresolved; not proof of an omitted effect
ling26,10.7554--elife.51019#ling26:451913a9cec97cd8:1,10.7554--elife.51019,PTEN 3'UTR derepressed PTENP1 abundance.,failure,direct,identity unresolved; not proof of an omitted effect
ling26,10.7554--elife.51019#ling26:745603c8c3ba1aa1:1,10.7554--elife.51019,Overexpression of PTEN 3'UTR inhibited cell proliferation.,success,direct,identity unresolved; not proof of an omitted effect
ling26,10.7554--elife.45426#ling26:613a5a1d516ee079:1,10.7554--elife.45426,"Clonogenic potential of TOP-GFP[high] fraction was greater compared to TOP-GFP[low] cells, with clonogenic potential of TOP-GFP[low] cells enhanced with MFCM or HGF treatment almost to the level of TOP-GFP[high] cells, which was blocked with PHA665752",inconclusive,direct,identity unresolved; not proof of an omitted effect
ling26,10.7554--elife.45426#ling26:bda36506020a720c:1,10.7554--elife.45426,"TOP-GFP[high] fraction was more effective in inducing tumors than TOP-GFP[low] fraction, and tumorigenicity was increased when TOP-GFP[low] cells were co-injected with MFCM",inconclusive,direct,identity unresolved; not proof of an omitted effect
ling26,10.7554--elife.17584#ling26:854b3ce8a3386c1d:1,10.7554--elife.17584,Coadministration of iRGD peptide with DOX increases DOX accumulation in tumor tissue in mice bearing orthotopic 22Rv1 prostate tumors,failure,direct,identity unresolved; not proof of an omitted effect
ling26,10.7554--elife.17584#ling26:c30dc462269cf914:1,10.7554--elife.17584,Coadministration of iRGD peptide with DOX reduces tumor weight in mice bearing orthotopic 22Rv1 prostate tumors,failure,direct,identity unresolved; not proof of an omitted effect
ling26,10.7554--elife.17584#ling26:ac698aecf14de386:1,10.7554--elife.17584,Coadministration of iRGD peptide with DOX does not cause body weight loss in mice bearing orthotopic 22Rv1 prostate tumors,failure,direct,identity unresolved; not proof of an omitted effect
ling26,10.7554--elife.17584#ling26:aa360fa319eb7d6c:1,10.7554--elife.17584,Coadministration of iRGD peptide with DOX increases TUNEL staining (apoptosis) in tumor tissue in mice bearing orthotopic 22Rv1 prostate tumors,failure,direct,identity unresolved; not proof of an omitted effect
ling26,10.7554--elife.26030#ling26:484962d231e981d9:1,10.7554--elife.26030,The cancer-associated IDH2 R172 mutation exhibits a loss-of-function for isocitrate-dependent NADPH production and a gain-of-function for alpha-ketoglutarate-dependent NADPH consumption compared to wild-type IDH2,success,direct,identity unresolved; not proof of an omitted effect
ling26,10.7554--elife.26030#ling26:6fb4d00bbc280dc0:1,10.7554--elife.26030,R172K mutant IDH2 acquires enhanced conversion of alpha-ketoglutarate to 2-hydroxyglutarate (2HG),success,direct,identity unresolved; not proof of an omitted effect
ling26,10.7554--elife.26030#ling26:34cc19373cd10e27:1,10.7554--elife.26030,2HG is elevated in AML patients with IDH mutations compared to wild-type IDH samples,success,direct,identity unresolved; not proof of an omitted effect
ling26,10.7554--elife.21253#ling26:397ce0a48eb3b710:1,10.7554--elife.21253,Inhibition of BET bromodomains with (+)-JQ1 down-regulates MYC expression in MM.1S-luc cells,success,direct,identity unresolved; not proof of an omitted effect
ling26,10.7554--elife.21253#ling26:484183e2a5848468:1,10.7554--elife.21253,(+)-JQ1 treatment prolongs overall survival in MM.1S-luc orthotopic xenograft model,success,direct,identity unresolved; not proof of an omitted effect
ling26,10.7554--elife.21253#ling26:283af6a7bf29bf8c:1,10.7554--elife.21253,(+)-JQ1 treatment reduces tumor burden in MM.1S-luc orthotopic xenograft model,failure,direct,identity unresolved; not proof of an omitted effect
ling26,10.7554--elife.45120#ling26:b67597383d49eb1f:1,10.7554--elife.45120,Stromal Cav1 expression increases primary tumor growth when co-injected with LM-4175 breast cancer cells,failure,direct,identity unresolved; not proof of an omitted effect
ling26,10.7554--elife.45120#ling26:c5f035dc8e2007a7:1,10.7554--elife.45120,Positive correlation between fibronectin fiber orientation and metastatic burden,reversal,direct,identity unresolved; not proof of an omitted effect
ling26,10.7554--elife.17044#ling26:ce7eba6cace4189d:1,10.7554--elife.17044,Cimetidine treatment inhibits tumor growth in A549 lung adenocarcinoma xenografts,inconclusive,direct,identity unresolved; not proof of an omitted effect
ling26,10.7554--elife.17044#ling26:88820cbd18f1ab43:1,10.7554--elife.17044,Doxorubicin treatment inhibits tumor growth in A549 lung adenocarcinoma xenografts,inconclusive,direct,identity unresolved; not proof of an omitted effect
ling26,10.7554--elife.56651#ling26:d26bea4cb1223342:1,10.7554--elife.56651,"Silencing putative PTEN ceRNAs (SERINC1, VAPA, CNOT6L, ZNF460, PTEN) decreased luciferase activity of a chimeric construct with the PTEN 3'UTR",inconclusive,direct,identity unresolved; not proof of an omitted effect
ling26,10.7554--elife.56651#ling26:c93f39891d5aae7c:1,10.7554--elife.56651,"Overexpression of the 3'UTRs of putative PTEN ceRNAs (SERINC1, VAPA, CNOT6L, PTEN) increased luciferase activity, suggesting inhibition of PTEN 3'UTR was relieved",inconclusive,direct,identity unresolved; not proof of an omitted effect
ling26,10.7554--elife.43511#ling26:a059c27b19cb620e:1,10.7554--elife.43511,miR-34a regulates CD44 expression through putative binding sites in the 3'UTR of CD44,failure,direct,identity unresolved; not proof of an omitted effect
ling26,10.7554--elife.25306#ling26:6d20e9cdb3f9677c:1,10.7554--elife.25306,I-BET151 selectively inhibits BCL2 expression in MLL-fusion leukaemic MV4;11 cells,success,direct,identity unresolved; not proof of an omitted effect
ling26,10.7554--elife.25306#ling26:14df144c371f9ee5:1,10.7554--elife.25306,I-BET151 treatment increases survival in a xenograft mouse model of MLL-fusion leukaemia,inconclusive,direct,identity unresolved; not proof of an omitted effect
ling26,10.7554--elife.29747#ling26:19811ff741e4a4c5:1,10.7554--elife.29747,EWS-FLI1 rearrangement is associated with increased sensitivity to olaparib in mouse mesenchymal cells,failure,direct,identity unresolved; not proof of an omitted effect
ling26,10.7554--elife.18173#ling26:55a1a8dddd27f88f:1,10.7554--elife.18173,Blocking the SIRPa/CD47 interaction with anti-CD47 antibody reduces tumor weight in syngeneic breast cancer models,failure,direct,identity unresolved; not proof of an omitted effect
ling26,10.7554--elife.18173#ling26:3362979229ac4898:1,10.7554--elife.18173,"Anti-CD47 antibody treatment causes short-term anemia (reduced red blood cells, hemoglobin, and hematocrit)",success,direct,identity unresolved; not proof of an omitted effect
ling26,10.7554--elife.34364#ling26:8f0c1a34f172148c:1,10.7554--elife.34364,Absence of the pks island reduces tumorigenic potential but not inflammatory potential of E. coli NC101 in AOM-treated germ-free Il10-/- mice,inconclusive,direct,identity unresolved; not proof of an omitted effect
ling26,10.7554--elife.39944#ling26:959e43ac51a31cb6:1,10.7554--elife.39944,Reduction of Met in B16-F10 exosomes by shRNA decreased lung and bone metastatic burden compared to control exosomes,failure,close experiment,identity unresolved; not proof of an omitted effect
ling26,10.7554--elife.21634#ling26:18b142c05beabf40:1,10.7554--elife.21634,Expression of mutant PREX2 isoforms (G844D and Q1430*) decreases tumor-free survival compared to wild-type PREX2 and GFP controls in vivo,failure,direct,identity unresolved; not proof of an omitted effect
ling26,10.7554--elife.30274#ling26:98622beee2ee64ff:1,10.7554--elife.30274,c-Myc overexpression increases total RNA levels in P493-6 Burkitt's lymphoma cells,inconclusive,direct,identity unresolved; not proof of an omitted effect
ling26,10.7554--elife.30274#ling26:59029ccbef6f7756:1,10.7554--elife.30274,c-Myc overexpression amplifies gene expression of active genes but not silent genes in P493-6 Burkitt's lymphoma cells,inconclusive,direct,identity unresolved; not proof of an omitted effect
ling26,10.1186--1471-2350-13-27#ling26:b9971b3fe705221f:1,10.1186--1471-2350-13-27,"Association of SNPs in or near PMS1, SLC24A4, YWHA7, IPO7, CACANA1H, STK39, and CDH13 with hypertension and blood pressure in African Americans",failure,direct,identity unresolved; not proof of an omitted effect
ling26,10.1158--1055-9965.epi-08-1223#ling26:1841af28136b0285:1,10.1158--1055-9965.epi-08-1223,A common variant on chromosome 8q24 (rs1447295) is associated with prostate cancer risk,success,close experiment,identity unresolved; not proof of an omitted effect
ling26,10.1158--1055-9965.epi-08-1223#ling26:0b73034fe1298702:1,10.1158--1055-9965.epi-08-1223,A variant on 2p15 (rs721048) is associated with prostate cancer risk,success,close experiment,identity unresolved; not proof of an omitted effect
ling26,10.1158--1055-9965.epi-08-1223#ling26:ee9c1c4d460e47fb:1,10.1158--1055-9965.epi-08-1223,The RNASEL E541D (rs627928) variant is associated with prostate cancer risk,success,close experiment,identity unresolved; not proof of an omitted effect
ling26,10.1158--1055-9965.epi-08-1223#ling26:82c972871050e0e4:1,10.1158--1055-9965.epi-08-1223,The RNASEL R462Q (rs486907) variant is associated with prostate cancer risk,success,close experiment,identity unresolved; not proof of an omitted effect
ling26,10.1158--1055-9965.epi-08-1223#ling26:183c32349a893f5e:1,10.1158--1055-9965.epi-08-1223,The EZH2 D185H (rs2302427) variant is associated with prostate cancer risk,success,close experiment,identity unresolved; not proof of an omitted effect
ling26,10.1158--1055-9965.epi-08-1223#ling26:df49adf6e9e9e868:1,10.1158--1055-9965.epi-08-1223,The NKX3-1 C154T (rs2228013) variant is associated with prostate cancer risk,success,close experiment,identity unresolved; not proof of an omitted effect
ling26,10.1158--1055-9965.epi-08-1223#ling26:239cc7d9bcd2b299:1,10.1158--1055-9965.epi-08-1223,"Variants in PPARG, TLR10, PODXL, CDH1, ELAC2, IL1RN, TLR1, TLR6, TLR4, CYP17A1, CDKN1B, TGFB1, CYP1A1 are associated with prostate cancer risk",failure,close experiment,identity unresolved; not proof of an omitted effect
ling26,10.1186--s12913-023-09505-5#ling26:38e82f416a60dfe5:1,10.1186--s12913-023-09505-5,Latent class analysis identifying six subgroups of informal dementia care dyads based on sociodemographic characteristics in a German sample of 551 dyads,success,close extension,identity unresolved; not proof of an omitted effect
ling26,10.1371--journal.pone.0284404#ling26:cf4c6b667446e8cb:1,10.1371--journal.pone.0284404,VSTM1-v2 promotes the differentiation and activation of Th17 cells,failure,direct,identity unresolved; not proof of an omitted effect
ling26,10.1371--journal.pone.0284404#ling26:df6990c81973c946:1,10.1371--journal.pone.0284404,Neutrophils are required for DC-driven differentiation of naive CD4+ T cells into Th17 cells,success,direct,identity unresolved; not proof of an omitted effect
ling26,10.1016--0022-3999(93)90123-w#ling26:a4f57ee16ed18f20:1,10.1016--0022-3999(93)90123-w,Factor analysis of the Illness Behaviour Questionnaire (IBQ-52) identifying seven dimensions of illness behaviour in pain clinic patients,inconclusive,direct,identity unresolved; not proof of an omitted effect
ling26,10.1080--17470218.2016.1253756#ling26:598cfd6019cd296e:1,10.1080--17470218.2016.1253756,"The influence of six semantic variables (valence, arousal, imageability, concreteness, sensory experience ratings, and body-object interaction ratings) on lexical decision times for English compound words",inconclusive,conceptual,identity unresolved; not proof of an omitted effect
ling26,10.1080--17470218.2016.1253756#ling26:6dc05daf100c5780:1,10.1080--17470218.2016.1253756,"The influence of six semantic variables (familiarity, age-of-acquisition, sensory experience ratings, imageability, semantic transparency, and lexeme meaning dominance) on lexical decision times and word naming times for English compound words",inconclusive,conceptual,identity unresolved; not proof of an omitted effect
ling26,10.3389--fninf.2018.00046#ling26:6ca5bd701a7dc69b:1,10.3389--fninf.2018.00046,The polychronization network model generating polychronous groups,success,close experiment,identity unresolved; not proof of an omitted effect
ling26,10.1002--ijc.23682#ling26:b71b4fad13e69c3f:1,10.1002--ijc.23682,"Genome-wide case-control study identified 38 gene-related SNPs associated with esophageal squamous cell carcinoma risk in Shanxi Province, China",success,direct,identity unresolved; not proof of an omitted effect
ling26,10.1016--0006-8993(90)90328-9#ling26:4c750b1a8fa767af:1,10.1016--0006-8993(90)90328-9,altered regional neurotransmitter and transmitter metabolite levels in the narcoleptic canine brain,inconclusive,direct,identity unresolved; not proof of an omitted effect
ling26,10.1177--0022022100031003001#ling26:9f902dc129d9f667:1,10.1177--0022022100031003001,Individualism-Collectivism index scores vary across national cultures as measured by work values,success,conceptual,identity unresolved; not proof of an omitted effect
ling26,10.1177--0022022100031003001#ling26:92d1ad9be8dc4e7a:1,10.1177--0022022100031003001,Power Distance index scores vary across national cultures as measured by leadership preferences and authority relations,success,conceptual,identity unresolved; not proof of an omitted effect
ling26,10.1177--0022022100031003001#ling26:d34fa0a2c915d448:1,10.1177--0022022100031003001,Masculinity-Femininity index scores vary across national cultures as measured by work goals and values,success,conceptual,identity unresolved; not proof of an omitted effect
ling26,10.1177--0022022100031003001#ling26:fc39ded05260f5be:1,10.1177--0022022100031003001,Uncertainty Avoidance index scores vary across national cultures as measured by stress and rule adherence,success,conceptual,identity unresolved; not proof of an omitted effect
ling26,10.1177--1534508420953894#ling26:8497df82dcda502b:1,10.1177--1534508420953894,Using interval likelihood ratios to estimate post-test probabilities of math risk in a gated screening framework with middle school students.,success,direct,identity unresolved; not proof of an omitted effect
ling26,10.1007--s40616-014-0012-0#ling26:84feb04a2ac45bc1:1,10.1007--s40616-014-0012-0,The effect of an enhanced stimulus-stimulus pairing procedure on increasing vocalizations in children with autism,inconclusive,direct,identity unresolved; not proof of an omitted effect
ling26,10.1371--journal.pone.0210327#ling26:fa448df3d68d4d96:1,10.1371--journal.pone.0210327,Earlier ART initiation (within 2 weeks of TB treatment initiation) reduces the rate of new AIDS defining illness or death in HIV-TB co-infected patients with CD4 counts less than 50 compared with later ART initiation (between 8 and 12 weeks after TB treatment initiation),inconclusive,direct,identity unresolved; not proof of an omitted effect
ling26,10.5018--economics-ejournal.ja.2018-3#ling26:04aa99d78fab51c8:1,10.5018--economics-ejournal.ja.2018-3,The effect of education on total industrialisation in the first phase of Prussian industrialisation (1849),reversal,close experiment,identity unresolved; not proof of an omitted effect
ling26,10.5018--economics-ejournal.ja.2018-3#ling26:fe2bd1d9ab410c1b:1,10.5018--economics-ejournal.ja.2018-3,The effect of education on total industrialisation in the second phase of Prussian industrialisation (1882),failure,close experiment,identity unresolved; not proof of an omitted effect
ling26,10.1177--073953298600700307#ling26:63be65d4b1d68fb2:1,10.1177--073953298600700307,"Uses and gratifications statements regarding newspapers produce three distinct groups (surveillance, diversion, interaction) and predict weekday and Sunday newspaper readership",inconclusive,direct,identity unresolved; not proof of an omitted effect
ling26,10.1080--02699931.2020.1719982#ling26:aad04e2f50291907:1,10.1080--02699931.2020.1719982,Evaluative conditioning effects for smell-taste pairings without explicit memory for the CS-US contingencies,inconclusive,conceptual,identity unresolved; not proof of an omitted effect
ling26,10.3389--fnhum.2020.00265#ling26:b5a47eeb829fb93a:1,10.3389--fnhum.2020.00265,Training effects on BCI performance (ITR and online accuracy) and P300 physiological measures during virtual wheelchair navigation using tactile stimulation,inconclusive,close extension,identity unresolved; not proof of an omitted effect
ling26,10.1016--j.jsat.2013.07.013#ling26:a134500245359888:1,10.1016--j.jsat.2013.07.013,A single 20-minute computer-delivered brief intervention (e-SBI) for postpartum drug use reduces self-reported drug use at follow-up,success,close experiment,identity unresolved; not proof of an omitted effect
ling26,10.1017--s0003055405051658#ling26:acd88467e5d8b3e2:1,10.1017--s0003055405051658,Get-out-the-vote phone calls reduce voter turnout by five percentage points,reversal,direct,identity unresolved; not proof of an omitted effect
ling26,10.3386--w21801#ling26:81d3ba65d488c69c:1,10.3386--w21801,The Mariel Boatlift had no significant impact on wages and employment of low-skilled non-Cuban workers in Miami,success,close extension,identity unresolved; not proof of an omitted effect
ling26,10.3386--w21801#ling26:9d4107a0e5fbb56a:1,10.3386--w21801,A large and long lasting negative difference in wages between Miami and its control in the 1982-1985 period for high school dropouts,failure,close extension,identity unresolved; not proof of an omitted effect
ling26,10.3386--w21801#ling26:486602f0ec261de4:1,10.3386--w21801,A statistically significant increase in unemployment for black workers in Miami following the hypothetical 1994 Mariel Boatlift,failure,close extension,identity unresolved; not proof of an omitted effect
ling26,10.1002--jae.2886#ling26:50919cce07c0babc:1,10.1002--jae.2886,"The Economics profession gradually evolved into a small world, with the co-author network of economists satisfying all four criteria for the small world hypothesis by the 1990s",success,direct,identity unresolved; not proof of an omitted effect
ling26,10.1002--jae.2886#ling26:17e2a0e0c7d34362:1,10.1002--jae.2886,"The Economics profession gradually evolved into a small world, with the co-author network of economists satisfying all four criteria for the small world hypothesis by the 1990s",success,close experiment,identity unresolved; not proof of an omitted effect
ling26,10.1002--jae.2886#ling26:fc3b385f04c0c30b:1,10.1002--jae.2886,"The Economics profession gradually evolved into a small world, with the co-author network of economists satisfying all four criteria for the small world hypothesis by the 1990s",success,close extension,identity unresolved; not proof of an omitted effect
ling26,10.1002--jae.2886#ling26:d761f2270b8cd751:1,10.1002--jae.2886,"The Economics profession gradually evolved into a small world, with the co-author network of economists satisfying all four criteria for the small world hypothesis by the 1990s",success,close extension,identity unresolved; not proof of an omitted effect
ling26,10.1002--jae.2886#ling26:d761f2270b8cd751:2,10.1002--jae.2886,"The Economics profession gradually evolved into a small world, with the co-author network of economists satisfying all four criteria for the small world hypothesis by the 1990s",success,close extension,identity unresolved; not proof of an omitted effect
ling26,10.1111--sjoe.12341#ling26:e470bc7504500065:1,10.1111--sjoe.12341,"Protection from iodine deficiency in utero, provided by iodized oil capsule distribution programs, increases educational attainment.",success,direct,identity unresolved; not proof of an omitted effect
ling26,10.1111--sjoe.12341#ling26:0233ff9f436912a4:1,10.1111--sjoe.12341,"Protection from iodine deficiency in utero, provided by iodized oil capsule distribution programs, increases educational attainment.",failure,close extension,identity unresolved; not proof of an omitted effect
ling26,10.1371--journal.pone.0051382#ling26:fc1787c0674b8f5e:1,10.1371--journal.pone.0051382,Implied object orientation from verbal context affects picture verification speed (match vs. mismatch),success,direct,identity unresolved; not proof of an omitted effect
ling26,10.1371--journal.pone.0051382#ling26:fc1787c0674b8f5e:2,10.1371--journal.pone.0051382,Implied object orientation from verbal context affects picture verification speed (match vs. mismatch),success,direct,identity unresolved; not proof of an omitted effect
ling26,10.1371--journal.pone.0051382#ling26:c18bedcc93648cf1:1,10.1371--journal.pone.0051382,Implied object shape from verbal context affects picture verification speed (match vs. mismatch),success,direct,identity unresolved; not proof of an omitted effect
ling26,10.1371--journal.pone.0051382#ling26:c18bedcc93648cf1:2,10.1371--journal.pone.0051382,Implied object shape from verbal context affects picture verification speed (match vs. mismatch),success,direct,identity unresolved; not proof of an omitted effect
ling26,10.1371--journal.pone.0051382#ling26:d8945819556a45b4:1,10.1371--journal.pone.0051382,Object color implied by verbal context affects picture verification speed (match vs. mismatch),reversal,direct,identity unresolved; not proof of an omitted effect
ling26,10.1371--journal.pone.0051382#ling26:d8945819556a45b4:2,10.1371--journal.pone.0051382,Object color implied by verbal context affects picture verification speed (match vs. mismatch),reversal,direct,identity unresolved; not proof of an omitted effect
ling26,10.1177--0956797613486983#ling26:b3e97df9ca21c5c9:1,10.1177--0956797613486983,Individuals with high anxious attachment report heightened preferences for warm foods when attachment concerns are activated by reflecting on a romantic breakup,failure,direct,identity unresolved; not proof of an omitted effect
ling26,10.1177--0956797613486983#ling26:b3e97df9ca21c5c9:2,10.1177--0956797613486983,Individuals with high anxious attachment report heightened preferences for warm foods when attachment concerns are activated by reflecting on a romantic breakup,failure,direct,identity unresolved; not proof of an omitted effect
ling26,10.1177--1745691615605826#ling26:752050bb7f80177a:1,10.1177--1745691615605826,Grammatical aspect influences perceived intentionality for criminal behavior,failure,direct,identity unresolved; not proof of an omitted effect
ling26,10.1177--1745691615605826#ling26:752050bb7f80177a:2,10.1177--1745691615605826,Grammatical aspect influences perceived intentionality for criminal behavior,failure,direct,identity unresolved; not proof of an omitted effect
ling26,10.1177--1745691615605826#ling26:752050bb7f80177a:3,10.1177--1745691615605826,Grammatical aspect influences perceived intentionality for criminal behavior,failure,direct,identity unresolved; not proof of an omitted effect
ling26,10.1177--1745691615605826#ling26:752050bb7f80177a:4,10.1177--1745691615605826,Grammatical aspect influences perceived intentionality for criminal behavior,failure,direct,identity unresolved; not proof of an omitted effect
ling26,10.1177--1745691615605826#ling26:752050bb7f80177a:5,10.1177--1745691615605826,Grammatical aspect influences perceived intentionality for criminal behavior,failure,direct,identity unresolved; not proof of an omitted effect
ling26,10.1177--1745691615605826#ling26:752050bb7f80177a:6,10.1177--1745691615605826,Grammatical aspect influences perceived intentionality for criminal behavior,failure,direct,identity unresolved; not proof of an omitted effect
ling26,10.1177--1745691615605826#ling26:752050bb7f80177a:7,10.1177--1745691615605826,Grammatical aspect influences perceived intentionality for criminal behavior,failure,direct,identity unresolved; not proof of an omitted effect
ling26,10.1177--1745691615605826#ling26:752050bb7f80177a:8,10.1177--1745691615605826,Grammatical aspect influences perceived intentionality for criminal behavior,failure,direct,identity unresolved; not proof of an omitted effect
ling26,10.1177--1745691615605826#ling26:752050bb7f80177a:9,10.1177--1745691615605826,Grammatical aspect influences perceived intentionality for criminal behavior,failure,direct,identity unresolved; not proof of an omitted effect
ling26,10.1177--1745691615605826#ling26:752050bb7f80177a:10,10.1177--1745691615605826,Grammatical aspect influences perceived intentionality for criminal behavior,failure,direct,identity unresolved; not proof of an omitted effect
ling26,10.1177--1745691615605826#ling26:752050bb7f80177a:11,10.1177--1745691615605826,Grammatical aspect influences perceived intentionality for criminal behavior,failure,direct,identity unresolved; not proof of an omitted effect
ling26,10.1177--1745691615605826#ling26:752050bb7f80177a:12,10.1177--1745691615605826,Grammatical aspect influences perceived intentionality for criminal behavior,failure,direct,identity unresolved; not proof of an omitted effect
ling26,10.1177--1745691615605826#ling26:752050bb7f80177a:13,10.1177--1745691615605826,Grammatical aspect influences perceived intentionality for criminal behavior,failure,direct,identity unresolved; not proof of an omitted effect
ling26,10.1016--j.jesp.2015.09.003#ling26:4592f2350e197ff1:1,10.1016--j.jesp.2015.09.003,"Positive-high affect (appetitive dessert pictures) narrows the breadth of attention compared to neutral affect (rock pictures), as measured by slower response times to global targets in a Navon letter task (replicating Experiment 2 of the original)",success,direct,identity unresolved; not proof of an omitted effect
ling26,10.1016--j.jesp.2015.09.003#ling26:a3a21f109b55ab97:1,10.1016--j.jesp.2015.09.003,"Positive-high affect narrows the breadth of attention compared to neutral affect and positive-low affect, as measured by response times to global and local targets in a Navon letter task, using German-rated stimuli from Blechert et al. (2014)",inconclusive,conceptual,identity unresolved; not proof of an omitted effect
ling26,10.3758--s13421-017-0708-1#ling26:4b35aa1c55a3fb92:1,10.3758--s13421-017-0708-1,Sentence-picture verification task produces a mismatch advantage for color (faster responses when the picture color mismatches the implied color in the sentence),failure,conceptual,identity unresolved; not proof of an omitted effect
ling26,10.3758--s13421-017-0708-1#ling26:0e52cb31265dda0e:1,10.3758--s13421-017-0708-1,Sentence-picture verification task produces a match advantage for color (faster responses when the picture color matches the implied color in the sentence),success,conceptual,identity unresolved; not proof of an omitted effect
ling26,10.3758--s13421-017-0708-1#ling26:448accb2797b1115:1,10.3758--s13421-017-0708-1,Sentence-picture verification task produces a match advantage for color,failure,close extension,identity unresolved; not proof of an omitted effect
ling26,10.3758--s13421-017-0708-1#ling26:448accb2797b1115:2,10.3758--s13421-017-0708-1,Sentence-picture verification task produces a match advantage for color,failure,close extension,identity unresolved; not proof of an omitted effect
ling26,10.3758--s13423-020-01834-4#ling26:760a2315fc5527a5:1,10.3758--s13423-020-01834-4,Participants selected the optimal default significantly less than chance when using a complex advice-giving paradigm with default-framing confound,success,direct,identity unresolved; not proof of an omitted effect
ling26,10.3758--s13423-020-01834-4#ling26:4d778bd39da3dc70:1,10.3758--s13423-020-01834-4,Participants selected the optimal default significantly less than chance when using a complex advice-giving paradigm with default-framing confound,reversal,conceptual,identity unresolved; not proof of an omitted effect
ling26,10.1098--rsos.181868#ling26:272ecfe46fd3065a:1,10.1098--rsos.181868,Skilled musicians are not subject to the McGurk effect,failure,close experiment,identity unresolved; not proof of an omitted effect
ling26,10.3758--s13421-023-01471-x#ling26:41a8f2345a7dd1fa:1,10.3758--s13421-023-01471-x,Distraction during encoding improves delayed memory performance for complex visual stimuli such as faces,failure,close experiment,identity unresolved; not proof of an omitted effect
ling26,10.3758--s13421-023-01471-x#ling26:41a8f2345a7dd1fa:2,10.3758--s13421-023-01471-x,Distraction during encoding improves delayed memory performance for complex visual stimuli such as faces,failure,close experiment,identity unresolved; not proof of an omitted effect
ling26,10.3758--s13421-023-01471-x#ling26:41a8f2345a7dd1fa:3,10.3758--s13421-023-01471-x,Distraction during encoding improves delayed memory performance for complex visual stimuli such as faces,failure,close experiment,identity unresolved; not proof of an omitted effect
ling26,10.3758--s13421-023-01471-x#ling26:4d8dc3b8f1ba7cc0:1,10.3758--s13421-023-01471-x,Distraction during encoding improves delayed memory performance for complex visual stimuli such as faces,reversal,close experiment,identity unresolved; not proof of an omitted effect
ling26,10.1001--archneurol.2011.155#ling26:a4f59a98cca1c66c:1,10.1001--archneurol.2011.155,The polyT repeat (rs10524523) in TOMM40 is associated with risk for late-onset Alzheimer's disease,reversal,direct,identity unresolved; not proof of an omitted effect
ling26,10.3758--s13421-024-01583-y#ling26:09107d81f81d5480:1,10.3758--s13421-024-01583-y,Noise in the second half of a spoken passage impairs retention of information presented in the first half of the passage,inconclusive,close experiment,identity unresolved; not proof of an omitted effect
ling26,10.3758--s13421-024-01583-y#ling26:95de10cee87fa486:1,10.3758--s13421-024-01583-y,Noise in the second half of a spoken passage impairs retention of information presented in the first half of the passage,failure,close experiment,identity unresolved; not proof of an omitted effect
ling26,10.3758--s13421-024-01583-y#ling26:95de10cee87fa486:2,10.3758--s13421-024-01583-y,Noise in the second half of a spoken passage impairs retention of information presented in the first half of the passage,failure,close experiment,identity unresolved; not proof of an omitted effect
ling26,10.2466--pr0.2000.87.2.493#ling26:d7492c13e8b1933e:1,10.2466--pr0.2000.87.2.493,Male and female college students agree about gender-typical traits and attribute more socially desirable traits to men than to women,inconclusive,close extension,identity unresolved; not proof of an omitted effect
ling26,10.1016--j.leaqua.2022.101633#ling26:2a9aefaeaa439269:1,10.1016--j.leaqua.2022.101633,Being White is a component of the business leader prototype; leaders are perceived as White more than non-leaders regardless of base rate information,failure,close experiment,identity unresolved; not proof of an omitted effect
ling26,10.1016--j.leaqua.2022.101633#ling26:cd5cc981bf2389f0:1,10.1016--j.leaqua.2022.101633,Being White is a component of the business leader prototype; leaders are perceived as White more than non-leaders regardless of base rate information,failure,conceptual,identity unresolved; not proof of an omitted effect
ling26,10.1016--j.leaqua.2022.101633#ling26:a816749c93674e5e:1,10.1016--j.leaqua.2022.101633,White leaders are evaluated more favorably than non-White leaders when credit for successful organizational performance is attributed to the leader,failure,close experiment,identity unresolved; not proof of an omitted effect
ling26,10.1016--j.leaqua.2022.101633#ling26:a816749c93674e5e:2,10.1016--j.leaqua.2022.101633,White leaders are evaluated more favorably than non-White leaders when credit for successful organizational performance is attributed to the leader,failure,close experiment,identity unresolved; not proof of an omitted effect
ling26,10.1016--j.leaqua.2022.101633#ling26:4dc1fb11fa08214e:1,10.1016--j.leaqua.2022.101633,White leaders are evaluated more favorably than non-White leaders when credit for successful organizational performance is attributed to the leader,failure,conceptual,identity unresolved; not proof of an omitted effect
ling26,10.1016--j.leaqua.2022.101633#ling26:4dc1fb11fa08214e:2,10.1016--j.leaqua.2022.101633,White leaders are evaluated more favorably than non-White leaders when credit for successful organizational performance is attributed to the leader,failure,conceptual,identity unresolved; not proof of an omitted effect
ling26,10.1016--j.leaqua.2022.101633#ling26:4dc1fb11fa08214e:3,10.1016--j.leaqua.2022.101633,White leaders are evaluated more favorably than non-White leaders when credit for successful organizational performance is attributed to the leader,failure,conceptual,identity unresolved; not proof of an omitted effect
ling26,10.1016--j.leaqua.2022.101633#ling26:4dc1fb11fa08214e:4,10.1016--j.leaqua.2022.101633,White leaders are evaluated more favorably than non-White leaders when credit for successful organizational performance is attributed to the leader,failure,conceptual,identity unresolved; not proof of an omitted effect
ling26,10.1016--j.leaqua.2022.101633#ling26:4dc1fb11fa08214e:5,10.1016--j.leaqua.2022.101633,White leaders are evaluated more favorably than non-White leaders when credit for successful organizational performance is attributed to the leader,failure,conceptual,identity unresolved; not proof of an omitted effect
ling26,10.1007--s12662-024-00979-x#ling26:7bd4d1dd4a2bfa63:1,10.1007--s12662-024-00979-x,"Investigating the stability of pairwise differences between accelerometry, diary, and questionnaire for measuring physical activity, and assessing reliability and validity of these tools in adults and children.",success,direct,identity unresolved; not proof of an omitted effect
ling26,10.1111--famp.12710#ling26:253069727ca8ae89:1,10.1111--famp.12710,OurRelationship program produces reliable improvements in relationship functioning relative to a 6-month waitlist control group for low-income couples seeking help,success,direct,identity unresolved; not proof of an omitted effect
ling26,10.1111--famp.12710#ling26:1cec3f7322df614a:1,10.1111--famp.12710,ePREP program produces reliable improvements in relationship functioning relative to a 6-month waitlist control group for low-income couples seeking help,success,direct,identity unresolved; not proof of an omitted effect
ling26,10.1177--1948550618808863#ling26:721274264cd0677f:1,10.1177--1948550618808863,Study 1: Replicated the Marley hypothesis that knowledge of historical racism mediates racial differences in perceptions of present racism.,failure,close extension,identity unresolved; not proof of an omitted effect
ling26,10.1177--1948550618808863#ling26:b9351d5d7e3eef89:1,10.1177--1948550618808863,Study 2: Replicated the Marley hypothesis that knowledge of historical racism mediates racial differences in perceptions of present racism.,failure,close extension,identity unresolved; not proof of an omitted effect
ling26,10.1038--s41598-018-35209-6#ling26:a20913337a29913f:1,10.1038--s41598-018-35209-6,Correspondence between resting state and task brain networks,success,close experiment,identity unresolved; not proof of an omitted effect
ling26,10.1016--j.neurobiolaging.2009.09.004#ling26:6c7c8954391f72d6:1,10.1016--j.neurobiolaging.2009.09.004,ACE haplotypes extending across the gene are associated with Alzheimer's disease risk,failure,direct,identity unresolved; not proof of an omitted effect
ling26,10.1016--j.neurobiolaging.2009.09.004#ling26:851d6c75f988b8a2:1,10.1016--j.neurobiolaging.2009.09.004,ECE1 rs213045 (–338 C/A) polymorphism is associated with Alzheimer's disease risk in sporadic late-onset AD,failure,close extension,identity unresolved; not proof of an omitted effect
ling26,10.1016--j.neurobiolaging.2009.09.004#ling26:661db1f335d473d4:1,10.1016--j.neurobiolaging.2009.09.004,HSPG2 rs3767140 polymorphism is associated with Alzheimer's disease risk,failure,direct,identity unresolved; not proof of an omitted effect
ling26,10.1016--j.neurobiolaging.2009.09.004#ling26:bc2b2c1a7c3b247a:1,10.1016--j.neurobiolaging.2009.09.004,"IDE rs464954 polymorphism is associated with Alzheimer's disease risk, with effect modification by APOE-ε4 status",inconclusive,close extension,identity unresolved; not proof of an omitted effect
ling26,10.1016--j.neurobiolaging.2009.09.004#ling26:01290f3e97458e9f:1,10.1016--j.neurobiolaging.2009.09.004,IL-1a rs1800587 (–889 C/T) polymorphism is associated with early-onset Alzheimer's disease risk,failure,close extension,identity unresolved; not proof of an omitted effect
ling26,10.1016--j.neurobiolaging.2009.09.004#ling26:540b1ece9b4616f8:1,10.1016--j.neurobiolaging.2009.09.004,IL6 rs1800795 (–174 C/G) polymorphism is associated with Alzheimer's disease risk,failure,direct,identity unresolved; not proof of an omitted effect
ling26,10.1016--j.neurobiolaging.2009.09.004#ling26:c16fcb456071c6e8:1,10.1016--j.neurobiolaging.2009.09.004,PLAU rs2227564 polymorphism is associated with late-onset Alzheimer's disease risk,failure,direct,identity unresolved; not proof of an omitted effect
ling26,10.1016--j.neurobiolaging.2009.09.004#ling26:3cacd3e4e1b86b19:1,10.1016--j.neurobiolaging.2009.09.004,PSEN1 rs1800839 (–22 C/T) polymorphism is associated with early-onset Alzheimer's disease risk,failure,direct,identity unresolved; not proof of an omitted effect
ling26,10.1016--j.neurobiolaging.2009.09.004#ling26:e85e6035a7b1db86:1,10.1016--j.neurobiolaging.2009.09.004,SORL1 polymorphisms are associated with Alzheimer's disease risk,failure,direct,identity unresolved; not proof of an omitted effect
ling26,10.1016--j.neurobiolaging.2009.09.004#ling26:394b0674005eaf60:1,10.1016--j.neurobiolaging.2009.09.004,TGFb1 rs1800469 (–509 C/T) polymorphism is associated with Alzheimer's disease risk,failure,close extension,identity unresolved; not proof of an omitted effect
luna56,10.1037--edu0000095#luna56:0f8b4d1d1eaf1589:1,10.1037--edu0000095,A cognitive strategies approach to text-based analytical writing improves the academic writing performance of mainstreamed Latino English learners and other secondary students.,success,close extension,identity unresolved; not proof of an omitted effect
luna56,10.3390--su12083069#luna56:d0a5ace5f0f22ffb:1,10.3390--su12083069,The original study measured the quantity and composition of food waste generated by Hungarian households using the FUSIONS methodology over a one-week period.,success,direct,identity unresolved; not proof of an omitted effect
luna56,10.1080--13561820.2016.1233096#luna56:b1f97f91d89fbbbf:1,10.1080--13561820.2016.1233096,"The ICCAS is a valid measure of interprofessional collaborative competencies, with evidence of pre-post sensitivity, concurrent validity, internal consistency, and a unifying single-factor structure.",success,close experiment,identity unresolved; not proof of an omitted effect
luna56,10.1002--npr2.70078#luna56:c0a51daff92e1a4d:1,10.1002--npr2.70078,Patients with enlarged ventricles and cognitive impairment constitute a distinct psychiatric subgroup characterized by a high prevalence of schizophrenia.,success,close extension,identity unresolved; not proof of an omitted effect
luna56,10.17705--1atrr.00014#luna56:f81d6a451c13f51c:1,10.17705--1atrr.00014,Confirmation of prior expectations positively influences perceived usefulness of the information system.,success,conceptual,identity unresolved; not proof of an omitted effect
luna56,10.17705--1atrr.00014#luna56:91a30527cc386034:1,10.17705--1atrr.00014,Satisfaction with prior information-system use positively influences users' intention to continue using the system.,success,conceptual,identity unresolved; not proof of an omitted effect
luna56,10.17705--1atrr.00014#luna56:891cebf67e1a062b:1,10.17705--1atrr.00014,Confirmation of prior expectations positively influences users' satisfaction with information-system use.,success,conceptual,identity unresolved; not proof of an omitted effect
luna56,10.17705--1atrr.00014#luna56:a8a11978afb13773:1,10.17705--1atrr.00014,Perceived usefulness of the information system positively influences users' satisfaction with its use.,success,conceptual,identity unresolved; not proof of an omitted effect
luna56,10.17705--1atrr.00014#luna56:1cf8cf1f11e51b65:1,10.17705--1atrr.00014,Perceived usefulness of the information system positively influences users' intention to continue using it.,success,conceptual,identity unresolved; not proof of an omitted effect
luna56,10.1007--s11145-018-9858-1#luna56:c631c5e2aceec943:1,10.1007--s11145-018-9858-1,"Morphologically complex target words show facilitation when preceded by primes sharing a derivational suffix, whereas simple target words do not show facilitation from merely sharing an orthographic ending.",success,close extension,identity unresolved; not proof of an omitted effect
luna56,10.1371--journal.pone.0053234#luna56:92b9481da5aac567:1,10.1371--journal.pone.0053234,The original study claimed that the single nucleotide polymorphism rs11598564 near the LBX1 gene was associated with susceptibility to adolescent idiopathic scoliosis.,success,close extension,identity unresolved; not proof of an omitted effect
luna56,10.1371--journal.pone.0053234#luna56:91a7302fac0caaf7:1,10.1371--journal.pone.0053234,The original study claimed that the single nucleotide polymorphism rs11190870 near the LBX1 gene was associated with susceptibility to adolescent idiopathic scoliosis.,success,close extension,identity unresolved; not proof of an omitted effect
luna56,10.1371--journal.pone.0053234#luna56:1acda67f05df75e7:1,10.1371--journal.pone.0053234,The original study claimed that the single nucleotide polymorphism rs625039 near the LBX1 gene was associated with susceptibility to adolescent idiopathic scoliosis.,success,close extension,identity unresolved; not proof of an omitted effect
luna56,10.1080--10510974.2018.1466718#luna56:82d56221b3fa88e5:1,10.1080--10510974.2018.1466718,"Instructor nonverbal immediacy behaviors are positively related to students' cognitive learning, including perceived learning and learning loss.",success,close extension,identity unresolved; not proof of an omitted effect
luna56,10.1080--10510974.2018.1466718#luna56:adcc96c922248ffc:1,10.1080--10510974.2018.1466718,Instructor humor orientation is positively related to instructor nonverbal immediacy.,success,close extension,identity unresolved; not proof of an omitted effect
luna56,10.1080--10510974.2018.1466718#luna56:8041821f7a22695b:1,10.1080--10510974.2018.1466718,Instructor clarity is positively related to students' cognitive learning.,success,close extension,identity unresolved; not proof of an omitted effect
luna56,10.1080--10510974.2018.1466718#luna56:8b59746453332330:1,10.1080--10510974.2018.1466718,Students' perceptions of instructor humor orientation are positively related to their reported learning.,success,close extension,identity unresolved; not proof of an omitted effect
luna56,10.1080--10510974.2018.1466718#luna56:922c8e6a24a35cee:1,10.1080--10510974.2018.1466718,Instructor clarity is positively related to instructor nonverbal immediacy behaviors.,success,close extension,identity unresolved; not proof of an omitted effect
luna56,10.3102--0013189x20922993#luna56:bdba1dbd74426f78:1,10.3102--0013189x20922993,"Teacher value-added scores based on fall-to-fall and spring-to-spring test-score timing have a weak correlation, producing substantially different rankings of teacher effectiveness.",success,close extension,identity unresolved; not proof of an omitted effect
luna56,10.1111--j.1743-6109.2010.01970.x#luna56:a8f9130832e023b5:1,10.1111--j.1743-6109.2010.01970.x,"The original FSFI has a six-factor structure corresponding to desire, arousal, lubrication, orgasm, satisfaction, and pain, with adequate psychometric properties.",success,direct,identity unresolved; not proof of an omitted effect
luna56,10.17605--osf.io--ehjdm#luna56:4a490145d99046e2:1,10.17605--osf.io--ehjdm,"Greater precision in a numerical anchor causes less objective adjustment than a round anchor, with anchor precision influencing the degree of adjustment.",inconclusive,close extension,identity unresolved; not proof of an omitted effect
luna56,10.1521--pedi_2013_27_117#luna56:40176bd5500e8cc2:1,10.1521--pedi_2013_27_117,"Stable trait and changeable state components of personality assessments among patients with recurrent major depressive disorder differentially predict depressive symptom levels and changes during cognitive therapy, with state changes more strongly related to symptom changes.",success,close experiment,identity unresolved; not proof of an omitted effect
luna56,10.1080--02619768.2014.882308#luna56:dffd3a50aee73b76:1,10.1080--02619768.2014.882308,"Psychological need satisfaction predicts self-determined motivation, which predicts attitudes, subjective norms, perceived behavioral control or self-efficacy, and behavioral intentions in exercise and dieting contexts.",inconclusive,close extension,identity unresolved; not proof of an omitted effect
luna56,10.1525--mp.2012.30.2.161#luna56:bf4350247c47dc4a:1,10.1525--mp.2012.30.2.161,"Musical preferences are structured by five dimensions resembling Mellow, Unpretentious, Sophisticated, Intense, and Contemporary even when the excerpts are drawn solely from the rock genre.",success,close extension,identity unresolved; not proof of an omitted effect
luna56,10.1525--mp.2012.30.2.161#luna56:3b43781c40611c4c:1,10.1525--mp.2012.30.2.161,"Musical preferences are structured by five dimensions resembling Mellow, Unpretentious, Sophisticated, Intense, and Contemporary even when the excerpts are drawn solely from the jazz genre.",success,close extension,identity unresolved; not proof of an omitted effect
luna56,10.1017--s1930297500002941#luna56:a1e0f1d68f999abd:1,10.1017--s1930297500002941,Aggregating responses produces a collective IQ that exceeds the performance of the best-performing individual in the group.,failure,close extension,identity unresolved; not proof of an omitted effect
luna56,10.1007--s40732-020-00396-0#luna56:e141ceef5e25cba5:1,10.1007--s40732-020-00396-0,Foreign tact and native-to-foreign intraverbal training are more effective than foreign-to-native intraverbal training in producing emergent verbal relations during foreign-language learning.,success,close experiment,identity unresolved; not proof of an omitted effect
luna56,10.1037--edu0000146#luna56:2e6c1f1fd1f3df11:1,10.1037--edu0000146,A utility-value writing intervention improves students’ course performance and motivation by prompting them to connect course material to their lives.,success,close extension,identity unresolved; not proof of an omitted effect
luna56,10.1037--edu0000146#luna56:363b64cc1f4a3a4b:1,10.1037--edu0000146,"Writing about the personal usefulness of course material increases students’ interest and academic performance, particularly among initially lower-performing students.",success,close extension,identity unresolved; not proof of an omitted effect
luna56,10.1007--s00426-019-01203-4#luna56:6f8164499aff0f56:1,10.1007--s00426-019-01203-4,"Viewing angry faces as a social threat induces a freezing response characterized by reduced heart rate, with the effect particularly pronounced among participants high in state anxiety.",inconclusive,direct,identity unresolved; not proof of an omitted effect
luna56,10.17605--osf.io--82bwv#luna56:946cf2b59acf48b9:1,10.17605--osf.io--82bwv,Commission errors in a flanker task elicit a robust error-related negativity in event-related potentials relative to correct responses.,success,direct,identity unresolved; not proof of an omitted effect
luna56,10.17605--osf.io--82bwv#luna56:bf85e8671ac8052a:1,10.17605--osf.io--82bwv,Auditory startle responses are potentiated when the noise burst follows an error rather than a correct response.,success,direct,identity unresolved; not proof of an omitted effect
luna56,10.1017--s0142716423000127#luna56:188f5e50d07ff907:1,10.1017--s0142716423000127,Positive and negative social-bias orientations cause native English-speaking listeners to rate non-native English speech differently in terms of accentedness relative to a control condition.,failure,conceptual,identity unresolved; not proof of an omitted effect
luna56,10.1017--s0142716423000127#luna56:73daf75dcac4f10f:1,10.1017--s0142716423000127,Positive and negative social-bias orientations cause native English-speaking listeners to rate non-native English speech differently in terms of comprehensibility relative to a control condition.,failure,conceptual,identity unresolved; not proof of an omitted effect
luna56,10.1017--s0142716423000127#luna56:be5be86b88755af5:1,10.1017--s0142716423000127,Positive and negative social-bias orientations cause native English-speaking listeners to rate non-native English speech differently in terms of segmental errors relative to a control condition.,failure,conceptual,identity unresolved; not proof of an omitted effect
luna56,10.1017--s0142716423000127#luna56:665d2b0ce7089396:1,10.1017--s0142716423000127,Positive and negative social-bias orientations cause native English-speaking listeners to rate non-native English speech differently in terms of intonation relative to a control condition.,failure,conceptual,identity unresolved; not proof of an omitted effect
luna56,10.1017--s0142716423000127#luna56:02b44f46743ecad9:1,10.1017--s0142716423000127,Positive and negative social-bias orientations cause native English-speaking listeners to rate non-native English speech differently in terms of flow relative to a control condition.,failure,conceptual,identity unresolved; not proof of an omitted effect
luna56,10.1080--00330124.2012.681509#luna56:3b29dbef45318b8e:1,10.1080--00330124.2012.681509,The original SoVI combines demographic and socioeconomic indicators to quantify and differentiate counties' relative social vulnerability to environmental hazards.,inconclusive,close extension,identity unresolved; not proof of an omitted effect
luna56,10.1007--s10664-025-10739-6#luna56:c9801722436cf973:1,10.1007--s10664-025-10739-6,"Shorter time windows, particularly a 10-second window, produce better interruptibility-classification performance than longer time windows.",failure,close extension,identity unresolved; not proof of an omitted effect
luna56,10.1007--s10664-025-10739-6#luna56:ce95171d83032ebf:1,10.1007--s10664-025-10739-6,"Biometric sensor data can predict software developers' perceived interruptibility with high accuracy, significantly outperforming a majority-classifier baseline in a controlled laboratory setting.",failure,close extension,identity unresolved; not proof of an omitted effect
luna56,10.1007--s10664-025-10739-6#luna56:d84708d40092db24:1,10.1007--s10664-025-10739-6,Perceived mental workload is strongly negatively associated with software developers' perceived interruptibility.,inconclusive,close extension,identity unresolved; not proof of an omitted effect
luna56,10.1007--s10664-025-10739-6#luna56:50eea6045613e7d4:1,10.1007--s10664-025-10739-6,Interruptions are more disruptive to software developers during periods of high mental workload.,failure,close extension,identity unresolved; not proof of an omitted effect
luna56,10.1007--s10664-025-10739-6#luna56:bee98616acd14f79:1,10.1007--s10664-025-10739-6,Interruption lag is weakly associated with software developers' perceived interruptibility.,success,close extension,identity unresolved; not proof of an omitted effect
luna56,10.1002--smj.2905#luna56:a45161c31317a358:1,10.1002--smj.2905,Female CEOs receive higher compensation than male CEOs because their minority status makes them a rare and valuable resource for their firms.,failure,close extension,identity unresolved; not proof of an omitted effect
luna56,10.1016--j.cortex.2022.12.003#luna56:57ac56fbb9e66c7b:1,10.1016--j.cortex.2022.12.003,Subliminal rewarding and punishing cues produce instrumental Go/NoGo conditioning without conscious awareness of the cues.,failure,close experiment,identity unresolved; not proof of an omitted effect
luna56,10.1016--j.cortex.2022.12.003#luna56:b8ef83344564d144:1,10.1016--j.cortex.2022.12.003,Subliminal rewarding and punishing cues produce instrumental Go/NoGo conditioning without conscious awareness of the cues.,inconclusive,direct,identity unresolved; not proof of an omitted effect
luna56,10.21203--rs.3.rs-8351701--v1#luna56:292e26400b83a202:1,10.21203--rs.3.rs-8351701--v1,"Higher ambiguity tolerance was associated with stronger connectivity within integration and control networks, specifically between the inferior parietal lobule and middle frontal gyrus/middle cingulate cortex; this replication tested the corresponding association with Need for Complexity.",failure,conceptual,identity unresolved; not proof of an omitted effect
luna56,10.21203--rs.3.rs-8351701--v1#luna56:a73654bd146380df:1,10.21203--rs.3.rs-8351701--v1,"Lower ambiguity tolerance was associated with stronger connectivity in threat- and error-monitoring circuits, operationalized in this replication as stronger amygdala–anterior insula connectivity among participants with greater Discomfort with Ambiguity.",failure,conceptual,identity unresolved; not proof of an omitted effect
luna56,10.21203--rs.3.rs-8351701--v1#luna56:e4bcbbb22742a6c9:1,10.21203--rs.3.rs-8351701--v1,"Lower ambiguity tolerance was associated with stronger connectivity between the orbitofrontal cortex and anterior cingulate cortex, reflecting threat-related warning signals; this replication tested the corresponding association with Absolutism.",failure,conceptual,identity unresolved; not proof of an omitted effect
luna56,10.1101--2021.11.30.470372#luna56:250f39287bff72e8:1,10.1101--2021.11.30.470372,"The CRAF kinase domain forms a stable complex with wild-type BRAF, with PLX4720 destabilizing and GDC-0879 stabilizing the interaction, while these inhibitors do not alter the interaction with BRAF(V600E).",inconclusive,direct,identity unresolved; not proof of an omitted effect
luna56,10.1101--2021.11.30.470372#luna56:2d74f35430134d6b:1,10.1101--2021.11.30.470372,"RAF inhibitors selectively inhibit proliferation of BRAF(V600E) cancer cells but not wild-type RAF/RAS or mutant RAS cells, whereas the MEK inhibitor inhibits proliferation across these cell types.",success,direct,identity unresolved; not proof of an omitted effect
luna56,10.1101--2021.11.30.470372#luna56:a4ac493e381fd28f:1,10.1101--2021.11.30.470372,PLX4720-induced phospho-MEK activation in mutant RAS cells depends on CRAF depletion but not BRAF depletion.,success,direct,identity unresolved; not proof of an omitted effect
luna56,10.1101--2021.11.30.470372#luna56:2f9c3cdc4d340b79:1,10.1101--2021.11.30.470372,GDC-0879-induced phospho-MEK activation in mutant RAS cells depends on CRAF depletion but not BRAF depletion.,failure,direct,identity unresolved; not proof of an omitted effect
luna56,10.1177--2515245920903079#luna56:1a37133da437b03c:1,10.1177--2515245920903079,Experiment 2 tested whether small numbers cue spatial attention toward left-side targets and large numbers cue spatial attention toward right-side targets.,failure,direct,identity unresolved; not proof of an omitted effect
luna56,10.1037--xge0000644#luna56:0af8182847940a59:1,10.1037--xge0000644,A high temperature anchor increases accessibility of summer-related words and a low temperature anchor increases accessibility of winter-related words in a subsequent accessibility task.,failure,conceptual,identity unresolved; not proof of an omitted effect
luna56,10.1037--xge0000644#luna56:2bd9e74d9d0fd35d:1,10.1037--xge0000644,A high temperature anchor increases accessibility of summer-related words and a low temperature anchor increases accessibility of winter-related words in a subsequent lexical decision task.,failure,close extension,identity unresolved; not proof of an omitted effect
luna56,10.1037--xge0000644#luna56:d4a1987bd3602f86:1,10.1037--xge0000644,A high car-price anchor increases accessibility of words associated with expensive cars and a low car-price anchor increases accessibility of words associated with inexpensive cars in a subsequent lexical decision task.,failure,close extension,identity unresolved; not proof of an omitted effect
luna56,10.1037--xge0000644#luna56:2bd9e74d9d0fd35d:2,10.1037--xge0000644,A high temperature anchor increases accessibility of summer-related words and a low temperature anchor increases accessibility of winter-related words in a subsequent lexical decision task.,failure,close extension,identity unresolved; not proof of an omitted effect
luna56,10.1037--xge0000644#luna56:d4a1987bd3602f86:2,10.1037--xge0000644,A high car-price anchor increases accessibility of words associated with expensive cars and a low car-price anchor increases accessibility of words associated with inexpensive cars in a subsequent lexical decision task.,failure,close extension,identity unresolved; not proof of an omitted effect
luna56,10.1080--02699931.2018.1429389#luna56:893ace0dd8367d31:1,10.1080--02699931.2018.1429389,Briefly presented primes selectively influence implicit attitudes toward a target person while explicitly presented behavioral information influences explicit attitudes.,failure,conceptual,identity unresolved; not proof of an omitted effect
luna56,10.1080--02699931.2018.1429389#luna56:864f3eb46ce74b68:1,10.1080--02699931.2018.1429389,Briefly presented subliminal primes selectively influence implicit attitudes toward a target person while explicitly presented behavioral information influences explicit attitudes.,failure,conceptual,identity unresolved; not proof of an omitted effect
luna56,10.1111--psyp.13546#luna56:14d41aa69d054205:1,10.1111--psyp.13546,Higher intolerance of uncertainty is associated with greater threat generalization during acquisition and delayed learning of threat-cue pairings during extinction.,inconclusive,conceptual,identity unresolved; not proof of an omitted effect
luna56,10.1111--psyp.13546#luna56:20ec78429ff762d2:1,10.1111--psyp.13546,Higher intolerance of uncertainty is associated with greater threat generalization during acquisition and delayed learning of threat-cue pairings during extinction.,failure,direct,identity unresolved; not proof of an omitted effect
luna56,10.1111--psyp.13546#luna56:14d41aa69d054205:2,10.1111--psyp.13546,Higher intolerance of uncertainty is associated with greater threat generalization during acquisition and delayed learning of threat-cue pairings during extinction.,inconclusive,conceptual,identity unresolved; not proof of an omitted effect
luna56,10.1080--02699931.2015.1136270#luna56:a1da9d91c55985a2:1,10.1080--02699931.2015.1136270,"Attentional retraining toward neutral stimuli reduces depressive symptoms in dysphoric individuals, relative to a no-training condition.",failure,direct,identity unresolved; not proof of an omitted effect
luna56,10.1177--0956797619837942#luna56:6fe99d37c7598ab1:1,10.1177--0956797619837942,Higher working memory capacity is positively associated with probe-caught mind wandering during a low-demand breath-awareness task.,failure,close experiment,identity unresolved; not proof of an omitted effect
luna56,10.1177--0956797619837942#luna56:f0b1ef47dadcb83c:1,10.1177--0956797619837942,Self-caught mind-wandering episodes are not associated with working memory capacity during the breath-awareness task.,success,close experiment,identity unresolved; not proof of an omitted effect
luna56,10.1007--s10882-014-9400-6#luna56:e4cd704fa6cbf101:1,10.1007--s10882-014-9400-6,"Prompting, multiple opportunities, and high rates of social reinforcement increase increasingly sophisticated social and instrumental requesting in toddlers with Down syndrome.",success,direct,identity unresolved; not proof of an omitted effect
luna56,10.1007--s10882-014-9400-6#luna56:ccff0bd6eb03ae0e:1,10.1007--s10882-014-9400-6,"Prompting, multiple opportunities, and high rates of social reinforcement increase verbal imitation of sounds in toddlers with Down syndrome.",success,direct,identity unresolved; not proof of an omitted effect
luna56,10.1097--acm.0000000000002311#luna56:d5978bf1e71c4033:1,10.1097--acm.0000000000002311,"The Chief Resident Immersion Training program improves chief residents' geriatric knowledge, clinical confidence, teaching skills, and interspecialty practice.",success,close extension,identity unresolved; not proof of an omitted effect
luna56,10.1158--1055-9965.epi-11-0870-t#luna56:f4a6a8f2c8f0c234:1,10.1158--1055-9965.epi-11-0870-t,The original study claimed that the rs9600079 locus was associated with prostate cancer risk in men of Japanese ancestry.,failure,close extension,identity unresolved; not proof of an omitted effect
luna56,10.1158--1055-9965.epi-11-0870-t#luna56:99822979cf7abc2c:1,10.1158--1055-9965.epi-11-0870-t,The original study claimed that the rs13385191 locus was associated with prostate cancer risk in men of Japanese ancestry.,success,close extension,identity unresolved; not proof of an omitted effect
luna56,10.1158--1055-9965.epi-11-0870-t#luna56:afdf203d7442d41f:1,10.1158--1055-9965.epi-11-0870-t,The original study claimed that the rs12653946 locus was associated with prostate cancer risk in men of Japanese ancestry.,success,close extension,identity unresolved; not proof of an omitted effect
luna56,10.1158--1055-9965.epi-11-0870-t#luna56:f32e38e84248a3f7:1,10.1158--1055-9965.epi-11-0870-t,The original study claimed that the rs1983891 locus was associated with prostate cancer risk in men of Japanese ancestry.,success,close extension,identity unresolved; not proof of an omitted effect
luna56,10.1158--1055-9965.epi-11-0870-t#luna56:bc506f98f4769cf3:1,10.1158--1055-9965.epi-11-0870-t,The original study claimed that the rs339331 locus was associated with prostate cancer risk in men of Japanese ancestry.,success,close extension,identity unresolved; not proof of an omitted effect
luna56,10.1016--j.jml.2022.104352#luna56:ab8fa5207194fa4f:1,10.1016--j.jml.2022.104352,Training Japanese listeners with multiple talkers improves identification of the English /r/-/l/ contrast and generalizes to novel talkers and items.,inconclusive,direct,identity unresolved; not proof of an omitted effect
luna56,10.1016--j.jml.2022.104352#luna56:331fe7915c5aa428:1,10.1016--j.jml.2022.104352,Single-talker training improves identification of the English /r/-/l/ contrast but produces poorer generalization to novel talkers than multiple-talker training.,inconclusive,direct,identity unresolved; not proof of an omitted effect
luna56,10.1016--0163-6383(90)90029-8#luna56:9e0f8bef534e7c44:1,10.1016--0163-6383(90)90029-8,Tactile/kinesthetic stimulation increases activity and produces more mature sleep/wake behaviors in preterm infants.,failure,direct,identity unresolved; not proof of an omitted effect
luna56,10.1016--0163-6383(90)90029-8#luna56:e6b84c3ee37da640:1,10.1016--0163-6383(90)90029-8,Tactile/kinesthetic stimulation produces greater daily weight gain in preterm infants than standard care.,success,direct,identity unresolved; not proof of an omitted effect
luna56,10.1016--0163-6383(90)90029-8#luna56:274909812ca6485d:1,10.1016--0163-6383(90)90029-8,Tactile/kinesthetic stimulation shortens the post-treatment hospital stay of preterm infants.,success,direct,identity unresolved; not proof of an omitted effect
luna56,10.1016--0163-6383(90)90029-8#luna56:d7b3221428e7bd69:1,10.1016--0163-6383(90)90029-8,Tactile/kinesthetic stimulation improves preterm infants' performance on the Brazelton Neonatal Behavioral Assessment Scale.,inconclusive,direct,identity unresolved; not proof of an omitted effect
luna56,10.1016--j.ynirp.2022.100147#luna56:ef88e8e7566e0c01:1,10.1016--j.ynirp.2022.100147,Whole-brain reward-related neural activity differs between fibromyalgia patients and healthy controls during monetary reward processing.,inconclusive,close extension,identity unresolved; not proof of an omitted effect
luna56,10.1016--j.ynirp.2022.100147#luna56:45db2cb66bf5ca01:1,10.1016--j.ynirp.2022.100147,Fibromyalgia patients show reduced medial prefrontal cortex responses compared with healthy controls during anticipation of monetary reward gains.,inconclusive,close extension,identity unresolved; not proof of an omitted effect
luna56,10.1016--j.ynirp.2022.100147#luna56:db15139b5c0ca7bf:1,10.1016--j.ynirp.2022.100147,Fibromyalgia patients show enhanced medial prefrontal cortex responses compared with healthy controls to non-punishment monetary outcomes.,inconclusive,close extension,identity unresolved; not proof of an omitted effect
luna56,10.1016--j.ynirp.2022.100147#luna56:2d2d114803683d5b:1,10.1016--j.ynirp.2022.100147,Greater medial prefrontal cortex response to non-punishment outcomes is positively associated with greater mood disturbance.,success,close extension,identity unresolved; not proof of an omitted effect
luna56,10.1016--j.ynirp.2022.100147#luna56:44ffd8089bfd0755:1,10.1016--j.ynirp.2022.100147,Fibromyalgia patients show reduced anterior cingulate cortex responses during anticipation of monetary rewards.,failure,close extension,identity unresolved; not proof of an omitted effect
luna56,10.1016--j.ynirp.2022.100147#luna56:9f55994ce6793102:1,10.1016--j.ynirp.2022.100147,Fibromyalgia patients show reduced anterior insula responses during anticipation of monetary rewards.,success,close extension,identity unresolved; not proof of an omitted effect
luna56,10.1016--j.ynirp.2022.100147#luna56:8eaf1bdfdf804045:1,10.1016--j.ynirp.2022.100147,Altered reward-related activity extends beyond the focused medial prefrontal cortex region into a broader anterior medial prefrontal cortex region.,inconclusive,close extension,identity unresolved; not proof of an omitted effect
luna56,10.1108--neje-04-2020-0005#luna56:62898f7efc161e07:1,10.1108--neje-04-2020-0005,Participation in an entrepreneurship education experience involving classroom instruction and international consulting fieldwork increases students' self-reported entrepreneurial competencies.,failure,close extension,identity unresolved; not proof of an omitted effect
luna56,10.1108--neje-04-2020-0005#luna56:654f0c263d7ddfb2:1,10.1108--neje-04-2020-0005,Participation in an entrepreneurship education experience involving classroom instruction and international consulting fieldwork increases students' self-reported entrepreneurial competencies.,inconclusive,close extension,identity unresolved; not proof of an omitted effect
luna56,10.1017--xps.2017.22#luna56:d11a70bd69d3c2ff:1,10.1017--xps.2017.22,"The outcome of a college football game affects students' negative mood, reducing negative mood among students at the winning school and increasing it among students at the losing school.",inconclusive,close extension,identity unresolved; not proof of an omitted effect
luna56,10.1017--xps.2017.22#luna56:a59e9b489c13e92c:1,10.1017--xps.2017.22,"The outcome of a college football game affects presidential approval, with students at the winning school becoming more approving and students at the losing school becoming less approving.",inconclusive,close extension,identity unresolved; not proof of an omitted effect
luna56,10.1017--xps.2017.22#luna56:2caf81a12f8c48b6:1,10.1017--xps.2017.22,"The outcome of a college football game affects students' satisfaction with their university, increasing satisfaction among students at the winning school and decreasing it among students at the losing school.",inconclusive,close extension,identity unresolved; not proof of an omitted effect
luna56,10.1017--xps.2017.22#luna56:3a2e85e12ca5597f:1,10.1017--xps.2017.22,"The outcome of a college football game affects students' positive mood, improving mood among students at the winning school and worsening mood among students at the losing school.",inconclusive,close extension,identity unresolved; not proof of an omitted effect
luna56,10.1371--journal.pone.0209704#luna56:782634ec4805b653:1,10.1371--journal.pone.0209704,Participants obey an authority figure by administering escalating electric shocks to a learner who gives incorrect answers and expresses distress.,failure,close experiment,identity unresolved; not proof of an omitted effect
luna56,10.1002--cpp.686#luna56:56f6ed283b33ce73:1,10.1002--cpp.686,"Attachment insecurity predicts outcome following short-term group therapy for patients presenting with complicated grief, emerging as the strongest interpersonal predictor.",success,direct,identity unresolved; not proof of an omitted effect
luna56,10.1007--s11251-018-9451-7#luna56:6faf1093bffb086e:1,10.1007--s11251-018-9451-7,Placing subgoal labels in both expository text and worked examples improves novel problem-solving performance more than placing labels in only one or neither type of instructional material.,inconclusive,close extension,identity unresolved; not proof of an omitted effect
luna56,10.1007--s11251-018-9451-7#luna56:4b037548515ffe26:1,10.1007--s11251-018-9451-7,Placing subgoal labels in both expository text and worked examples improves novel problem-solving performance more than placing labels in only one or neither type of instructional material.,failure,close extension,identity unresolved; not proof of an omitted effect
luna56,10.1007--s10648-019-09468-2#luna56:e0401c91b0a31222:1,10.1007--s10648-019-09468-2,"Mueller and Oppenheimer's Experiment 2 claimed that taking notes longhand rather than on a laptop improves immediate lecture-test performance, particularly on conceptual questions, and that laptop notes contain more words and verbatim overlap with the lecture.",failure,direct,identity unresolved; not proof of an omitted effect
luna56,10.1007--s10648-019-09468-2#luna56:3577558b709a34f5:1,10.1007--s10648-019-09468-2,"Mueller and Oppenheimer's Experiment 1 claimed that taking notes longhand rather than on a laptop improves subsequent performance on lecture-content tests, particularly conceptual questions, while laptop notes contain more words and verbatim overlap with the lecture.",inconclusive,direct,identity unresolved; not proof of an omitted effect
luna56,10.1002--ejsp.2175#luna56:812a2664e3c37e4a:1,10.1002--ejsp.2175,"Subliminally presented face-occupation pairs influence subsequent conscious classifications of the same faces, including judgments about income.",success,close extension,identity unresolved; not proof of an omitted effect
luna56,10.1037--xge0000788#luna56:41cae558a3dc5595:1,10.1037--xge0000788,Blameworthy behavior increases general and agent-specific free-will judgments compared with morally neutral behavior.,inconclusive,close experiment,identity unresolved; not proof of an omitted effect
luna56,10.1037--xge0000788#luna56:35b317cebdee00ab:1,10.1037--xge0000788,Exposure to an immoral or blameworthy situation increases participants' belief in free will compared with exposure to a morally neutral situation.,failure,direct,identity unresolved; not proof of an omitted effect
luna56,10.1037--xge0000788#luna56:5693e83e8ec962db:1,10.1037--xge0000788,"Immoral behavior increases belief in free will, partly because it increases the desire to punish the wrongdoer.",failure,direct,identity unresolved; not proof of an omitted effect
luna56,10.1525--collabra.216#luna56:a3d7121e2663716e:1,10.1525--collabra.216,A leader positioned vertically above another leader is judged as more powerful than a leader positioned at the same vertical level.,success,close experiment,identity unresolved; not proof of an omitted effect
luna56,10.1525--collabra.216#luna56:b9a2acc05cb6e397:1,10.1525--collabra.216,"A greater magnitude of vertical elevation between a leader and subordinates causes the leader to be judged as more powerful, even when hierarchical rank remains unchanged.",failure,close experiment,identity unresolved; not proof of an omitted effect
luna56,10.5964--jnc.7047#luna56:688f02535b544191:1,10.5964--jnc.7047,"The original study claimed that executive function prospectively predicted math achievement, but not literacy achievement, across kindergarten, within a broader pattern of reciprocal associations between executive function and academic achievement.",inconclusive,conceptual,identity unresolved; not proof of an omitted effect
luna56,10.5964--jnc.7047#luna56:cc11572eaf30ac06:1,10.5964--jnc.7047,"The original study claimed bidirectional associations between executive function and math achievement, as well as associations between executive function and literacy achievement, across the transition from preschool to kindergarten, with executive function prospectively predicting math achievement across kindergarten.",inconclusive,conceptual,identity unresolved; not proof of an omitted effect
luna56,10.1525--collabra.168#luna56:303275536b2a3188:1,10.1525--collabra.168,The original Study 2 claimed that brightness is explicitly associated with positivity when using achromatic black-and-white stimuli.,success,direct,identity unresolved; not proof of an omitted effect
luna56,10.1525--collabra.168#luna56:ede85814034391f1:1,10.1525--collabra.168,"The original Study 1 claimed that brightness is implicitly associated with positivity, as measured using an Implicit Association Test with chromatic stimuli.",success,direct,identity unresolved; not proof of an omitted effect
luna56,10.1525--collabra.168#luna56:8ef178e776202c28:1,10.1525--collabra.168,The original Study 2 claimed that brightness is implicitly associated with positivity when using achromatic black-and-white stimuli.,success,direct,identity unresolved; not proof of an omitted effect
luna56,10.1177--1948550618775410#luna56:53ac6a213425d65b:1,10.1177--1948550618775410,"Kidd and Castano (2013), Experiment 5: reading literary fiction produces higher Reading the Mind in the Eyes Test performance than reading popular fiction.",success,direct,identity unresolved; not proof of an omitted effect
luna56,10.1177--1948550618775410#luna56:b781ff13072d4ca8:1,10.1177--1948550618775410,"Kidd and Castano (2013), Experiment 5: reading literary fiction produces higher Reading the Mind in the Eyes Test performance than reading popular fiction.",inconclusive,direct,identity unresolved; not proof of an omitted effect
luna56,10.1177--1948550618775410#luna56:b781ff13072d4ca8:2,10.1177--1948550618775410,"Kidd and Castano (2013), Experiment 5: reading literary fiction produces higher Reading the Mind in the Eyes Test performance than reading popular fiction.",inconclusive,direct,identity unresolved; not proof of an omitted effect
luna56,10.1016--j.dcn.2017.12.003#luna56:08566c8b8c8e75cd:1,10.1016--j.dcn.2017.12.003,Social dynamic stimuli elicit greater posterior temporal cortical activation than non-social dynamic stimuli in infants.,success,direct,identity unresolved; not proof of an omitted effect
luna56,10.17605--osf.io--knjhu#luna56:6f326a7c5375199e:1,10.17605--osf.io--knjhu,"In Baron and Hershey's Experiment 1, decisions made by physicians that resulted in successful outcomes were evaluated more favorably than identical decisions that resulted in failed outcomes.",success,close extension,identity unresolved; not proof of an omitted effect
luna56,10.17605--osf.io--knjhu#luna56:efaf79086150a97b:1,10.17605--osf.io--knjhu,"In Baron and Hershey's Experiment 1, decisions made by patients that resulted in successful outcomes were evaluated more favorably than identical decisions that resulted in failed outcomes.",success,close extension,identity unresolved; not proof of an omitted effect
luna56,10.17605--osf.io--ahcpw#luna56:1cfa1ece1feb5194:1,10.17605--osf.io--ahcpw,"In Study 4, sentencing judgments were expected to be scope-sensitive when participants received no empathy instruction and relatively scope-insensitive when participants received an empathy instruction.",failure,close extension,identity unresolved; not proof of an omitted effect
luna56,10.17605--osf.io--ahcpw#luna56:0505c4c1ef409527:1,10.17605--osf.io--ahcpw,"In Study 2, cash as an affect-poor target was expected to produce scope-sensitive willingness to work, whereas a music book as an affect-rich target was expected to produce scope-insensitive willingness to work.",failure,close extension,identity unresolved; not proof of an omitted effect
luna56,10.17605--osf.io--ahcpw#luna56:65b1c453dfbccec8:1,10.17605--osf.io--ahcpw,"In Study 3, presenting pandas as affect-poor dots was expected to produce scope-sensitive donation judgments, whereas presenting pandas as affect-rich pictures was expected to produce scope-insensitive donation judgments.",failure,close extension,identity unresolved; not proof of an omitted effect
luna56,10.17605--osf.io--wmqtb#luna56:2cc3f3947da24537:1,10.17605--osf.io--wmqtb,"At the beginning of pursuing a goal, people are more committed to a moderate, proximal goal than to an ambitious, distal goal.",failure,close experiment,identity unresolved; not proof of an omitted effect
luna56,10.17605--osf.io--wmqtb#luna56:57d814aa0ab1f2d9:1,10.17605--osf.io--wmqtb,"People perceive more progress toward a moderate, proximal goal than toward an ambitious, distal goal.",success,close experiment,identity unresolved; not proof of an omitted effect
luna56,10.17605--osf.io--wmqtb#luna56:63e8895eb2a402ba:1,10.17605--osf.io--wmqtb,"At the end of pursuing a goal, people are more committed to a moderate, proximal goal than to an ambitious, distal goal.",success,close experiment,identity unresolved; not proof of an omitted effect
luna56,10.17605--osf.io--wmqtb#luna56:e145c56ae6ca81fc:1,10.17605--osf.io--wmqtb,Smaller and more proximal subgoals increase the likelihood of achieving the overall goal.,success,close experiment,identity unresolved; not proof of an omitted effect
luna56,10.17605--osf.io--wmqtb#luna56:1c7de8bc1b540239:1,10.17605--osf.io--wmqtb,"In the absence of a specific goal, people prefer a lower-risk option over a higher-risk option involving gains.",success,close experiment,identity unresolved; not proof of an omitted effect
luna56,10.17605--osf.io--wmqtb#luna56:8fb40a6d96f59492:1,10.17605--osf.io--wmqtb,"When falling behind a specific goal, people are more willing to choose a higher-risk option than when no specific goal is present.",success,close experiment,identity unresolved; not proof of an omitted effect
luna56,10.17605--osf.io--wmqtb#luna56:b9487b82615826b0:1,10.17605--osf.io--wmqtb,"Goals divide outcomes into positive and negative emotional domains, such that performance above a goal produces positive emotion and performance below a goal produces negative emotion.",success,close experiment,identity unresolved; not proof of an omitted effect
luna56,10.17605--osf.io--wmqtb#luna56:f5df5507d9a3edfe:1,10.17605--osf.io--wmqtb,Falling short of a specific goal produces lower satisfaction than performing better than usual without a specific goal.,success,close experiment,identity unresolved; not proof of an omitted effect
luna56,10.17605--osf.io--wmqtb#luna56:ede8e150569430cf:1,10.17605--osf.io--wmqtb,An equivalent loss below a goal elicits more emotion than an equivalent gain above a goal.,inconclusive,close experiment,identity unresolved; not proof of an omitted effect
luna56,10.17605--osf.io--wmqtb#luna56:591fd5734d81ee61:1,10.17605--osf.io--wmqtb,People exert more effort on an additional unit of work when they are below a goal than when they are above it.,success,close experiment,identity unresolved; not proof of an omitted effect
luna56,10.17605--osf.io--wmqtb#luna56:e4ed89fc65fa75e0:1,10.17605--osf.io--wmqtb,A person who is below a goal and approaching it exerts approximately twice as much effort as a person who has surpassed a goal while producing the same amount of work.,inconclusive,close experiment,identity unresolved; not proof of an omitted effect
luna56,10.17605--osf.io--wmqtb#luna56:4d113259f73b9e3e:1,10.17605--osf.io--wmqtb,A person who has surpassed a goal exerts approximately half as much effort as a person who is below a goal and approaching it while producing the same amount of work.,inconclusive,close experiment,identity unresolved; not proof of an omitted effect
luna56,10.17605--osf.io--wmqtb#luna56:ae0f6383f0675bd4:1,10.17605--osf.io--wmqtb,"When people are above their goals, they exert more effort on an additional unit of work when they are closer to the goal than when they are farther away.",success,close experiment,identity unresolved; not proof of an omitted effect
luna56,10.17605--osf.io--wmqtb#luna56:e7608c9a3f40b18f:1,10.17605--osf.io--wmqtb,"When people are below their goals, they exert more effort on an additional unit of work when they are closer to the goal than when they are farther away.",success,close experiment,identity unresolved; not proof of an omitted effect
luna56,10.17605--osf.io--wmqtb#luna56:a675498f1551fa97:1,10.17605--osf.io--wmqtb,"When a difficult goal cannot be attained, people exert more effort in the short run when they are closer to the goal than when they are farther away.",success,close experiment,identity unresolved; not proof of an omitted effect
luna56,10.17605--osf.io--4hjck#luna56:eb38fa46acb7d7ab:1,10.17605--osf.io--4hjck,Higher numeracy is associated with drawing more affective meaning from probabilities and numerical comparisons.,success,direct,identity unresolved; not proof of an omitted effect
luna56,10.17605--osf.io--4hjck#luna56:9e36920258b99fda:1,10.17605--osf.io--4hjck,Higher numeracy is associated with a weaker frequency-percentage framing effect.,inconclusive,direct,identity unresolved; not proof of an omitted effect
luna56,10.17605--osf.io--4hjck#luna56:bbfc4f27c22d30b9:1,10.17605--osf.io--4hjck,"Lower numeracy is associated with a greater tendency to choose the suboptimal, large-numerator ratio option in competing affective decisions.",success,direct,identity unresolved; not proof of an omitted effect
luna56,10.17605--osf.io--4hjck#luna56:c6693a0a9e491366:1,10.17605--osf.io--4hjck,Lower numeracy is associated with more positive affect toward the affectively appealing option with less favorable objective probabilities.,success,direct,identity unresolved; not proof of an omitted effect
luna56,10.17605--osf.io--4hjck#luna56:a9b49fe1b8776488:1,10.17605--osf.io--4hjck,Lower numeracy is associated with lower affective precision regarding the affectively appealing option with less favorable objective probabilities.,success,direct,identity unresolved; not proof of an omitted effect
luna56,10.1097--psy.0b013e3181fdd074#luna56:91555cf5df55ec13:1,10.1097--psy.0b013e3181fdd074,Child sex abuse is associated with overall hypermethylation of the 5HTT promoter region among women.,success,direct,identity unresolved; not proof of an omitted effect
luna56,10.17605--osf.io--w34fb#luna56:fb5994ff2d085971:1,10.17605--osf.io--w34fb,Body focus causes observers to attribute higher moral patiency to the target.,failure,close experiment,identity unresolved; not proof of an omitted effect
luna56,10.17605--osf.io--w34fb#luna56:b26884ab084c409c:1,10.17605--osf.io--w34fb,Body focus causes observers to perceive a target as having lower agency.,failure,close experiment,identity unresolved; not proof of an omitted effect
luna56,10.17605--osf.io--w34fb#luna56:0468464c0785d51a:1,10.17605--osf.io--w34fb,Body focus causes observers to perceive a target as having higher experience.,failure,close experiment,identity unresolved; not proof of an omitted effect
luna56,10.17605--osf.io--w34fb#luna56:80bbcb8f55e34eed:1,10.17605--osf.io--w34fb,Attractiveness is positively associated with perceived agency.,failure,close experiment,identity unresolved; not proof of an omitted effect
luna56,10.17605--osf.io--w34fb#luna56:da681d6a3c25934d:1,10.17605--osf.io--w34fb,Sexual suggestiveness is negatively associated with perceived agency.,failure,close experiment,identity unresolved; not proof of an omitted effect
luna56,10.17605--osf.io--w34fb#luna56:5226b2ec54bc1e85:1,10.17605--osf.io--w34fb,Sexual suggestiveness is positively associated with perceived experience.,failure,close experiment,identity unresolved; not proof of an omitted effect
luna56,10.17605--osf.io--w34fb#luna56:7d9841f44f99cbd6:1,10.17605--osf.io--w34fb,Body focus causes observers to attribute lower moral agency to the target.,failure,close experiment,identity unresolved; not proof of an omitted effect
luna56,10.1037--a0024923#luna56:9d229820253b1a67:1,10.1037--a0024923,"In a Giving Game, adults judge givers who provide a greater proportion of their available resources as nicer, whereas young children favor givers who provide a greater absolute amount.",success,direct,identity unresolved; not proof of an omitted effect
luna56,10.31234--osf.io--3bhja#luna56:fdacda0d8c8bdfdb:1,10.31234--osf.io--3bhja,"Unemployment was claimed to cause a mean-level decline in openness relative to employment, with the change varying nonlinearly by unemployment duration and respondents' gender.",failure,direct,identity unresolved; not proof of an omitted effect
luna56,10.31234--osf.io--3bhja#luna56:ff6df935142c5fb9:1,10.31234--osf.io--3bhja,"Unemployment was claimed to cause a mean-level decline in agreeableness relative to employment, with the change varying by unemployment duration and respondents' gender.",failure,direct,identity unresolved; not proof of an omitted effect
luna56,10.31234--osf.io--3bhja#luna56:4a933df754db9d60:1,10.31234--osf.io--3bhja,"Unemployment was claimed to cause a mean-level decline in conscientiousness relative to employment, with the change varying by unemployment duration and respondents' gender.",failure,direct,identity unresolved; not proof of an omitted effect
luna56,10.1177--2515245920958687#luna56:d5d245ecfdc20d41:1,10.1177--2515245920958687,Adults and young children detect fear-relevant snakes more readily than nonfear-relevant stimuli.,failure,direct,identity unresolved; not proof of an omitted effect
luna56,10.1177--2515245920958687#luna56:b028427bcd96ee07:1,10.1177--2515245920958687,Adults and young children detect fear-relevant snakes more readily than nonfear-relevant stimuli.,failure,close extension,identity unresolved; not proof of an omitted effect
luna56,10.1177--2515245920958687#luna56:dbc0fd0476bd11b9:1,10.1177--2515245920958687,"Instilling action or inaction goals influences subsequent motor and cognitive output (Albarracín et al., 2008, Experiment 5).",failure,direct,identity unresolved; not proof of an omitted effect
luna56,10.1177--2515245920958687#luna56:42a42fcef4bc7d0f:1,10.1177--2515245920958687,"Instilling action or inaction goals influences subsequent motor and cognitive output (Albarracín et al., 2008, Experiment 5).",inconclusive,close extension,identity unresolved; not proof of an omitted effect
luna56,10.1177--2515245920958687#luna56:dd1972fd370dcbef:1,10.1177--2515245920958687,"Instilling action or inaction goals influences subsequent motor and cognitive output (Albarracín et al., 2008, Experiment 7).",failure,direct,identity unresolved; not proof of an omitted effect
luna56,10.1177--2515245920958687#luna56:b0a3c67e04cfafc9:1,10.1177--2515245920958687,"Instilling action or inaction goals influences subsequent motor and cognitive output (Albarracín et al., 2008, Experiment 7).",failure,close extension,identity unresolved; not proof of an omitted effect
luna56,10.1177--2515245920958687#luna56:fc62da1745593c62:1,10.1177--2515245920958687,People look toward rather than away from a person engaging in potentially offensive behavior.,inconclusive,direct,identity unresolved; not proof of an omitted effect
luna56,10.1177--2515245920958687#luna56:81b70607bba79c28:1,10.1177--2515245920958687,People look toward rather than away from a person engaging in potentially offensive behavior.,inconclusive,close experiment,identity unresolved; not proof of an omitted effect
luna56,10.1177--2515245920958687#luna56:5a3fbaf8ef06f8d4:1,10.1177--2515245920958687,Global versus local processing styles produce assimilation versus contrast in social judgment.,failure,direct,identity unresolved; not proof of an omitted effect
luna56,10.1177--2515245920958687#luna56:bb8d6abb38f4a4fd:1,10.1177--2515245920958687,Global versus local processing styles produce assimilation versus contrast in social judgment.,failure,close experiment,identity unresolved; not proof of an omitted effect
luna56,10.1177--2515245920958687#luna56:bc0c9b9e8c9329e3:1,10.1177--2515245920958687,Implicit and explicit race attitudes are less strongly correlated when participants are instructed to respond without bias than when they are instructed to express their true feelings.,failure,direct,identity unresolved; not proof of an omitted effect
luna56,10.1177--2515245920958687#luna56:43882e292ad73709:1,10.1177--2515245920958687,Implicit and explicit race attitudes are less strongly correlated when participants are instructed to respond without bias than when they are instructed to express their true feelings.,failure,close extension,identity unresolved; not proof of an omitted effect
luna56,10.1177--2515245920958687#luna56:69f7a5f5eb4c7b08:1,10.1177--2515245920958687,People are reluctant to tempt fate and avoid actions associated with tempting fate.,failure,direct,identity unresolved; not proof of an omitted effect
luna56,10.1177--2515245920958687#luna56:b1781c9aa55fb4ea:1,10.1177--2515245920958687,People are reluctant to tempt fate and avoid actions associated with tempting fate.,failure,close extension,identity unresolved; not proof of an omitted effect
luna56,10.1177--2515245920958687#luna56:7719fcbf833f3711:1,10.1177--2515245920958687,Restoring psychological needs after a conflict increases willingness to reconcile.,failure,direct,identity unresolved; not proof of an omitted effect
luna56,10.1177--2515245920958687#luna56:22ec575394b394d5:1,10.1177--2515245920958687,Restoring psychological needs after a conflict increases willingness to reconcile.,inconclusive,close experiment,identity unresolved; not proof of an omitted effect
luna56,10.1177--2515245920958687#luna56:64b93ae9d3d70a9c:1,10.1177--2515245920958687,Negotiators make more generous offers to happy negotiation partners than to angry negotiation partners.,failure,direct,identity unresolved; not proof of an omitted effect
luna56,10.1177--2515245920958687#luna56:c7e631761c1e5f98:1,10.1177--2515245920958687,Negotiators make more generous offers to happy negotiation partners than to angry negotiation partners.,inconclusive,close experiment,identity unresolved; not proof of an omitted effect
luna56,10.1177--2515245920958687#luna56:28b58e638b9dbf06:1,10.1177--2515245920958687,"Encouraging belief in determinism, rather than free will, increases cheating.",failure,direct,identity unresolved; not proof of an omitted effect
luna56,10.1177--2515245920958687#luna56:00839911a916ae12:1,10.1177--2515245920958687,"Encouraging belief in determinism, rather than free will, increases cheating.",failure,close experiment,identity unresolved; not proof of an omitted effect
luna56,10.17605--osf.io--j9mfn#luna56:718deab24a54522d:1,10.17605--osf.io--j9mfn,Mind attribution is higher when participants adopt the character's first-person perspective than when they adopt an objective third-person perspective.,failure,close extension,identity unresolved; not proof of an omitted effect
luna56,10.48550--arxiv.1605.00178#luna56:f096f4bd9ae272f9:1,10.48550--arxiv.1605.00178,"In Experiment 1, quantified object noun phrases headed by “every” were predicted to show a processing advantage over definite object noun phrases headed by “the” in antecedent-contained-deletion relative clauses, reflected in an interaction between determiner and verb type after the disambiguating verb.",failure,direct,identity unresolved; not proof of an omitted effect
luna56,10.48550--arxiv.1605.00178#luna56:4f5d1f2cdc257bdb:1,10.48550--arxiv.1605.00178,"In Experiment 2, the critical prediction was that the definite determiner condition would be read more slowly than the quantified condition specifically in local antecedent-contained-deletion clauses, producing an interaction between verb type and determiner after the disambiguating verb.",failure,direct,identity unresolved; not proof of an omitted effect
luna56,10.17605--osf.io--j3ue4#luna56:1179f1a791c12594:1,10.17605--osf.io--j3ue4,Public exposure of moral transgressions produces a stronger increase in shame than in guilt.,failure,close extension,identity unresolved; not proof of an omitted effect
luna56,10.17605--osf.io--j3ue4#luna56:6f6950e6be7845a9:1,10.17605--osf.io--j3ue4,Stronger moral beliefs about the transgression produce a stronger increase in guilt than in shame.,failure,close extension,identity unresolved; not proof of an omitted effect
luna56,10.1177--1948550618808863#luna56:94c36481d0719bf3:1,10.1177--1948550618808863,Study 1 tested whether White students would have less knowledge of historical racism than Black students and whether historical knowledge would mediate racial differences in perceptions of isolated and systemic racism.,failure,close extension,identity unresolved; not proof of an omitted effect
luna56,10.1177--1948550618808863#luna56:d08dda9dcb08bb78:1,10.1177--1948550618808863,Study 2 tested whether White students would have less knowledge of historical racism than Black students and whether historical knowledge would mediate racial differences in perceptions of isolated and systemic racism.,failure,close extension,identity unresolved; not proof of an omitted effect
luna56,10.1002--rrq.62#luna56:2f8a39feaf48bd4c:1,10.1002--rrq.62,Providing children with books matched to their reading levels and interests plus teacher-led comprehension and fluency lessons and parent-supported reading activities improves summer-to-fall reading comprehension.,inconclusive,close extension,identity unresolved; not proof of an omitted effect
luna56,10.1002--rrq.62#luna56:f1cda2d06c52825c:1,10.1002--rrq.62,"A voluntary summer reading program providing students with books matched to their reading levels and interests, together with teacher scaffolding and parent support, improves subsequent reading comprehension.",inconclusive,close extension,identity unresolved; not proof of an omitted effect
luna56,10.1037--0022-3514.83.2.406#luna56:d8419bc6cd8ae250:1,10.1037--0022-3514.83.2.406,Exposure to an elderly stereotype prime causes participants to walk more slowly than participants exposed to a neutral prime.,success,close experiment,identity unresolved; not proof of an omitted effect
luna56,10.1037--0022-3514.83.2.406#luna56:4382a783d1cf7b68:1,10.1037--0022-3514.83.2.406,Exposure to an elderly stereotype prime causes participants to walk more slowly than participants exposed to a neutral prime.,success,close extension,identity unresolved; not proof of an omitted effect
luna56,10.1016--j.cogdev.2017.10.004#luna56:a4979ea5ba906014:1,10.1016--j.cogdev.2017.10.004,Children inform an experimenter about an object's new location more frequently when the experimenter was absent and therefore ignorant during the object's relocation than when she observed the relocation.,success,direct,identity unresolved; not proof of an omitted effect
luna56,10.1016--j.cogdev.2017.10.004#luna56:6cb26463d4871817:1,10.1016--j.cogdev.2017.10.004,Infants help an experimenter with a false belief by opening the box containing the desired toy rather than the empty box the experimenter attempts to open.,success,close experiment,identity unresolved; not proof of an omitted effect
luna56,10.1016--j.cogdev.2017.10.004#luna56:5ae8704ebdbf240b:1,10.1016--j.cogdev.2017.10.004,Infants look longer when an experimenter reaches for an object in its actual location rather than the location where she falsely believes it to be.,failure,close experiment,identity unresolved; not proof of an omitted effect
luna56,10.1016--j.cogdev.2017.10.004#luna56:bf7d3b8705fdb5d4:1,10.1016--j.cogdev.2017.10.004,Infants look longer when an experimenter reaches for an object in its actual location rather than the location where she falsely believes it to be.,failure,close experiment,identity unresolved; not proof of an omitted effect
luna56,10.1002--pits.22027#luna56:50d69591654d3a48:1,10.1002--pits.22027,"Students' classroom engagement and disaffection are dynamically related to one another and are predicted by classroom context and students' self-perceptions, with self-perceptions mediating the relation between teacher support and engagement.",inconclusive,close extension,identity unresolved; not proof of an omitted effect
luna56,10.1080--09658211.2011.590505#luna56:dd3f6b4ba99045b1:1,10.1080--09658211.2011.590505,"Intrusion and avoidance of intrusive memories predict depression and anxiety symptoms six months later, controlling for baseline symptoms.",inconclusive,close extension,identity unresolved; not proof of an omitted effect
luna56,10.1080--09658211.2011.590505#luna56:808d3f94d3e0a493:1,10.1080--09658211.2011.590505,"Intrusion and avoidance of intrusive memories of stressful life events predict depression symptoms six months later, controlling for baseline depression.",inconclusive,close extension,identity unresolved; not proof of an omitted effect
luna56,10.1111--bjso.12217#luna56:2432fb8332060239:1,10.1111--bjso.12217,"The affect misattribution procedure produces a positive priming effect, and warning participants about the potential influence of the prime does not significantly diminish that effect.",success,direct,identity unresolved; not proof of an omitted effect
luna56,10.18718--81781.23#luna56:26835ad26177e447:1,10.18718--81781.23,"Using the same countries and period as the original study, the replication tests the original claim that merit goods and private consumption are complements.",success,direct,identity unresolved; not proof of an omitted effect
luna56,10.18718--81781.23#luna56:d92766198435d178:1,10.18718--81781.23,"Using the same countries and period as the original study, the replication tests the original claim that public goods and private consumption are substitutes.",failure,direct,identity unresolved; not proof of an omitted effect
luna56,10.18718--81781.23#luna56:c03464f568d4f9d9:1,10.18718--81781.23,"Using data from 1996 to 2015, the extension tests whether the original claim that merit goods and private consumption are complements generalizes to a more recent period.",success,close extension,identity unresolved; not proof of an omitted effect
luna56,10.18718--81781.23#luna56:ee998cf2d0ec307f:1,10.18718--81781.23,"Using data from 1996 to 2015, the extension tests whether the original claim that public goods and private consumption are substitutes generalizes to a more recent period.",failure,close extension,identity unresolved; not proof of an omitted effect
luna56,10.18718--81781.29#luna56:49118a48993283ef:1,10.18718--81781.29,"Norwegian matched employer-employee data replicate the claim that when workers leave multinational firms and are rehired by domestic establishments, the wages of incumbent domestic coworkers increase.",success,close extension,identity unresolved; not proof of an omitted effect
luna56,10.18718--81781.29#luna56:f91f6e50e02cbb88:1,10.18718--81781.29,"Irish matched employer-employee data from 2005 to 2010 replicate the claim that when workers leave multinational firms and are rehired by domestic firms, the wages of incumbent domestic coworkers increase.",success,close extension,identity unresolved; not proof of an omitted effect
luna56,10.18718--81781.29#luna56:7e0e76e8de6a97ce:1,10.18718--81781.29,"Irish matched employer-employee data from 2011 to 2016 replicate the claim that when workers leave multinational firms and are rehired by domestic firms, the wages of incumbent domestic coworkers increase.",success,close extension,identity unresolved; not proof of an omitted effect
luna56,10.1002--ejsp.2748#luna56:ac8edfe2f58fe99f:1,10.1002--ejsp.2748,Participants respond more defensively to criticism of their ingroup when it comes from an outgroup member than when it comes from an ingroup member.,success,direct,identity unresolved; not proof of an omitted effect
luna56,10.1016--j.actpsy.2020.103138#luna56:14ed0d7957e8eaa2:1,10.1016--j.actpsy.2020.103138,"Age of acquisition affects written word naming, with the magnitude of the effect differing from picture naming because orthography-to-phonology mappings are more systematic.",inconclusive,close experiment,identity unresolved; not proof of an omitted effect
luna56,10.1016--j.actpsy.2020.103138#luna56:19e57fcf871cd8af:1,10.1016--j.actpsy.2020.103138,"Age of acquisition affects spoken picture naming, with the effect reflecting the arbitrary mapping between pictorial, semantic, and phonological representations.",success,close experiment,identity unresolved; not proof of an omitted effect
luna56,10.1016--j.actpsy.2020.103138#luna56:cc1cc2b18d341b96:1,10.1016--j.actpsy.2020.103138,"Age of acquisition affects written picture naming, with the effect reflecting the arbitrary mapping between pictorial, semantic, and orthographic representations.",success,close experiment,identity unresolved; not proof of an omitted effect
luna56,10.1016--j.actpsy.2020.103138#luna56:3f85f1d638a833eb:1,10.1016--j.actpsy.2020.103138,"Age of acquisition affects spoken word naming, with the magnitude of the effect differing from picture naming because orthography-to-phonology mappings are more systematic.",inconclusive,close experiment,identity unresolved; not proof of an omitted effect
luna56,10.1016--j.actpsy.2022.103717#luna56:c4c7191b4afa58ae:1,10.1016--j.actpsy.2022.103717,The smartphone attachment and dependency inventory has a two-factor structure consisting of smartphone dependence and emotional attachment.,inconclusive,direct,identity unresolved; not proof of an omitted effect
luna56,10.1016--j.actpsy.2022.103717#luna56:da2536b2506a5e3d:1,10.1016--j.actpsy.2022.103717,"Having one's smartphone closer in proximity, particularly on the desk, reduces working-memory performance on the OSpan task.",failure,direct,identity unresolved; not proof of an omitted effect
luna56,10.1016--j.actpsy.2022.103717#luna56:78888b14f8853461:1,10.1016--j.actpsy.2022.103717,Smartphone location does not affect sustained attention performance on the Cue-Dependent Go/No-Go task.,success,direct,identity unresolved; not proof of an omitted effect
luna56,10.1016--j.actpsy.2022.103717#luna56:60bcd4974408199d:1,10.1016--j.actpsy.2022.103717,Whether a smartphone is powered on or off does not affect performance on the cognitive-capacity and sustained-attention tasks.,success,direct,identity unresolved; not proof of an omitted effect
luna56,10.1016--j.actpsy.2022.103717#luna56:7ae57288bc914178:1,10.1016--j.actpsy.2022.103717,"Smartphone attachment and dependency moderate the effect of smartphone location on OSpan working-memory performance, with higher reliance producing a larger brain-drain effect.",failure,direct,identity unresolved; not proof of an omitted effect
luna56,10.1016--j.intell.2020.101471#luna56:2d2603a203cd5daa:1,10.1016--j.intell.2020.101471,Blackwell et al. (2007) claimed that a growth mindset predicts higher mathematics grades across a challenging educational transition.,failure,close extension,identity unresolved; not proof of an omitted effect
luna56,10.1016--j.intell.2020.101471#luna56:4fefd73b1797943f:1,10.1016--j.intell.2020.101471,Blackwell et al. (2007) claimed that a growth mindset predicts improvement in mathematics grades across the challenging transition from sixth to seventh grade.,failure,close extension,identity unresolved; not proof of an omitted effect
luna56,10.1016--j.jesp.2023.104549#luna56:1c2ddf3e072423de:1,10.1016--j.jesp.2023.104549,"In Study 4, presenting questionnaires in a difficult-to-read font to induce analytic thinking was claimed to reduce generic conspiracist beliefs compared with an easy-to-read font condition.",failure,direct,identity unresolved; not proof of an omitted effect
luna56,10.1016--j.jesp.2023.104549#luna56:d2bd8a6dbdfb79b6:1,10.1016--j.jesp.2023.104549,"In Study 4, presenting questionnaires in a difficult-to-read font to induce analytic thinking was claimed to reduce belief in conspiracy theories about the 7/7 London bombings compared with an easy-to-read font condition.",failure,direct,identity unresolved; not proof of an omitted effect
luna56,10.1016--j.jesp.2023.104549#luna56:d0189fbafab679c4:1,10.1016--j.jesp.2023.104549,"In Study 2, priming analytic thinking with analytic words in a scrambled-sentence task was claimed to reduce belief in conspiracy theories compared with a neutral-word control condition.",failure,direct,identity unresolved; not proof of an omitted effect
luna56,10.1098--rsos.210641#luna56:3e57d0ac6fe6ca04:1,10.1098--rsos.210641,Older adults show preserved empathic responses relative to younger adults.,success,close extension,identity unresolved; not proof of an omitted effect
luna56,10.1098--rsos.210641#luna56:8fa33cf0cac90c8f:1,10.1098--rsos.210641,Older adults show enhanced compassion relative to younger adults.,success,close extension,identity unresolved; not proof of an omitted effect
luna56,10.1098--rsos.210641#luna56:44dc2f51955afc46:1,10.1098--rsos.210641,Older adults show a decline in Theory of Mind performance relative to younger adults.,inconclusive,close extension,identity unresolved; not proof of an omitted effect
luna56,10.1177--01461672211052120#luna56:72f4ff97450ebaa6:1,10.1177--01461672211052120,Higher blood alcohol concentration is associated with greater willingness to accept instrumental harm in the switch dilemma.,failure,close extension,identity unresolved; not proof of an omitted effect
luna56,10.1177--01461672211052120#luna56:800c35fd6a24bc39:1,10.1177--01461672211052120,Higher blood alcohol concentration is associated with greater willingness to accept instrumental harm in the footbridge dilemma.,failure,close extension,identity unresolved; not proof of an omitted effect
luna56,10.1177--0956797617747090#luna56:671ada83f7fd8063:1,10.1177--0956797617747090,Participants should look proportionally more toward the belief-congruent than the belief-incongruent location in a false-belief anticipatory-looking task.,inconclusive,direct,identity unresolved; not proof of an omitted effect
luna56,10.1177--0956797617747090#luna56:c2688c2cd4583764:1,10.1177--0956797617747090,"Participants should look longer at the no-object location in false-belief than in true-belief trials, indicating sustained implicit processing of another person's mental state.",inconclusive,direct,identity unresolved; not proof of an omitted effect
luna56,10.1177--0956797617747090#luna56:985cbf86f832f593:1,10.1177--0956797617747090,"Participants should look longer at the no-object location in false-belief than in true-belief trials, indicating sustained implicit processing of another person's mental state.",failure,direct,identity unresolved; not proof of an omitted effect
luna56,10.1177--0956797617747090#luna56:4efc8642618d7e87:1,10.1177--0956797617747090,"Participants should make belief-congruent anticipatory looks, with first saccades directed toward the no-object location in false-belief trials and toward the object location in true-belief trials.",inconclusive,direct,identity unresolved; not proof of an omitted effect
luna56,10.1177--0956797617747090#luna56:0570165dd46e98b5:1,10.1177--0956797617747090,Participants should look proportionally more toward the belief-congruent than the belief-incongruent location during an anticipatory-looking false-belief task.,success,direct,identity unresolved; not proof of an omitted effect
luna56,10.1177--0956797617747090#luna56:4b24a0f54faca9b0:1,10.1177--0956797617747090,Participants should show belief-congruent anticipatory looking in the Low and Watts false-belief paradigm when using the original stimulus materials and procedure.,inconclusive,close experiment,identity unresolved; not proof of an omitted effect
luna56,10.1177--0956797617747090#luna56:a3d6bd9555144ac2:1,10.1177--0956797617747090,Participants should show belief-congruent anticipatory looking in the Low and Watts false-belief paradigm when the actress's final turn is consistent with the belief-congruent location.,failure,close experiment,identity unresolved; not proof of an omitted effect
luna56,10.1177--0956797617747090#luna56:c96173a1c3756ea6:1,10.1177--0956797617747090,Participants should look proportionally more toward the belief-congruent than the belief-incongruent location in a false-belief anticipatory-looking task.,inconclusive,direct,identity unresolved; not proof of an omitted effect
luna56,10.1525--collabra.185#luna56:1f6e60fa8f6a6817:1,10.1525--collabra.185,"Activities described as high in support of autonomy, competence, and relatedness produce higher reported need support than activities described as low in support of these needs.",success,close experiment,identity unresolved; not proof of an omitted effect
luna56,10.1525--collabra.277#luna56:9fb7bb6b5a55ac8a:1,10.1525--collabra.277,Processing the word red before an intellectual performance test impairs test performance compared with processing a control color word.,failure,conceptual,identity unresolved; not proof of an omitted effect
luna56,10.1525--collabra.277#luna56:f241a7fdd672cdd1:1,10.1525--collabra.277,Reading the word red before a verbal reasoning test causes lower test scores than reading a control color word.,failure,direct,identity unresolved; not proof of an omitted effect
luna56,10.1525--collabra.277#luna56:f241a7fdd672cdd1:2,10.1525--collabra.277,Reading the word red before a verbal reasoning test causes lower test scores than reading a control color word.,failure,direct,identity unresolved; not proof of an omitted effect
luna56,10.1525--collabra.277#luna56:9fb7bb6b5a55ac8a:2,10.1525--collabra.277,Processing the word red before an intellectual performance test impairs test performance compared with processing a control color word.,failure,conceptual,identity unresolved; not proof of an omitted effect
luna56,10.31234--osf.io--drfht#luna56:76d53cf144b9076b:1,10.31234--osf.io--drfht,Placebo analgesia reduces pain intensity and unpleasantness when participants observe another person in pain.,failure,close experiment,identity unresolved; not proof of an omitted effect
luna56,10.31234--osf.io--drfht#luna56:050c900dbb822be9:1,10.31234--osf.io--drfht,Placebo analgesia reduces participants' first-hand pain ratings.,success,close experiment,identity unresolved; not proof of an omitted effect
luna56,10.3389--fpsyg.2014.00786#luna56:2847f263ed23df83:1,10.3389--fpsyg.2014.00786,"In the delayed condition, averaging two general-knowledge guesses made three weeks apart by one person produces a more accurate estimate than either individual guess alone.",success,close extension,identity unresolved; not proof of an omitted effect
luna56,10.3389--fpsyg.2014.00786#luna56:56c9e6c790449b79:1,10.3389--fpsyg.2014.00786,"In the immediate condition, averaging two successive general-knowledge guesses from one person produces a more accurate estimate than either individual guess alone.",success,close extension,identity unresolved; not proof of an omitted effect
luna56,10.1027--1864-9335--a000186#luna56:e2f7496fd5486d00:1,10.1027--1864-9335--a000186,Experiment 1 tested whether priming participants with cleanliness would reduce the severity of their moral judgments.,failure,direct,identity unresolved; not proof of an omitted effect
luna56,10.1016--j.jesp.2020.104052#luna56:90e3ce2fbd431619:1,10.1016--j.jesp.2020.104052,"In Study 2, joint evaluation causes people to overpredict differences in happiness between quantitatively different word-reading tasks relative to single evaluation, but not between qualitatively different positive- and negative-word tasks.",inconclusive,close experiment,identity unresolved; not proof of an omitted effect
luna56,10.1016--j.jesp.2020.104052#luna56:c0cc9fcfde3e7c6a:1,10.1016--j.jesp.2020.104052,"In Study 1, joint evaluation causes people to overpredict differences in happiness between quantitatively different book-selling outcomes relative to single evaluation, but not between qualitatively different outcomes.",success,close experiment,identity unresolved; not proof of an omitted effect
luna56,10.1371--journal.pone.0029081#luna56:79c0a6e8ea75d7b9:1,10.1371--journal.pone.0029081,"Exposure to words related to old age causes participants to walk more slowly after completing a scrambled-sentences task, without awareness of the prime's influence.",inconclusive,close extension,identity unresolved; not proof of an omitted effect
luna56,10.1371--journal.pone.0029081#luna56:077df649a11b67b5:1,10.1371--journal.pone.0029081,"Exposure to words related to old age causes participants to walk more slowly after completing a scrambled-sentences task, without awareness of the prime's influence.",failure,close extension,identity unresolved; not proof of an omitted effect
luna56,10.1177--2515245918777487#luna56:4580bf54e02ecce7:1,10.1177--2515245918777487,Exposure to a higher proportion of hostility-related sentences causes participants to rate ambiguously hostile behaviors as more hostile.,failure,direct,identity unresolved; not proof of an omitted effect
luna56,10.1177--2515245918777487#luna56:4b2d77094ab380dd:1,10.1177--2515245918777487,Exposure to a higher proportion of hostility-related sentences causes participants to judge an ambiguously hostile protagonist as more hostile.,inconclusive,direct,identity unresolved; not proof of an omitted effect
luna56,10.1177--1745691618755704#luna56:f5a17b7a7415cd3a:1,10.1177--1745691618755704,Priming participants with intelligence-related professor concepts causes better performance on a general-knowledge trivia task than priming them with stupidity-related soccer-hooligan concepts.,failure,direct,identity unresolved; not proof of an omitted effect
luna56,10.1371--journal.pone.0042510#luna56:bade5b9d07efc0c9:1,10.1371--journal.pone.0042510,"In Study 4, plotting close-together rather than distant points was claimed to increase participants' reported emotional closeness to their parents, siblings, and hometown.",failure,direct,identity unresolved; not proof of an omitted effect
luna56,10.1371--journal.pone.0042510#luna56:8287081d6a16f88f:1,10.1371--journal.pone.0042510,"In Study 3, physical-distance cues were claimed to affect calorie estimates, with distance priming reducing estimates for unhealthy foods but not healthy foods.",failure,direct,identity unresolved; not proof of an omitted effect
luna56,10.1177--1745691616664694#luna56:7e177f9b98d3ca1b:1,10.1177--1745691616664694,"The original study predicted that priming high commitment would cause participants to report greater loyalty responses to hypothetical partner betrayals than priming low commitment, although the original effect was not statistically significant.",success,direct,identity unresolved; not proof of an omitted effect
luna56,10.1177--1745691616664694#luna56:a1fecefc6e0bb6ed:1,10.1177--1745691616664694,The original study claimed that priming high commitment would cause participants to report less exit in response to hypothetical partner betrayals than priming low commitment.,failure,direct,identity unresolved; not proof of an omitted effect
luna56,10.1177--1745691616664694#luna56:1e3be446629251f9:1,10.1177--1745691616664694,The original study claimed that priming high commitment would cause participants to report less neglect in response to hypothetical partner betrayals than priming low commitment.,failure,direct,identity unresolved; not proof of an omitted effect
luna56,10.1177--1745691616664694#luna56:158e07edf897de1a:1,10.1177--1745691616664694,"The original study predicted that priming high commitment would cause participants to report greater voice responses to hypothetical partner betrayals than priming low commitment, although the original effect was not statistically significant.",success,direct,identity unresolved; not proof of an omitted effect
luna56,10.1257--mac.6.3.1#luna56:381ce7f332c24f38:1,10.1257--mac.6.3.1,"Among countries colonized by European states, countries that were more developed around 1500 were claimed to have become relatively poorer by 1995, producing a reversal of fortune.",failure,close experiment,identity unresolved; not proof of an omitted effect
luna56,10.1111--j.1540-6261.2012.01744.x#luna56:75429d4722f30670:1,10.1111--j.1540-6261.2012.01744.x,The requirement for fully independent compensation committees decreases CEO pay in noncompliant firms relative to compliant firms.,reversal,direct,identity unresolved; not proof of an omitted effect
luna56,10.1111--j.1540-6261.2012.01744.x#luna56:8811c23da136539b:1,10.1111--j.1540-6261.2012.01744.x,The NYSE/Nasdaq board-independence requirement causes CEO pay to decrease more in noncompliant firms than in compliant firms.,failure,direct,identity unresolved; not proof of an omitted effect
luna56,10.1111--j.1540-6261.2012.01744.x#luna56:68dd25c1e94cf403:1,10.1111--j.1540-6261.2012.01744.x,"The negative effect of board noncompliance on CEO pay is concentrated in firms without nonemployee blockholder directors, while blockholder directors mute the effect.",inconclusive,direct,identity unresolved; not proof of an omitted effect
luna56,10.1177--1091142114537893#luna56:a9099fd9dd1d38bd:1,10.1177--1091142114537893,"The 2004 New Jersey income tax increase had little or no effect on the relative net out-migration of taxpayers earning more than $500,000 compared with other affluent taxpayers.",inconclusive,close experiment,identity unresolved; not proof of an omitted effect
luna56,10.1007--s00181-005-0242-z#luna56:5aa5f9a912369851:1,10.1007--s00181-005-0242-z,"The alternative mineral-valuation equations, particularly those incorporating discounting and inflation, should predict gold-mine values more accurately than the Hotelling Valuation Principle.",failure,close experiment,identity unresolved; not proof of an omitted effect
luna56,10.1007--s00181-005-0242-z#luna56:9c481186e1d5a94c:1,10.1007--s00181-005-0242-z,"The Hotelling Valuation Principle predicts that the value of a mineral deposit is determined by reserves multiplied by the current net price of the mineral, with the regression slope equal to one.",failure,close experiment,identity unresolved; not proof of an omitted effect
luna56,10.1007--s00181-005-0242-z#luna56:e006b20649c5eaf6:1,10.1007--s00181-005-0242-z,"A valuation equation incorporating an intertemporal discount factor should explain mineral-mine values without reference to scale effects in production, with a zero intercept and unit slope.",failure,close experiment,identity unresolved; not proof of an omitted effect
luna56,10.1007--s00181-005-0242-z#luna56:43f8a5c45d88a139:1,10.1007--s00181-005-0242-z,A valuation equation allowing price and cost inflation to differ should produce a zero intercept and unit slope for mineral-mine values.,inconclusive,close experiment,identity unresolved; not proof of an omitted effect
luna56,10.1007--s00181-018-1457-0#luna56:4dccf3e649e270e3:1,10.1007--s00181-018-1457-0,The 2004 deregulation of German crafts trades does not change exit probabilities in fully deregulated or partially deregulated trades.,failure,close experiment,identity unresolved; not proof of an omitted effect
luna56,10.1007--s00181-018-1457-0#luna56:93319b922a6b5e48:1,10.1007--s00181-018-1457-0,The 2004 deregulation of German crafts trades increases the probability of being self-employed in both fully deregulated B1-trades and partially deregulated A-trades.,success,close experiment,identity unresolved; not proof of an omitted effect
luna56,10.1007--s00181-018-1457-0#luna56:eb453adc6a848312:1,10.1007--s00181-018-1457-0,The 2004 deregulation of German crafts trades increases market entry in both fully deregulated B1-trades and partially deregulated A-trades.,inconclusive,close experiment,identity unresolved; not proof of an omitted effect
luna56,10.7554--elife.51019#luna56:99ba8ca77afb40e0:1,10.7554--elife.51019,"Downregulation of PTEN and/or PTENP1 increases proliferation of DU145 prostate cancer cells, with the strongest effect when both are downregulated.",inconclusive,direct,identity unresolved; not proof of an omitted effect
luna56,10.7554--elife.51019#luna56:4969a611bbc0e55b:1,10.7554--elife.51019,Silencing PTEN or PTENP1 decreases the corresponding PTEN or PTENP1 mRNA abundance and PTENP1 knockdown decreases PTEN mRNA abundance.,inconclusive,direct,identity unresolved; not proof of an omitted effect
luna56,10.7554--elife.51019#luna56:725c69ef8e9b4adf:1,10.7554--elife.51019,"Silencing PTEN or PTENP1 decreases the corresponding PTEN or PTENP1 mRNA abundance, including a decrease in PTENP1 mRNA following PTENP1 knockdown.",inconclusive,direct,identity unresolved; not proof of an omitted effect
luna56,10.7554--elife.51019#luna56:917ba5e4e3f02003:1,10.7554--elife.51019,"Downregulation of PTEN or PTENP1 reduces PTEN protein abundance, with the strongest reduction when both PTEN and PTENP1 are downregulated.",inconclusive,direct,identity unresolved; not proof of an omitted effect
luna56,10.7554--elife.51019#luna56:de28a98509620ec4:1,10.7554--elife.51019,"Overexpression of the PTEN 3′UTR increases, or derepresses, PTENP1 abundance in DU145 cells.",failure,direct,identity unresolved; not proof of an omitted effect
luna56,10.7554--elife.51019#luna56:6252932807f83f5d:1,10.7554--elife.51019,Overexpression of the PTEN 3′UTR inhibits proliferation of DU145 cells compared with a vector control.,success,direct,identity unresolved; not proof of an omitted effect
luna56,10.7554--elife.04363#luna56:211f94325625b8d4:1,10.7554--elife.04363,"Glioblastoma stem-like cells and U87MG cells express very low levels of the endothelial marker Tie2, whereas normal human endothelial cells express Tie2 robustly.",inconclusive,close experiment,identity unresolved; not proof of an omitted effect
luna56,10.7554--elife.04363#luna56:8310b7ef1297a4f7:1,10.7554--elife.04363,"Selective killing of glioblastoma stem-like cell-derived endothelial cells with ganciclovir reduces and degenerates xenograft tumors, demonstrating that these endothelial cells contribute functionally to tumor growth.",inconclusive,close experiment,identity unresolved; not proof of an omitted effect
luna56,10.7554--elife.45426#luna56:3e6c32d096f20cdd:1,10.7554--elife.45426,"Colon cancer cells with high TOP-GFP Wnt activity have greater clonogenic potential than TOP-GFP-low cells, while myofibroblast-conditioned medium or HGF increases clonogenicity of TOP-GFP-low cells and this increase is blocked by the c-Met inhibitor PHA-665752.",inconclusive,direct,identity unresolved; not proof of an omitted effect
luna56,10.7554--elife.45426#luna56:f8ebf3001b06448d:1,10.7554--elife.45426,"Colon cancer cells with high TOP-GFP Wnt activity are more tumorigenic than TOP-GFP-low cells, and myofibroblast-conditioned medium increases the tumorigenicity of TOP-GFP-low cells.",inconclusive,direct,identity unresolved; not proof of an omitted effect
luna56,10.7554--elife.17584#luna56:6502ada7bb4056cd:1,10.7554--elife.17584,Coadministration of iRGD with doxorubicin increases the accumulation of doxorubicin in tumor tissue.,failure,direct,identity unresolved; not proof of an omitted effect
luna56,10.7554--elife.17584#luna56:8ab779b47c1aff6b:1,10.7554--elife.17584,Coadministration of iRGD with doxorubicin reduces tumor growth and tumor weight compared with doxorubicin alone.,failure,direct,identity unresolved; not proof of an omitted effect
luna56,10.7554--elife.17584#luna56:20eba4a3fbda76ee:1,10.7554--elife.17584,Treatment with doxorubicin alone or in combination with iRGD at the lower dose does not cause a shift in mouse body weight during treatment.,success,direct,identity unresolved; not proof of an omitted effect
luna56,10.7554--elife.17584#luna56:76cbf29fda9eab8a:1,10.7554--elife.17584,Coadministration of iRGD with doxorubicin increases tumor-cell apoptosis as measured by TUNEL staining.,inconclusive,direct,identity unresolved; not proof of an omitted effect
luna56,10.7554--elife.26030#luna56:2e5ed4bb936b5f3e:1,10.7554--elife.26030,The cancer-associated IDH2 R172 mutation causes a loss of isocitrate-dependent NADPH production compared with wild-type IDH2.,success,direct,identity unresolved; not proof of an omitted effect
luna56,10.7554--elife.26030#luna56:d29f421e7bce8bbf:1,10.7554--elife.26030,The cancer-associated IDH2 R172 mutation acquires a gain of function for alpha-ketoglutarate-dependent NADPH consumption compared with wild-type IDH2.,success,direct,identity unresolved; not proof of an omitted effect
luna56,10.7554--elife.26030#luna56:9563047d5b827b38:1,10.7554--elife.26030,Expression of R172K mutant IDH2 causes greatly increased intracellular accumulation of the oncometabolite 2-hydroxyglutarate compared with wild-type IDH2 and vector control cells.,success,direct,identity unresolved; not proof of an omitted effect
luna56,10.7554--elife.26030#luna56:d7feb59b8b1f216b:1,10.7554--elife.26030,AML patient samples with an IDH1 mutation have elevated intracellular 2-hydroxyglutarate relative to AML samples without an IDH mutation.,inconclusive,direct,identity unresolved; not proof of an omitted effect
luna56,10.7554--elife.26030#luna56:ded787c857b34f06:1,10.7554--elife.26030,AML patient samples with an IDH2 mutation have elevated intracellular 2-hydroxyglutarate relative to AML samples without an IDH mutation.,success,direct,identity unresolved; not proof of an omitted effect
luna56,10.7554--elife.26030#luna56:939fc593eda7c69b:1,10.7554--elife.26030,AML patient samples carrying either an IDH1 or IDH2 mutation have elevated intracellular 2-hydroxyglutarate relative to AML samples without an IDH mutation.,success,direct,identity unresolved; not proof of an omitted effect
luna56,10.7554--elife.21253#luna56:1998fe8fbc6268e4:1,10.7554--elife.21253,Treatment of MM.1S cells with (+)-JQ1 reduces MYC expression at 1 hour compared with baseline.,success,direct,identity unresolved; not proof of an omitted effect
luna56,10.7554--elife.21253#luna56:bc49b6180e1dfc53:1,10.7554--elife.21253,Treatment of MM.1S cells with (+)-JQ1 reduces MYC expression at 8 hours compared with baseline.,success,direct,identity unresolved; not proof of an omitted effect
luna56,10.7554--elife.21253#luna56:02a17bba21454e86:1,10.7554--elife.21253,Treatment with (+)-JQ1 prolongs overall survival in mice bearing bioluminescent MM.1S tumors compared with vehicle control.,inconclusive,direct,identity unresolved; not proof of an omitted effect
luna56,10.7554--elife.21253#luna56:7dc7f901c1d0436d:1,10.7554--elife.21253,Treatment with (+)-JQ1 reduces tumor burden in mice bearing bioluminescent MM.1S tumors compared with vehicle control.,failure,direct,identity unresolved; not proof of an omitted effect
luna56,10.7554--elife.45120#luna56:948edbed56e99f06:1,10.7554--elife.45120,"Cav1WT fibroblasts express more alpha-smooth muscle actin than Cav1KO fibroblasts, consistent with increased fibroblast activation and extracellular-matrix remodeling capacity.",inconclusive,direct,identity unresolved; not proof of an omitted effect
luna56,10.7554--elife.45120#luna56:b0d496f322782f2b:1,10.7554--elife.45120,Cav1WT fibroblasts contract and remodel collagen matrices more strongly than Cav1KO fibroblasts.,success,direct,identity unresolved; not proof of an omitted effect
luna56,10.7554--elife.45120#luna56:2607448f4180c797:1,10.7554--elife.45120,"Stromal Cav1 expression does not alter primary tumor growth, despite its reported effect on metastatic progression.",failure,direct,identity unresolved; not proof of an omitted effect
luna56,10.7554--elife.45120#luna56:bc0cc64d1bc07dcc:1,10.7554--elife.45120,Greater intratumoral fibronectin fiber alignment is positively correlated with greater metastatic burden.,reversal,direct,identity unresolved; not proof of an omitted effect
luna56,10.7554--elife.17044#luna56:4cea302341ea9405:1,10.7554--elife.17044,Treatment with cimetidine causes a decrease in tumor volume in A549 human lung adenocarcinoma xenografts compared with vehicle control.,inconclusive,direct,identity unresolved; not proof of an omitted effect
luna56,10.7554--elife.17044#luna56:65a6201b55259a92:1,10.7554--elife.17044,Treatment with doxorubicin decreases tumor volume in A549 human lung adenocarcinoma xenografts compared with vehicle control.,inconclusive,direct,identity unresolved; not proof of an omitted effect
luna56,10.7554--elife.56651#luna56:7b9b711d9c8fcfa1:1,10.7554--elife.56651,"Depletion of candidate PTEN ceRNAs SERINC1, VAPA, and CNOT6L reduces activity of a luciferase reporter containing the PTEN 3′UTR.",failure,direct,identity unresolved; not proof of an omitted effect
luna56,10.7554--elife.56651#luna56:3717085075cb2145:1,10.7554--elife.56651,Overexpression of the 3′UTRs of candidate PTEN ceRNAs increases activity of a luciferase reporter containing the PTEN 3′UTR.,inconclusive,direct,identity unresolved; not proof of an omitted effect
luna56,10.7554--elife.43511#luna56:6b1fb429eb84fc42:1,10.7554--elife.43511,Let-7b is underexpressed in CD44-positive LAPC4 prostate cancer stem cells relative to CD44-negative cells.,inconclusive,direct,identity unresolved; not proof of an omitted effect
luna56,10.7554--elife.43511#luna56:e5ee843eac753140:1,10.7554--elife.43511,MiR-34a expression is increased in residual prostate cancer xenograft tumors after miR-34a expression is induced in the tumor cells.,inconclusive,direct,identity unresolved; not proof of an omitted effect
luna56,10.7554--elife.43511#luna56:e1d630f0e53272b2:1,10.7554--elife.43511,CD44 expression is inversely correlated with miR-34a expression in prostate cancer tumors.,inconclusive,direct,identity unresolved; not proof of an omitted effect
luna56,10.7554--elife.43511#luna56:6955ec59ddf05a44:1,10.7554--elife.43511,MiR-34a represses luciferase activity from a wild-type CD44 3′UTR reporter more strongly than from a reporter with both putative miR-34a binding sites mutated.,inconclusive,direct,identity unresolved; not proof of an omitted effect
luna56,10.7554--elife.43511#luna56:e651e9b237923206:1,10.7554--elife.43511,MiR-34a reduces luciferase activity from the wild-type CD44 3′UTR reporter relative to the control oligo condition.,inconclusive,direct,identity unresolved; not proof of an omitted effect
luna56,10.7554--elife.43511#luna56:d31969d3d44c7e03:1,10.7554--elife.43511,MiR-34a reduces luciferase activity from the double-mutant CD44 3′UTR reporter relative to the control oligo condition.,failure,direct,identity unresolved; not proof of an omitted effect
luna56,10.7554--elife.25306#luna56:539c5617cf1373ff:1,10.7554--elife.25306,I-BET151 selectively suppresses BCL2 gene expression in MLL-fusion MV4;11 leukaemia cells but not in non-MLL-fusion K-562 cells.,success,direct,identity unresolved; not proof of an omitted effect
luna56,10.7554--elife.25306#luna56:a394995ba9b3f164:1,10.7554--elife.25306,Daily I-BET151 treatment increases survival in mice bearing MLL-fusion leukaemia xenografts compared with vehicle treatment.,failure,direct,identity unresolved; not proof of an omitted effect
luna56,10.7554--elife.25306#luna56:5076d7b1e138963c:1,10.7554--elife.25306,I-BET151 treatment reduces leukemic disease burden in mice bearing MLL-fusion leukaemia xenografts compared with vehicle treatment.,inconclusive,direct,identity unresolved; not proof of an omitted effect
luna56,10.7554--elife.29747#luna56:08d78b51d6a97250:1,10.7554--elife.29747,"The EWS-FLI1 rearrangement is sufficient to increase olaparib sensitivity in transformed mouse mesenchymal cells, producing sensitivity similar to that of Ewing’s sarcoma cells and greater sensitivity than FUS-CHOP-transformed cells.",failure,direct,identity unresolved; not proof of an omitted effect
luna56,10.7554--elife.18173#luna56:1b9392025b5f257e:1,10.7554--elife.18173,Anti-CD47 antibody treatment causes short-term anemia without unacceptable toxicity in mice.,success,direct,identity unresolved; not proof of an omitted effect
luna56,10.7554--elife.18173#luna56:65cbe706b4d62d90:1,10.7554--elife.18173,Anti-CD47 antibody treatment reduces the final weight of syngeneic breast tumors compared with IgG control treatment.,failure,direct,identity unresolved; not proof of an omitted effect
luna56,10.7554--elife.34364#luna56:873bad30c43ba4d9:1,10.7554--elife.34364,Deletion of the pks island has little or no effect on survival of AOM-treated mice mono-associated with E. coli NC101.,inconclusive,direct,identity unresolved; not proof of an omitted effect
luna56,10.7554--elife.34364#luna56:3d8c7299081a3156:1,10.7554--elife.34364,Deletion of the pks island does not alter colonic inflammation in AOM-treated germ-free Il10-/- mice mono-associated with E. coli.,inconclusive,direct,identity unresolved; not proof of an omitted effect
luna56,10.7554--elife.34364#luna56:e07a4c27658c27ef:1,10.7554--elife.34364,The pks island promotes invasion of the colon by E. coli NC101 in AOM-treated germ-free Il10-/- mice.,inconclusive,direct,identity unresolved; not proof of an omitted effect
luna56,10.7554--elife.34364#luna56:ef2776f0fb74056c:1,10.7554--elife.34364,The pks island promotes neoplasia and tumorigenesis in AOM-treated germ-free Il10-/- mice mono-associated with E. coli NC101.,inconclusive,direct,identity unresolved; not proof of an omitted effect
luna56,10.7554--elife.34364#luna56:67cf1ab9db6a480c:1,10.7554--elife.34364,The pks island increases macroscopic tumor multiplicity in AOM-treated germ-free Il10-/- mice mono-associated with E. coli NC101.,inconclusive,direct,identity unresolved; not proof of an omitted effect
luna56,10.7554--elife.39944#luna56:d9fc77c51537ffd1:1,10.7554--elife.39944,"Exosomes from highly metastatic B16-F10 melanoma cells, through transfer of MET to bone marrow-derived cells, increase primary tumor metastatic burden, whereas MET reduction in exosomes decreases lung and bone metastasis.",inconclusive,direct,identity unresolved; not proof of an omitted effect
luna56,10.7554--elife.21634#luna56:3d78858160608aa6:1,10.7554--elife.21634,Expression of PREX2[G844D] in NRAS[G12D] melanocytes causes shorter tumor-free survival in mice than expression of GFP.,failure,direct,identity unresolved; not proof of an omitted effect
luna56,10.7554--elife.21634#luna56:9148bab60384ed14:1,10.7554--elife.21634,Expression of PREX2[Q1430*] in NRAS[G12D] melanocytes causes shorter tumor-free survival in mice than expression of GFP.,failure,direct,identity unresolved; not proof of an omitted effect
luna56,10.7554--elife.21634#luna56:838a1122263e2e37:1,10.7554--elife.21634,Expression of PREX2[G844D] in NRAS[G12D] melanocytes causes shorter tumor-free survival in mice than expression of PREX2[WT].,failure,direct,identity unresolved; not proof of an omitted effect
luna56,10.7554--elife.21634#luna56:ac694afcc827462e:1,10.7554--elife.21634,Expression of PREX2[Q1430*] in NRAS[G12D] melanocytes causes shorter tumor-free survival in mice than expression of PREX2[WT].,failure,direct,identity unresolved; not proof of an omitted effect
luna56,10.7554--elife.30274#luna56:9ed2f098a6773909:1,10.7554--elife.30274,"Tetracycline represses c-Myc expression in P493-6 cells, and removal of tetracycline reactivates c-Myc expression.",success,direct,identity unresolved; not proof of an omitted effect
luna56,10.7554--elife.30274#luna56:339ed8827d7ed62e:1,10.7554--elife.30274,Increasing c-Myc expression increases the absolute amount of total RNA per cell in P493-6 cells.,inconclusive,direct,identity unresolved; not proof of an omitted effect
luna56,10.7554--elife.30274#luna56:aa552f95fba36fc4:1,10.7554--elife.30274,Induction of c-Myc increases expression of genes that are already transcriptionally active.,success,direct,identity unresolved; not proof of an omitted effect
luna56,10.7554--elife.30274#luna56:be880f3db02d67af:1,10.7554--elife.30274,Genes that are transcriptionally silent under low-c-Myc conditions do not increase in expression when c-Myc is induced.,inconclusive,direct,identity unresolved; not proof of an omitted effect
luna56,10.1101--2025.04.02.645026#luna56:7ad1a7c85aed7be1:1,10.1101--2025.04.02.645026,"The paper reports aggregate results from replications of 45 distinct experiments originally published by Brazilian biomedical researchers, without identifying the individual original studies in the provided text.",inconclusive,direct,identity unresolved; not proof of an omitted effect
luna56,10.1186--1471-2350-13-27#luna56:3ceb898eeac79cb4:1,10.1186--1471-2350-13-27,The original study claimed that specific genetic variants were associated with hypertension as a binary trait in African Americans.,failure,close extension,identity unresolved; not proof of an omitted effect
luna56,10.1186--1471-2350-13-27#luna56:e06ad87c174bd212:1,10.1186--1471-2350-13-27,The original study claimed that specific genetic variants were associated with systolic blood pressure in African Americans.,failure,close extension,identity unresolved; not proof of an omitted effect
luna56,10.1186--1471-2350-13-27#luna56:4b203525923bdc54:1,10.1186--1471-2350-13-27,The original study claimed that specific genetic variants were associated with diastolic blood pressure in African Americans.,failure,close extension,identity unresolved; not proof of an omitted effect
luna56,10.1186--1471-2350-13-27#luna56:fc7eba663ec7d73c:1,10.1186--1471-2350-13-27,The original study claimed that variants in STK39 were associated with systolic blood pressure.,failure,close extension,identity unresolved; not proof of an omitted effect
luna56,10.1186--1471-2350-13-27#luna56:5ff788cc174d255d:1,10.1186--1471-2350-13-27,The original study claimed that variants in STK39 were associated with diastolic blood pressure.,failure,close extension,identity unresolved; not proof of an omitted effect
luna56,10.1186--1471-2350-13-27#luna56:1c575ce8edbdeacd:1,10.1186--1471-2350-13-27,The original study claimed that variants in CDH13 were associated with systolic blood pressure.,inconclusive,close extension,identity unresolved; not proof of an omitted effect
luna56,10.1186--1471-2350-13-27#luna56:239627b9211a8d25:1,10.1186--1471-2350-13-27,The original study claimed that variants in CDH13 were associated with diastolic blood pressure.,inconclusive,close extension,identity unresolved; not proof of an omitted effect
luna56,10.1158--1055-9965.epi-08-1223#luna56:9f60db2e8e22f764:1,10.1158--1055-9965.epi-08-1223,The rs1447295 variant at the 8q24 locus is associated with increased prostate cancer risk.,success,direct,identity unresolved; not proof of an omitted effect
luna56,10.1158--1055-9965.epi-08-1223#luna56:98a0a46a05095a37:1,10.1158--1055-9965.epi-08-1223,"The rs721048 variant at 2p15 is associated with increased prostate cancer risk, particularly among homozygous carriers.",success,direct,identity unresolved; not proof of an omitted effect
luna56,10.1158--1055-9965.epi-08-1223#luna56:84d97d9149e0c959:1,10.1158--1055-9965.epi-08-1223,"The RNASEL E541D variant is associated with prostate cancer risk, with minor-allele homozygotes having reduced risk.",success,direct,identity unresolved; not proof of an omitted effect
luna56,10.1158--1055-9965.epi-08-1223#luna56:7d4a6e276fd8676c:1,10.1158--1055-9965.epi-08-1223,"The RNASEL R462Q variant is associated with increased prostate cancer risk, particularly among carriers of the minor allele.",success,direct,identity unresolved; not proof of an omitted effect
luna56,10.1158--1055-9965.epi-08-1223#luna56:fdaab21a280dd3a5:1,10.1158--1055-9965.epi-08-1223,The EZH2 rs2302427 variant is associated with reduced risk of prostate cancer among carriers of the minor allele.,success,direct,identity unresolved; not proof of an omitted effect
luna56,10.1158--1055-9965.epi-08-1223#luna56:a8ca6b46b9130139:1,10.1158--1055-9965.epi-08-1223,"Variation in the NKX3-1 gene is associated with prostate cancer risk, particularly in relation to aggressive disease.",success,direct,identity unresolved; not proof of an omitted effect
luna56,10.1186--s12913-023-09505-5#luna56:c349af1a05d6a0eb:1,10.1186--s12913-023-09505-5,The original study claimed that six latent classes of community-dwelling informal dementia care dyads could be identified and that these dyad subgroups differed in health care-related outcomes.,success,close extension,identity unresolved; not proof of an omitted effect
luna56,10.1371--journal.pone.0284404#luna56:3b57498326d7aca6:1,10.1371--journal.pone.0284404,"VSTM1-v2 promotes the differentiation of human CD4+ T cells into Th17 cells under anti-CD3, anti-CD28, and Th17-polarizing cytokine stimulation.",failure,direct,identity unresolved; not proof of an omitted effect
luna56,10.1016--0022-3999(93)90123-w#luna56:38a72f2ce3968562:1,10.1016--0022-3999(93)90123-w,The original study claimed that the Illness Behaviour Questionnaire measures a General Hypochondriasis factor reflecting a phobic attitude toward health.,inconclusive,direct,identity unresolved; not proof of an omitted effect
luna56,10.1016--0022-3999(93)90123-w#luna56:5382fdce7b1d72b6:1,10.1016--0022-3999(93)90123-w,The original study claimed that the Illness Behaviour Questionnaire measures a Disease Conviction factor reflecting certainty about physical disease and reluctance to accept medical reassurance.,inconclusive,direct,identity unresolved; not proof of an omitted effect
luna56,10.1016--0022-3999(93)90123-w#luna56:0ecaaeb535402bca:1,10.1016--0022-3999(93)90123-w,"The original study claimed that the Illness Behaviour Questionnaire measures a Psychological versus Somatic Focusing factor, with scores indicating acceptance or rejection of a psychological explanation for illness.",failure,direct,identity unresolved; not proof of an omitted effect
luna56,10.1016--0022-3999(93)90123-w#luna56:d9753a541e39f6f2:1,10.1016--0022-3999(93)90123-w,The original study claimed that the Illness Behaviour Questionnaire measures an Affective Inhibition factor concerning difficulty expressing negative feelings.,success,direct,identity unresolved; not proof of an omitted effect
luna56,10.1016--0022-3999(93)90123-w#luna56:9560813d2e09896d:1,10.1016--0022-3999(93)90123-w,"The original study claimed that the Illness Behaviour Questionnaire measures an Affective Disturbance factor involving anxiety, depression, and tension.",success,direct,identity unresolved; not proof of an omitted effect
luna56,10.1016--0022-3999(93)90123-w#luna56:fc889e88054bee11:1,10.1016--0022-3999(93)90123-w,The original study claimed that the Illness Behaviour Questionnaire measures a Denial factor involving attribution of life problems to sickness and denial of environmental or psychological causes.,success,direct,identity unresolved; not proof of an omitted effect
luna56,10.1016--0022-3999(93)90123-w#luna56:df807fcbe0a39425:1,10.1016--0022-3999(93)90123-w,The original study claimed that the Illness Behaviour Questionnaire measures an Irritability factor concerning irritability and interpersonal friction.,success,direct,identity unresolved; not proof of an omitted effect
luna56,10.1080--17470218.2016.1253756#luna56:ae38e422c640e4cc:1,10.1080--17470218.2016.1253756,"Familiarity influences the processing speed of English compound words, with more familiar compounds processed faster.",success,conceptual,identity unresolved; not proof of an omitted effect
luna56,10.1080--17470218.2016.1253756#luna56:fab8f26f626ae6b4:1,10.1080--17470218.2016.1253756,"Age of acquisition influences the processing speed of English compound words, with compounds learned earlier processed faster.",success,conceptual,identity unresolved; not proof of an omitted effect
luna56,10.1080--17470218.2016.1253756#luna56:dee1e787946721fe:1,10.1080--17470218.2016.1253756,Sensory experience ratings influence the processing speed of English compound words.,inconclusive,conceptual,identity unresolved; not proof of an omitted effect
luna56,10.1080--17470218.2016.1253756#luna56:c8b839f8522ab066:1,10.1080--17470218.2016.1253756,Imageability influences the processing speed of English compound words.,failure,conceptual,identity unresolved; not proof of an omitted effect
luna56,10.1080--17470218.2016.1253756#luna56:843200f4c10ec790:1,10.1080--17470218.2016.1253756,Semantic transparency influences the processing speed of English compound words.,failure,conceptual,identity unresolved; not proof of an omitted effect
luna56,10.1080--17470218.2016.1253756#luna56:7e7fcb7c0ab6e500:1,10.1080--17470218.2016.1253756,Lexeme meaning dominance influences the processing speed of English compound words.,failure,conceptual,identity unresolved; not proof of an omitted effect
luna56,10.3389--fninf.2018.00046#luna56:fa18f64ac7d1eb56:1,10.3389--fninf.2018.00046,"A minimal spiking neural network with spike-timing-dependent plasticity exhibits polychronization, slow oscillations and gamma rhythms, and thousands of polychronous groups.",success,direct,identity unresolved; not proof of an omitted effect
luna56,10.1002--ijc.23682#luna56:e81ed640d5f0c5e7:1,10.1002--ijc.23682,The EPHB1 rs1515366 variant was associated with altered risk of esophageal squamous cell carcinoma.,success,direct,identity unresolved; not proof of an omitted effect
luna56,10.1002--ijc.23682#luna56:99ff9287254bd4a4:1,10.1002--ijc.23682,The PGLYRP2 rs959117 variant was associated with altered risk of esophageal squamous cell carcinoma.,success,direct,identity unresolved; not proof of an omitted effect
luna56,10.1002--ijc.23682#luna56:8085a7f031f954a5:1,10.1002--ijc.23682,The PIK3C3 rs52911 variant was associated with altered risk of esophageal squamous cell carcinoma.,success,direct,identity unresolved; not proof of an omitted effect
luna56,10.1002--ijc.23682#luna56:3393f00f46143128:1,10.1002--ijc.23682,The SLC9A9 rs956062 variant was associated with altered risk of esophageal squamous cell carcinoma.,success,direct,identity unresolved; not proof of an omitted effect
luna56,10.1016--0006-8993(90)90328-9#luna56:545ce377e715d497:1,10.1016--0006-8993(90)90328-9,Narcoleptic canines have elevated dopamine concentrations in the amygdala compared with control canines.,success,direct,identity unresolved; not proof of an omitted effect
luna56,10.1016--0006-8993(90)90328-9#luna56:dde456509e0a19ce:1,10.1016--0006-8993(90)90328-9,Narcoleptic canines have elevated DOPAC concentrations in the amygdala compared with control canines.,success,direct,identity unresolved; not proof of an omitted effect
luna56,10.1016--0006-8993(90)90328-9#luna56:b5e9fcd7ef41ac89:1,10.1016--0006-8993(90)90328-9,Narcoleptic canines have elevated DOPAC concentrations in the reticularis parvicellularis compared with control canines.,success,direct,identity unresolved; not proof of an omitted effect
luna56,10.1016--0006-8993(90)90328-9#luna56:25cacb3b15d7ae08:1,10.1016--0006-8993(90)90328-9,Narcoleptic canines have elevated norepinephrine concentrations in the reticularis oralis compared with control canines.,success,direct,identity unresolved; not proof of an omitted effect
luna56,10.1016--0006-8993(90)90328-9#luna56:8dac0763e074a552:1,10.1016--0006-8993(90)90328-9,Narcoleptic canines have lower norepinephrine concentrations in the preoptic hypothalamus than control canines.,success,direct,identity unresolved; not proof of an omitted effect
luna56,10.1016--0006-8993(90)90328-9#luna56:64d7366015119172:1,10.1016--0006-8993(90)90328-9,Narcoleptic canines have elevated DOPAC concentrations in the caudate compared with control canines.,failure,direct,identity unresolved; not proof of an omitted effect
luna56,10.1016--0006-8993(90)90328-9#luna56:83a056e1054e4253:1,10.1016--0006-8993(90)90328-9,Narcoleptic canines have elevated DOPAC concentrations in the reticularis oralis compared with control canines.,failure,direct,identity unresolved; not proof of an omitted effect
luna56,10.1177--0022022100031003001#luna56:10369171a5dddd63:1,10.1177--0022022100031003001,National differences in Individualism-Collectivism are reflected in country-level work values and cultural attitudes.,success,conceptual,identity unresolved; not proof of an omitted effect
luna56,10.1177--0022022100031003001#luna56:d8161dc3815846d0:1,10.1177--0022022100031003001,National differences in Power Distance are reflected in country-level acceptance of unequal power and hierarchical authority.,success,conceptual,identity unresolved; not proof of an omitted effect
luna56,10.1177--0022022100031003001#luna56:2baa549bb959ec3e:1,10.1177--0022022100031003001,"National differences in Masculinity-Femininity are reflected in country-level work values concerning achievement, advancement, cooperation, and employment security.",success,conceptual,identity unresolved; not proof of an omitted effect
luna56,10.1177--0022022100031003001#luna56:cdcfedec9430cebb:1,10.1177--0022022100031003001,"National differences in Uncertainty Avoidance are reflected in country-level preferences for rules, predictability, and avoidance of uncertainty.",success,conceptual,identity unresolved; not proof of an omitted effect
luna56,10.1016--j.neurobiolaging.2009.09.004#luna56:f5434f3bfb823d49:1,10.1016--j.neurobiolaging.2009.09.004,The ACE rs4291 variant was associated with Alzheimer's disease risk.,failure,direct,identity unresolved; not proof of an omitted effect
luna56,10.1016--j.neurobiolaging.2009.09.004#luna56:f1db337df893ab7e:1,10.1016--j.neurobiolaging.2009.09.004,The ACE rs1799752 Alu insertion/deletion variant was associated with Alzheimer's disease risk.,failure,direct,identity unresolved; not proof of an omitted effect
luna56,10.1016--j.neurobiolaging.2009.09.004#luna56:4424edb8a74bf075:1,10.1016--j.neurobiolaging.2009.09.004,The ECE1 rs213045 variant was associated with protection against Alzheimer's disease.,failure,direct,identity unresolved; not proof of an omitted effect
luna56,10.1016--j.neurobiolaging.2009.09.004#luna56:ab226de41c0c43b8:1,10.1016--j.neurobiolaging.2009.09.004,"The HSPG2 rs3767140 variant was associated with Alzheimer's disease, particularly among APOE-epsilon4 carriers.",failure,direct,identity unresolved; not proof of an omitted effect
luna56,10.1016--j.neurobiolaging.2009.09.004#luna56:5b4b43ecceabedb3:1,10.1016--j.neurobiolaging.2009.09.004,The IDE rs464954 variant was associated with Alzheimer's disease conditional on APOE-epsilon4 background.,inconclusive,direct,identity unresolved; not proof of an omitted effect
luna56,10.1016--j.neurobiolaging.2009.09.004#luna56:67c86423a57ad7a7:1,10.1016--j.neurobiolaging.2009.09.004,The IL-1alpha rs1800587 variant was associated with early-onset Alzheimer's disease.,failure,direct,identity unresolved; not proof of an omitted effect
luna56,10.1016--j.neurobiolaging.2009.09.004#luna56:d3695560cd62ea7f:1,10.1016--j.neurobiolaging.2009.09.004,The IL6 rs1800795 promoter polymorphism was associated with Alzheimer's disease.,failure,direct,identity unresolved; not proof of an omitted effect
luna56,10.1016--j.neurobiolaging.2009.09.004#luna56:6c2a72a919fa95ac:1,10.1016--j.neurobiolaging.2009.09.004,The PLAU rs2227564 variant was associated with late-onset Alzheimer's disease and elevated amyloid-beta 42.,failure,direct,identity unresolved; not proof of an omitted effect
luna56,10.1016--j.neurobiolaging.2009.09.004#luna56:45de7b111a2d94d1:1,10.1016--j.neurobiolaging.2009.09.004,The PSEN1 rs1800839 regulatory-region polymorphism was associated with early-onset Alzheimer's disease.,failure,direct,identity unresolved; not proof of an omitted effect
luna56,10.1016--j.neurobiolaging.2009.09.004#luna56:229441694b87dccc:1,10.1016--j.neurobiolaging.2009.09.004,The SORL1 rs661057 variant was associated with late-onset Alzheimer's disease.,failure,direct,identity unresolved; not proof of an omitted effect
luna56,10.1016--j.neurobiolaging.2009.09.004#luna56:21f1e1edbddce2c6:1,10.1016--j.neurobiolaging.2009.09.004,The SORL1 rs668387 variant was associated with late-onset Alzheimer's disease.,failure,direct,identity unresolved; not proof of an omitted effect
luna56,10.1016--j.neurobiolaging.2009.09.004#luna56:d7a51cf304ae69ad:1,10.1016--j.neurobiolaging.2009.09.004,The SORL1 rs689021 variant was associated with late-onset Alzheimer's disease.,failure,direct,identity unresolved; not proof of an omitted effect
luna56,10.1016--j.neurobiolaging.2009.09.004#luna56:db39492de23249e9:1,10.1016--j.neurobiolaging.2009.09.004,The SORL1 rs641120 variant was associated with late-onset Alzheimer's disease.,failure,direct,identity unresolved; not proof of an omitted effect
luna56,10.1016--j.neurobiolaging.2009.09.004#luna56:b2078819e9db9548:1,10.1016--j.neurobiolaging.2009.09.004,The SORL1 rs12285364 variant was associated with late-onset Alzheimer's disease.,failure,direct,identity unresolved; not proof of an omitted effect
luna56,10.1016--j.neurobiolaging.2009.09.004#luna56:56fe433161330730:1,10.1016--j.neurobiolaging.2009.09.004,The SORL1 rs3824968 variant was associated with late-onset Alzheimer's disease.,failure,direct,identity unresolved; not proof of an omitted effect
luna56,10.1016--j.neurobiolaging.2009.09.004#luna56:3e46d7c6106ba8a3:1,10.1016--j.neurobiolaging.2009.09.004,The SORL1 rs2282649 variant was associated with late-onset Alzheimer's disease.,failure,direct,identity unresolved; not proof of an omitted effect
luna56,10.1016--j.neurobiolaging.2009.09.004#luna56:a8fada9b230caaff:1,10.1016--j.neurobiolaging.2009.09.004,The SORL1 rs1010159 variant was associated with late-onset Alzheimer's disease.,failure,direct,identity unresolved; not proof of an omitted effect
luna56,10.1016--j.neurobiolaging.2009.09.004#luna56:c1ba867de040ad5c:1,10.1016--j.neurobiolaging.2009.09.004,The TGF-beta1 rs1800469 variant was associated with late-onset Alzheimer's disease.,failure,direct,identity unresolved; not proof of an omitted effect
luna56,10.1111--famp.12710#luna56:b9235958c749682c:1,10.1111--famp.12710,The OurRelationship and ePREP programs produce greater improvements in relationship satisfaction than a waitlist control group among low-income couples.,success,direct,identity unresolved; not proof of an omitted effect
luna56,10.1111--famp.12710#luna56:9a56c248e58ec676:1,10.1111--famp.12710,The OurRelationship and ePREP programs produce greater improvements in emotional intimacy than a waitlist control group among low-income couples.,success,direct,identity unresolved; not proof of an omitted effect
luna56,10.1111--famp.12710#luna56:f4806b461a4cae4d:1,10.1111--famp.12710,The OurRelationship and ePREP programs reduce communication conflict relative to a waitlist control group among low-income couples.,success,direct,identity unresolved; not proof of an omitted effect
luna56,10.1111--famp.12710#luna56:b081ec9efb1063d9:1,10.1111--famp.12710,The OurRelationship and ePREP programs reduce breakup potential relative to a waitlist control group among low-income couples.,success,direct,identity unresolved; not proof of an omitted effect
luna56,10.1111--famp.12710#luna56:3bc85d898352df31:1,10.1111--famp.12710,The OurRelationship and ePREP programs reduce the presence or frequency of intimate partner violence relative to a waitlist control group among low-income couples.,failure,direct,identity unresolved; not proof of an omitted effect
luna56,10.1007--s10508-025-03297-x#luna56:13803f9def9a4ea0:1,10.1007--s10508-025-03297-x,Adolescents who engage in more sexually dominant behaviors report lower levels of partnered sexual satisfaction.,success,direct,identity unresolved; not proof of an omitted effect
luna56,10.1007--s10508-025-03297-x#luna56:60551f10473edf4f:1,10.1007--s10508-025-03297-x,Greater exposure to sexually dominant behaviors in pornography leads to lower partnered sexual satisfaction indirectly through increased sexually dominant behavior.,inconclusive,direct,identity unresolved; not proof of an omitted effect
luna56,10.1177--1534508420953894#luna56:4440ec60ba7c0dd2:1,10.1177--1534508420953894,Using interval likelihood ratios rather than dichotomized likelihood ratios improves the efficiency and diagnostic accuracy of a gated screening framework for identifying math risk among middle school students.,inconclusive,direct,identity unresolved; not proof of an omitted effect
luna56,10.1007--s40616-014-0012-0#luna56:d57eb4f58fcff825:1,10.1007--s40616-014-0012-0,An enhanced stimulus-stimulus pairing procedure increases early target vocalizations in children with autism beyond baseline and beyond vocalizations exposed to high-preference items without pairing.,inconclusive,direct,identity unresolved; not proof of an omitted effect
luna56,10.1002--art.39932#luna56:ed9ea6411609ae41:1,10.1002--art.39932,The GDF5 variant rs143383 is associated with susceptibility to osteoarthritis.,success,close extension,identity unresolved; not proof of an omitted effect
luna56,10.1002--art.39932#luna56:76877108e4f6b745:1,10.1002--art.39932,The CHST11 variant rs835487 is associated with osteoarthritis susceptibility.,failure,close extension,identity unresolved; not proof of an omitted effect
luna56,10.1002--art.39932#luna56:86ded9fc3f832edf:1,10.1002--art.39932,The FTO variant rs8044769 is associated with osteoarthritis susceptibility.,failure,close extension,identity unresolved; not proof of an omitted effect
luna56,10.1371--journal.pone.0110118#luna56:cdad8a64d9f36ce7:1,10.1371--journal.pone.0110118,"Self-initiated auditory action-effects are perceived as less intense than externally generated or observed auditory action-effects, indicating sensory attenuation.",inconclusive,close experiment,identity unresolved; not proof of an omitted effect
luna56,10.1371--journal.pone.0110118#luna56:b20d488dc2f7ee9b:1,10.1371--journal.pone.0110118,"The perceived interval between a voluntary action and its sensory effect is shorter than the interval between externally generated events, producing temporal binding.",success,close experiment,identity unresolved; not proof of an omitted effect
luna56,10.5018--economics-ejournal.ja.2018-3#luna56:9cbd61bed54f3445:1,10.5018--economics-ejournal.ja.2018-3,"Education had a positive causal effect on overall Prussian industrialisation during the first phase of industrialisation, measured in 1849.",failure,close experiment,identity unresolved; not proof of an omitted effect
luna56,10.5018--economics-ejournal.ja.2018-3#luna56:c731fbfc508dc778:1,10.5018--economics-ejournal.ja.2018-3,Education had a positive causal effect on metal-sector industrialisation during the first phase of Prussian industrialisation.,failure,close experiment,identity unresolved; not proof of an omitted effect
luna56,10.5018--economics-ejournal.ja.2018-3#luna56:e6860485d7312a97:1,10.5018--economics-ejournal.ja.2018-3,Education had a positive causal effect on textile-sector industrialisation during the first phase of Prussian industrialisation.,failure,close experiment,identity unresolved; not proof of an omitted effect
luna56,10.5018--economics-ejournal.ja.2018-3#luna56:727ee3ca818e59f1:1,10.5018--economics-ejournal.ja.2018-3,"Education had a positive causal effect on industrialisation in the non-metal, non-textile sector during the first phase of Prussian industrialisation.",failure,close experiment,identity unresolved; not proof of an omitted effect
luna56,10.5018--economics-ejournal.ja.2018-3#luna56:bed554d386173bd5:1,10.5018--economics-ejournal.ja.2018-3,"Education had a positive causal effect on overall Prussian industrialisation during the second phase of industrialisation, from 1849 to 1882.",failure,close experiment,identity unresolved; not proof of an omitted effect
luna56,10.5018--economics-ejournal.ja.2018-3#luna56:6786d7061bb3241b:1,10.5018--economics-ejournal.ja.2018-3,"Education had a positive causal effect on metal-sector industrialisation during the second phase of Prussian industrialisation, from 1849 to 1882.",failure,close experiment,identity unresolved; not proof of an omitted effect
luna56,10.5018--economics-ejournal.ja.2018-3#luna56:409221fa21062c51:1,10.5018--economics-ejournal.ja.2018-3,"Education had a positive causal effect on textile-sector industrialisation during the second phase of Prussian industrialisation, from 1849 to 1882.",failure,close experiment,identity unresolved; not proof of an omitted effect
luna56,10.5018--economics-ejournal.ja.2018-3#luna56:9b45c52a2dffe228:1,10.5018--economics-ejournal.ja.2018-3,"Education had a positive causal effect on industrialisation in the non-metal, non-textile sector during the second phase of Prussian industrialisation, from 1849 to 1882.",success,close experiment,identity unresolved; not proof of an omitted effect
luna56,10.1177--073953298600700307#luna56:52e365d850e2117a:1,10.1177--073953298600700307,"Newspaper uses-and-gratifications statements produce three distinct factors: surveillance, diversion, and interaction.",failure,direct,identity unresolved; not proof of an omitted effect
luna56,10.1177--073953298600700307#luna56:1d35d2a58cf1585f:1,10.1177--073953298600700307,Weekday newspaper subscribers are strongly oriented toward obtaining immediate knowledge of big news events.,inconclusive,direct,identity unresolved; not proof of an omitted effect
luna56,10.1177--073953298600700307#luna56:f0681a548d9ff7a4:1,10.1177--073953298600700307,Weekday single-copy newspaper readers are strongly oriented toward finding interesting or unusual stories to tell others.,failure,direct,identity unresolved; not proof of an omitted effect
luna56,10.1177--073953298600700307#luna56:f35d24c794581d28:1,10.1177--073953298600700307,Weekday newspaper non-readers are strongly oriented toward using a newspaper simply to pass the time.,failure,direct,identity unresolved; not proof of an omitted effect
luna56,10.1177--073953298600700307#luna56:f8d6c5ab46841e71:1,10.1177--073953298600700307,"Sunday newspaper subscribers are oriented toward immediate knowledge of big news events, being happy, and obtaining more information about events they have seen.",inconclusive,direct,identity unresolved; not proof of an omitted effect
luna56,10.1177--073953298600700307#luna56:0a753bb107c848df:1,10.1177--073953298600700307,Sunday single-copy readers are oriented toward understanding what is going on and toward using the newspaper simply to pass the time.,success,direct,identity unresolved; not proof of an omitted effect
luna56,10.1177--073953298600700307#luna56:8f7d2dabc6bd1902:1,10.1177--073953298600700307,Sunday newspaper non-readers are oriented toward passing the time and toward obtaining more information about events they have seen.,inconclusive,direct,identity unresolved; not proof of an omitted effect
luna56,10.1080--02699931.2020.1719982#luna56:7a000c52ab78a893:1,10.1080--02699931.2020.1719982,Pairing tastes with smells produces evaluative conditioning of the smells.,success,conceptual,identity unresolved; not proof of an omitted effect
luna56,10.1080--02699931.2020.1719982#luna56:c2d660e3bf75f565:1,10.1080--02699931.2020.1719982,Evaluative conditioning from taste pairings is stronger for smells than for visual stimuli.,inconclusive,conceptual,identity unresolved; not proof of an omitted effect
luna56,10.1080--02699931.2020.1719982#luna56:4cef9fc0a39ff29a:1,10.1080--02699931.2020.1719982,Evaluative conditioning occurs for smell-taste pairings that participants do not explicitly remember.,failure,conceptual,identity unresolved; not proof of an omitted effect
luna56,10.3389--fnhum.2020.00265#luna56:9643d00ee6c55947:1,10.3389--fnhum.2020.00265,Training across five sessions improves tactile P300-based BCI performance and enables wheelchair navigation in a virtual environment.,inconclusive,close experiment,identity unresolved; not proof of an omitted effect
luna56,10.1016--j.jsat.2013.07.013#luna56:e310fb41725fa203:1,10.1016--j.jsat.2013.07.013,A single 20-minute computer-delivered e-SBI intervention plus two non-tailored mailings reduces postpartum women's self-reported drug use.,inconclusive,close experiment,identity unresolved; not proof of an omitted effect
luna56,10.3386--w21801#luna56:aff2728c7c7b8245:1,10.3386--w21801,The Mariel Boatlift had no significant negative effect on the wages of low-skilled non-Cuban workers in Miami.,success,close experiment,identity unresolved; not proof of an omitted effect
luna56,10.3386--w21801#luna56:40ad3d75ac5217d0:1,10.3386--w21801,The Mariel Boatlift did not significantly increase unemployment among low-skilled non-Cuban workers in Miami.,success,close experiment,identity unresolved; not proof of an omitted effect
luna56,10.3386--w21801#luna56:c47e3bc2ff69d5bf:1,10.3386--w21801,The Mariel Boatlift caused a large and lasting decline in the wages of selected groups of low-skilled workers in Miami relative to a synthetic control.,success,direct,identity unresolved; not proof of an omitted effect
luna56,10.3386--w21801#luna56:38cfc01a178e6719:1,10.3386--w21801,A nonexistent 1994 Mariel Boatlift would appear to produce a spurious increase in Miami unemployment when analyzed with a small conventional control group.,failure,close experiment,identity unresolved; not proof of an omitted effect
luna56,10.1002--jae.2886#luna56:afe98fa6105c838b:1,10.1002--jae.2886,"The Economics co-authorship network becomes a small world by the 1990s, characterized by a large connected component, short distances, and high clustering, with highly connected researchers driving the pattern.",success,direct,identity unresolved; not proof of an omitted effect
luna56,10.1002--jae.2886#luna56:815044e63a0251f6:1,10.1002--jae.2886,"The Economics co-authorship network becomes a small world by the 1990s, with highly connected researchers producing short average distances and increasing connectedness.",success,close experiment,identity unresolved; not proof of an omitted effect
luna56,10.1002--jae.2886#luna56:4fac62c7a5e215ab:1,10.1002--jae.2886,"Using co-authorship data, the Economics profession forms a small world by the 1990s, with a large giant component, short distances, high clustering, and highly connected researchers linking otherwise distant groups.",success,close experiment,identity unresolved; not proof of an omitted effect
luna56,10.1002--jae.2886#luna56:833e9493575ca1b0:1,10.1002--jae.2886,"The small-world structure of the Economics co-authorship network persists and strengthens in the 2000s and 2010s, with larger giant components, higher clustering, and shorter average distances.",success,close extension,identity unresolved; not proof of an omitted effect
luna56,10.1111--sjoe.12341#luna56:a48ac0f62e4096ae:1,10.1111--sjoe.12341,"Protection from iodine deficiency in utero increases educational attainment in Tanzania, with particularly large effects for girls.",success,direct,identity unresolved; not proof of an omitted effect
luna56,10.1111--sjoe.12341#luna56:a1dad44f3fa176bd:1,10.1111--sjoe.12341,"Protection from iodine deficiency in utero increases educational attainment in Tanzania, with particularly large effects for girls.",failure,close experiment,identity unresolved; not proof of an omitted effect
luna56,10.1371--journal.pone.0051382#luna56:fc8841098db34ae1:1,10.1371--journal.pone.0051382,Sentences implying a particular object orientation cause faster verification of pictures showing the object in the matching orientation than pictures showing it in the mismatching orientation.,success,close extension,identity unresolved; not proof of an omitted effect
luna56,10.1371--journal.pone.0051382#luna56:5bb150b9303df4d8:1,10.1371--journal.pone.0051382,Sentences implying a particular object orientation cause faster verification of pictures showing the object in the matching orientation than pictures showing it in the mismatching orientation.,success,close extension,identity unresolved; not proof of an omitted effect
luna56,10.1371--journal.pone.0051382#luna56:d9d41740e713bb41:1,10.1371--journal.pone.0051382,Sentences implying an object's shape cause faster and more accurate verification of pictures showing the object in the matching shape than pictures showing it in the mismatching shape.,success,close extension,identity unresolved; not proof of an omitted effect
luna56,10.1371--journal.pone.0051382#luna56:26ae363441807673:1,10.1371--journal.pone.0051382,Sentences implying an object's shape cause faster and more accurate verification of pictures showing the object in the matching shape than pictures showing it in the mismatching shape.,success,close extension,identity unresolved; not proof of an omitted effect
luna56,10.1371--journal.pone.0051382#luna56:24ee30af59d7298b:1,10.1371--journal.pone.0051382,Sentences implying an object's color cause faster verification of pictures showing the object in the mismatching color than pictures showing it in the matching color.,reversal,close extension,identity unresolved; not proof of an omitted effect
luna56,10.1371--journal.pone.0051382#luna56:bb4b239511ccada2:1,10.1371--journal.pone.0051382,Sentences implying an object's color cause faster verification of pictures showing the object in the mismatching color than pictures showing it in the matching color.,inconclusive,close extension,identity unresolved; not proof of an omitted effect
luna56,10.1177--0956797613486983#luna56:c72011e12c68006e:1,10.1177--0956797613486983,"Activating attachment concerns by having participants reflect on a romantic breakup increases preferences for warm foods among individuals with high, but not low, anxious attachment.",failure,direct,identity unresolved; not proof of an omitted effect
luna56,10.1177--0956797613486983#luna56:c72011e12c68006e:2,10.1177--0956797613486983,"Activating attachment concerns by having participants reflect on a romantic breakup increases preferences for warm foods among individuals with high, but not low, anxious attachment.",failure,direct,identity unresolved; not proof of an omitted effect
luna56,10.1177--1745691615605826#luna56:803ad31ab03a7f79:1,10.1177--1745691615605826,Describing criminal actions in the imperfective aspect causes participants to attribute greater intentionality to the perpetrator than describing the same actions in the perfective aspect.,failure,direct,identity unresolved; not proof of an omitted effect
luna56,10.1177--1745691615605826#luna56:44d61c2459b481eb:1,10.1177--1745691615605826,Describing criminal actions in the imperfective aspect makes them easier to imagine and promotes more detailed processing than describing the same actions in the perfective aspect.,failure,direct,identity unresolved; not proof of an omitted effect
luna56,10.1177--1745691615605826#luna56:1cbe5128cede1eee:1,10.1177--1745691615605826,Describing criminal actions in the imperfective aspect causes participants to attribute greater intention to the perpetrator than describing the same actions in the perfective aspect.,failure,direct,identity unresolved; not proof of an omitted effect
luna56,10.1016--j.jesp.2015.09.003#luna56:a84567f6aa29775a:1,10.1016--j.jesp.2015.09.003,"In Experiment 2, positive-high affect induced by dessert pictures was hypothesized to narrow attentional breadth compared with neutral affect induced by rock pictures, producing slower responses to global targets and relatively faster responses to local targets.",success,direct,identity unresolved; not proof of an omitted effect
luna56,10.1016--j.jesp.2015.09.003#luna56:034fee4201035775:1,10.1016--j.jesp.2015.09.003,"In Experiment 2, positive-high affect was hypothesized to narrow attentional breadth compared with neutral affect, such that responses to global targets would be slower after positive-high than after neutral stimuli.",success,conceptual,identity unresolved; not proof of an omitted effect
luna56,10.1016--j.jesp.2015.09.003#luna56:f81a98ca6e5e0b4e:1,10.1016--j.jesp.2015.09.003,"In Experiment 1, positive-high affect was hypothesized to narrow attentional breadth compared with positive-low affect, with relatively greater local than global processing after positive-high stimuli.",failure,conceptual,identity unresolved; not proof of an omitted effect
luna56,10.3758--s13421-017-0708-1#luna56:dd0f1634f52ac8d4:1,10.3758--s13421-017-0708-1,"Color implied by a sentence produces a mismatch advantage, with responses to mismatching object colors faster than responses to matching colors.",inconclusive,conceptual,identity unresolved; not proof of an omitted effect
luna56,10.3758--s13421-017-0708-1#luna56:aef759ac37f1e4b4:1,10.3758--s13421-017-0708-1,"Color implied by a sentence produces a match advantage, with faster responses to object pictures whose colors match the implied color.",success,conceptual,identity unresolved; not proof of an omitted effect
luna56,10.3758--s13423-020-01834-4#luna56:b382b31b01c2a78a:1,10.3758--s13423-020-01834-4,"In Study 1h, choice architects selecting a default to influence a new employee toward a higher-paying or more vacation-rich job selected the optimal default at below-chance levels.",success,direct,identity unresolved; not proof of an omitted effect
luna56,10.3758--s13423-020-01834-4#luna56:2e171938464e164e:1,10.3758--s13423-020-01834-4,"In Study 1h, choice architects selecting a default to influence a new employee toward a higher-paying or more vacation-rich job selected the optimal default at below-chance levels.",reversal,conceptual,identity unresolved; not proof of an omitted effect
luna56,10.3758--s13423-020-01834-4#luna56:670e58f339f1a414:1,10.3758--s13423-020-01834-4,"In Study 1h, choice architects selecting a default to influence a new employee toward a higher-paying or more vacation-rich job selected the optimal default at below-chance levels when the option attributes were framed as the advantages and disadvantages of switching jobs.",inconclusive,close experiment,identity unresolved; not proof of an omitted effect
luna56,10.1098--rsos.181868#luna56:6a0cafa424fe84fb:1,10.1098--rsos.181868,Skilled musicians do not experience the McGurk effect when audiovisual speech stimuli conflict.,failure,close experiment,identity unresolved; not proof of an omitted effect
luna56,10.3758--s13421-023-01471-x#luna56:6c5a3c5ec73f823f:1,10.3758--s13421-023-01471-x,Distraction during encoding of faces improves delayed memory performance compared with encoding without distraction.,inconclusive,close experiment,identity unresolved; not proof of an omitted effect
luna56,10.3758--s13421-023-01471-x#luna56:36606110d2cd6d81:1,10.3758--s13421-023-01471-x,"Distraction during encoding of faces, presented in blocked task conditions, improves delayed memory performance compared with simple-span encoding.",failure,close experiment,identity unresolved; not proof of an omitted effect
luna56,10.3758--s13421-023-01471-x#luna56:b6bd066968f7de72:1,10.3758--s13421-023-01471-x,Distraction during encoding of faces improves delayed memory performance compared with simple-span encoding across different working-memory set sizes.,failure,close experiment,identity unresolved; not proof of an omitted effect
luna56,10.3758--s13421-023-01471-x#luna56:57c81f7186f5188b:1,10.3758--s13421-023-01471-x,"Distraction during encoding of faces improves delayed memory performance compared with simple-span encoding, including under intentional and incidental encoding conditions.",reversal,close experiment,identity unresolved; not proof of an omitted effect
luna56,10.1016--j.neuroimage.2008.04.023#luna56:89e319e934dd1127:1,10.1016--j.neuroimage.2008.04.023,Individuals with short SSRT show greater subthalamic nucleus activity than individuals with long SSRT.,reversal,close experiment,identity unresolved; not proof of an omitted effect
luna56,10.1001--archneurol.2011.155#luna56:f5404db6c72566e0:1,10.1001--archneurol.2011.155,The very-long allele of the APOE ε3–TOMM40 polyT polymorphism is associated with increased risk of late-onset Alzheimer's disease.,reversal,close experiment,identity unresolved; not proof of an omitted effect
luna56,10.1016--j.psyneuen.2016.08.017#luna56:da993ef8284d1be2:1,10.1016--j.psyneuen.2016.08.017,"Acute systemic administration of the 5-HT2C receptor agonist MK212 disrupts active maternal behaviors in postpartum rats, particularly pup retrieval.",success,direct,identity unresolved; not proof of an omitted effect
luna56,10.3758--s13421-024-01583-y#luna56:e9a0847d53964612:1,10.3758--s13421-024-01583-y,Rabbitt's Experiment 3 claimed that presenting noise during the second half of a spoken passage impairs retention of information presented in the first half.,reversal,close extension,identity unresolved; not proof of an omitted effect
luna56,10.3758--s13421-024-01583-y#luna56:caa08e35cfcf80e0:1,10.3758--s13421-024-01583-y,Rabbitt's Experiment 3 claimed that presenting noise during the second half of a spoken passage impairs retention of information presented in the first half.,failure,close extension,identity unresolved; not proof of an omitted effect
luna56,10.3758--s13421-024-01583-y#luna56:caa08e35cfcf80e0:2,10.3758--s13421-024-01583-y,Rabbitt's Experiment 3 claimed that presenting noise during the second half of a spoken passage impairs retention of information presented in the first half.,failure,close extension,identity unresolved; not proof of an omitted effect
luna56,10.2466--pr0.2000.87.2.493#luna56:ed8f4bfe7ba15a91:1,10.2466--pr0.2000.87.2.493,Male and female college students agree about which traits typify men and women.,success,direct,identity unresolved; not proof of an omitted effect
luna56,10.2466--pr0.2000.87.2.493#luna56:10a0146a8ddd9fd4:1,10.2466--pr0.2000.87.2.493,College students identify numerous gender-stereotypic traits distinguishing the typical man from the typical woman.,failure,direct,identity unresolved; not proof of an omitted effect
luna56,10.2466--pr0.2000.87.2.493#luna56:ac01e91a5a9136eb:1,10.2466--pr0.2000.87.2.493,Male and female students agree about which poles of the questionnaire traits are socially desirable.,success,direct,identity unresolved; not proof of an omitted effect
luna56,10.2466--pr0.2000.87.2.493#luna56:45ce2d1a7cf35168:1,10.2466--pr0.2000.87.2.493,Students attribute more socially desirable traits to men than to women.,failure,direct,identity unresolved; not proof of an omitted effect
luna56,10.2466--pr0.2000.87.2.493#luna56:c48cc39fa2de2df2:1,10.2466--pr0.2000.87.2.493,Male and female students rate themselves as less different from the opposite-sex prototype than the typical man and typical woman are from each other.,success,direct,identity unresolved; not proof of an omitted effect
luna56,10.1016--j.leaqua.2022.101633#luna56:ed28a4d3f4e9473e:1,10.1016--j.leaqua.2022.101633,"In the absence of racial cues, participants perceive a business leader as White more often than a non-leader.",inconclusive,close experiment,identity unresolved; not proof of an omitted effect
luna56,10.1016--j.leaqua.2022.101633#luna56:5c816e2d1d266701:1,10.1016--j.leaqua.2022.101633,"In the absence of racial cues, participants perceive a business leader as White more often than a non-leader.",inconclusive,conceptual,identity unresolved; not proof of an omitted effect
luna56,10.1016--j.leaqua.2022.101633#luna56:0051c6ced1311678:1,10.1016--j.leaqua.2022.101633,"When successful organizational performance is attributed to the leader, White leaders are evaluated more favorably than non-White leaders.",failure,close experiment,identity unresolved; not proof of an omitted effect
luna56,10.1016--j.leaqua.2022.101633#luna56:0051c6ced1311678:2,10.1016--j.leaqua.2022.101633,"When successful organizational performance is attributed to the leader, White leaders are evaluated more favorably than non-White leaders.",failure,close experiment,identity unresolved; not proof of an omitted effect
luna56,10.1016--j.leaqua.2022.101633#luna56:580fbd66af34858c:1,10.1016--j.leaqua.2022.101633,"When successful organizational performance is attributed to the leader, White leaders are evaluated more favorably than non-White leaders.",failure,conceptual,identity unresolved; not proof of an omitted effect
luna56,10.1016--j.leaqua.2022.101633#luna56:580fbd66af34858c:2,10.1016--j.leaqua.2022.101633,"When successful organizational performance is attributed to the leader, White leaders are evaluated more favorably than non-White leaders.",failure,conceptual,identity unresolved; not proof of an omitted effect
luna56,10.1016--j.leaqua.2022.101633#luna56:580fbd66af34858c:3,10.1016--j.leaqua.2022.101633,"When successful organizational performance is attributed to the leader, White leaders are evaluated more favorably than non-White leaders.",failure,conceptual,identity unresolved; not proof of an omitted effect
luna56,10.1016--j.leaqua.2022.101633#luna56:580fbd66af34858c:4,10.1016--j.leaqua.2022.101633,"When successful organizational performance is attributed to the leader, White leaders are evaluated more favorably than non-White leaders.",failure,conceptual,identity unresolved; not proof of an omitted effect
luna56,10.1007--s12662-024-00979-x#luna56:99dfc8023c394632:1,10.1007--s12662-024-00979-x,"The original study examined the stability, test-retest reliability, and validity of physical activity estimates obtained using accelerometry with 10- and 60-second epochs, a physical activity diary, and a questionnaire in adults and children.",success,close experiment,identity unresolved; not proof of an omitted effect
luna56,10.1016--j.cognition.2019.104157#luna56:3c3537ea7c5e9eb7:1,10.1016--j.cognition.2019.104157,"Principled connections between kinds and properties license self-referential generalizations, whereas non-principled connections do not.",success,close extension,identity unresolved; not proof of an omitted effect
luna56,10.1016--j.cognition.2019.104157#luna56:d1b409bef112ea6e:1,10.1016--j.cognition.2019.104157,"Principled connections establish norms of normality and normativity for the properties of a kind, whereas non-principled connections do not.",success,close extension,identity unresolved; not proof of an omitted effect
luna56,10.1016--j.cognition.2019.104157#luna56:f6df5a777f4dd7f5:1,10.1016--j.cognition.2019.104157,Principled connections establish normative expectations that a kind should possess the corresponding property.,success,close extension,identity unresolved; not proof of an omitted effect
luna56,10.1016--j.cognition.2019.104157#luna56:fa79fbc34cef19af:1,10.1016--j.cognition.2019.104157,"Properties linked to a kind by a principled connection are construed as an aspect of that kind, whereas properties linked non-principally are not.",success,close extension,identity unresolved; not proof of an omitted effect
luna56,10.1016--j.cognition.2019.104157#luna56:d90ee2d1a8354468:1,10.1016--j.cognition.2019.104157,"Principled connections license natural formal explanations that explain a property by reference to the kind, whereas non-principled connections do not.",success,close extension,identity unresolved; not proof of an omitted effect
luna56,10.1177--0956797611419168#luna56:8c425eaaa864e235:1,10.1177--0956797611419168,Natural scenes are perceived despite attention being directed to another task and therefore do not produce inattentional blindness.,failure,close experiment,identity unresolved; not proof of an omitted effect
luna56,10.1177--0956797611419168#luna56:8c425eaaa864e235:2,10.1177--0956797611419168,Natural scenes are perceived despite attention being directed to another task and therefore do not produce inattentional blindness.,failure,close experiment,identity unresolved; not proof of an omitted effect
luna56,10.1177--0956797611419168#luna56:69ab4e6ade7bf994:1,10.1177--0956797611419168,Natural-scene perception is unaffected by dual-task interference and requires little or no attention.,inconclusive,close experiment,identity unresolved; not proof of an omitted effect
luna56,10.1177--0956797611419168#luna56:8552c3510c5cacab:1,10.1177--0956797611419168,Natural-scene perception is unaffected by dual-task interference and can occur in the near absence of attention.,inconclusive,close experiment,identity unresolved; not proof of an omitted effect
luna56,10.1177--0956797611419168#luna56:7acedabc7d48399e:1,10.1177--0956797611419168,Natural-scene perception is unaffected by dual-task interference and can occur with little or no focused attention.,inconclusive,close experiment,identity unresolved; not proof of an omitted effect
luna56,10.1177--0956797611419168#luna56:fa9d2f91edc19938:1,10.1177--0956797611419168,"Natural-scene perception, including detection and categorization of scene contents, is largely unaffected by a demanding concurrent task.",inconclusive,close experiment,identity unresolved; not proof of an omitted effect
luna56,10.1177--0956797611419168#luna56:cc6ba8f3d4fd2431:1,10.1177--0956797611419168,"Natural-scene perception, including detection and categorization of scene contents, is largely unaffected by a demanding concurrent task.",inconclusive,close experiment,identity unresolved; not proof of an omitted effect
luna56,10.1177--0956797611419168#luna56:cfe85594b983cc90:1,10.1177--0956797611419168,"Natural-scene perception, including detection and categorization of scene contents, is largely unaffected by a demanding concurrent task.",inconclusive,close experiment,identity unresolved; not proof of an omitted effect
luna56,10.1177--0956797611419168#luna56:fbede519099abbf2:1,10.1177--0956797611419168,Animals and other semantic information in natural scenes can be detected and categorized rapidly with minimal attention.,inconclusive,close experiment,identity unresolved; not proof of an omitted effect
luna56,10.1038--s41598-018-35209-6#luna56:3ac0dbd7ac9f0650:1,10.1038--s41598-018-35209-6,Resting-state brain networks correspond to the functional networks engaged during task performance.,success,close extension,identity unresolved; not proof of an omitted effect
luna56,10.1080--13803390701550110#luna56:c79921ac840fe2ad:1,10.1080--13803390701550110,"Positive emotional words show an advantage over negative emotional words when presented to the left visual field, with no corresponding word-category difference for right-visual-field presentations.",success,close experiment,identity unresolved; not proof of an omitted effect
luna56,10.1111--j.1467-9280.2008.02076.x#luna56:a0f73dddb123e85e:1,10.1111--j.1467-9280.2008.02076.x,"When a group is perceived as large and diverse, people recognize that one individual's behavior is not representative of all group members and resist generalizing evaluations to another group member.",success,close experiment,identity unresolved; not proof of an omitted effect
luna56,10.1111--j.1467-9280.2008.02076.x#luna56:60e208c449e284e4:1,10.1111--j.1467-9280.2008.02076.x,People can recognize that one individual's behavior is not representative of all members of a large and diverse group and therefore resist transferring evaluations from one group member to another.,success,close experiment,identity unresolved; not proof of an omitted effect
luna56,10.1037--0096-3445.123.2.161#luna56:e0e17c95991d2a9d:1,10.1037--0096-3445.123.2.161,"Unilateral parietal lesions cause an abnormally large spatial disengagement cost for invalidly cued contralesional targets, including targets requiring horizontal shifts of attention.",success,close experiment,identity unresolved; not proof of an omitted effect
luna56,10.1037--0096-3445.123.2.161#luna56:f4c1d622bc593a3d:1,10.1037--0096-3445.123.2.161,Parietal-lesion patients show an abnormally large difficulty disengaging attention for vertical shifts to invalidly cued targets in the contralesional field.,success,close experiment,identity unresolved; not proof of an omitted effect
luna56,10.1038--ng.3434#luna56:92946627cc0c133c:1,10.1038--ng.3434,Genetic variants at the C8orf13-BLK and ITGAM-ITGAX loci are associated with susceptibility to systemic lupus erythematosus.,inconclusive,direct,identity unresolved; not proof of an omitted effect
