original_url,replication_url,description,result,replication_type,original_authors,original_title,original_journal,original_volume,original_issue,original_pages,original_year,replication_authors,replication_title,replication_journal,replication_volume,replication_issue,replication_pages,replication_year,original_n,original_es,original_es_type,original_es_95_CI,original_p_value,original_p_value_type,original_p_value_tails,replication_n,replication_es,replication_es_type,original_es_r,replication_es_r,replication_es_95_CI,replication_p_value,replication_p_value_type,replication_p_value_tails,field,discipline,subdiscipline,tags,validated,validated_person,replication_initiative_tag,source,explanation,confidence,ai_version,row_id,provenance,replication_doi_norm,original_doi_norm
https://doi.org/10.1006/cogp.1998.0708,https://doi.org/10.17605/osf.io/wmqtb,"When outcomes are evaluated in comparison to goals, outcomes above reference point are perceived as positive and outcomes below reference point are perceived as negative (part 1 of the problem 1) [Original Study 1.]",success,direct or close,Chip Heath; Richard P. Larrick; George Wu,Goals as Reference Points,Cognitive Psychology,38,1,79-109,1999.0,Irene Nga Yu Au; Gilad Feldman,"Revisiting ""Goals as Reference Points"": Replication and extensions of Heath et al. (1999)",,,,,2024.0,45.0,"X2(1, N = 45) = 43.02",test statistic,,,,,377.0,0.980,cohen's h,0.9777525249264254,,,0.001,<,two-sided,social sciences,psychology,cognitive psychology,Goals as reference points; bias; judgment and decision making; value function; loss aversion; diminishing sensitivity,yes,FoRRT FReD team (June 2026 import),,FReD v2.4.2 (June 2026 import),,,,fred_2,external:fred_v242,10.17605/osf.io/wmqtb,10.1006/cogp.1998.0708
https://doi.org/10.1006/cogp.1998.0708,https://doi.org/10.17605/osf.io/wmqtb,"When outcomes are evaluated in comparison to goals, outcomes above reference point are perceived as positive and outcomes below reference point are perceived as negative (part 2 of the problem 1) [Original Study 1.]",success,direct or close,Chip Heath; Richard P. Larrick; George Wu,Goals as Reference Points,Cognitive Psychology,38,1,79-109,1999.0,Irene Nga Yu Au; Gilad Feldman,"Revisiting ""Goals as Reference Points"": Replication and extensions of Heath et al. (1999)",,,,,2024.0,45.0,"X2(1, N = 45) = 43.02",test statistic,,,,,377.0,0.39,cohen's h,0.9777525249264254,,,0.001,<,two-sided,social sciences,psychology,cognitive psychology,Goals as reference points; bias; judgment and decision making; value function; loss aversion; diminishing sensitivity,yes,FoRRT FReD team (June 2026 import),,FReD v2.4.2 (June 2026 import),,,,fred_3,external:fred_v242,10.17605/osf.io/wmqtb,10.1006/cogp.1998.0708
https://doi.org/10.1006/cogp.1998.0708,https://doi.org/10.17605/osf.io/wmqtb,Lower satisfaction is experienced when outcome falls short of a specific goal than when there is no specific goal [Original Study 1.],success,direct or close,Chip Heath; Richard P. Larrick; George Wu,Goals as Reference Points,Cognitive Psychology,38,1,79-109,1999.0,Irene Nga Yu Au; Gilad Feldman,"Revisiting ""Goals as Reference Points"": Replication and extensions of Heath et al. (1999)",,,,,2024.0,60.0,,,,0.05,<,,377.0,0.51,cohen's h,,,,0.001,<,two-sided,social sciences,psychology,cognitive psychology,Goals as reference points; bias; judgment and decision making; value function; loss aversion; diminishing sensitivity,yes,FoRRT FReD team (June 2026 import),,FReD v2.4.2 (June 2026 import),,,,fred_4,external:fred_v242,10.17605/osf.io/wmqtb,10.1006/cogp.1998.0708
https://doi.org/10.1006/cogp.1998.0708,https://doi.org/10.17605/osf.io/wmqtb,The emotion associated with loss is more than the emotion associated with gain of the same magnitude [Original Study 1.],success,direct or close,Chip Heath; Richard P. Larrick; George Wu,Goals as Reference Points,Cognitive Psychology,38,1,79-109,1999.0,Irene Nga Yu Au; Gilad Feldman,"Revisiting ""Goals as Reference Points"": Replication and extensions of Heath et al. (1999)",,,,,2024.0,48.0,"X2(1, N = 48) = 7.52",test statistic,,0.05,<,,377.0,0.1,cohen's h,0.3958114029012639,,,0.05,=,two-sided,social sciences,psychology,cognitive psychology,Goals as reference points; bias; judgment and decision making; value function; loss aversion; diminishing sensitivity,yes,FoRRT FReD team (June 2026 import),,FReD v2.4.2 (June 2026 import),,,,fred_5,external:fred_v242,10.17605/osf.io/wmqtb,10.1006/cogp.1998.0708
https://doi.org/10.1037/0022-3514.83.1.138,https://doi.org/10.17605/osf.io/j3ue4,Participants reported more shame in explicit public conditions than in implicit public conditions [Original Study 1.],failure,direct or close,Richard H. Smith; J. Matthew Webster; W. Gerrod Parrott; Heidi L. Eyre,The role of public exposure in moral and nonmoral shame and guilt.,Journal of Personality and Social Psychology,83,1,138-159,2002.0,Yuen Lok Yee; Kristy Chow; Jack Cheung Fung Chit; Gilad Feldman; Patrina Wong; Sin Hui Ching Rachel; Yikang Zhang,Revisiting the role of public exposure and moral beliefs on feelings of shame and guilt: Replication Registered Report of Smith et al. (2002)’s Study 1,,,,,2022.0,168.0,"F(2, 154) = 12.47",test statistic,,0.0001,<,,1272.0,0.13,etasq (partial),,0.3605551275463989,,0.001,<,,social sciences,psychology,social psychology,Public Exposure; moral judgements; emotions; shame; guilt,yes,FoRRT FReD team (June 2026 import),,FReD v2.4.2 (June 2026 import),,,,fred_6,external:fred_v242,10.17605/osf.io/j3ue4,10.1037/0022-3514.83.1.138
https://doi.org/10.1006/cogp.1998.0708,https://doi.org/10.17605/osf.io/wmqtb,More effort is expected to perform an additional unit of work when one is below than is above a goal [Original Study 1.],success,direct or close,Chip Heath; Richard P. Larrick; George Wu,Goals as Reference Points,Cognitive Psychology,38,1,79-109,1999.0,Irene Nga Yu Au; Gilad Feldman,"Revisiting ""Goals as Reference Points"": Replication and extensions of Heath et al. (1999)",,,,,2024.0,73.0,"X2(1, N = 73) = 28.99",test statistic,,0.001,<,,377.0,0.23,cohen's h,0.6301771875204885,,,0.001,<,two-sided,social sciences,psychology,cognitive psychology,Goals as reference points; bias; judgment and decision making; value function; loss aversion; diminishing sensitivity,yes,FoRRT FReD team (June 2026 import),,FReD v2.4.2 (June 2026 import),,,,fred_7,external:fred_v242,10.17605/osf.io/wmqtb,10.1006/cogp.1998.0708
https://doi.org/10.1037/0022-3514.83.1.138,https://doi.org/10.17605/osf.io/j3ue4,Low moral beliefs leading to less shame than did high moral beliefs [Original Study 1.],failure,direct or close,Richard H. Smith; J. Matthew Webster; W. Gerrod Parrott; Heidi L. Eyre,The role of public exposure in moral and nonmoral shame and guilt.,Journal of Personality and Social Psychology,83,1,138-159,2002.0,Yuen Lok Yee; Kristy Chow; Jack Cheung Fung Chit; Gilad Feldman; Patrina Wong; Sin Hui Ching Rachel; Yikang Zhang,Revisiting the role of public exposure and moral beliefs on feelings of shame and guilt: Replication Registered Report of Smith et al. (2002)’s Study 1,,,,,2022.0,168.0,"F(1, 154) = 11.03",test statistic,,0.005,<,,1272.0,0.3,etasq (partial),0.258527238000134,0.5477225575051662,,0.001,<,,social sciences,psychology,social psychology,Public Exposure; moral judgements; emotions; shame; guilt,yes,FoRRT FReD team (June 2026 import),,FReD v2.4.2 (June 2026 import),,,,fred_8,external:fred_v242,10.17605/osf.io/j3ue4,10.1037/0022-3514.83.1.138
https://doi.org/10.1006/cogp.1998.0708,https://doi.org/10.17605/osf.io/wmqtb,The amount of effort for one falling behind to meet a goal is twice as much as for one who has surpassed a goal to produce the same amount of work [Original Study 1.],success,direct or close,Chip Heath; Richard P. Larrick; George Wu,Goals as Reference Points,Cognitive Psychology,38,1,79-109,1999.0,Irene Nga Yu Au; Gilad Feldman,"Revisiting ""Goals as Reference Points"": Replication and extensions of Heath et al. (1999)",,,,,2024.0,61.0,2.5,coefficient of loss aversion,,,,,183.0,-0.292,cohen's h,,,,0.001,<,two-sided,social sciences,psychology,cognitive psychology,Goals as reference points; bias; judgment and decision making; value function; loss aversion; diminishing sensitivity,yes,FoRRT FReD team (June 2026 import),,FReD v2.4.2 (June 2026 import),,,,fred_9,external:fred_v242,10.17605/osf.io/wmqtb,10.1006/cogp.1998.0708
https://doi.org/10.1037/0022-3514.83.1.138,https://doi.org/10.17605/osf.io/j3ue4,"The effect for public exposure was present in both high, and low moral beliefs conditions [Original Study 1.]",failure,direct or close,Richard H. Smith; J. Matthew Webster; W. Gerrod Parrott; Heidi L. Eyre,The role of public exposure in moral and nonmoral shame and guilt.,Journal of Personality and Social Psychology,83,1,138-159,2002.0,Yuen Lok Yee; Kristy Chow; Jack Cheung Fung Chit; Gilad Feldman; Patrina Wong; Sin Hui Ching Rachel; Yikang Zhang,Revisiting the role of public exposure and moral beliefs on feelings of shame and guilt: Replication Registered Report of Smith et al. (2002)’s Study 1,,,,,2022.0,168.0,"F(2, 154) = 3.15",test statistic,,0.05,<,,1272.0,0.02,etasq (partial),,0.1414213562373095,,0.001,<,,social sciences,psychology,social psychology,Public Exposure; moral judgements; emotions; shame; guilt,yes,FoRRT FReD team (June 2026 import),,FReD v2.4.2 (June 2026 import),,,,fred_10,external:fred_v242,10.17605/osf.io/j3ue4,10.1037/0022-3514.83.1.138
https://doi.org/10.1006/cogp.1998.0708,https://doi.org/10.17605/osf.io/wmqtb,The amount of effort for one who has surpassed a goal is half as much as for one falling behind to meet a goal to produce the same amount of work [Original Study 1.],success,direct or close,Chip Heath; Richard P. Larrick; George Wu,Goals as Reference Points,Cognitive Psychology,38,1,79-109,1999.0,Irene Nga Yu Au; Gilad Feldman,"Revisiting ""Goals as Reference Points"": Replication and extensions of Heath et al. (1999)",,,,,2024.0,57.0,2,coefficient of loss aversion,,,,,194.0,0.2,cohen's h,,,,0.01,<,two-sided,social sciences,psychology,cognitive psychology,Goals as reference points; bias; judgment and decision making; value function; loss aversion; diminishing sensitivity,yes,FoRRT FReD team (June 2026 import),,FReD v2.4.2 (June 2026 import),,,,fred_11,external:fred_v242,10.17605/osf.io/wmqtb,10.1006/cogp.1998.0708
https://doi.org/10.1037/0022-3514.83.1.138,https://doi.org/10.17605/osf.io/j3ue4,Low moral beliefs leading to less guilt than did high moral beliefs [Original Study 1.],failure,direct or close,Richard H. Smith; J. Matthew Webster; W. Gerrod Parrott; Heidi L. Eyre,The role of public exposure in moral and nonmoral shame and guilt.,Journal of Personality and Social Psychology,83,1,138-159,2002.0,Yuen Lok Yee; Kristy Chow; Jack Cheung Fung Chit; Gilad Feldman; Patrina Wong; Sin Hui Ching Rachel; Yikang Zhang,Revisiting the role of public exposure and moral beliefs on feelings of shame and guilt: Replication Registered Report of Smith et al. (2002)’s Study 1,,,,,2022.0,168.0,"F(1, 154) = 14.14",test statistic,,0.0005,<,,1272.0,0.34,etasq (partial),0.2899941140405868,0.5830951894845301,,0.001,<,,social sciences,psychology,social psychology,Public Exposure; moral judgements; emotions; shame; guilt,yes,FoRRT FReD team (June 2026 import),,FReD v2.4.2 (June 2026 import),,,,fred_12,external:fred_v242,10.17605/osf.io/j3ue4,10.1037/0022-3514.83.1.138
https://doi.org/10.1006/cogp.1998.0708,https://doi.org/10.17605/osf.io/wmqtb,"More effort is expected to perform an additional unit of work when one is closer to than farther away from a goal, as one is outperforming and moving away from it [Original Study 1.]",success,direct or close,Chip Heath; Richard P. Larrick; George Wu,Goals as Reference Points,Cognitive Psychology,38,1,79-109,1999.0,Irene Nga Yu Au; Gilad Feldman,"Revisiting ""Goals as Reference Points"": Replication and extensions of Heath et al. (1999)",,,,,2024.0,76.0,"X2(1, N = 76) = 9.59",test statistic,,0.05,<,,191.0,0.3,cohen's h,0.3552241694005572,,,0.001,<,two-sided,social sciences,psychology,cognitive psychology,Goals as reference points; bias; judgment and decision making; value function; loss aversion; diminishing sensitivity,yes,FoRRT FReD team (June 2026 import),,FReD v2.4.2 (June 2026 import),,,,fred_13,external:fred_v242,10.17605/osf.io/wmqtb,10.1006/cogp.1998.0708
https://doi.org/10.1006/cogp.1998.0708,https://doi.org/10.17605/osf.io/wmqtb,"More effort is expected to perform an additional unit of work when one is closer to than farther away from a goal, as one is underperforming and approaching it [Original Study 1.]",success,direct or close,Chip Heath; Richard P. Larrick; George Wu,Goals as Reference Points,Cognitive Psychology,38,1,79-109,1999.0,Irene Nga Yu Au; Gilad Feldman,"Revisiting ""Goals as Reference Points"": Replication and extensions of Heath et al. (1999)",,,,,2024.0,74.0,"X2(1, N = 74) = 37.96",test statistic,,0.001,<,,186.0,0.72,cohen's h,0.7162213156371241,,,0.001,<,two-sided,social sciences,psychology,cognitive psychology,Goals as reference points; bias; judgment and decision making; value function; loss aversion; diminishing sensitivity,yes,FoRRT FReD team (June 2026 import),,FReD v2.4.2 (June 2026 import),,,,fred_14,external:fred_v242,10.17605/osf.io/wmqtb,10.1006/cogp.1998.0708
https://doi.org/10.1037/0022-3514.83.1.138,https://doi.org/10.17605/osf.io/j3ue4,public exposure is more associated with shame than with guilt [Original Study 1.],failure,direct or close,Richard H. Smith; J. Matthew Webster; W. Gerrod Parrott; Heidi L. Eyre,The role of public exposure in moral and nonmoral shame and guilt.,Journal of Personality and Social Psychology,83,1,138-159,2002.0,Yuen Lok Yee; Kristy Chow; Jack Cheung Fung Chit; Gilad Feldman; Patrina Wong; Sin Hui Ching Rachel; Yikang Zhang,Revisiting the role of public exposure and moral beliefs on feelings of shame and guilt: Replication Registered Report of Smith et al. (2002)’s Study 1,,,,,2022.0,168.0,"F(1, 154) = 10.17",test statistic,,0.0001,<,,1272.0,"F(2, 1266) = 1.08",test statistic,0.2488935128758077,,,0.34,>,,social sciences,psychology,social psychology,Public Exposure; moral judgements; emotions; shame; guilt,yes,FoRRT FReD team (June 2026 import),,FReD v2.4.2 (June 2026 import),,,,fred_15,external:fred_v242,10.17605/osf.io/j3ue4,10.1037/0022-3514.83.1.138
https://doi.org/10.1006/cogp.1998.0708,https://doi.org/10.17605/osf.io/wmqtb,More effort is expected in the short run when one is closer to than farther away from a difficult goal [Original Study 1.],success,direct or close,Chip Heath; Richard P. Larrick; George Wu,Goals as Reference Points,Cognitive Psychology,38,1,79-109,1999.0,Irene Nga Yu Au; Gilad Feldman,"Revisiting ""Goals as Reference Points"": Replication and extensions of Heath et al. (1999)",,,,,2024.0,47.0,"X2(1, N = 47) = 16.68",test statistic,,,,,377.0,0.44,cohen's h,0.5957294830888232,,,0.001,<,two-sided,social sciences,psychology,cognitive psychology,Goals as reference points; bias; judgment and decision making; value function; loss aversion; diminishing sensitivity,yes,FoRRT FReD team (June 2026 import),,FReD v2.4.2 (June 2026 import),,,,fred_16,external:fred_v242,10.17605/osf.io/wmqtb,10.1006/cogp.1998.0708
https://doi.org/10.1006/cogp.1998.0708,https://doi.org/10.17605/osf.io/wmqtb,More progress is perceived and higher commitments are involved in the end of proceeding towards a moderate goal than an ambitious one - even where commitment is identital at the start [Original Study 1.],success,direct or close,Chip Heath; Richard P. Larrick; George Wu,Goals as Reference Points,Cognitive Psychology,38,1,79-109,1999.0,Irene Nga Yu Au; Gilad Feldman,"Revisiting ""Goals as Reference Points"": Replication and extensions of Heath et al. (1999)",,,,,2024.0,64.0,"X2(2, N = 64) = 11.28",test statistic,,0.01,<,,377.0,-0.18,cohen's h,,,,0.001,<,two-sided,social sciences,psychology,cognitive psychology,Goals as reference points; bias; judgment and decision making; value function; loss aversion; diminishing sensitivity,yes,FoRRT FReD team (June 2026 import),,FReD v2.4.2 (June 2026 import),,,,fred_17,external:fred_v242,10.17605/osf.io/wmqtb,10.1006/cogp.1998.0708
https://doi.org/10.1006/cogp.1998.0708,https://doi.org/10.17605/osf.io/wmqtb,More progress is perceived and higher commitments are involved in the end of proceeding towards a moderate goal than an ambitious one (part 2 of Problem 9) [Original Study 1.],success,direct or close,Chip Heath; Richard P. Larrick; George Wu,Goals as Reference Points,Cognitive Psychology,38,1,79-109,1999.0,Irene Nga Yu Au; Gilad Feldman,"Revisiting ""Goals as Reference Points"": Replication and extensions of Heath et al. (1999)",,,,,2024.0,64.0,"X2(2, N = 64) = 70.72",test statistic,,0.01,<,,377.0,0.6,cohen's h,,,,0.001,<,two-sided,social sciences,psychology,cognitive psychology,Goals as reference points; bias; judgment and decision making; value function; loss aversion; diminishing sensitivity,yes,FoRRT FReD team (June 2026 import),,FReD v2.4.2 (June 2026 import),,,,fred_18,external:fred_v242,10.17605/osf.io/wmqtb,10.1006/cogp.1998.0708
https://doi.org/10.1006/cogp.1998.0708,https://doi.org/10.17605/osf.io/wmqtb,More progress is perceived and higher commitments are involved in the end of proceeding towards a moderate goal than an ambitious one (part 3 of Problem 9) [Original Study 1.],success,direct or close,Chip Heath; Richard P. Larrick; George Wu,Goals as Reference Points,Cognitive Psychology,38,1,79-109,1999.0,Irene Nga Yu Au; Gilad Feldman,"Revisiting ""Goals as Reference Points"": Replication and extensions of Heath et al. (1999)",,,,,2024.0,64.0,"X2(2, N = 64) = 42.88",test statistic,,0.01,<,,377.0,0.25,cohen's h,,,,0.001,<,two-sided,social sciences,psychology,cognitive psychology,Goals as reference points; bias; judgment and decision making; value function; loss aversion; diminishing sensitivity,yes,FoRRT FReD team (June 2026 import),,FReD v2.4.2 (June 2026 import),,,,fred_19,external:fred_v242,10.17605/osf.io/wmqtb,10.1006/cogp.1998.0708
https://doi.org/10.1006/cogp.1998.0708,https://doi.org/10.17605/osf.io/wmqtb,Smaller and more proximal subgoals are more likely to result in achieving the overall goal [Original Study 1.],success,direct or close,Chip Heath; Richard P. Larrick; George Wu,Goals as Reference Points,Cognitive Psychology,38,1,79-109,1999.0,Irene Nga Yu Au; Gilad Feldman,"Revisiting ""Goals as Reference Points"": Replication and extensions of Heath et al. (1999)",,,,,2024.0,46.0,"X2(1, N = 46) = 13.59",test statistic,,,,,377.0,0.54,cohen's h,0.5435391270264687,,,0.001,<,two-sided,social sciences,psychology,cognitive psychology,Goals as reference points; bias; judgment and decision making; value function; loss aversion; diminishing sensitivity,yes,FoRRT FReD team (June 2026 import),,FReD v2.4.2 (June 2026 import),,,,fred_20,external:fred_v242,10.17605/osf.io/wmqtb,10.1006/cogp.1998.0708
https://doi.org/10.1006/cogp.1998.0708,https://doi.org/10.17605/osf.io/wmqtb,People are more risk taking when falling behind specific goals than when no specific goals are present (part 1 of Problem 11) [Original Study 1.],success,direct or close,Chip Heath; Richard P. Larrick; George Wu,Goals as Reference Points,Cognitive Psychology,38,1,79-109,1999.0,Irene Nga Yu Au; Gilad Feldman,"Revisiting ""Goals as Reference Points"": Replication and extensions of Heath et al. (1999)",,,,,2024.0,66.0,"X2(1, N = 66) = 15.75",test statistic,,0.01,<,,377.0,0.87,cohen's h,0.4885042104591972,,,0.001,<,two-sided,social sciences,psychology,cognitive psychology,Goals as reference points; bias; judgment and decision making; value function; loss aversion; diminishing sensitivity,yes,FoRRT FReD team (June 2026 import),,FReD v2.4.2 (June 2026 import),,,,fred_21,external:fred_v242,10.17605/osf.io/wmqtb,10.1006/cogp.1998.0708
https://doi.org/10.1006/cogp.1998.0708,https://doi.org/10.17605/osf.io/wmqtb,People are more risk taking when falling behind specific goals than when no specific goals are present (part 2 of Problem 11) [Original Study 1.],success,direct or close,Chip Heath; Richard P. Larrick; George Wu,Goals as Reference Points,Cognitive Psychology,38,1,79-109,1999.0,Irene Nga Yu Au; Gilad Feldman,"Revisiting ""Goals as Reference Points"": Replication and extensions of Heath et al. (1999)",,,,,2024.0,66.0,"X2(1, N = 66) = 0.14",test statistic,,,<,,377.0,0.71,cohen's h,0.0460566186471838,,,0.001,<,two-sided,social sciences,psychology,cognitive psychology,Goals as reference points; bias; judgment and decision making; value function; loss aversion; diminishing sensitivity,yes,FoRRT FReD team (June 2026 import),,FReD v2.4.2 (June 2026 import),,,,fred_22,external:fred_v242,10.17605/osf.io/wmqtb,10.1006/cogp.1998.0708
https://doi.org/10.1111/0023-8333.00112,https://doi.org/10.1007/978-3-031-55844-3_4,"Input, Process, and Output Anxiety Scales predict general language learning anxiety [Original Study 1.]",inconclusive,direct or close,Anthony J. Onwuegbuzie; Phillip Bailey; Christine E. Daley,"The Validation of Three Scales Measuring Anxiety at Different Stages of the Foreign Language Learning Process: The Input Anxiety Scale, the Processing Anxiety Scale, and the Output Anxiety Scale",Language Learning,50,1,87-117,2000.0,Katalin Piniel,"The Input, Process, and Output Anxiety Scales: An Approximate Replication Study","Second Language Learning and Teaching,Investigating Foreign Language Anxiety",,,49-71,2024.0,258.0,0.32,be,,0.05,<,,,0.31,beta (std),,,,0.01,<,,social sciences,psychology,cognitive psychology,language learning; anxiety; validation; scale,yes,FoRRT FReD team (June 2026 import),,FReD v2.4.2 (June 2026 import),,,,fred_31,external:fred_v242,10.1007/978-3-031-55844-3_4,10.1111/0023-8333.00112
https://doi.org/10.1177/1948550611432938,https://doi.org/10.31234/osf.io/esu9z,"death thought accessibility would be greater in the Mortality Salience no delay condition than in the other three conditions (MS delay, Dental Pain delay, Dental Pain no delay) [Original Study 3.]",success,direct or close,David Trafimow; Jamie S. Hughes,Testing the Death Thought Suppression and Rebound Hypothesis,Social Psychological and Personality Science,3,5,622-629,2012.0,,WITHDRAWN,,,,,2024.0,120.0,0.38,d,,0.045,=,,3415.0,0.08,mean difference,0.1866606458232702,,,0.05,<,,social sciences,psychology,social psychology,terror management theory; suppression; rebound; concept accessibility; death-thought accessibility,yes,FoRRT FReD team (June 2026 import),,FReD v2.4.2 (June 2026 import),,,,fred_32,external:fred_v242,10.31234/osf.io/esu9z,10.1177/1948550611432938
https://doi.org/10.1177/2f10986111211035002,https://doi.org/10.1080/15614263.2022.2102494,The scale and composition of emergency demand for police services,inconclusive,direct or close,Cynthia Lum; Christopher S. Koper; Xiaoyun Wu,Can We Really Defund the Police? A Nine-Agency Study of Police Response to Calls for Service,Police Quarterly,25,3,255--280,2021.0,Samuel Langton; Stijn Ruiter; Tim Verlaan,Describing the scale and composition of calls for police service: a replication and extension using open data,Police Practice and Research,24.0,5.0,523-538,2022.0,4300000.0,,,,,,,258786.0,,,,,,,,,social sciences,political science,,police; calls for service; 911; demand,yes,FoRRT FReD team (June 2026 import),,FReD v2.4.2 (June 2026 import),,,,fred_36,external:fred_v242,10.1080/15614263.2022.2102494,10.1177/2f10986111211035002
https://doi.org/10.1016/j.neuroimage.2006.11.048,https://doi.org/10.1098/rsos.231240,Modulation of emotion by cognition and cognition by emotion [Original Study 1.],failure,direct or close,Karina S. Blair; Bruce W. Smith; Derek Mitchell; John Morton; Meena Vythilingam; Luiz Pessoa; Daniel J. Fridberg; A. J. Zametkin; Eric E. Nelson; Wayne C. Drevets; Daniel S. Pine; Alex Martin; James Blair,Modulation of emotion by cognition and cognition by emotion,NeuroImage,35,1,430-440,2007.0,Veronica Boyce; Maya Mathur; Michael C. Frank,Eleven years of student replication projects provide evidence on the correlates of replicability in psychology,Royal Society Open Science,10.0,11.0,231240,2023.0,22.0,1.523,d,,0.001,<,,40.0,"F(1, 3446) = 3.49",test statistic,0.6058394475087133,0.0318079198474269,,,,,social sciences,psychology,cognitive psychology,fMRI; Emotion; Attention; Stroop interference; Emotional interference,yes,FoRRT FReD team (June 2026 import),,FReD v2.4.2 (June 2026 import),,,,fred_37,external:fred_v242,10.1098/rsos.231240,10.1016/j.neuroimage.2006.11.048
https://doi.org/10.1177/0093650215609676,https://doi.org/10.1098/rsos.231240,Moderated mediation of cognitive elaboration and perceived source credibility on personalness of source [Original Study 1.],failure,direct or close,Elmie Nekmat; Karla K. Gower; Shuhua Zhou; Miriam Metzger,Connective-Collective Action on Social Media: Moderated Mediation of Cognitive Elaboration and Perceived Source Credibility on Personalness of Source,Communication Research,46,1,62-87,2015.0,Veronica Boyce; Maya Mathur; Michael C. Frank,Eleven years of student replication projects provide evidence on the correlates of replicability in psychology,Royal Society Open Science,10.0,11.0,231240,2023.0,208.0,0.44,beta (std),,0.001,<,two-sided,58.0,0.1350102811,d,,0.0673518556618763,,0.3124416017,=,,social sciences,psychology,social psychology,Social media; collective action; connective action; source effects; cognitive elaboration; source credibility,yes,FoRRT FReD team (June 2026 import),,FReD v2.4.2 (June 2026 import),,,,fred_38,external:fred_v242,10.1098/rsos.231240,10.1177/0093650215609676
https://doi.org/10.1037/xge0000064,https://doi.org/10.1098/rsos.231240,"For the fun version of the task, participants motivated by their past self completed more trials (M 6.90, SD 3.57) than did participants motivated by their future self (M 5.03, SD 3.43), F(1, 220) 9.95, p .002, n2 .04.",failure,direct or close,Ed O'Brien,Mapping out past and future minds: The perceived trajectory of rationality versus emotionality over time.,Journal of Experimental Psychology: General,144,3,624-638,2015.0,Veronica Boyce; Maya Mathur; Michael C. Frank,Eleven years of student replication projects provide evidence on the correlates of replicability in psychology,Royal Society Open Science,10.0,11.0,231240,2023.0,224.0,0.04,etasq,,0.002,=,,148.0,0.004,etasq,0.1999999999999999,0.0632455532033675,,0.44,=,,social sciences,psychology,social psychology,Study 4,yes,FoRRT FReD team (June 2026 import),,FReD v2.4.2 (June 2026 import),,,,fred_39,external:fred_v242,10.1098/rsos.231240,10.1037/xge0000064
https://doi.org/10.1073/pnas.1523698113,https://doi.org/10.1098/rsos.231240,Brief intervention to encourage empathic discipline cuts suspension rates in half among adolescents [Original Study 2.],success,direct or close,Jason A. Okonofua; David Paunesku; Gregory M. Walton,Brief intervention to encourage empathic discipline cuts suspension rates in half among adolescents,Proceedings of the National Academy of Sciences,113,19,5221-5226,2016.0,Veronica Boyce; Maya Mathur; Michael C. Frank,Eleven years of student replication projects provide evidence on the correlates of replicability in psychology,Royal Society Open Science,10.0,11.0,231240,2023.0,300.0,2.42,d,,0.001,<,,12.0,0.8257913098,d,0.7708257354521129,0.3816434300512181,,0.02087427125,=,,social sciences,psychology,social psychology,Teacher–student relationships; empathy; respect; school suspensions; discipline,yes,FoRRT FReD team (June 2026 import),,FReD v2.4.2 (June 2026 import),,,,fred_40,external:fred_v242,10.1098/rsos.231240,10.1073/pnas.1523698113
https://doi.org/10.1037/0022-3514.94.2.94.2.196,https://doi.org/10.1098/rsos.231240,Considering a message in light of important values increases message processing and later resistance to change [Original Study 5A.],failure,direct or close,Kevin L. Blankenship; Duane T. Wegener,Opening the mind to close it: Considering a message in light of important values increases message processing and later resistance to change.,Journal of Personality and Social Psychology,94,2,196-213,2008.0,Veronica Boyce; Maya Mathur; Michael C. Frank,Eleven years of student replication projects provide evidence on the correlates of replicability in psychology,Royal Society Open Science,10.0,11.0,231240,2023.0,124.0,"F(1, 257) = 11.58",test statistic,,0.002,=,,209.0,"F(1, 247) = .49",test statistic,0.20764307174901,0.04449581974599042,,0.49,=,,social sciences,psychology,social psychology,Values; information processing; resistance to persuasion,yes,FoRRT FReD team (June 2026 import),,FReD v2.4.2 (June 2026 import),,,,fred_41,external:fred_v242,10.1098/rsos.231240,10.1037/0022-3514.94.2.94.2.196
https://doi.org/10.1111/j.1551-6709.2011.01210.x,https://doi.org/10.1098/rsos.231240,Higher CRT scores would correlate positively with utilitarian judgments [Original Study 1.],failure,direct or close,Joseph M. Paxton; Leo Ungar; Joshua D. Greene,Reflection and Reasoning in Moral Judgment,Cognitive Science,36,1,163-177,2011.0,Veronica Boyce; Maya Mathur; Michael C. Frank,Eleven years of student replication projects provide evidence on the correlates of replicability in psychology,Royal Society Open Science,10.0,11.0,231240,2023.0,92.0,0.39,r,,0.001,=,two-sided,82.0,-0.1773934,d,0.39,-0.088349852072381,,0.2637,=,two-sided,social sciences,psychology,cognitive psychology,Dual-process model; Moral decision making; Moral judgment; Moral psychology; Moral reasoning; Morality; Reflection; Social intuitionist model,yes,FoRRT FReD team (June 2026 import),,FReD v2.4.2 (June 2026 import),,,,fred_42,external:fred_v242,10.1098/rsos.231240,10.1111/j.1551-6709.2011.01210.x
https://doi.org/10.1111/j.1551-6709.2011.01210.x,https://doi.org/10.1098/rsos.231240,The relationships between the variables are not equal since the correlation coefficients are different [Original Study 1.],failure,direct or close,Joseph M. Paxton; Leo Ungar; Joshua D. Greene,Reflection and Reasoning in Moral Judgment,Cognitive Science,36,1,163-177,2011.0,Veronica Boyce; Maya Mathur; Michael C. Frank,Eleven years of student replication projects provide evidence on the correlates of replicability in psychology,Royal Society Open Science,10.0,11.0,231240,2023.0,92.0,"Z = 2.6, N = 92",test statistic,,0.01,=,two-sided,82.0,"Z = 0.81, N = 82",test statistic,0.2616271482129817,0.0890938166582248,,0.42,=,two-sided,social sciences,psychology,cognitive psychology,Dual-process model; Moral decision making; Moral judgment; Moral psychology; Moral reasoning; Morality; Reflection; Social intuitionist model,yes,FoRRT FReD team (June 2026 import),,FReD v2.4.2 (June 2026 import),,,,fred_43,external:fred_v242,10.1098/rsos.231240,10.1111/j.1551-6709.2011.01210.x
https://doi.org/10.3758/s13428-021-01694-3,https://doi.org/10.1098/rsos.231240,"Overall data quality score: [...] We found statistically significant differences between the sites on this measure, F(2, 1458) = 129.4, p < .001, which showed higher scores for Prolific (M = 5.87, SD = 1.0) [...] compared to MTurk (M = 4.55, SD = 1.9) [Original Study 2.]",inconclusive,direct or close,Eyal Peer; David Rothschild; Andrew Gordon; Zak Evernden; Ekaterina Damer,Data quality of platforms and panels for online behavioral research,Behavior Research Methods,54,4,1643-1662,2021.0,Veronica Boyce; Maya Mathur; Michael C. Frank,Eleven years of student replication projects provide evidence on the correlates of replicability in psychology,Royal Society Open Science,10.0,11.0,231240,2023.0,972.0,0.869,d,,,,,108.0,0.751,d,0.3985081094679315,0.3515337860322574,,,,,social sciences,psychology,cognitive psychology,Data quality; Online research; Attention; Comprehension; Reliability; Honesty; Amazon mechanical turk; Prolific,yes,FoRRT FReD team (June 2026 import),,FReD v2.4.2 (June 2026 import),,,,fred_44,external:fred_v242,10.1098/rsos.231240,10.3758/s13428-021-01694-3
https://doi.org/10.3758/s13428-021-01694-3,https://doi.org/10.1098/rsos.231240,"Overall data quality score: [...] We found statistically significant differences between the sites on this measure, F(2, 1458) = 129.4, p < .001, which showed higher scores for [...] CR (M = 5.78, SD = 1.1) compared to MTurk (M = 4.55, SD = 1.9) [Original Study 2.]",inconclusive,direct or close,Eyal Peer; David Rothschild; Andrew Gordon; Zak Evernden; Ekaterina Damer,Data quality of platforms and panels for online behavioral research,Behavior Research Methods,54,4,1643-1662,2021.0,Veronica Boyce; Maya Mathur; Michael C. Frank,Eleven years of student replication projects provide evidence on the correlates of replicability in psychology,Royal Society Open Science,10.0,11.0,231240,2023.0,661.0,0.792,d,,,,,108.0,-0.425,d,0.368182415431969,-0.2078587558200446,,,,,social sciences,psychology,cognitive psychology,Data quality; Online research; Attention; Comprehension; Reliability; Honesty; Amazon mechanical turk; Prolific,yes,FoRRT FReD team (June 2026 import),,FReD v2.4.2 (June 2026 import),,,,fred_45,external:fred_v242,10.1098/rsos.231240,10.3758/s13428-021-01694-3
https://doi.org/10.1177/0956797611434540,https://doi.org/10.1098/rsos.231240,A choice mind-set increases the acceptance and maintenance of wealth inequality [Original Study 1.],failure,direct or close,Krishna Savani; Aneeta Rattan,A Choice Mind-Set Increases the Acceptance and Maintenance of Wealth Inequality,Psychological Science,23,7,796-804,2012.0,Veronica Boyce; Maya Mathur; Michael C. Frank,Eleven years of student replication projects provide evidence on the correlates of replicability in psychology,Royal Society Open Science,10.0,11.0,231240,2023.0,48.0,0.594,d,,0.03,<,,51.0,0.008846517369,d,0.2847084078081663,0.004423215414126,,0.9762027197,=,,social sciences,psychology,social psychology,Participants who perceived more choice were less disturbed by wealth inequality compared to those in the control condition,yes,FoRRT FReD team (June 2026 import),,FReD v2.4.2 (June 2026 import),,,,fred_46,external:fred_v242,10.1098/rsos.231240,10.1177/0956797611434540
https://doi.org/10.1037/xge0000738,https://doi.org/10.1098/rsos.231240,Participants exposed to a disrespect condition reported higher levels of cynicism [Original Study 3.],failure,direct or close,Olga Stavrova; Daniel Ehlebracht; Kathleen D. Vohs,"Victims, perpetrators, or both? The vicious cycle of disrespect and cynical beliefs about human nature.",Journal of Experimental Psychology: General,149,9,1736-1754,2020.0,Veronica Boyce; Maya Mathur; Michael C. Frank,Eleven years of student replication projects provide evidence on the correlates of replicability in psychology,Royal Society Open Science,10.0,11.0,231240,2023.0,223.0,0.4,d,,0.004,=,two-sided,194.0,0.1458827265,d,0.196116135138184,0.0727480939540752,,0.04407951279,=,,social sciences,psychology,social psychology,Bidirectional effects; cynicism; disrespect; hostility,yes,FoRRT FReD team (June 2026 import),,FReD v2.4.2 (June 2026 import),,,,fred_47,external:fred_v242,10.1098/rsos.231240,10.1037/xge0000738
https://doi.org/10.1073/pnas.1202129109,https://doi.org/10.1098/rsos.231240,Disclosing information about the self is intrinsically rewarding [Original Study 2.],inconclusive,direct or close,Diana I. Tamir; Jason P. Mitchell,Disclosing information about the self is intrinsically rewarding,Proceedings of the National Academy of Sciences,109,21,8038-8043,2012.0,Veronica Boyce; Maya Mathur; Michael C. Frank,Eleven years of student replication projects provide evidence on the correlates of replicability in psychology,Royal Society Open Science,10.0,11.0,231240,2023.0,37.0,1.11,d,,0.002,=,,19.0,0.00917662935482247,d,0.4852716953798207,0.0045882663801245,,0.9685334559246236,=,,social sciences,psychology,social psychology,Self-reference; social cognition; reward; functional MRI,yes,FoRRT FReD team (June 2026 import),,FReD v2.4.2 (June 2026 import),,,,fred_48,external:fred_v242,10.1098/rsos.231240,10.1073/pnas.1202129109
https://doi.org/10.1093/analys/63.3.190,https://doi.org/10.1007/s13164-018-0400-9,Side effects of behavior aimed at a different target [Original Study 1.],success,direct or close,Joshua Knobe,Intentional action and side effects in ordinary language,Analysis,63,3,190-194,2003.0,Florian Cova; Brent Strickland; Angela Abatista; Aurélien Allard; James Andow; Mario Attie; James Beebe; Renatas Berniūnas; Jordane Boudesseul; Matteo Colombo; Fiery Cushman; Rodrigo Diaz; Noah N’Djaye Nikolai van Dongen; Vilius Dranseika; Brian D. Earp; Antonio Gaitán Torres; Ivar Hannikainen; José V. Hernández-Conde; Wenjia Hu; François Jaquet; Kareem Khalifa; Hanna Kim; Markus Kneer; Joshua Knobe; Miklos Kurthy; Anthony Lantian; Shen-yi Liao; Edouard Machery; Tania Moerenhout; Christian Mott; Mark Phelan; Jonathan Phillips; Navin Rambharose; Kevin Reuter; Felipe Romero; Paulo Sousa; Jan Sprenger; Emile Thalabard; Kevin Tobia; Hugo Viciana; Daniel Wilkenfeld; Xiang Zhou,Estimating the Reproducibility of Experimental Philosophy,Review of Philosophy and Psychology,12.0,1.0,9-44,2018.0,78.0,"X2(1, N = 78) = 27.2",test statistic,,0.001,<,,100.0,0.61,kendall's w,0.5905234531480936,,,0.001,=,,social sciences,political science,experimental philosophy,intentional action; side effect,yes,FoRRT FReD team (June 2026 import),,FReD v2.4.2 (June 2026 import),,,,fred_49,external:fred_v242,10.1007/s13164-018-0400-9,10.1093/analys/63.3.190
https://doi.org/10.1111/cogs.12605,https://doi.org/10.1098/rsos.231240,Participants were significantly less likely to agree with claims about causal and explanatory relationships when a relationship was moderated [Original Study 1.],success,direct or close,Nadya Vasilyeva; Thomas Blanchard; Tania Lombrozo,Stable Causal Relationships Are Better Causal Relationships,Cognitive Science,42,4,1265-1296,2018.0,Veronica Boyce; Maya Mathur; Michael C. Frank,Eleven years of student replication projects provide evidence on the correlates of replicability in psychology,Royal Society Open Science,10.0,11.0,231240,2023.0,182.0,0.478,etasq (partial),,0.001,<,,13.0,1.63866476810305,d,0.6913754406977441,0.6337707509303514,,0.0008291670388,=,,social sciences,psychology,cognitive psychology,Stability; Robustness; Invariance; Sensitivity; Causality; Explanation; Background conditions; Moderating variables,yes,FoRRT FReD team (June 2026 import),,FReD v2.4.2 (June 2026 import),,,,fred_50,external:fred_v242,10.1098/rsos.231240,10.1111/cogs.12605
https://doi.org/10.1177/09567976221082637,https://doi.org/10.1098/rsos.231240,"Replication of 'Choice Boosts Curiosity' (2022); the replication authors reported the replication as successful. Claim tested: ""Choice boosts curiosity"". [Original Study 1.]",success,direct or close,Patricia Romero Verdugo; Lieke L. F. van Lieshout; Floris P. de Lange; Roshan Cools,Choice Boosts Curiosity,Psychological Science,34,1,99-110,2022.0,Veronica Boyce; Maya Mathur; Michael C. Frank,Eleven years of student replication projects provide evidence on the correlates of replicability in psychology,Royal Society Open Science,10.0,11.0,231240,2023.0,34.0,0.5073615938,d,,0.0063525675902462,<,two-sided,31.0,0.1118790779,d,0.245892088594169,0.055852219929574,,0.5446349479,=,,social sciences,psychology,cognitive psychology,Curiosity; choice; uncertainty; expected value; information seeking; open data; open materials; preregistered,yes,FoRRT FReD team (June 2026 import),,FReD v2.4.2 (June 2026 import),,,,fred_51,external:fred_v242,10.1098/rsos.231240,10.1177/09567976221082637
https://doi.org/10.1016/j.obhdp.2010.10.001,https://doi.org/10.1098/rsos.231240,"Replication of 'Cheating more when the spoils are split' (2011); the replication authors reported the replication as failed. Claim tested: ""Cheating more when the spoils are split"". [Original Study 2.]",failure,direct or close,Scott S. Wiltermuth,Cheating more when the spoils are split,Organizational Behavior and Human Decision Processes,115,2,157-168,2011.0,Veronica Boyce; Maya Mathur; Michael C. Frank,Eleven years of student replication projects provide evidence on the correlates of replicability in psychology,Royal Society Open Science,10.0,11.0,231240,2023.0,127.0,"X2(1, N = 127) = 5.59",test statistic,,0.02,=,,36.0,"X2(1, N = 36) = 0",test statistic,0.2097993041730502,,,1.0,=,,social sciences,psychology,judgment and decision making,Ethics; Cheating; Decision making; Dishonesty; Rationalization; Justification,yes,FoRRT FReD team (June 2026 import),,FReD v2.4.2 (June 2026 import); topics AI-tagged (claude sonnet),,,,fred_52,external:fred_v242,10.1098/rsos.231240,10.1016/j.obhdp.2010.10.001
https://doi.org/10.1177/0956797618779061,https://doi.org/10.1098/rsos.231240,Young children negatively evaluate and sanction free riders [Original Study 2.],success,direct or close,Fan Yang; You-Jung Choi; Antonia Misch; Xin Yang; Yarrow Dunham,In Defense of the Commons: Young Children Negatively Evaluate and Sanction Free Riders,Psychological Science,29,10,1598-1611,2018.0,Veronica Boyce; Maya Mathur; Michael C. Frank,Eleven years of student replication projects provide evidence on the correlates of replicability in psychology,Royal Society Open Science,10.0,11.0,231240,2023.0,32.0,1.4,d,,0.001,<,,17.0,0.64,d,0.5734623443633283,0.3047757271037837,,0.00032,=,,social sciences,psychology,social psychology,Study 2,yes,FoRRT FReD team (June 2026 import),,FReD v2.4.2 (June 2026 import),,,,fred_53,external:fred_v242,10.1098/rsos.231240,10.1177/0956797618779061
https://doi.org/10.1111/j.1467-9280.2008.02039.x,https://doi.org/10.1098/rsos.231240,The value heuristic in judgments of relative frequency (birds endowed) [Original Study 1.],failure,direct or close,Xianchi Dai; Klaus Wertenbroch; C. Miguel Brendl,The Value Heuristic in Judgments of Relative Frequency,Psychological Science,19,1,18-19,2008.0,Veronica Boyce; Maya Mathur; Michael C. Frank,Eleven years of student replication projects provide evidence on the correlates of replicability in psychology,Royal Society Open Science,10.0,11.0,231240,2023.0,63.0,3.28,OR,,0.037,=,,26.0,"X2(1, N = 26) = 0.17061",test statistic,0.311187967598697,0.0810056978052968,,,,,social sciences,psychology,social psychology,heuristic; value; stimuli; judgment,yes,FoRRT FReD team (June 2026 import),,FReD v2.4.2 (June 2026 import),,,,fred_54,external:fred_v242,10.1098/rsos.231240,10.1111/j.1467-9280.2008.02039.x
https://doi.org/10.1111/j.1551-6709.2010.01164.x,https://doi.org/10.1098/rsos.231240,"cognitive dynamics of negated sentence verification (interaction between negation and x-flips) [Original Studies 1,3.]",inconclusive,direct or close,Rick Dale; Nicholas D. Duran,The Cognitive Dynamics of Negated Sentence Verification,Cognitive Science,35,5,983-996,2011.0,Veronica Boyce; Maya Mathur; Michael C. Frank,Eleven years of student replication projects provide evidence on the correlates of replicability in psychology,Royal Society Open Science,10.0,11.0,231240,2023.0,60.0,"F(1, 655) = 14.5",test statistic,,0.0005,<,,55.0,0.26,b (unstd),0.1471664149756616,,,,,,social sciences,psychology,cognitive psychology,negation; discrete and continuous processing; sentence verification; cognitive dynamics; action; pluralism,yes,FoRRT FReD team (June 2026 import),,FReD v2.4.2 (June 2026 import),,,,fred_55,external:fred_v242,10.1098/rsos.231240,10.1111/j.1551-6709.2010.01164.x
https://doi.org/10.1111/j.1551-6709.2010.01164.x,https://doi.org/10.1098/rsos.231240,"cognitive dynamics of negated sentence verification (negation and truth) [Original Studies 1,3.]",inconclusive,direct or close,Rick Dale; Nicholas D. Duran,The Cognitive Dynamics of Negated Sentence Verification,Cognitive Science,35,5,983-996,2011.0,Veronica Boyce; Maya Mathur; Michael C. Frank,Eleven years of student replication projects provide evidence on the correlates of replicability in psychology,Royal Society Open Science,10.0,11.0,231240,2023.0,60.0,"F(1, 655) = 6.9",test statistic,,0.01,<,,55.0,0.26,b (unstd),0.1021006142406226,,,,,,social sciences,psychology,cognitive psychology,negation; discrete and continuous processing; sentence verification; cognitive dynamics; action; pluralism,yes,FoRRT FReD team (June 2026 import),,FReD v2.4.2 (June 2026 import),,,,fred_56,external:fred_v242,10.1098/rsos.231240,10.1111/j.1551-6709.2010.01164.x
https://doi.org/10.1177/0956797616669947,https://doi.org/10.1098/rsos.231240,"Replication of 'From Power to Inaction' (2016); the replication authors reported the replication as failed. Claim tested: ""Ambivalence gives pause to the powerful"". [Original Study 1.]",failure,direct or close,Geoffrey R. O. Durso; Pablo Briñol; Richard E. Petty,From Power to Inaction,Psychological Science,27,12,1660-1666,2016.0,Veronica Boyce; Maya Mathur; Michael C. Frank,Eleven years of student replication projects provide evidence on the correlates of replicability in psychology,Royal Society Open Science,10.0,11.0,231240,2023.0,126.0,0.356,etasq,,0.001,<,,103.0,,,0.5966573556070519,,,,,,social sciences,psychology,social psychology,power; ambivalence; self-validation; action; decision time; open data,yes,FoRRT FReD team (June 2026 import),,FReD v2.4.2 (June 2026 import),,,,fred_57,external:fred_v242,10.1098/rsos.231240,10.1177/0956797616669947
https://doi.org/10.1073/pnas.0908963106,https://doi.org/10.1098/rsos.231240,"Replication of 'Syntax-induced pattern deafness' (2009); the replication authors reported the replication as successful. Claim tested: ""Syntax-induced pattern deafness"". [Original Study 1.]",success,direct or close,Ansgar D. Endress; Marc D. Hauser,Syntax-induced pattern deafness,Proceedings of the National Academy of Sciences,106,49,21001-21006,2009.0,Veronica Boyce; Maya Mathur; Michael C. Frank,Eleven years of student replication projects provide evidence on the correlates of replicability in psychology,Royal Society Open Science,10.0,11.0,231240,2023.0,20.0,t(19) = 1.26,test statistic,,0.05,>,,80.0,-0.009090909091,d,0.2776947596362334,-0.0045454075890525,,0.9358039554,=,,social sciences,psychology,cognitive psychology,illusions; language acquisition; modularity; perception; syntax,yes,FoRRT FReD team (June 2026 import),,FReD v2.4.2 (June 2026 import),,,,fred_58,external:fred_v242,10.1098/rsos.231240,10.1073/pnas.0908963106
https://doi.org/10.1037/0022-3514.94.3.495,https://doi.org/10.1098/rsos.231240,Seeing one's own capability for wrongdoing predicts forgiveness [Original Study 7.],failure,direct or close,Julie Juola Exline; Roy F. Baumeister; Anne L. Zell; Amy J. Kraft; Charlotte V. O. Witvliet,Not so innocent: Does seeing one's own capability for wrongdoing predict forgiveness?,Journal of Personality and Social Psychology,94,3,495-515,2008.0,Veronica Boyce; Maya Mathur; Michael C. Frank,Eleven years of student replication projects provide evidence on the correlates of replicability in psychology,Royal Society Open Science,10.0,11.0,231240,2023.0,155.0,"F(1, 151) = 9.40",test statistic,,0.01,<,,135.0,"F(1, 131) = 0.018",test statistic,0.2420815797862787,0.0117211647342689,,0.8934787321,=,,social sciences,psychology,social psychology,forgiveness; vengefulness; humility; empathy; gender,yes,FoRRT FReD team (June 2026 import),,FReD v2.4.2 (June 2026 import),,,,fred_59,external:fred_v242,10.1098/rsos.231240,10.1037/0022-3514.94.3.495
https://doi.org/10.1037/0022-3514.94.2.94.2.231,https://doi.org/10.1098/rsos.231240,information quantities moderate decision makers' preference for consistent and inconsistent information [Original Study 4.],failure,direct or close,Peter Fischer; Stefan Schulz-Hardt; Dieter Frey,Selective exposure and information quantity: How different information quantities moderate decision makers' preference for consistent and inconsistent information.,Journal of Personality and Social Psychology,94,2,231-244,2008.0,Veronica Boyce; Maya Mathur; Michael C. Frank,Eleven years of student replication projects provide evidence on the correlates of replicability in psychology,Royal Society Open Science,10.0,11.0,231240,2023.0,155.0,"X2(1, N = 26) = 3.85",test statistic,,0.05,=,,215.0,"X2(1, N = 215) = 0.78802",test statistic,0.3848076442547927,0.0605409720959746,,,,,social sciences,psychology,social psychology,information seeking; selective exposure; information quantity; selection criterion; information direction,yes,FoRRT FReD team (June 2026 import),,FReD v2.4.2 (June 2026 import),,,,fred_60,external:fred_v242,10.1098/rsos.231240,10.1037/0022-3514.94.2.94.2.231
https://doi.org/10.1016/0010-0285(83)90002-6,https://doi.org/10.1098/rsos.231240,Schema induction and analogical transfer [Original Study 5.],success,direct or close,Mary L. Gick; Keith J. Holyoak,Schema induction and analogical transfer,Cognitive Psychology,15,1,1-38,1983.0,Veronica Boyce; Maya Mathur; Michael C. Frank,Eleven years of student replication projects provide evidence on the correlates of replicability in psychology,Royal Society Open Science,10.0,11.0,231240,2023.0,143.0,"X2(1, N = 143) = 5.860777",test statistic,,0.01548195,=,,175.0,"prop:32/82, 13/93",,0.2024461769099494,,,,,,social sciences,psychology,cognitive psychology,analogical transfer; analogical thinking; schema induction,yes,FoRRT FReD team (June 2026 import),,FReD v2.4.2 (June 2026 import),,,,fred_61,external:fred_v242,10.1098/rsos.231240,10.1016/0010-0285(83)90002-6
https://doi.org/10.1093/geronb/gbx099,https://doi.org/10.1098/rsos.231240,Are older adults more willing to donate? [Original Study 1.],failure,direct or close,Xianmin Gong; Fan Zhang; Helene H Fung,Are Older Adults More Willing to Donate? The Roles of Donation Form and Social Relationship,The Journals of Gerontology: Series B,74,3,440-448,2017.0,Veronica Boyce; Maya Mathur; Michael C. Frank,Eleven years of student replication projects provide evidence on the correlates of replicability in psychology,Royal Society Open Science,10.0,11.0,231240,2023.0,155.0,"F(1, 134) = 4.03",test statistic,,0.05,<,,90.0,"F(1, 70) = .06",test statistic,0.1708699841233596,0.029264462962159458,,0.8072125953,=,,social sciences,psychology,social psychology,aging; donation; kin selection; prosocial behavior; social discounting,yes,FoRRT FReD team (June 2026 import),,FReD v2.4.2 (June 2026 import),,,,fred_62,external:fred_v242,10.1098/rsos.231240,10.1093/geronb/gbx099
https://doi.org/10.1111/j.1551-6709.2010.01161.x,https://doi.org/10.1098/rsos.231240,Seeking confirmation is rational for deterministic hypotheses [Original Study 4.],inconclusive,direct or close,Joseph L. Austerweil; Thomas L. Griffiths,Seeking Confirmation Is Rational for Deterministic Hypotheses,Cognitive Science,35,3,499-526,2011.0,Veronica Boyce; Maya Mathur; Michael C. Frank,Eleven years of student replication projects provide evidence on the correlates of replicability in psychology,Royal Society Open Science,10.0,11.0,231240,2023.0,29.0,"X2(2, N = 29) = 8.14",test statistic,,0.05,<,,50.0,,,,,,,,,social sciences,psychology,cognitive psychology,confirmation bias; rational analysis; hypothesis testing; decision making; bayesian inference; determinism,yes,FoRRT FReD team (June 2026 import),,FReD v2.4.2 (June 2026 import),,,,fred_63,external:fred_v242,10.1098/rsos.231240,10.1111/j.1551-6709.2010.01161.x
https://doi.org/10.1177/0956797615608267,https://doi.org/10.1098/rsos.231240,Opportunity cost neglect attenuates the effect of choices on preferences [Original Study 1.],success,direct or close,Adam Eric Greenberg; Stephen A. Spiller,Opportunity Cost Neglect Attenuates the Effect of Choices on Preferences,Psychological Science,27,1,103-113,2015.0,Veronica Boyce; Maya Mathur; Michael C. Frank,Eleven years of student replication projects provide evidence on the correlates of replicability in psychology,Royal Society Open Science,10.0,11.0,231240,2023.0,101.0,t(96) = 2.310,test statistic,,0.023,=,,28.0,0.8933932,d,0.229472098286822,0.4078548850041839,,0.03553278575,=,,social sciences,psychology,social psychology,opportunity costs; choices; preferences; open data; open materials,yes,FoRRT FReD team (June 2026 import),,FReD v2.4.2 (June 2026 import),,,,fred_64,external:fred_v242,10.1098/rsos.231240,10.1177/0956797615608267
https://doi.org/10.1038/s41598-018-30314-y,https://doi.org/10.1098/rsos.231240,statistical shape of geometric reasoning [Original Study 2.],inconclusive,direct or close,"Hart, Yuval; Dillon, Moira R.; Marantan, Andrew; Cardenas, Anna L.; Spelke, Elizabeth; Mahadevan, Lakshminarayanan",The statistical shape of geometric reasoning,Scientific Reports,8,1,12906,2018.0,Veronica Boyce; Maya Mathur; Michael C. Frank,Eleven years of student replication projects provide evidence on the correlates of replicability in psychology,Royal Society Open Science,10.0,11.0,231240,2023.0,100.0,0.6354,d,,6.44e-09,=,,37.0,1.060389908,d,0.3027866428618433,0.4684281012109005,,1.75e-07,=,,social sciences,psychology,cognitive psychology,geometric reasoning; Eclidean; statistics; shape; planar triangles,yes,FoRRT FReD team (June 2026 import),,FReD v2.4.2 (June 2026 import),,,,fred_65,external:fred_v242,10.1098/rsos.231240,10.1038/s41598-018-30314-y
https://doi.org/10.1073/pnas.2009030117,https://doi.org/10.1098/rsos.231240,Objecting to experiments even while approving of the policies or treatments they compare [Original Study 2.],inconclusive,direct or close,Patrick R. Heck; Christopher F. Chabris; Duncan J. Watts; Michelle N. Meyer,Objecting to experiments even while approving of the policies or treatments they compare,Proceedings of the National Academy of Sciences,117,32,18948-18950,2020.0,Veronica Boyce; Maya Mathur; Michael C. Frank,Eleven years of student replication projects provide evidence on the correlates of replicability in psychology,Royal Society Open Science,10.0,11.0,231240,2023.0,301.0,0.39,d,,0.001,<,two-sided,104.0,0.063216075,d,0.1913950514033555,0.0315922600311384,,0.5205678356,=,,social sciences,political science,experimental philosophy,field experiments; A/B tests; randomized controlled trials; research ethics; pragmatic trials,yes,FoRRT FReD team (June 2026 import),,FReD v2.4.2 (June 2026 import),,,,fred_66,external:fred_v242,10.1098/rsos.231240,10.1073/pnas.2009030117
https://doi.org/10.1037/0022-3514.94.3.396,https://doi.org/10.1098/rsos.231240,effects of an implemental mind-set on attitude strength [Original Study 2.],failure,direct or close,Marlone D. Henderson; Yaël de Liver; Peter M. Gollwitzer,The effects of an implemental mind-set on attitude strength.,Journal of Personality and Social Psychology,94,3,396-411,2008.0,Veronica Boyce; Maya Mathur; Michael C. Frank,Eleven years of student replication projects provide evidence on the correlates of replicability in psychology,Royal Society Open Science,10.0,11.0,231240,2023.0,123.0,0.45,d,,0.05,<,,23.0,-0.6382304028,d,0.2195121951219512,-0.3040110064525099,,0.006922846861,=,,social sciences,psychology,social psychology,extremity; ambivalence; accessibility; mind-set; attitude strength,yes,FoRRT FReD team (June 2026 import),,FReD v2.4.2 (June 2026 import),,,,fred_67,external:fred_v242,10.1098/rsos.231240,10.1037/0022-3514.94.3.396
https://doi.org/10.1016/j.jesp.2020.104080,https://doi.org/10.1098/rsos.231240,Highlighting lower-SES students' background-specific strengths reinforces their academic persistence [Original Study 1.],success,direct or close,Ivan A. Hernandez; David M. Silverman; Mesmin Destin,From deficit to benefit: Highlighting lower-SES students' background-specific strengths reinforces their academic persistence,Journal of Experimental Social Psychology,92,,104080,2021.0,Veronica Boyce; Maya Mathur; Michael C. Frank,Eleven years of student replication projects provide evidence on the correlates of replicability in psychology,Royal Society Open Science,10.0,11.0,231240,2023.0,199.0,0.32,beta (std),,0.001,<,,136.0,0.457207,beta (std),,,,,,,social sciences,psychology,social psychology,socioeconomic status; strengths-based; adversity; academic persistence; motivation,yes,FoRRT FReD team (June 2026 import),,FReD v2.4.2 (June 2026 import),,,,fred_68,external:fred_v242,10.1098/rsos.231240,10.1016/j.jesp.2020.104080
https://doi.org/10.1016/j.cognition.2016.06.011,https://doi.org/10.1098/rsos.231240,People prefer scientific explanations that contain logically irrelevant reductive information [Original Study 1.],failure,direct or close,Emily J. Hopkins; Deena Skolnick Weisberg; Jordan C.V. Taylor,The seductive allure is a reductive allure: People prefer scientific explanations that contain logically irrelevant reductive information,Cognition,155,,67-76,2016.0,Veronica Boyce; Maya Mathur; Michael C. Frank,Eleven years of student replication projects provide evidence on the correlates of replicability in psychology,Royal Society Open Science,10.0,11.0,231240,2023.0,147.0,0.21,b (unstd),,0.05,<,,93.0,0.14,b (unstd),,,,,,,social sciences,psychology,cognitive psychology,explanations; seductive allure; decision making,yes,FoRRT FReD team (June 2026 import),,FReD v2.4.2 (June 2026 import),,,,fred_69,external:fred_v242,10.1098/rsos.231240,10.1016/j.cognition.2016.06.011
https://doi.org/10.1177/0956797613494853,https://doi.org/10.1098/rsos.231240,"Participants felt older after taking a memory test (M = 54.79 years, SD = 16.79) than at baseline (M = 50.04 years, SD = 13.80), t(27) = 2.71, SE = 1.75; d = 0.76, 95% CI = [0.33, 1.18]. [Original Study 3.]",success,direct or close,Matthew L. Hughes; Lisa Geraci; Ross L. De Forrest,Aging 5 Years in 5 Minutes,Psychological Science,24,12,2481-2488,2013.0,Veronica Boyce; Maya Mathur; Michael C. Frank,Eleven years of student replication projects provide evidence on the correlates of replicability in psychology,Royal Society Open Science,10.0,11.0,231240,2023.0,29.0,0.76,d,,,,,60.0,1.190383692,d,0.3552177606235726,0.5114545142705551,,0.002924094996,=,,social sciences,psychology,cognitive psychology,Study 3,yes,FoRRT FReD team (June 2026 import),,FReD v2.4.2 (June 2026 import),,,,fred_70,external:fred_v242,10.1098/rsos.231240,10.1177/0956797613494853
https://doi.org/10.1177/0956797616640705,https://doi.org/10.1098/rsos.231240,preferences for and the efficacy of within-and cross-category substitutes for food [Original Study 1.],success,direct or close,Young Eun Huh; Joachim Vosgerau; Carey K. Morewedge,More Similar but Less Satisfying,Psychological Science,27,6,894-903,2016.0,Veronica Boyce; Maya Mathur; Michael C. Frank,Eleven years of student replication projects provide evidence on the correlates of replicability in psychology,Royal Society Open Science,10.0,11.0,231240,2023.0,101.0,0.724143923,d,,0.001,<,,55.0,0.8891338955,d,0.3404435741285225,0.4062319394696205,,2.35e-08,=,,social sciences,psychology,social psychology,substitution; preferences; satiation; contrast effect; categorization; open data; open materials,yes,FoRRT FReD team (June 2026 import),,FReD v2.4.2 (June 2026 import),,,,fred_71,external:fred_v242,10.1098/rsos.231240,10.1177/0956797616640705
https://doi.org/10.1111/ecin.12470,https://doi.org/10.1098/rsos.231240,"Replication of 'COLLEGE CHOICE AS A COLLECTIVE DECISION' (2017); the replication authors reported the replication as mixed. Claim tested: ""College choice as a collective decision"". [Original Study 1.]",inconclusive,direct or close,Nick Huntington‐Klein,COLLEGE CHOICE AS A COLLECTIVE DECISION,Economic Inquiry,56,2,1202-1219,2017.0,Veronica Boyce; Maya Mathur; Michael C. Frank,Eleven years of student replication projects provide evidence on the correlates of replicability in psychology,Royal Society Open Science,10.0,11.0,231240,2023.0,484.0,0.07,b (unstd),,0.01,<,,102.0,bse:b = .061,b (unstd),,,,,,,social sciences,psychology,judgment and decision making,choice; college; decision; education,yes,FoRRT FReD team (June 2026 import),,FReD v2.4.2 (June 2026 import),,,,fred_72,external:fred_v242,10.1098/rsos.231240,10.1111/ecin.12470
https://doi.org/10.1145/3290605.3300469,https://doi.org/10.1098/rsos.231240,How the perception that profile text was written by AI affects trustworthiness (Primed) [Original Study 3.],success,direct or close,Maurice Jakesch; Megan French; Xiao Ma; Jeffrey T. Hancock; Mor Naaman,AI-Mediated Communication,Proceedings of the 2019 CHI Conference on Human Factors in Computing Systems,,,1-13,2019.0,Veronica Boyce; Maya Mathur; Michael C. Frank,Eleven years of student replication projects provide evidence on the correlates of replicability in psychology,Royal Society Open Science,10.0,11.0,231240,2023.0,108.0,-4.976,b (unstd),,0.05,<,,110.0,-2.63845,b (unstd),,,,,,,social sciences,psychology,judgment and decision making,AI-MC; artificial Intelligence; CMC; trust,yes,FoRRT FReD team (June 2026 import),,FReD v2.4.2 (June 2026 import),,,,fred_73,external:fred_v242,10.1098/rsos.231240,10.1145/3290605.3300469
https://doi.org/10.1016/j.jml.2006.02.004,https://doi.org/10.1098/rsos.231240,Aptness and conventionality in metaphor comprehension [Original Study 2.],success,direct or close,Lara L. Jones; Zachary Estes,"Roosters, robins, and alarm clocks: Aptness and conventionality in metaphor comprehension",Journal of Memory and Language,55,1,18-32,2006.0,Veronica Boyce; Maya Mathur; Michael C. Frank,Eleven years of student replication projects provide evidence on the correlates of replicability in psychology,Royal Society Open Science,10.0,11.0,231240,2023.0,60.0,"F(1, 59) = 77.05",test statistic,,0.001,<,,39.0,0.2566740714,d,0.7525529256583501,0.1272930336694133,,0.0281747341,=,,social sciences,psychology,cognitive psychology,metaphor comprehension; career of metaphor; conventionality; aptness,yes,FoRRT FReD team (June 2026 import),,FReD v2.4.2 (June 2026 import),,,,fred_74,external:fred_v242,10.1098/rsos.231240,10.1016/j.jml.2006.02.004
https://doi.org/10.1287/orsc.2021.1456,https://doi.org/10.1098/rsos.231240,"A founding penalty: evidence from an audit study on gender, entrepreneurship, and future employment [Original Study 2.]",inconclusive,direct or close,Olenka Kacperczyk; Peter Younkin,"A Founding Penalty: Evidence from an Audit Study on Gender, Entrepreneurship, and Future Employment",Organization Science,33,2,716-745,2022.0,Veronica Boyce; Maya Mathur; Michael C. Frank,Eleven years of student replication projects provide evidence on the correlates of replicability in psychology,Royal Society Open Science,10.0,11.0,231240,2023.0,413.0,0.2017478108,d,,0.04099840595,=,,188.0,-0.1276569755,d,0.1003645657555172,-0.0636988626424997,,0.4241973052,=,,social sciences,economics,labor economics,entrepreneurship; gender inequality; field study,yes,FoRRT FReD team (June 2026 import),,FReD v2.4.2 (June 2026 import); topics AI-tagged (claude sonnet),,,,fred_75,external:fred_v242,10.1098/rsos.231240,10.1287/orsc.2021.1456
https://doi.org/10.1016/s0010-0277(03)00064-7,https://doi.org/10.1098/rsos.231240,"Replication of 'Limits on theory of mind use in adults' (2003); the replication authors reported the replication as successful. Claim tested: ""Limits on theory of mind use in adults"". [Original Study 1.]",success,direct or close,Boaz Keysar; Shuhong Lin; Dale J Barr,Limits on theory of mind use in adults,Cognition,89,1,25-41,2003.0,Veronica Boyce; Maya Mathur; Michael C. Frank,Eleven years of student replication projects provide evidence on the correlates of replicability in psychology,Royal Society Open Science,10.0,11.0,231240,2023.0,38.0,"prop:27/38, 0/38",test statistic,,,,,14.0,"X2(1, N = 14) = 14.359",test statistic,,1.0127402713148406,,,,,social sciences,psychology,cognitive psychology,theory of mind; perspective taking; egocentrism,yes,FoRRT FReD team (June 2026 import),,FReD v2.4.2 (June 2026 import),,,,fred_76,external:fred_v242,10.1098/rsos.231240,10.1016/s0010-0277(03)00064-7
https://doi.org/10.1037/0022-3514.77.4.785,https://doi.org/10.1098/rsos.231240,"Deviance or uniqueness, harmony or conformity? [Original Study 2.]",success,direct or close,Heejung Kim; Hazel Rose Markus,"Deviance or uniqueness, harmony or conformity? A cultural analysis.",Journal of Personality and Social Psychology,77,4,785-800,1999.0,Veronica Boyce; Maya Mathur; Michael C. Frank,Eleven years of student replication projects provide evidence on the correlates of replicability in psychology,Royal Society Open Science,10.0,11.0,231240,2023.0,76.0,0.4365620244,d,,0.01,<,,31.0,0.02810007308,d,0.2132595826717,0.014048649981898,,0.8787464287,=,,social sciences,psychology,social psychology,deviance; uniqueness; harmony; conformity; cultural values,yes,FoRRT FReD team (June 2026 import),,FReD v2.4.2 (June 2026 import),,,,fred_77,external:fred_v242,10.1098/rsos.231240,10.1037/0022-3514.77.4.785
https://doi.org/10.1177/0956797614553009,https://doi.org/10.1098/rsos.231240,Conveying and detecting hierarchical rank through voice [Original Study 2.],success,direct or close,Sei Jin Ko; Melody S. Sadler; Adam D. Galinsky,The Sound of Power,Psychological Science,26,1,3-14,2014.0,Veronica Boyce; Maya Mathur; Michael C. Frank,Eleven years of student replication projects provide evidence on the correlates of replicability in psychology,Royal Society Open Science,10.0,11.0,231240,2023.0,40.0,1.233398852,d,,0.001,<,,39.0,1.243623737,d,0.5249089041317262,0.5280506471233055,,1.92e-05,=,,social sciences,psychology,social psychology,social cognition; social perception; open data; open materials,yes,FoRRT FReD team (June 2026 import),,FReD v2.4.2 (June 2026 import),,,,fred_78,external:fred_v242,10.1098/rsos.231240,10.1177/0956797614553009
https://doi.org/10.1177/0956797614553009,https://doi.org/10.1098/rsos.231240,"We found only a main effect of speaker’s condition, F(1, 55) = 83.67, p < .001 [Original Study 2.]",success,direct or close,Sei Jin Ko; Melody S. Sadler; Adam D. Galinsky,The Sound of Power,Psychological Science,26,1,3-14,2014.0,Veronica Boyce; Maya Mathur; Michael C. Frank,Eleven years of student replication projects provide evidence on the correlates of replicability in psychology,Royal Society Open Science,10.0,11.0,231240,2023.0,40.0,"F(1, 55) = 83.67",test statistic,,0.001,<,two-sided,39.0,"F(1, 20) = 30.932",test statistic,0.776772115148415,0.7793071046380587,,1.92e-05,=,two-sided,social sciences,psychology,social psychology,,yes,FoRRT FReD team (June 2026 import),,FReD v2.4.2 (June 2026 import),,,,fred_79,external:fred_v242,10.1098/rsos.231240,10.1177/0956797614553009
https://doi.org/10.1177/0956797614563108,https://doi.org/10.1098/rsos.231240,Reminders of god can increase nonmoral risk taking [Original Study 3.],failure,direct or close,Daniella M. Kupor; Kristin Laurin; Jonathan Levav,Anticipating Divine Protection? Reminders of God Can Increase Nonmoral Risk Taking,Psychological Science,26,4,374-384,2015.0,Veronica Boyce; Maya Mathur; Michael C. Frank,Eleven years of student replication projects provide evidence on the correlates of replicability in psychology,Royal Society Open Science,10.0,11.0,231240,2023.0,101.0,t(99) = 2.29,test statistic,,0.24,=,,160.0,0.2019392348,d,0.2242899118511263,0.1004588338845153,,0.2121298336,=,,social sciences,psychology,social psychology,risk taking; God; religion; risk tolerance,yes,FoRRT FReD team (June 2026 import),,FReD v2.4.2 (June 2026 import),,,,fred_80,external:fred_v242,10.1098/rsos.231240,10.1177/0956797614563108
https://doi.org/10.1111/j.1467-9280.2008.02040.x,https://doi.org/10.1098/rsos.231240,effects of system threat on attraction to women who embody benevolent sexist ideals [Original Study 1.],failure,direct or close,Grace P. Lau; Aaron C. Kay; Steven J. Spencer,Loving Those Who Justify Inequality,Psychological Science,19,1,20-21,2008.0,Veronica Boyce; Maya Mathur; Michael C. Frank,Eleven years of student replication projects provide evidence on the correlates of replicability in psychology,Royal Society Open Science,10.0,11.0,231240,2023.0,36.0,"F(1, 34) = 5.89",test statistic,,,=,,39.0,"F(1, 38) = 1.51",test statistic,0.3842603988819424,0.1954946869214812,,0.2,>,,social sciences,psychology,social psychology,system threat; benevolent sexist ideals; attraction,yes,FoRRT FReD team (June 2026 import),,FReD v2.4.2 (June 2026 import),,,,fred_81,external:fred_v242,10.1098/rsos.231240,10.1111/j.1467-9280.2008.02040.x
https://doi.org/10.1177/0956797615572231,https://doi.org/10.1098/rsos.231240,"Time metrics matter, connecting present and future selves [Original Study 4.]",inconclusive,direct or close,Neil A. Lewis; Daphna Oyserman,"When Does the Future Begin? Time Metrics Matter, Connecting Present and Future Selves",Psychological Science,26,6,816-825,2015.0,Veronica Boyce; Maya Mathur; Michael C. Frank,Eleven years of student replication projects provide evidence on the correlates of replicability in psychology,Royal Society Open Science,10.0,11.0,231240,2023.0,122.0,0.5062683995,d,,0.007163871105,=,,126.0,0.1872796951,d,0.2453942104433814,0.0932319909870657,,0.3637664257,=,,social sciences,psychology,social psychology,motivation; future; judgment; time; situated cognition; open materials,yes,FoRRT FReD team (June 2026 import),,FReD v2.4.2 (June 2026 import),,,,fred_82,external:fred_v242,10.1098/rsos.231240,10.1177/0956797615572231
https://doi.org/10.1177/0956797618788882,https://doi.org/10.1098/rsos.231240,Inferring whether officials are corruptible from looking at their faces [Original Study 1.],success,direct or close,Chujun Lin; Ralph Adolphs; R. Michael Alvarez,Inferring Whether Officials Are Corruptible From Looking at Their Faces,Psychological Science,29,11,1807-1823,2018.0,Veronica Boyce; Maya Mathur; Michael C. Frank,Eleven years of student replication projects provide evidence on the correlates of replicability in psychology,Royal Society Open Science,10.0,11.0,231240,2023.0,82.0,0.82,d,,0.001,<,one-sided,19.0,0.5914796451,d,0.3793532811354438,0.2835977326951305,,0.01894716985,=,,social sciences,psychology,social psychology,face perception; corruption; social attribution; stereotyping; political psychology; open data; pen materials; preregistered,yes,FoRRT FReD team (June 2026 import),,FReD v2.4.2 (June 2026 import),,,,fred_83,external:fred_v242,10.1098/rsos.231240,10.1177/0956797618788882
https://doi.org/10.1177/0956797614547705,https://doi.org/10.1098/rsos.231240,Object persistence enhances spatial navigation [Original Study 1.],inconclusive,direct or close,Brandon M. Liverence; Brian J. Scholl,Object Persistence Enhances Spatial Navigation,Psychological Science,26,7,955-963,2015.0,Veronica Boyce; Maya Mathur; Michael C. Frank,Eleven years of student replication projects provide evidence on the correlates of replicability in psychology,Royal Society Open Science,10.0,11.0,231240,2023.0,18.0,1.23,d,,0.001,<,,19.0,0.2202391045,d,0.5238597773942958,0.1094578916025919,,0.3497741949,=,,social sciences,psychology,cognitive psychology,object persistence; spatial navigation; spatiotemporal continuity; virtual interfaces,yes,FoRRT FReD team (June 2026 import),,FReD v2.4.2 (June 2026 import),,,,fred_84,external:fred_v242,10.1098/rsos.231240,10.1177/0956797614547705
https://doi.org/10.1177/0956797611428079,https://doi.org/10.1098/rsos.231240,impact of race and interpersonal dominance on perceptions of female leaders [Original Study 1.],failure,direct or close,Robert W. Livingston; Ashleigh Shelby Rosette; Ella F. Washington,Can an Agentic Black Woman Get Ahead? The Impact of Race and Interpersonal Dominance on Perceptions of Female Leaders,Psychological Science,23,4,354-358,2012.0,Veronica Boyce; Maya Mathur; Michael C. Frank,Eleven years of student replication projects provide evidence on the correlates of replicability in psychology,Royal Society Open Science,10.0,11.0,231240,2023.0,84.0,0.13,etasq,,0.001,<,,131.0,0.1121611698,d,0.3605551275463989,0.0559926047538562,,0.5318213365,=,,social sciences,psychology,social psychology,prejudice; racial and ethnic attitudes and relations,yes,FoRRT FReD team (June 2026 import),,FReD v2.4.2 (June 2026 import),,,,fred_85,external:fred_v242,10.1098/rsos.231240,10.1177/0956797611428079
https://doi.org/10.1177/0956797619854706,https://doi.org/10.1098/rsos.231240,Challenging moral attitudes with moral messages [Original Study 1.],failure,direct or close,Andrew Luttrell; Aviva Philipp-Muller; Richard E. Petty,Challenging Moral Attitudes With Moral Messages,Psychological Science,30,8,1136-1150,2019.0,Veronica Boyce; Maya Mathur; Michael C. Frank,Eleven years of student replication projects provide evidence on the correlates of replicability in psychology,Royal Society Open Science,10.0,11.0,231240,2023.0,415.0,0.3,cohen's f,,0.001,<,,46.0,t(41) = -0.029,test statistic,0.2873478855663454,-0.0045289926452173,,0.9770052956,=,,social sciences,psychology,social psychology,persuasion; morality; attitudes; attitude strength; moral conviction; open data; open materials; preregistered,yes,FoRRT FReD team (June 2026 import),,FReD v2.4.2 (June 2026 import),,,,fred_86,external:fred_v242,10.1098/rsos.231240,10.1177/0956797619854706
https://doi.org/10.1177/0146167207309195,https://doi.org/10.1098/rsos.231240,Realistic threat explains negativity toward Asian Americans [Original Study 3.],success,direct or close,William W. Maddux; Adam D. Galinsky; Amy J. C. Cuddy; Mark Polifroni,When Being a Model Minority Is Good . . . and Bad: Realistic Threat Explains Negativity Toward Asian Americans,Personality and Social Psychology Bulletin,34,1,74-89,2008.0,Veronica Boyce; Maya Mathur; Michael C. Frank,Eleven years of student replication projects provide evidence on the correlates of replicability in psychology,Royal Society Open Science,10.0,11.0,231240,2023.0,40.0,0.146,etasq (partial),,0.015,=,,77.0,0.4985652886,d,0.382099463490856,0.2418804595458224,,4.29e-05,=,,social sciences,psychology,social psychology,Asian Americans; model minorities; prejudice; realistic threat; emotions; attitudes,yes,FoRRT FReD team (June 2026 import),,FReD v2.4.2 (June 2026 import),,,,fred_87,external:fred_v242,10.1098/rsos.231240,10.1177/0146167207309195
https://doi.org/10.1126/science.1238041,https://doi.org/10.1098/rsos.231240,"Replication of 'Poverty Impedes Cognitive Function' (2013); the replication authors reported the replication as failed. Claim tested: ""Poverty impedes cognitive function"". [Original Study 1.]",failure,direct or close,Anandi Mani; Sendhil Mullainathan; Eldar Shafir; Jiaying Zhao,Poverty Impedes Cognitive Function,Science,341,6149,976-980,2013.0,Veronica Boyce; Maya Mathur; Michael C. Frank,Eleven years of student replication projects provide evidence on the correlates of replicability in psychology,Royal Society Open Science,10.0,11.0,231240,2023.0,101.0,"F(1, 97) = 7.86",test statistic,,0.01,<,,45.0,0.3434435738,d,0.2737829169944566,0.1692445436451846,,0.266690424,=,,social sciences,psychology,cognitive psychology,poor; poverty; cognitive function; cognitive control,yes,FoRRT FReD team (June 2026 import),,FReD v2.4.2 (June 2026 import),,,,fred_88,external:fred_v242,10.1098/rsos.231240,10.1126/science.1238041
https://doi.org/10.1037/a0032108,https://doi.org/10.1098/rsos.231240,Learning via active and passive hypothesis testing [Original Study 1.],success,direct or close,Douglas B. Markant; Todd M. Gureckis,Is it better to select or to receive? Learning via active and passive hypothesis testing.,Journal of Experimental Psychology: General,143,1,94-122,2014.0,Veronica Boyce; Maya Mathur; Michael C. Frank,Eleven years of student replication projects provide evidence on the correlates of replicability in psychology,Royal Society Open Science,10.0,11.0,231240,2023.0,59.0,t(57) = 1.82,test statistic,,0.07,=,,48.0,0.6884827599,d,0.2343516861938639,0.3254952586257341,,0.02267130583,=,,social sciences,psychology,cognitive psychology,hypothesis testing; self-directed learning; category learning; Bayesian modeling; hypothesis-dependent sampling bias,yes,FoRRT FReD team (June 2026 import),,FReD v2.4.2 (June 2026 import),,,,fred_89,external:fred_v242,10.1098/rsos.231240,10.1037/a0032108
https://doi.org/10.1145/3173574.3174188,https://doi.org/10.1098/rsos.231240,Sense of belonging and bias in web interfaces (Ambient Belonging) [Original Study 1.],inconclusive,direct or close,Danaë Metaxa-Kakavouli; Kelly Wang; James A. Landay; Jeff Hancock,Gender-Inclusive Design,Proceedings of the 2018 CHI Conference on Human Factors in Computing Systems,,,1-6,2018.0,Veronica Boyce; Maya Mathur; Michael C. Frank,Eleven years of student replication projects provide evidence on the correlates of replicability in psychology,Royal Society Open Science,10.0,11.0,231240,2023.0,110.0,0.67,d,,0.001,<,,98.0,0.7432982629,d,0.3176497228083692,0.3483682023844447,,0.00994269298,=,,social sciences,psychology,social psychology,gender-inclusive interfaces; web interface psychology; inclusive design; ambient belonging,yes,FoRRT FReD team (June 2026 import),,FReD v2.4.2 (June 2026 import),,,,fred_90,external:fred_v242,10.1098/rsos.231240,10.1145/3173574.3174188
https://doi.org/10.1287/mnsc.2019.3362,https://doi.org/10.1098/rsos.231240,Measuring receptiveness to opposing views [Original Study 2.],failure,direct or close,Julia A. Minson; Frances S. Chen; Catherine H. Tinsley,Why Won’t You Listen to Me? Measuring Receptiveness to Opposing Views,Management Science,66,7,3069-3094,2020.0,Veronica Boyce; Maya Mathur; Michael C. Frank,Eleven years of student replication projects provide evidence on the correlates of replicability in psychology,Royal Society Open Science,10.0,11.0,231240,2023.0,327.0,-0.27,b (unstd),,0.01,<,,79.0,0.06,b (unstd),,,,0.65,=,two-sided,social sciences,business & management,management,negotiations; individual differences; judgment biases; conflict,yes,FoRRT FReD team (June 2026 import),,FReD v2.4.2 (June 2026 import),,,,fred_91,external:fred_v242,10.1098/rsos.231240,10.1287/mnsc.2019.3362
https://doi.org/10.1177/0956797618806296,https://doi.org/10.1098/rsos.231240,transposed-word effect in grammaticality judgments [Original Study 2.],success,direct or close,Jonathan Mirault; Joshua Snell; Jonathan Grainger,You That Read Wrong Again! A Transposed-Word Effect in Grammaticality Judgments,Psychological Science,29,12,1922-1929,2018.0,Veronica Boyce; Maya Mathur; Michael C. Frank,Eleven years of student replication projects provide evidence on the correlates of replicability in psychology,Royal Society Open Science,10.0,11.0,231240,2023.0,94.0,0.03,b (unstd),,0.05,<,,24.0,0.0548801,d,,0.0274297252503349,,,,,social sciences,psychology,cognitive psychology,transposed words; grammaticality judgments; sentence comprehension; parallel word processing; reading; open data; open materials,yes,FoRRT FReD team (June 2026 import),,FReD v2.4.2 (June 2026 import),,,,fred_92,external:fred_v242,10.1098/rsos.231240,10.1177/0956797618806296
https://doi.org/10.1037/0022-3514.71.2.230,https://doi.org/10.1037/0022-3514.83.2.406,Whether the activation or priming of an elderly stereotype affects participants' walking speed. [Original Study 2a.],inconclusive,direct or close,John A. Bargh; Mark Chen; Lara Burrows,Automaticity of social behavior: Direct effects of trait construct and stereotype activation on action.,Journal of Personality and Social Psychology,71,2,230-244,1996.0,Jay G. Hull; Laurie B. Slone; Karen B. Meteyer; Amanda R. Matthews,The nonconsciousness of self-consciousness.,Journal of Personality and Social Psychology,83.0,2.0,406-424,2002.0,30.0,t(28) = 2.86,test statistic,,0.01,<,,28.0,"F(1, 27) = 2.47",test statistic,0.4754820786435486,0.2895065598299882,,0.13,=,,social sciences,psychology,social psychology,,yes,FoRRT FReD team (June 2026 import),,FReD v2.4.2 (June 2026 import),,,,fred_99,external:fred_v242,10.1037/0022-3514.83.2.406,10.1037/0022-3514.71.2.230
https://doi.org/10.1037/0022-3514.71.2.230,https://doi.org/10.1037/0022-3514.83.2.406,"Occurs when an individual's exposure to a certain stimulus influences their response to a subsequent prompt, without any awareness of the connection. [Original Study 2a.]",success,direct or close,John A. Bargh; Mark Chen; Lara Burrows,Automaticity of social behavior: Direct effects of trait construct and stereotype activation on action.,Journal of Personality and Social Psychology,71,2,230-244,1996.0,Jay G. Hull; Laurie B. Slone; Karen B. Meteyer; Amanda R. Matthews,The nonconsciousness of self-consciousness.,Journal of Personality and Social Psychology,83.0,2.0,406-424,2002.0,30.0,t(28) = 2.86,test statistic,,0.01,<,,40.0,"F(1, 36) = 6.77",test statistic,0.4754820786435486,0.3978548981609346,,0.01,=,,social sciences,psychology,social psychology,self-consciousness; automatic behaviors,yes,FoRRT FReD team (June 2026 import),,FReD v2.4.2 (June 2026 import),,,,fred_100,external:fred_v242,10.1037/0022-3514.83.2.406,10.1037/0022-3514.71.2.230
https://doi.org/10.1037/0022-3514.71.2.230,https://doi.org/10.1371/journal.pone.0029081,"Occurs when an individual's exposure to a certain stimulus influences their response to a subsequent prompt, without any awareness of the connection. [Original Study 2a.]",failure,direct or close,John A. Bargh; Mark Chen; Lara Burrows,Automaticity of social behavior: Direct effects of trait construct and stereotype activation on action.,Journal of Personality and Social Psychology,71,2,230-244,1996.0,Stéphane Doyen; Olivier Klein; Cora-Lise Pichon; Axel Cleeremans,"Behavioral Priming: It's All in the Mind, but Whose Mind?",PLOS One,7.0,1.0,e29081,2012.0,30.0,t(28) = 2.86,test statistic,,0.01,<,,120.0,0.01,etasq,0.4754820786435486,0.1,,0.05,>,,social sciences,psychology,social psychology,self-consciousness; automatic behaviors,yes,FoRRT FReD team (June 2026 import),,FReD v2.4.2 (June 2026 import),,,,fred_102,external:fred_v242,10.1371/journal.pone.0029081,10.1037/0022-3514.71.2.230
https://doi.org/10.1111/j.1467-9280.2006.01704.x,https://doi.org/10.18718/81781.38,The magnitude of adjustment-based anchoring is moderated by the need for cognition with low NFC leading to less adjustment from self-generated anchors [Original Study 2a.],inconclusive,direct or close,Nicholas Epley; Thomas Gilovich,The Anchoring-and-Adjustment Heuristic,Psychological Science,17,4,311-318,2006.0,Lukas Röseler; Hannah L. Bögler; Lisa Koßmann; Sabine M. Krueger; Sabrina L. C. Bickenbach; Ricarda Bühler; Jasmin Della Guardia; Lisa-Marie A. Köppel; Jarl Möhring; Susanne Ponader; Konstantin Roßmaier; Jessica Sing,"Need for Cognition, Cognitive Load, and Forewarning do not Moderate Anchoring Effects. A Replication Study of Epley &amp; Gilovich (Journal of Behavioral Decision Making, 2005; Psychological Science, 2006)",Journal of Comments and Replications in Economics,,,2024-8,2024.0,81.0,-0.49,d,,0.05,<,,300.0,-0.017,r,-0.237962230135701,-0.017,,0.383,=,two-sided,social sciences,psychology,social psychology,Anchoring effect; self-generated; replication; anchoring and adjustment; adjustment model,yes,FoRRT FReD team (June 2026 import),,FReD v2.4.2 (June 2026 import),,,,fred_106,external:fred_v242,10.18718/81781.38,10.1111/j.1467-9280.2006.01704.x
https://doi.org/10.1016/j.euroecorev.2004.01.004,https://doi.org/10.18718/81781.23,"Per capita household consumption (private consumption) together with public and merit goods, aggregate consumption in this economy (Column 2, Table 5) [Original Study 1.]",inconclusive,direct or close,Riccardo Fiorito; Tryphon Kollintzas,"Public goods, merit goods, and the relation between private and government consumption",European Economic Review,48,6,1367-1398,2004.0,Zhongchen Song,"The Relationship between Government and Private Consumption. A Replication Study of Fiorito &amp; Kollintzas (European Economic Review, 2004)",Journal of Comments and Replications in Economics,,,2022-1,2022.0,324.0,"α = 0.773, (0.11)",test statistic,,0.01,<,two-sided,196.0,"α = 0.843, (0.154)",test statistic,,,,0.01,<,two-sided,social sciences,economics,macroeconomics,Public goods; Merit goods; Government consumption; Consumption; Dynamic panel estimation; Crowding Out Effect,yes,FoRRT FReD team (June 2026 import),,FReD v2.4.2 (June 2026 import); topics AI-tagged (claude sonnet),,,,fred_107,external:fred_v242,10.18718/81781.23,10.1016/j.euroecorev.2004.01.004
https://doi.org/10.1016/j.euroecorev.2004.01.004,https://doi.org/10.18718/81781.23,"Justified per capita household consumption (private consumption) together with public and merit goods, aggregate consumption in this economy (Column 2, Table 5, augmented by disposable income). [Original Study 1.]",inconclusive,direct or close,Riccardo Fiorito; Tryphon Kollintzas,"Public goods, merit goods, and the relation between private and government consumption",European Economic Review,48,6,1367-1398,2004.0,Zhongchen Song,"The Relationship between Government and Private Consumption. A Replication Study of Fiorito &amp; Kollintzas (European Economic Review, 2004)",Journal of Comments and Replications in Economics,,,2022-1,2022.0,324.0,"α = 0.530, (0.142)",test statistic,,0.01,<,two-sided,185.0,"α = 0.743, (0.289)",test statistic,,,,0.05,<,two-sided,social sciences,economics,macroeconomics,Public goods; Merit goods; Government consumption; Consumption; Dynamic panel estimation; Crowding Out Effect,yes,FoRRT FReD team (June 2026 import),,FReD v2.4.2 (June 2026 import); topics AI-tagged (claude sonnet),,,,fred_108,external:fred_v242,10.18718/81781.23,10.1016/j.euroecorev.2004.01.004
https://doi.org/10.1016/j.euroecorev.2004.01.004,https://doi.org/10.18718/81781.23,"Per capita household consumption (private consumption) together with public and merit goods, aggregate consumption in this economy (Column 3, Table 5) [Original Study 1.]",inconclusive,direct or close,Riccardo Fiorito; Tryphon Kollintzas,"Public goods, merit goods, and the relation between private and government consumption",European Economic Review,48,6,1367-1398,2004.0,Zhongchen Song,"The Relationship between Government and Private Consumption. A Replication Study of Fiorito &amp; Kollintzas (European Economic Review, 2004)",Journal of Comments and Replications in Economics,,,2022-1,2022.0,324.0,"α = 0.464, (0.127)",test statistic,,0.01,<,two-sided,196.0,"α = 1.001, (0.257)",test statistic,,,,0.01,<,two-sided,social sciences,economics,macroeconomics,Public goods; Merit goods; Government consumption; Consumption; Dynamic panel estimation; Crowding Out Effect,yes,FoRRT FReD team (June 2026 import),,FReD v2.4.2 (June 2026 import); topics AI-tagged (claude sonnet),,,,fred_109,external:fred_v242,10.18718/81781.23,10.1016/j.euroecorev.2004.01.004
https://doi.org/10.1016/j.euroecorev.2004.01.004,https://doi.org/10.18718/81781.23,"Justified per capita household consumption (private consumption) together with public and merit goods, aggregate consumption in this economy (Column 3, Table 5, augmented by disposable income). [Original Study 1.]",inconclusive,direct or close,Riccardo Fiorito; Tryphon Kollintzas,"Public goods, merit goods, and the relation between private and government consumption",European Economic Review,48,6,1367-1398,2004.0,Zhongchen Song,"The Relationship between Government and Private Consumption. A Replication Study of Fiorito &amp; Kollintzas (European Economic Review, 2004)",Journal of Comments and Replications in Economics,,,2022-1,2022.0,324.0,"α = 0.633, (0.193)",test statistic,,0.01,<,two-sided,185.0,"α = 0.688, (0.248)",test statistic,,,,0.01,<,two-sided,social sciences,economics,macroeconomics,Public goods; Merit goods; Government consumption; Consumption; Dynamic panel estimation; Crowding Out Effect,yes,FoRRT FReD team (June 2026 import),,FReD v2.4.2 (June 2026 import); topics AI-tagged (claude sonnet),,,,fred_110,external:fred_v242,10.18718/81781.23,10.1016/j.euroecorev.2004.01.004
https://doi.org/10.1016/j.euroecorev.2004.01.004,https://doi.org/10.18718/81781.23,"Per capita household consumption (private consumption) together with public and merit goods, aggregate consumption in this economy (Column 6, Table 5). [Original Study 1.]",inconclusive,direct or close,Riccardo Fiorito; Tryphon Kollintzas,"Public goods, merit goods, and the relation between private and government consumption",European Economic Review,48,6,1367-1398,2004.0,Zhongchen Song,"The Relationship between Government and Private Consumption. A Replication Study of Fiorito &amp; Kollintzas (European Economic Review, 2004)",Journal of Comments and Replications in Economics,,,2022-1,2022.0,324.0,"α = 0.543, (0.144)",test statistic,,0.01,<,two-sided,196.0,"α = 0.880, (0.19)",test statistic,,,,0.01,<,two-sided,social sciences,economics,macroeconomics,Public goods; Merit goods; Government consumption; Consumption; Dynamic panel estimation; Crowding Out Effect,yes,FoRRT FReD team (June 2026 import),,FReD v2.4.2 (June 2026 import); topics AI-tagged (claude sonnet),,,,fred_111,external:fred_v242,10.18718/81781.23,10.1016/j.euroecorev.2004.01.004
https://doi.org/10.1016/j.euroecorev.2004.01.004,https://doi.org/10.18718/81781.23,"Justified per capita household consumption (private consumption) together with public and merit goods, aggregate consumption in this economy (Column 6, Table 5, augmented by disposable income). [Original Study 1.]",inconclusive,direct or close,Riccardo Fiorito; Tryphon Kollintzas,"Public goods, merit goods, and the relation between private and government consumption",European Economic Review,48,6,1367-1398,2004.0,Zhongchen Song,"The Relationship between Government and Private Consumption. A Replication Study of Fiorito &amp; Kollintzas (European Economic Review, 2004)",Journal of Comments and Replications in Economics,,,2022-1,2022.0,324.0,"α = 0.513, (0.134)",test statistic,,0.01,<,two-sided,185.0,"α = 0.719, (0.205)",test statistic,,,,0.01,<,two-sided,social sciences,economics,macroeconomics,Public goods; Merit goods; Government consumption; Consumption; Dynamic panel estimation; Crowding Out Effect,yes,FoRRT FReD team (June 2026 import),,FReD v2.4.2 (June 2026 import); topics AI-tagged (claude sonnet),,,,fred_112,external:fred_v242,10.18718/81781.23,10.1016/j.euroecorev.2004.01.004
https://doi.org/10.1016/j.euroecorev.2004.01.004,https://doi.org/10.18718/81781.23,"Working age population share influence the consumption (Column 2, Table 5) [Original Study 1.]",inconclusive,direct or close,Riccardo Fiorito; Tryphon Kollintzas,"Public goods, merit goods, and the relation between private and government consumption",European Economic Review,48,6,1367-1398,2004.0,Zhongchen Song,"The Relationship between Government and Private Consumption. A Replication Study of Fiorito &amp; Kollintzas (European Economic Review, 2004)",Journal of Comments and Replications in Economics,,,2022-1,2022.0,324.0,"α = -0.375, (0.134)",test statistic,,0.01,<,two-sided,196.0,"α = -0.420, (0.41)",test statistic,,,,0.05,>,two-sided,social sciences,economics,macroeconomics,Public goods; Merit goods; Government consumption; Consumption; Dynamic panel estimation; Crowding Out Effect,yes,FoRRT FReD team (June 2026 import),,FReD v2.4.2 (June 2026 import); topics AI-tagged (claude sonnet),,,,fred_113,external:fred_v242,10.18718/81781.23,10.1016/j.euroecorev.2004.01.004
https://doi.org/10.1016/j.euroecorev.2004.01.004,https://doi.org/10.18718/81781.23,"Working age population share influence the consumption (Column 2, Table 5, augmented by disposable income). [Original Study 1.]",inconclusive,direct or close,Riccardo Fiorito; Tryphon Kollintzas,"Public goods, merit goods, and the relation between private and government consumption",European Economic Review,48,6,1367-1398,2004.0,Zhongchen Song,"The Relationship between Government and Private Consumption. A Replication Study of Fiorito &amp; Kollintzas (European Economic Review, 2004)",Journal of Comments and Replications in Economics,,,2022-1,2022.0,324.0,"α = -0.239, (0.156)",test statistic,,0.05,>,two-sided,185.0,"α = -0.465, (0.421)",test statistic,,,,0.05,>,two-sided,social sciences,economics,macroeconomics,Public goods; Merit goods; Government consumption; Consumption; Dynamic panel estimation; Crowding Out Effect,yes,FoRRT FReD team (June 2026 import),,FReD v2.4.2 (June 2026 import); topics AI-tagged (claude sonnet),,,,fred_114,external:fred_v242,10.18718/81781.23,10.1016/j.euroecorev.2004.01.004
https://doi.org/10.1016/j.euroecorev.2004.01.004,https://doi.org/10.18718/81781.23,"Working age population share influence the consumption (Column 3, Table 5). [Original Study 1.]",inconclusive,direct or close,Riccardo Fiorito; Tryphon Kollintzas,"Public goods, merit goods, and the relation between private and government consumption",European Economic Review,48,6,1367-1398,2004.0,Zhongchen Song,"The Relationship between Government and Private Consumption. A Replication Study of Fiorito &amp; Kollintzas (European Economic Review, 2004)",Journal of Comments and Replications in Economics,,,2022-1,2022.0,324.0,"α = -0.218, (0.124)",test statistic,,0.1,<,two-sided,196.0,"α = -0.551, (0.435)",test statistic,,,,0.05,>,two-sided,social sciences,economics,macroeconomics,Public goods; Merit goods; Government consumption; Consumption; Dynamic panel estimation; Crowding Out Effect,yes,FoRRT FReD team (June 2026 import),,FReD v2.4.2 (June 2026 import); topics AI-tagged (claude sonnet),,,,fred_115,external:fred_v242,10.18718/81781.23,10.1016/j.euroecorev.2004.01.004
https://doi.org/10.1016/j.euroecorev.2004.01.004,https://doi.org/10.18718/81781.23,"Working age population share influence the consumption (Column 3, Table 5, augmented by disposable income). [Original Study 1.]",inconclusive,direct or close,Riccardo Fiorito; Tryphon Kollintzas,"Public goods, merit goods, and the relation between private and government consumption",European Economic Review,48,6,1367-1398,2004.0,Zhongchen Song,"The Relationship between Government and Private Consumption. A Replication Study of Fiorito &amp; Kollintzas (European Economic Review, 2004)",Journal of Comments and Replications in Economics,,,2022-1,2022.0,324.0,"α = -0.179, (0.124)",test statistic,,0.1,<,two-sided,185.0,"α = -0.422, (0.417)",test statistic,,,,0.05,>,two-sided,social sciences,economics,macroeconomics,Public goods; Merit goods; Government consumption; Consumption; Dynamic panel estimation; Crowding Out Effect,yes,FoRRT FReD team (June 2026 import),,FReD v2.4.2 (June 2026 import); topics AI-tagged (claude sonnet),,,,fred_116,external:fred_v242,10.18718/81781.23,10.1016/j.euroecorev.2004.01.004
https://doi.org/10.1016/j.euroecorev.2004.01.004,https://doi.org/10.18718/81781.23,"Working age population share influence the consumption (Column 6, Table 5) [Original Study 1.]",inconclusive,direct or close,Riccardo Fiorito; Tryphon Kollintzas,"Public goods, merit goods, and the relation between private and government consumption",European Economic Review,48,6,1367-1398,2004.0,Zhongchen Song,"The Relationship between Government and Private Consumption. A Replication Study of Fiorito &amp; Kollintzas (European Economic Review, 2004)",Journal of Comments and Replications in Economics,,,2022-1,2022.0,324.0,"α = -0.203, (0.115)",test statistic,,0.1,<,two-sided,196.0,"α = -0.137, (0.476)",test statistic,,,,0.05,>,two-sided,social sciences,economics,macroeconomics,Public goods; Merit goods; Government consumption; Consumption; Dynamic panel estimation; Crowding Out Effect,yes,FoRRT FReD team (June 2026 import),,FReD v2.4.2 (June 2026 import); topics AI-tagged (claude sonnet),,,,fred_117,external:fred_v242,10.18718/81781.23,10.1016/j.euroecorev.2004.01.004
https://doi.org/10.1016/j.euroecorev.2004.01.004,https://doi.org/10.18718/81781.23,"Working age population share influence the consumption (Column 6, Table 5, augmented by disposable income). [Original Study 1.]",inconclusive,direct or close,Riccardo Fiorito; Tryphon Kollintzas,"Public goods, merit goods, and the relation between private and government consumption",European Economic Review,48,6,1367-1398,2004.0,Zhongchen Song,"The Relationship between Government and Private Consumption. A Replication Study of Fiorito &amp; Kollintzas (European Economic Review, 2004)",Journal of Comments and Replications in Economics,,,2022-1,2022.0,324.0,"α = -0.215, (0.128)",test statistic,,0.1,<,two-sided,185.0,"α = -0.270, (0.543)",test statistic,,,,0.05,>,two-sided,social sciences,economics,macroeconomics,Public goods; Merit goods; Government consumption; Consumption; Dynamic panel estimation; Crowding Out Effect,yes,FoRRT FReD team (June 2026 import),,FReD v2.4.2 (June 2026 import); topics AI-tagged (claude sonnet),,,,fred_118,external:fred_v242,10.18718/81781.23,10.1016/j.euroecorev.2004.01.004
https://doi.org/10.1016/j.euroecorev.2004.01.004,https://doi.org/10.18718/81781.23,"Public goods substitute private consumption (Column 2, Table 5) [Original Study 1.]",inconclusive,direct or close,Riccardo Fiorito; Tryphon Kollintzas,"Public goods, merit goods, and the relation between private and government consumption",European Economic Review,48,6,1367-1398,2004.0,Zhongchen Song,"The Relationship between Government and Private Consumption. A Replication Study of Fiorito &amp; Kollintzas (European Economic Review, 2004)",Journal of Comments and Replications in Economics,,,2022-1,2022.0,324.0,"α = -0.067, (0.063)",test statistic,,0.05,>,two-sided,196.0,"α = -0.106, (0.097)",test statistic,,,,0.05,>,two-sided,social sciences,economics,macroeconomics,Public goods; Merit goods; Government consumption; Consumption; Dynamic panel estimation; Crowding Out Effect,yes,FoRRT FReD team (June 2026 import),,FReD v2.4.2 (June 2026 import); topics AI-tagged (claude sonnet),,,,fred_119,external:fred_v242,10.18718/81781.23,10.1016/j.euroecorev.2004.01.004
https://doi.org/10.1016/j.euroecorev.2004.01.004,https://doi.org/10.18718/81781.23,"Public goods substitute private consumption (Column 2, Table 5, augmented by disposable income). [Original Study 1.]",inconclusive,direct or close,Riccardo Fiorito; Tryphon Kollintzas,"Public goods, merit goods, and the relation between private and government consumption",European Economic Review,48,6,1367-1398,2004.0,Zhongchen Song,"The Relationship between Government and Private Consumption. A Replication Study of Fiorito &amp; Kollintzas (European Economic Review, 2004)",Journal of Comments and Replications in Economics,,,2022-1,2022.0,324.0,"α = -0.123, (0.095)",test statistic,,0.05,>,two-sided,185.0,"α = 0.024, (0.143)",test statistic,,,,0.05,>,two-sided,social sciences,economics,macroeconomics,Public goods; Merit goods; Government consumption; Consumption; Dynamic panel estimation; Crowding Out Effect,yes,FoRRT FReD team (June 2026 import),,FReD v2.4.2 (June 2026 import); topics AI-tagged (claude sonnet),,,,fred_120,external:fred_v242,10.18718/81781.23,10.1016/j.euroecorev.2004.01.004
https://doi.org/10.1016/j.euroecorev.2004.01.004,https://doi.org/10.18718/81781.23,"Public goods substitute private consumption (Column 3, Table 5) [Original Study 1.]",inconclusive,direct or close,Riccardo Fiorito; Tryphon Kollintzas,"Public goods, merit goods, and the relation between private and government consumption",European Economic Review,48,6,1367-1398,2004.0,Zhongchen Song,"The Relationship between Government and Private Consumption. A Replication Study of Fiorito &amp; Kollintzas (European Economic Review, 2004)",Journal of Comments and Replications in Economics,,,2022-1,2022.0,324.0,"α = -0.062, (0.088)",test statistic,,0.05,>,two-sided,196.0,"α = -0.085, (0.093)",test statistic,,,,0.05,>,two-sided,social sciences,economics,macroeconomics,Public goods; Merit goods; Government consumption; Consumption; Dynamic panel estimation; Crowding Out Effect,yes,FoRRT FReD team (June 2026 import),,FReD v2.4.2 (June 2026 import); topics AI-tagged (claude sonnet),,,,fred_121,external:fred_v242,10.18718/81781.23,10.1016/j.euroecorev.2004.01.004
https://doi.org/10.1016/j.euroecorev.2004.01.004,https://doi.org/10.18718/81781.23,"Public goods substitute private consumption (Column 3, Table 5, augmented by disposable income). [Original Study 1.]",inconclusive,direct or close,Riccardo Fiorito; Tryphon Kollintzas,"Public goods, merit goods, and the relation between private and government consumption",European Economic Review,48,6,1367-1398,2004.0,Zhongchen Song,"The Relationship between Government and Private Consumption. A Replication Study of Fiorito &amp; Kollintzas (European Economic Review, 2004)",Journal of Comments and Replications in Economics,,,2022-1,2022.0,324.0,"α = 0.012, (0.115)",test statistic,,0.05,>,two-sided,185.0,"α = -0.010, (0.158)",test statistic,,,,0.05,>,two-sided,social sciences,economics,macroeconomics,Public goods; Merit goods; Government consumption; Consumption; Dynamic panel estimation; Crowding Out Effect,yes,FoRRT FReD team (June 2026 import),,FReD v2.4.2 (June 2026 import); topics AI-tagged (claude sonnet),,,,fred_122,external:fred_v242,10.18718/81781.23,10.1016/j.euroecorev.2004.01.004
https://doi.org/10.1016/j.euroecorev.2004.01.004,https://doi.org/10.18718/81781.23,"Public order and defence government (public goods) substitute private consumption (Column 6, Table 5) [Original Study 1.]",inconclusive,direct or close,Riccardo Fiorito; Tryphon Kollintzas,"Public goods, merit goods, and the relation between private and government consumption",European Economic Review,48,6,1367-1398,2004.0,Zhongchen Song,"The Relationship between Government and Private Consumption. A Replication Study of Fiorito &amp; Kollintzas (European Economic Review, 2004)",Journal of Comments and Replications in Economics,,,2022-1,2022.0,324.0,"α = 0.011, (0.073)",test statistic,,0.05,>,two-sided,196.0,"α = -0.090, (0.115)",test statistic,,,,0.05,>,two-sided,social sciences,economics,macroeconomics,Public goods; Merit goods; Government consumption; Consumption; Dynamic panel estimation; Crowding Out Effect,yes,FoRRT FReD team (June 2026 import),,FReD v2.4.2 (June 2026 import); topics AI-tagged (claude sonnet),,,,fred_123,external:fred_v242,10.18718/81781.23,10.1016/j.euroecorev.2004.01.004
https://doi.org/10.1016/j.euroecorev.2004.01.004,https://doi.org/10.18718/81781.23,"Public order and defence government (public goods) substitute private consumption (Column 6, Table 5, augmented by disposable income). [Original Study 1.]",inconclusive,direct or close,Riccardo Fiorito; Tryphon Kollintzas,"Public goods, merit goods, and the relation between private and government consumption",European Economic Review,48,6,1367-1398,2004.0,Zhongchen Song,"The Relationship between Government and Private Consumption. A Replication Study of Fiorito &amp; Kollintzas (European Economic Review, 2004)",Journal of Comments and Replications in Economics,,,2022-1,2022.0,324.0,"α = -0.029, (0.078)",test statistic,,0.05,>,two-sided,185.0,"α = 0.019, (0.15)",test statistic,,,,0.05,>,two-sided,social sciences,economics,macroeconomics,Public goods; Merit goods; Government consumption; Consumption; Dynamic panel estimation; Crowding Out Effect,yes,FoRRT FReD team (June 2026 import),,FReD v2.4.2 (June 2026 import); topics AI-tagged (claude sonnet),,,,fred_124,external:fred_v242,10.18718/81781.23,10.1016/j.euroecorev.2004.01.004
https://doi.org/10.1016/j.euroecorev.2004.01.004,https://doi.org/10.18718/81781.23,"Public goods substitute private consumption in the past periods (Column 2, Table 5) [Original Study 1.]",inconclusive,direct or close,Riccardo Fiorito; Tryphon Kollintzas,"Public goods, merit goods, and the relation between private and government consumption",European Economic Review,48,6,1367-1398,2004.0,Zhongchen Song,"The Relationship between Government and Private Consumption. A Replication Study of Fiorito &amp; Kollintzas (European Economic Review, 2004)",Journal of Comments and Replications in Economics,,,2022-1,2022.0,324.0,"α = -0.093, (0.038)",test statistic,,0.05,<,two-sided,196.0,"α = -0.011, (0.075)",test statistic,,,,0.05,>,two-sided,social sciences,economics,macroeconomics,Public goods; Merit goods; Government consumption; Consumption; Dynamic panel estimation; Crowding Out Effect,yes,FoRRT FReD team (June 2026 import),,FReD v2.4.2 (June 2026 import); topics AI-tagged (claude sonnet),,,,fred_125,external:fred_v242,10.18718/81781.23,10.1016/j.euroecorev.2004.01.004
https://doi.org/10.1016/j.euroecorev.2004.01.004,https://doi.org/10.18718/81781.23,"Public goods substitute private consumption in the past periods (Column 2, Table 5, augmented by disposable income). [Original Study 1.]",inconclusive,direct or close,Riccardo Fiorito; Tryphon Kollintzas,"Public goods, merit goods, and the relation between private and government consumption",European Economic Review,48,6,1367-1398,2004.0,Zhongchen Song,"The Relationship between Government and Private Consumption. A Replication Study of Fiorito &amp; Kollintzas (European Economic Review, 2004)",Journal of Comments and Replications in Economics,,,2022-1,2022.0,324.0,"α = 0.057, (0.066)",test statistic,,0.05,>,two-sided,185.0,"α = -0.084, (0.072)",test statistic,,,,0.05,>,two-sided,social sciences,economics,macroeconomics,Public goods; Merit goods; Government consumption; Consumption; Dynamic panel estimation; Crowding Out Effect,yes,FoRRT FReD team (June 2026 import),,FReD v2.4.2 (June 2026 import); topics AI-tagged (claude sonnet),,,,fred_126,external:fred_v242,10.18718/81781.23,10.1016/j.euroecorev.2004.01.004
https://doi.org/10.1016/j.euroecorev.2004.01.004,https://doi.org/10.18718/81781.23,"Public goods substitute private consumption in the past periods (Column 3, Table 5) [Original Study 1.]",inconclusive,direct or close,Riccardo Fiorito; Tryphon Kollintzas,"Public goods, merit goods, and the relation between private and government consumption",European Economic Review,48,6,1367-1398,2004.0,Zhongchen Song,"The Relationship between Government and Private Consumption. A Replication Study of Fiorito &amp; Kollintzas (European Economic Review, 2004)",Journal of Comments and Replications in Economics,,,2022-1,2022.0,324.0,"α = -0.248, (0.062)",test statistic,,0.01,<,two-sided,196.0,"α = -0.104, (0.121)",test statistic,,,,0.05,>,two-sided,social sciences,economics,macroeconomics,Public goods; Merit goods; Government consumption; Consumption; Dynamic panel estimation; Crowding Out Effect,yes,FoRRT FReD team (June 2026 import),,FReD v2.4.2 (June 2026 import); topics AI-tagged (claude sonnet),,,,fred_127,external:fred_v242,10.18718/81781.23,10.1016/j.euroecorev.2004.01.004
https://doi.org/10.1016/j.euroecorev.2004.01.004,https://doi.org/10.18718/81781.23,"Public goods substitute private consumption in the past periods (Column 3, Table 5, augmented by disposable income). [Original Study 1.]",inconclusive,direct or close,Riccardo Fiorito; Tryphon Kollintzas,"Public goods, merit goods, and the relation between private and government consumption",European Economic Review,48,6,1367-1398,2004.0,Zhongchen Song,"The Relationship between Government and Private Consumption. A Replication Study of Fiorito &amp; Kollintzas (European Economic Review, 2004)",Journal of Comments and Replications in Economics,,,2022-1,2022.0,324.0,"α = 0.063, (0.068)",test statistic,,0.05,>,two-sided,185.0,"α = -0.005, (0.036)",test statistic,,,,0.05,>,two-sided,social sciences,economics,macroeconomics,Public goods; Merit goods; Government consumption; Consumption; Dynamic panel estimation; Crowding Out Effect,yes,FoRRT FReD team (June 2026 import),,FReD v2.4.2 (June 2026 import); topics AI-tagged (claude sonnet),,,,fred_128,external:fred_v242,10.18718/81781.23,10.1016/j.euroecorev.2004.01.004
https://doi.org/10.1016/j.euroecorev.2004.01.004,https://doi.org/10.18718/81781.23,"Public order and defence government (public goods) substitute private consumption in past periods (Column 6, Table 5) [Original Study 1.]",inconclusive,direct or close,Riccardo Fiorito; Tryphon Kollintzas,"Public goods, merit goods, and the relation between private and government consumption",European Economic Review,48,6,1367-1398,2004.0,Zhongchen Song,"The Relationship between Government and Private Consumption. A Replication Study of Fiorito &amp; Kollintzas (European Economic Review, 2004)",Journal of Comments and Replications in Economics,,,2022-1,2022.0,324.0,"α = 0.055, (0.047)",test statistic,,0.05,>,two-sided,196.0,"α = -0.073, (0.164)",test statistic,,,,0.05,>,two-sided,social sciences,economics,macroeconomics,Public goods; Merit goods; Government consumption; Consumption; Dynamic panel estimation; Crowding Out Effect,yes,FoRRT FReD team (June 2026 import),,FReD v2.4.2 (June 2026 import); topics AI-tagged (claude sonnet),,,,fred_129,external:fred_v242,10.18718/81781.23,10.1016/j.euroecorev.2004.01.004
https://doi.org/10.1016/j.euroecorev.2004.01.004,https://doi.org/10.18718/81781.23,"Public order and defence government (public goods) substitute private consumption in past periods (Column 6, Table 5, augmented by disposable income). [Original Study 1.]",inconclusive,direct or close,Riccardo Fiorito; Tryphon Kollintzas,"Public goods, merit goods, and the relation between private and government consumption",European Economic Review,48,6,1367-1398,2004.0,Zhongchen Song,"The Relationship between Government and Private Consumption. A Replication Study of Fiorito &amp; Kollintzas (European Economic Review, 2004)",Journal of Comments and Replications in Economics,,,2022-1,2022.0,324.0,"α = 0.101, (0.068)",test statistic,,0.05,>,two-sided,185.0,"α = -0.057, (0.087)",test statistic,,,,0.05,>,two-sided,social sciences,economics,macroeconomics,Public goods; Merit goods; Government consumption; Consumption; Dynamic panel estimation; Crowding Out Effect,yes,FoRRT FReD team (June 2026 import),,FReD v2.4.2 (June 2026 import); topics AI-tagged (claude sonnet),,,,fred_130,external:fred_v242,10.18718/81781.23,10.1016/j.euroecorev.2004.01.004
https://doi.org/10.1016/j.euroecorev.2004.01.004,https://doi.org/10.18718/81781.23,"Hansen J-test supports the notion of plausible restrictions in GMM (Column 2, Table 5) [Original Study 1.]",inconclusive,direct or close,Riccardo Fiorito; Tryphon Kollintzas,"Public goods, merit goods, and the relation between private and government consumption",European Economic Review,48,6,1367-1398,2004.0,Zhongchen Song,"The Relationship between Government and Private Consumption. A Replication Study of Fiorito &amp; Kollintzas (European Economic Review, 2004)",Journal of Comments and Replications in Economics,,,2022-1,2022.0,324.0,"X2(15, N = 324) = 15.3",test statistic,,0.426,=,one-sided,196.0,"X2(15, N = 196) = 8.55",test statistic,,,,0.9,=,one-sided,social sciences,economics,macroeconomics,Public goods; Merit goods; Government consumption; Consumption; Dynamic panel estimation; Crowding Out Effect,yes,FoRRT FReD team (June 2026 import),,FReD v2.4.2 (June 2026 import); topics AI-tagged (claude sonnet),,,,fred_131,external:fred_v242,10.18718/81781.23,10.1016/j.euroecorev.2004.01.004
https://doi.org/10.1016/j.euroecorev.2004.01.004,https://doi.org/10.18718/81781.23,"Hansen J-test supports the notion of plausible restrictions in GMM (Column 2, Table 5, augmented by disposable income). [Original Study 1.]",inconclusive,direct or close,Riccardo Fiorito; Tryphon Kollintzas,"Public goods, merit goods, and the relation between private and government consumption",European Economic Review,48,6,1367-1398,2004.0,Zhongchen Song,"The Relationship between Government and Private Consumption. A Replication Study of Fiorito &amp; Kollintzas (European Economic Review, 2004)",Journal of Comments and Replications in Economics,,,2022-1,2022.0,324.0,"X2(11, N = 324) = 11.3",test statistic,,0.418,=,one-sided,185.0,"X2(11, N = 185) = 3.17",test statistic,,,,0.988,=,one-sided,social sciences,economics,macroeconomics,Public goods; Merit goods; Government consumption; Consumption; Dynamic panel estimation; Crowding Out Effect,yes,FoRRT FReD team (June 2026 import),,FReD v2.4.2 (June 2026 import); topics AI-tagged (claude sonnet),,,,fred_132,external:fred_v242,10.18718/81781.23,10.1016/j.euroecorev.2004.01.004
https://doi.org/10.1016/j.euroecorev.2004.01.004,https://doi.org/10.18718/81781.23,"Hansen J-test supports the notion of plausible restrictions in GMM (Column 3, Table 5). [Original Study 1.]",inconclusive,direct or close,Riccardo Fiorito; Tryphon Kollintzas,"Public goods, merit goods, and the relation between private and government consumption",European Economic Review,48,6,1367-1398,2004.0,Zhongchen Song,"The Relationship between Government and Private Consumption. A Replication Study of Fiorito &amp; Kollintzas (European Economic Review, 2004)",Journal of Comments and Replications in Economics,,,2022-1,2022.0,324.0,"X2(13, N = 324) = 11.4",test statistic,,0.575,=,one-sided,196.0,"X2(13, N = 196) = 2.51",test statistic,,,,0.99,=,one-sided,social sciences,economics,macroeconomics,Public goods; Merit goods; Government consumption; Consumption; Dynamic panel estimation; Crowding Out Effect,yes,FoRRT FReD team (June 2026 import),,FReD v2.4.2 (June 2026 import); topics AI-tagged (claude sonnet),,,,fred_133,external:fred_v242,10.18718/81781.23,10.1016/j.euroecorev.2004.01.004
https://doi.org/10.1016/j.euroecorev.2004.01.004,https://doi.org/10.18718/81781.23,"Hansen J-test supports the notion of plausible restrictions in GMM (Column 3, Table 5, augmented by disposable income). [Original Study 1.]",inconclusive,direct or close,Riccardo Fiorito; Tryphon Kollintzas,"Public goods, merit goods, and the relation between private and government consumption",European Economic Review,48,6,1367-1398,2004.0,Zhongchen Song,"The Relationship between Government and Private Consumption. A Replication Study of Fiorito &amp; Kollintzas (European Economic Review, 2004)",Journal of Comments and Replications in Economics,,,2022-1,2022.0,324.0,"X2(13, N = 324) = 9.4",test statistic,,0.581,=,one-sided,185.0,"X2(13, N = 185) = 3.11",test statistic,,,,0.997,=,one-sided,social sciences,economics,macroeconomics,Public goods; Merit goods; Government consumption; Consumption; Dynamic panel estimation; Crowding Out Effect,yes,FoRRT FReD team (June 2026 import),,FReD v2.4.2 (June 2026 import); topics AI-tagged (claude sonnet),,,,fred_134,external:fred_v242,10.18718/81781.23,10.1016/j.euroecorev.2004.01.004
https://doi.org/10.1016/j.euroecorev.2004.01.004,https://doi.org/10.18718/81781.23,"Hansen J-test supports the notion of plausible restrictions in GMM (Column 6, Table 5). [Original Study 1.]",inconclusive,direct or close,Riccardo Fiorito; Tryphon Kollintzas,"Public goods, merit goods, and the relation between private and government consumption",European Economic Review,48,6,1367-1398,2004.0,Zhongchen Song,"The Relationship between Government and Private Consumption. A Replication Study of Fiorito &amp; Kollintzas (European Economic Review, 2004)",Journal of Comments and Replications in Economics,,,2022-1,2022.0,324.0,"X2(13, N = 324) = 11.7",test statistic,,0.548,=,one-sided,196.0,"X2(13, N = 196) = 3.98",test statistic,,,,0.991,=,one-sided,social sciences,economics,macroeconomics,Public goods; Merit goods; Government consumption; Consumption; Dynamic panel estimation; Crowding Out Effect,yes,FoRRT FReD team (June 2026 import),,FReD v2.4.2 (June 2026 import); topics AI-tagged (claude sonnet),,,,fred_135,external:fred_v242,10.18718/81781.23,10.1016/j.euroecorev.2004.01.004
https://doi.org/10.1016/j.euroecorev.2004.01.004,https://doi.org/10.18718/81781.23,"Hansen J-test supports the notion of plausible restrictions in GMM (Column 6, Table 5, augmented by disposable income). [Original Study 1.]",inconclusive,direct or close,Riccardo Fiorito; Tryphon Kollintzas,"Public goods, merit goods, and the relation between private and government consumption",European Economic Review,48,6,1367-1398,2004.0,Zhongchen Song,"The Relationship between Government and Private Consumption. A Replication Study of Fiorito &amp; Kollintzas (European Economic Review, 2004)",Journal of Comments and Replications in Economics,,,2022-1,2022.0,324.0,"X2(13, N = 324) = 9.7",test statistic,,0.553,=,one-sided,185.0,"X2(13, N = 185) = 1.43",test statistic,,,,1.0,=,one-sided,social sciences,economics,macroeconomics,Public goods; Merit goods; Government consumption; Consumption; Dynamic panel estimation; Crowding Out Effect,yes,FoRRT FReD team (June 2026 import),,FReD v2.4.2 (June 2026 import); topics AI-tagged (claude sonnet),,,,fred_136,external:fred_v242,10.18718/81781.23,10.1016/j.euroecorev.2004.01.004
https://doi.org/10.1016/j.euroecorev.2004.01.004,https://doi.org/10.18718/81781.23,"Merit goods complement private consumption (Column 2, Table 5). [Original Study 1.]",inconclusive,direct or close,Riccardo Fiorito; Tryphon Kollintzas,"Public goods, merit goods, and the relation between private and government consumption",European Economic Review,48,6,1367-1398,2004.0,Zhongchen Song,"The Relationship between Government and Private Consumption. A Replication Study of Fiorito &amp; Kollintzas (European Economic Review, 2004)",Journal of Comments and Replications in Economics,,,2022-1,2022.0,324.0,"α = 0.498, (0.063)",test statistic,,0.01,<,two-sided,196.0,"α = 0.517, (0.09)",test statistic,,,,0.01,<,two-sided,social sciences,economics,macroeconomics,Public goods; Merit goods; Government consumption; Consumption; Dynamic panel estimation; Crowding Out Effect,yes,FoRRT FReD team (June 2026 import),,FReD v2.4.2 (June 2026 import); topics AI-tagged (claude sonnet),,,,fred_137,external:fred_v242,10.18718/81781.23,10.1016/j.euroecorev.2004.01.004
https://doi.org/10.1016/j.euroecorev.2004.01.004,https://doi.org/10.18718/81781.23,"Merit goods complement private consumption (Column 2, Table 5, augmented by disposable income). [Original Study 1.]",inconclusive,direct or close,Riccardo Fiorito; Tryphon Kollintzas,"Public goods, merit goods, and the relation between private and government consumption",European Economic Review,48,6,1367-1398,2004.0,Zhongchen Song,"The Relationship between Government and Private Consumption. A Replication Study of Fiorito &amp; Kollintzas (European Economic Review, 2004)",Journal of Comments and Replications in Economics,,,2022-1,2022.0,324.0,"α = 0.534, (0.115)",test statistic,,0.01,<,two-sided,185.0,"α = 0.357, (0.141)",test statistic,,,,0.05,<,two-sided,social sciences,economics,macroeconomics,Public goods; Merit goods; Government consumption; Consumption; Dynamic panel estimation; Crowding Out Effect,yes,FoRRT FReD team (June 2026 import),,FReD v2.4.2 (June 2026 import); topics AI-tagged (claude sonnet),,,,fred_138,external:fred_v242,10.18718/81781.23,10.1016/j.euroecorev.2004.01.004
https://doi.org/10.1016/j.euroecorev.2004.01.004,https://doi.org/10.18718/81781.23,"Education and health government (merit goods) complement private consumption (Column 3, Table 5). [Original Study 1.]",inconclusive,direct or close,Riccardo Fiorito; Tryphon Kollintzas,"Public goods, merit goods, and the relation between private and government consumption",European Economic Review,48,6,1367-1398,2004.0,Zhongchen Song,"The Relationship between Government and Private Consumption. A Replication Study of Fiorito &amp; Kollintzas (European Economic Review, 2004)",Journal of Comments and Replications in Economics,,,2022-1,2022.0,324.0,"α = 0.504, (0.081)",test statistic,,0.01,<,two-sided,196.0,"α = 0.442, (0.14)",test statistic,,,,0.01,<,two-sided,social sciences,economics,macroeconomics,Public goods; Merit goods; Government consumption; Consumption; Dynamic panel estimation; Crowding Out Effect,yes,FoRRT FReD team (June 2026 import),,FReD v2.4.2 (June 2026 import); topics AI-tagged (claude sonnet),,,,fred_139,external:fred_v242,10.18718/81781.23,10.1016/j.euroecorev.2004.01.004
https://doi.org/10.1016/j.euroecorev.2004.01.004,https://doi.org/10.18718/81781.23,"Education and health government (merit goods) complement private consumption (Column 3, Table 5, augmented by disposable income). [Original Study 1.]",inconclusive,direct or close,Riccardo Fiorito; Tryphon Kollintzas,"Public goods, merit goods, and the relation between private and government consumption",European Economic Review,48,6,1367-1398,2004.0,Zhongchen Song,"The Relationship between Government and Private Consumption. A Replication Study of Fiorito &amp; Kollintzas (European Economic Review, 2004)",Journal of Comments and Replications in Economics,,,2022-1,2022.0,324.0,"α = 0.554, (0.105)",test statistic,,0.01,<,two-sided,185.0,"α = 0.386, (0.143)",test statistic,,,,0.01,<,two-sided,social sciences,economics,macroeconomics,Public goods; Merit goods; Government consumption; Consumption; Dynamic panel estimation; Crowding Out Effect,yes,FoRRT FReD team (June 2026 import),,FReD v2.4.2 (June 2026 import); topics AI-tagged (claude sonnet),,,,fred_140,external:fred_v242,10.18718/81781.23,10.1016/j.euroecorev.2004.01.004
https://doi.org/10.1016/j.euroecorev.2004.01.004,https://doi.org/10.18718/81781.23,"Merit goods complement private consumption (Column 6, Table 5) [Original Study 1.]",inconclusive,direct or close,Riccardo Fiorito; Tryphon Kollintzas,"Public goods, merit goods, and the relation between private and government consumption",European Economic Review,48,6,1367-1398,2004.0,Zhongchen Song,"The Relationship between Government and Private Consumption. A Replication Study of Fiorito &amp; Kollintzas (European Economic Review, 2004)",Journal of Comments and Replications in Economics,,,2022-1,2022.0,324.0,"α = 0.610, (0.082)",test statistic,,0.01,<,two-sided,196.0,"α = 0.448, (0.17)",test statistic,,,,0.01,<,two-sided,social sciences,economics,macroeconomics,Public goods; Merit goods; Government consumption; Consumption; Dynamic panel estimation; Crowding Out Effect,yes,FoRRT FReD team (June 2026 import),,FReD v2.4.2 (June 2026 import); topics AI-tagged (claude sonnet),,,,fred_141,external:fred_v242,10.18718/81781.23,10.1016/j.euroecorev.2004.01.004
https://doi.org/10.1016/j.euroecorev.2004.01.004,https://doi.org/10.18718/81781.23,"Merit goods complement private consumption (Column 6, Table 5, augmented by disposable income). [Original Study 1.]",inconclusive,direct or close,Riccardo Fiorito; Tryphon Kollintzas,"Public goods, merit goods, and the relation between private and government consumption",European Economic Review,48,6,1367-1398,2004.0,Zhongchen Song,"The Relationship between Government and Private Consumption. A Replication Study of Fiorito &amp; Kollintzas (European Economic Review, 2004)",Journal of Comments and Replications in Economics,,,2022-1,2022.0,324.0,"α = 0.661, (0.154)",test statistic,,0.01,<,two-sided,185.0,"α = 0.373, (0.106)",test statistic,,,,0.01,<,two-sided,social sciences,economics,macroeconomics,Public goods; Merit goods; Government consumption; Consumption; Dynamic panel estimation; Crowding Out Effect,yes,FoRRT FReD team (June 2026 import),,FReD v2.4.2 (June 2026 import); topics AI-tagged (claude sonnet),,,,fred_142,external:fred_v242,10.18718/81781.23,10.1016/j.euroecorev.2004.01.004
https://doi.org/10.1016/j.euroecorev.2004.01.004,https://doi.org/10.18718/81781.23,"Merit goods complement private consumption in the past periods (Column 2, Table 5). [Original Study 1.]",inconclusive,direct or close,Riccardo Fiorito; Tryphon Kollintzas,"Public goods, merit goods, and the relation between private and government consumption",European Economic Review,48,6,1367-1398,2004.0,Zhongchen Song,"The Relationship between Government and Private Consumption. A Replication Study of Fiorito &amp; Kollintzas (European Economic Review, 2004)",Journal of Comments and Replications in Economics,,,2022-1,2022.0,324.0,"α = -0.277, (0.048)",test statistic,,0.01,<,two-sided,196.0,"α = -0.430, (0.117)",test statistic,,,,0.01,<,two-sided,social sciences,economics,macroeconomics,Public goods; Merit goods; Government consumption; Consumption; Dynamic panel estimation; Crowding Out Effect,yes,FoRRT FReD team (June 2026 import),,FReD v2.4.2 (June 2026 import); topics AI-tagged (claude sonnet),,,,fred_143,external:fred_v242,10.18718/81781.23,10.1016/j.euroecorev.2004.01.004
https://doi.org/10.1016/j.euroecorev.2004.01.004,https://doi.org/10.18718/81781.23,"Merit goods complement private consumption in the past periods (Column 2, Table 5, augmented by disposable income). [Original Study 1.]",inconclusive,direct or close,Riccardo Fiorito; Tryphon Kollintzas,"Public goods, merit goods, and the relation between private and government consumption",European Economic Review,48,6,1367-1398,2004.0,Zhongchen Song,"The Relationship between Government and Private Consumption. A Replication Study of Fiorito &amp; Kollintzas (European Economic Review, 2004)",Journal of Comments and Replications in Economics,,,2022-1,2022.0,324.0,"α = -0.239, (0.146)",test statistic,,0.1,<,two-sided,185.0,"α = -0.248, (0.052)",test statistic,,,,0.01,<,two-sided,social sciences,economics,macroeconomics,Public goods; Merit goods; Government consumption; Consumption; Dynamic panel estimation; Crowding Out Effect,yes,FoRRT FReD team (June 2026 import),,FReD v2.4.2 (June 2026 import); topics AI-tagged (claude sonnet),,,,fred_144,external:fred_v242,10.18718/81781.23,10.1016/j.euroecorev.2004.01.004
https://doi.org/10.1016/j.euroecorev.2004.01.004,https://doi.org/10.18718/81781.23,"Education and health government (merit goods) complement private consumption in past periods (Column 3, Table 5). [Original Study 1.]",inconclusive,direct or close,Riccardo Fiorito; Tryphon Kollintzas,"Public goods, merit goods, and the relation between private and government consumption",European Economic Review,48,6,1367-1398,2004.0,Zhongchen Song,"The Relationship between Government and Private Consumption. A Replication Study of Fiorito &amp; Kollintzas (European Economic Review, 2004)",Journal of Comments and Replications in Economics,,,2022-1,2022.0,324.0,"α = -0.010, (0.066)",test statistic,,0.05,>,two-sided,196.0,"α = -0.407, (0.064)",test statistic,,,,0.01,<,two-sided,social sciences,economics,macroeconomics,Public goods; Merit goods; Government consumption; Consumption; Dynamic panel estimation; Crowding Out Effect,yes,FoRRT FReD team (June 2026 import),,FReD v2.4.2 (June 2026 import); topics AI-tagged (claude sonnet),,,,fred_145,external:fred_v242,10.18718/81781.23,10.1016/j.euroecorev.2004.01.004
https://doi.org/10.1016/j.euroecorev.2004.01.004,https://doi.org/10.18718/81781.23,"Education and health government (merit goods) complement private consumption in past periods (Column 3, Table 5, augmented by disposable income) [Original Study 1.]",inconclusive,direct or close,Riccardo Fiorito; Tryphon Kollintzas,"Public goods, merit goods, and the relation between private and government consumption",European Economic Review,48,6,1367-1398,2004.0,Zhongchen Song,"The Relationship between Government and Private Consumption. A Replication Study of Fiorito &amp; Kollintzas (European Economic Review, 2004)",Journal of Comments and Replications in Economics,,,2022-1,2022.0,324.0,"α = -0.311, (0.141)",test statistic,,0.1,<,two-sided,185.0,"α = -0.265, (0.077)",test statistic,,,,0.01,<,two-sided,social sciences,economics,macroeconomics,Public goods; Merit goods; Government consumption; Consumption; Dynamic panel estimation; Crowding Out Effect,yes,FoRRT FReD team (June 2026 import),,FReD v2.4.2 (June 2026 import); topics AI-tagged (claude sonnet),,,,fred_146,external:fred_v242,10.18718/81781.23,10.1016/j.euroecorev.2004.01.004
https://doi.org/10.1016/j.euroecorev.2004.01.004,https://doi.org/10.18718/81781.23,"Merit goods complement private consumption in the past periods (Column 6, Table 5). [Original Study 1.]",inconclusive,direct or close,Riccardo Fiorito; Tryphon Kollintzas,"Public goods, merit goods, and the relation between private and government consumption",European Economic Review,48,6,1367-1398,2004.0,Zhongchen Song,"The Relationship between Government and Private Consumption. A Replication Study of Fiorito &amp; Kollintzas (European Economic Review, 2004)",Journal of Comments and Replications in Economics,,,2022-1,2022.0,324.0,"α = -0.359, (0.103)",test statistic,,0.01,<,two-sided,196.0,"α = -0.372, (0.194)",test statistic,,,,0.1,<,two-sided,social sciences,economics,macroeconomics,Public goods; Merit goods; Government consumption; Consumption; Dynamic panel estimation; Crowding Out Effect,yes,FoRRT FReD team (June 2026 import),,FReD v2.4.2 (June 2026 import); topics AI-tagged (claude sonnet),,,,fred_147,external:fred_v242,10.18718/81781.23,10.1016/j.euroecorev.2004.01.004
https://doi.org/10.1016/j.euroecorev.2004.01.004,https://doi.org/10.18718/81781.23,"Merit goods complement private consumption in the past periods (Column 6, Table 5 augmented by disposable income). [Original Study 1.]",inconclusive,direct or close,Riccardo Fiorito; Tryphon Kollintzas,"Public goods, merit goods, and the relation between private and government consumption",European Economic Review,48,6,1367-1398,2004.0,Zhongchen Song,"The Relationship between Government and Private Consumption. A Replication Study of Fiorito &amp; Kollintzas (European Economic Review, 2004)",Journal of Comments and Replications in Economics,,,2022-1,2022.0,324.0,"α = -0.365, (0.13)",test statistic,,0.01,<,two-sided,185.0,"α = -0.255, (0.122)",test statistic,,,,0.05,<,two-sided,social sciences,economics,macroeconomics,Public goods; Merit goods; Government consumption; Consumption; Dynamic panel estimation; Crowding Out Effect,yes,FoRRT FReD team (June 2026 import),,FReD v2.4.2 (June 2026 import); topics AI-tagged (claude sonnet),,,,fred_148,external:fred_v242,10.18718/81781.23,10.1016/j.euroecorev.2004.01.004
https://doi.org/10.1016/j.euroecorev.2004.01.004,https://doi.org/10.18718/81781.23,"After tax real interest rate influence the consumption (Column 2, Table 5). [Original Study 1.]",inconclusive,direct or close,Riccardo Fiorito; Tryphon Kollintzas,"Public goods, merit goods, and the relation between private and government consumption",European Economic Review,48,6,1367-1398,2004.0,Zhongchen Song,"The Relationship between Government and Private Consumption. A Replication Study of Fiorito &amp; Kollintzas (European Economic Review, 2004)",Journal of Comments and Replications in Economics,,,2022-1,2022.0,324.0,"α = 0.082, (0.193)",test statistic,,0.05,>,two-sided,196.0,"α = -0.005, (0.006)",test statistic,,,,0.05,>,two-sided,social sciences,economics,macroeconomics,Public goods; Merit goods; Government consumption; Consumption; Dynamic panel estimation; Crowding Out Effect,yes,FoRRT FReD team (June 2026 import),,FReD v2.4.2 (June 2026 import); topics AI-tagged (claude sonnet),,,,fred_149,external:fred_v242,10.18718/81781.23,10.1016/j.euroecorev.2004.01.004
https://doi.org/10.1016/j.euroecorev.2004.01.004,https://doi.org/10.18718/81781.23,"After tax real interest rate influence the consumption (Column 2, Table 5, augmented by disposable income). [Original Study 1.]",inconclusive,direct or close,Riccardo Fiorito; Tryphon Kollintzas,"Public goods, merit goods, and the relation between private and government consumption",European Economic Review,48,6,1367-1398,2004.0,Zhongchen Song,"The Relationship between Government and Private Consumption. A Replication Study of Fiorito &amp; Kollintzas (European Economic Review, 2004)",Journal of Comments and Replications in Economics,,,2022-1,2022.0,324.0,"α = 0.054, (0.292)",test statistic,,0.05,>,two-sided,185.0,"α = -0.013, (0.006)",test statistic,,,,0.05,<,two-sided,social sciences,economics,macroeconomics,Public goods; Merit goods; Government consumption; Consumption; Dynamic panel estimation; Crowding Out Effect,yes,FoRRT FReD team (June 2026 import),,FReD v2.4.2 (June 2026 import); topics AI-tagged (claude sonnet),,,,fred_150,external:fred_v242,10.18718/81781.23,10.1016/j.euroecorev.2004.01.004
https://doi.org/10.1016/j.euroecorev.2004.01.004,https://doi.org/10.18718/81781.23,"After tax real interest rate influence the consumption (Column 3, Table 5). [Original Study 1.]",inconclusive,direct or close,Riccardo Fiorito; Tryphon Kollintzas,"Public goods, merit goods, and the relation between private and government consumption",European Economic Review,48,6,1367-1398,2004.0,Zhongchen Song,"The Relationship between Government and Private Consumption. A Replication Study of Fiorito &amp; Kollintzas (European Economic Review, 2004)",Journal of Comments and Replications in Economics,,,2022-1,2022.0,324.0,"α = 0.139, (0.173)",test statistic,,0.05,>,two-sided,196.0,"α = -0.007, (0.007)",test statistic,,,,0.05,>,two-sided,social sciences,economics,macroeconomics,Public goods; Merit goods; Government consumption; Consumption; Dynamic panel estimation; Crowding Out Effect,yes,FoRRT FReD team (June 2026 import),,FReD v2.4.2 (June 2026 import); topics AI-tagged (claude sonnet),,,,fred_151,external:fred_v242,10.18718/81781.23,10.1016/j.euroecorev.2004.01.004
https://doi.org/10.1016/j.euroecorev.2004.01.004,https://doi.org/10.18718/81781.23,"After tax real interest rate influence the consumption (Column 3, Table 5, augmented by disposable income). [Original Study 1.]",inconclusive,direct or close,Riccardo Fiorito; Tryphon Kollintzas,"Public goods, merit goods, and the relation between private and government consumption",European Economic Review,48,6,1367-1398,2004.0,Zhongchen Song,"The Relationship between Government and Private Consumption. A Replication Study of Fiorito &amp; Kollintzas (European Economic Review, 2004)",Journal of Comments and Replications in Economics,,,2022-1,2022.0,324.0,"α = 0.374, (0.284)",test statistic,,0.05,>,two-sided,185.0,"α = -0.010, (0.006)",test statistic,,,,0.1,<,two-sided,social sciences,economics,macroeconomics,Public goods; Merit goods; Government consumption; Consumption; Dynamic panel estimation; Crowding Out Effect,yes,FoRRT FReD team (June 2026 import),,FReD v2.4.2 (June 2026 import); topics AI-tagged (claude sonnet),,,,fred_152,external:fred_v242,10.18718/81781.23,10.1016/j.euroecorev.2004.01.004
https://doi.org/10.1016/j.euroecorev.2004.01.004,https://doi.org/10.18718/81781.23,"After tax real interest rate influence the consumption (Column 6, Table 5). [Original Study 1.]",inconclusive,direct or close,Riccardo Fiorito; Tryphon Kollintzas,"Public goods, merit goods, and the relation between private and government consumption",European Economic Review,48,6,1367-1398,2004.0,Zhongchen Song,"The Relationship between Government and Private Consumption. A Replication Study of Fiorito &amp; Kollintzas (European Economic Review, 2004)",Journal of Comments and Replications in Economics,,,2022-1,2022.0,324.0,"α = 0.428, (0.229)",test statistic,,0.1,<,two-sided,196.0,"α = -0.006, (0.006)",test statistic,,,,0.05,>,two-sided,social sciences,economics,macroeconomics,Public goods; Merit goods; Government consumption; Consumption; Dynamic panel estimation; Crowding Out Effect,yes,FoRRT FReD team (June 2026 import),,FReD v2.4.2 (June 2026 import); topics AI-tagged (claude sonnet),,,,fred_153,external:fred_v242,10.18718/81781.23,10.1016/j.euroecorev.2004.01.004
https://doi.org/10.1016/j.euroecorev.2004.01.004,https://doi.org/10.18718/81781.23,"After tax real interest rate influence the consumption (Column 6, Table 5, augmented by disposable income). [Original Study 1.]",inconclusive,direct or close,Riccardo Fiorito; Tryphon Kollintzas,"Public goods, merit goods, and the relation between private and government consumption",European Economic Review,48,6,1367-1398,2004.0,Zhongchen Song,"The Relationship between Government and Private Consumption. A Replication Study of Fiorito &amp; Kollintzas (European Economic Review, 2004)",Journal of Comments and Replications in Economics,,,2022-1,2022.0,324.0,"α = 0.199, (0.3)",test statistic,,0.05,>,two-sided,185.0,"α = -0.010, (0.006)",test statistic,,,,0.1,<,two-sided,social sciences,economics,macroeconomics,Public goods; Merit goods; Government consumption; Consumption; Dynamic panel estimation; Crowding Out Effect,yes,FoRRT FReD team (June 2026 import),,FReD v2.4.2 (June 2026 import); topics AI-tagged (claude sonnet),,,,fred_154,external:fred_v242,10.18718/81781.23,10.1016/j.euroecorev.2004.01.004
https://doi.org/10.1016/j.euroecorev.2004.01.004,https://doi.org/10.18718/81781.23,"Disposable income captures some transient income effect but is not sustained enough to provide a convincing alternative to the permanent income model (Column 2, Table 5, augmented by disposable income). [Original Study 1.]",inconclusive,direct or close,Riccardo Fiorito; Tryphon Kollintzas,"Public goods, merit goods, and the relation between private and government consumption",European Economic Review,48,6,1367-1398,2004.0,Zhongchen Song,"The Relationship between Government and Private Consumption. A Replication Study of Fiorito &amp; Kollintzas (European Economic Review, 2004)",Journal of Comments and Replications in Economics,,,2022-1,2022.0,324.0,"α = 0.453, (0.21)",test statistic,,0.05,<,two-sided,185.0,"α = 0.413, (0.207)",test statistic,,,,0.05,<,two-sided,social sciences,economics,macroeconomics,Public goods; Merit goods; Government consumption; Consumption; Dynamic panel estimation; Crowding Out Effect,yes,FoRRT FReD team (June 2026 import),,FReD v2.4.2 (June 2026 import); topics AI-tagged (claude sonnet),,,,fred_155,external:fred_v242,10.18718/81781.23,10.1016/j.euroecorev.2004.01.004
https://doi.org/10.1016/j.euroecorev.2004.01.004,https://doi.org/10.18718/81781.23,"Disposable income captures some transient income effect but is not sustained enough to provide a convincing alternative to the permanent income model (Column 3, Table 5, augmented by disposable income) [Original Study 1.]",inconclusive,direct or close,Riccardo Fiorito; Tryphon Kollintzas,"Public goods, merit goods, and the relation between private and government consumption",European Economic Review,48,6,1367-1398,2004.0,Zhongchen Song,"The Relationship between Government and Private Consumption. A Replication Study of Fiorito &amp; Kollintzas (European Economic Review, 2004)",Journal of Comments and Replications in Economics,,,2022-1,2022.0,324.0,"α = 0.309, (0.211)",test statistic,,0.05,>,two-sided,185.0,"α = 0.389, (0.154)",test statistic,,,,0.05,<,two-sided,social sciences,economics,macroeconomics,Public goods; Merit goods; Government consumption; Consumption; Dynamic panel estimation; Crowding Out Effect,yes,FoRRT FReD team (June 2026 import),,FReD v2.4.2 (June 2026 import); topics AI-tagged (claude sonnet),,,,fred_156,external:fred_v242,10.18718/81781.23,10.1016/j.euroecorev.2004.01.004
https://doi.org/10.1016/j.euroecorev.2004.01.004,https://doi.org/10.18718/81781.23,"Disposable income captures some transient income effect but is not sustained enough to provide a convincing alternative to the permanent income model (Column 6, Table 5 augmented by disposable income). [Original Study 1.]",inconclusive,direct or close,Riccardo Fiorito; Tryphon Kollintzas,"Public goods, merit goods, and the relation between private and government consumption",European Economic Review,48,6,1367-1398,2004.0,Zhongchen Song,"The Relationship between Government and Private Consumption. A Replication Study of Fiorito &amp; Kollintzas (European Economic Review, 2004)",Journal of Comments and Replications in Economics,,,2022-1,2022.0,324.0,"α = 0.22, (0.27)",test statistic,,0.05,>,two-sided,185.0,"α = 0.398, (0.13)",test statistic,,,,0.01,<,two-sided,social sciences,economics,macroeconomics,Public goods; Merit goods; Government consumption; Consumption; Dynamic panel estimation; Crowding Out Effect,yes,FoRRT FReD team (June 2026 import),,FReD v2.4.2 (June 2026 import); topics AI-tagged (claude sonnet),,,,fred_157,external:fred_v242,10.18718/81781.23,10.1016/j.euroecorev.2004.01.004
https://doi.org/10.1016/j.euroecorev.2004.01.004,https://doi.org/10.18718/81781.23,"Disposable income captures some transient income effect but is not sustained enough to provide a convincing alternative to the permanent income model in past periods (Column 2, Table 5, augmented by disposable income). [Original Study 1.]",inconclusive,direct or close,Riccardo Fiorito; Tryphon Kollintzas,"Public goods, merit goods, and the relation between private and government consumption",European Economic Review,48,6,1367-1398,2004.0,Zhongchen Song,"The Relationship between Government and Private Consumption. A Replication Study of Fiorito &amp; Kollintzas (European Economic Review, 2004)",Journal of Comments and Replications in Economics,,,2022-1,2022.0,324.0,"α = -0.340, (0.208)",test statistic,,0.05,>,two-sided,185.0,"α = -0.022, (0.052)",test statistic,,,,0.05,>,two-sided,social sciences,economics,macroeconomics,Public goods; Merit goods; Government consumption; Consumption; Dynamic panel estimation; Crowding Out Effect,yes,FoRRT FReD team (June 2026 import),,FReD v2.4.2 (June 2026 import); topics AI-tagged (claude sonnet),,,,fred_158,external:fred_v242,10.18718/81781.23,10.1016/j.euroecorev.2004.01.004
https://doi.org/10.1016/j.euroecorev.2004.01.004,https://doi.org/10.18718/81781.23,"Disposable income captures some transient income effect but is not sustained enough to provide a convincing alternative to the permanent income model in past periods (Column 3, Table 5, augmented by disposable income). [Original Study 1.]",inconclusive,direct or close,Riccardo Fiorito; Tryphon Kollintzas,"Public goods, merit goods, and the relation between private and government consumption",European Economic Review,48,6,1367-1398,2004.0,Zhongchen Song,"The Relationship between Government and Private Consumption. A Replication Study of Fiorito &amp; Kollintzas (European Economic Review, 2004)",Journal of Comments and Replications in Economics,,,2022-1,2022.0,324.0,"α = -0.403, (0.222)",test statistic,,0.1,<,two-sided,185.0,"α = 0.005, (0.031)",test statistic,,,,0.05,>,two-sided,social sciences,economics,macroeconomics,Public goods; Merit goods; Government consumption; Consumption; Dynamic panel estimation; Crowding Out Effect,yes,FoRRT FReD team (June 2026 import),,FReD v2.4.2 (June 2026 import); topics AI-tagged (claude sonnet),,,,fred_159,external:fred_v242,10.18718/81781.23,10.1016/j.euroecorev.2004.01.004
https://doi.org/10.1016/j.euroecorev.2004.01.004,https://doi.org/10.18718/81781.23,"Disposable income captures some transient income effect, but is not sustained enough to provide a convincing alternative to the permanent income model in past periods (Column 6, Table 5, augmented by disposable income). [Original Study 1.]",inconclusive,direct or close,Riccardo Fiorito; Tryphon Kollintzas,"Public goods, merit goods, and the relation between private and government consumption",European Economic Review,48,6,1367-1398,2004.0,Zhongchen Song,"The Relationship between Government and Private Consumption. A Replication Study of Fiorito &amp; Kollintzas (European Economic Review, 2004)",Journal of Comments and Replications in Economics,,,2022-1,2022.0,324.0,"α = -0.252, (0.226)",test statistic,,0.05,>,two-sided,185.0,"α = 0.008, (0.057)",test statistic,,,,0.05,>,two-sided,social sciences,economics,macroeconomics,Public goods; Merit goods; Government consumption; Consumption; Dynamic panel estimation; Crowding Out Effect,yes,FoRRT FReD team (June 2026 import),,FReD v2.4.2 (June 2026 import); topics AI-tagged (claude sonnet),,,,fred_160,external:fred_v242,10.18718/81781.23,10.1016/j.euroecorev.2004.01.004
https://doi.org/10.1002/soej.12223,https://doi.org/10.18718/81781.27,"""Table 1 shows the average amount allocated (amount given in the GG, or (£10—amount taken) in the TG) for both the aggregated data and for males and females by treatment. In the GG, an average of £2.066 is given to the recipients. In the TG, the dictators take on average £7.87 and as a result, the amount left to the recipient is £2.13. A Mann-Whitney test shows no significant difference in final amount allocated to recipients between the two treatments (p-value = 0.583)."", ""Both nonparametric tests and regressions reaffirm the observations from existing studies (Dreber et al. 2013; Grossman and Eckel 2015) that overall there is no framing effect within the dictator game and giving is indeed equivalent to “not taking.” However, further investigations by gender show that framing has opposing effects for females and males. Females take less in a taking game compared to what they give in a giving game; but the males do just the opposite. Furthermore, we find that this occurs as the male dictators are significantly more likely to be selfish in the taking frame compared to the giving frame. Conversely, the female dictators are significantly more likely to be egalitarian in the taking frame compared with the giving frame.""",failure,direct or close,Subhasish M. Chowdhury; Joo Young Jeon; Bibhas Saha,Gender Differences in the Giving and Taking Variants of the Dictator Game,Southern Economic Journal,84,2,474-483,2017.0,Korbinian Von Blanckenburg; Eva Tebbe; Anja Iseke,"Giving and taking in dictator games – differences by gender? A replication study of Chowdhury et al. (Southern Economic Journal, 2017)",Journal of Comments and Replications in Economics,,,2023-1,2023.0,140.0,-0.031,d,,0.583,=,,137.0,0.41,d,-0.0154981383979307,0.2008236202156156,,0.924,=,,social sciences,economics,behavioral economics,dictator game; gender differences,yes,FoRRT FReD team (June 2026 import),,FReD v2.4.2 (June 2026 import); topics AI-tagged (claude sonnet),,,,fred_161,external:fred_v242,10.18718/81781.27,10.1002/soej.12223
https://doi.org/10.1162/rest_a_00258,https://doi.org/10.18718/81781.29,"""In column 1, I estimate multinational wage spillovers by pooled ordinary least squares. The results are consistent with multinational spillovers, though without controls for individual and establishment heterogeneity, the result is difficult to interpret."", ""This is the main contribution and new result of this paper. When multinational workers leave multinational establishments and are rehired at domestic establishments, the wages of continuing domestic workers increase. This avenue for multinational spillovers, to my knowledge, has not previously been explored. At the average wage for a typical domestic worker of $3,841 (R$6,522 at average annual exchange rates during the 1996–2001 period), this is an increase of approximately $23 per year per worker, equivalent to one more month of job tenure within the establishment. While this may seem to be a small impact, it is also an appropriately sized impact for the average worker. More important, these estimates are worker-level wage spillovers and not plant-level productivity spillovers, as in previous studies. For the average domestic stablishment in Brazil, with a workforce of approximately sixty, the total implied wage effect from 10 percentage point increase in the share of former multinational workers is roughly $1,400 per year. According to RAIS, in 1998 there were 1,795,798 establishments in Brazil, approximately 98% of which were domestically owned. Therefore, this average impact has the potential to generate $2.5 billion in wage spillovers across all of Brazil (in the range of 0.3% of GDP).""",inconclusive,direct or close,Jennifer P. Poole,Knowledge Transfers from Multinational to Domestic Firms: Evidence from Worker Mobility,Review of Economics and Statistics,95,2,393-406,2013.0,Stefanie A. Haller; Eoin T. Flaherty; Ragnhild Balsvik,"Knowledge Transfers from Multinational to Domestic Firms: Evidence from Worker Mobility. A Replication Study of Poole (Review of Economics and Statistics, 2013)",Journal of Comments and Replications in Economics,,,2023-3,2023.0,96560.0,"F(2, 96557) = 35.46",test statistic,,0.01,<,,1212558.0,"γM - γD = 0.947, (0.088)",test statistic,,,,0.001,<,,social sciences,economics,labor economics,Multinational Firms; Wage Spillovers; Worker Mobility,yes,FoRRT FReD team (June 2026 import),,FReD v2.4.2 (June 2026 import); topics AI-tagged (claude sonnet),,,,fred_162,external:fred_v242,10.18718/81781.29,10.1162/rest_a_00258
https://doi.org/10.1093/analys/63.3.190,https://doi.org/10.1177/2515245918810225,Harmful side-effects are more likely to be judged as having been brought about intentionally than helpful side effects [Original Study 1.],success,direct or close,Joshua Knobe,Intentional action and side effects in ordinary language,Analysis,63,3,190-194,2003.0,Richard A. Klein; Michelangelo Vianello; Fred Hasselman; Byron G. Adams; Reginald B. Adams; Sinan Alper; Mark Aveyard; Jordan R. Axt; Mayowa T. Babalola; Štěpán Bahník; Rishtee Batra; Mihály Berkics; Michael J. Bernstein; Daniel R. Berry; Olga Bialobrzeska; Evans Dami Binan; Konrad Bocian; Mark J. Brandt; Robert Busching; Anna Cabak Rédei; Huajian Cai; Fanny Cambier; Katarzyna Cantarero; Cheryl L. Carmichael; Francisco Ceric; Jesse Chandler; Jen-Ho Chang; Armand Chatard; Eva E. Chen; Winnee Cheong; David C. Cicero; Sharon Coen; Jennifer A. Coleman; Brian Collisson; Morgan A. Conway; Katherine S. Corker; Paul G. Curran; Fiery Cushman; Zubairu K. Dagona; Ilker Dalgar; Anna Dalla Rosa; William E. Davis; Maaike de Bruijn; Leander De Schutter; Thierry Devos; Marieke de Vries; Canay Doğulu; Nerisa Dozo; Kristin Nicole Dukes; Yarrow Dunham; Kevin Durrheim; Charles R. Ebersole; John E. Edlund; Anja Eller; Alexander Scott English; Carolyn Finck; Natalia Frankowska; Miguel-Ángel Freyre; Mike Friedman; Elisa Maria Galliani; Joshua C. Gandi; Tanuka Ghoshal; Steffen R. Giessner; Tripat Gill; Timo Gnambs; Ángel Gómez; Roberto González; Jesse Graham; Jon E. Grahe; Ivan Grahek; Eva G. T. Green; Kakul Hai; Matthew Haigh; Elizabeth L. Haines; Michael P. Hall; Marie E. Heffernan; Joshua A. Hicks; Petr Houdek; Jeffrey R. Huntsinger; Ho Phi Huynh; Hans IJzerman; Yoel Inbar; Åse H. Innes-Ker; William Jiménez-Leal; Melissa-Sue John; Jennifer A. Joy-Gaba; Roza G. Kamiloğlu; Heather Barry Kappes; Serdar Karabati; Haruna Karick; Victor N. Keller; Anna Kende; Nicolas Kervyn; Goran Knežević; Carrie Kovacs; Lacy E. Krueger; German Kurapov; Jamie Kurtz; Daniël Lakens; Ljiljana B. Lazarević; Carmel A. Levitan; Neil A. Lewis; Samuel Lins; Nikolette P. Lipsey; Joy E. Losee; Esther Maassen; Angela T. Maitner; Winfrida Malingumu; Robyn K. Mallett; Satia A. Marotta; Janko Međedović; Fernando Mena-Pacheco; Taciano L. Milfont; Wendy L. Morris; Sean C. Murphy; Andriy Myachykov; Nick Neave; Koen Neijenhuijs; Anthony J. Nelson; Félix Neto; Austin Lee Nichols; Aaron Ocampo; Susan L. O’Donnell; Haruka Oikawa; Masanori Oikawa; Elsie Ong; Gábor Orosz; Malgorzata Osowiecka; Grant Packard; Rolando Pérez-Sánchez; Boban Petrović; Ronaldo Pilati; Brad Pinter; Lysandra Podesta; Gabrielle Pogge; Monique M. H. Pollmann; Abraham M. Rutchick; Patricio Saavedra; Alexander K. Saeri; Erika Salomon; Kathleen Schmidt; Felix D. Schönbrodt; Maciej B. Sekerdej; David Sirlopú; Jeanine L. M. Skorinko; Michael A. Smith; Vanessa Smith-Castro; Karin C. H. J. Smolders; Agata Sobkow; Walter Sowden; Philipp Spachtholz; Manini Srivastava; Troy G. Steiner; Jeroen Stouten; Chris N. H. Street; Oskar K. Sundfelt; Stephanie Szeto; Ewa Szumowska; Andrew C. W. Tang; Norbert Tanzer; Morgan J. Tear; Jordan Theriault; Manuela Thomae; David Torres; Jakub Traczyk; Joshua M. Tybur; Adrienn Ujhelyi; Robbie C. M. van Aert; Marcel A. L. M. van Assen; Marije van der Hulst; Paul A. M. van Lange; Anna Elisabeth van ’t Veer; Alejandro Vásquez- Echeverría; Leigh Ann Vaughn; Alexandra Vázquez; Luis Diego Vega; Catherine Verniers; Mark Verschoor; Ingrid P. J. Voermans; Marek A. Vranka; Cheryl Welch; Aaron L. Wichman; Lisa A. Williams; Michael Wood; Julie A. Woodzicka; Marta K. Wronska; Liane Young; John M. Zelenski; Zeng Zhijia; Brian A. Nosek,Many Labs 2: Investigating Variation in Replicability Across Samples and Settings,Advances in Methods and Practices in Psychological Science,1.0,4.0,443-490,2018.0,78.0,15.251,OR,,0.001,<,,7982.0,1.75,d,0.600556507185804,0.658504607868518,,0.001,<,,social sciences,psychology,experimental philosophy,intentional action; folk psychology; prediction; explanation; control; behaviour,yes,FoRRT FReD team (June 2026 import),,FReD v2.4.2 (June 2026 import); topics AI-tagged (claude sonnet),,,,fred_163,external:fred_v242,10.1177/2515245918810225,10.1093/analys/63.3.190
https://doi.org/10.1002/ejsp.2013,https://doi.org/10.1177/2515245918810225,Cardinal direction and socioeconomic status (all participants) [Original Study 1a.],success,direct or close,Yanli Huang; Chi‐Shing Tse; Kit W. Cho,Living in the north is not necessarily favorable: Different metaphoric associations between cardinal direction and valence in Hong Kong and in the United States,European Journal of Social Psychology,44,4,360-369,2014.0,Richard A. Klein; Michelangelo Vianello; Fred Hasselman; Byron G. Adams; Reginald B. Adams; Sinan Alper; Mark Aveyard; Jordan R. Axt; Mayowa T. Babalola; Štěpán Bahník; Rishtee Batra; Mihály Berkics; Michael J. Bernstein; Daniel R. Berry; Olga Bialobrzeska; Evans Dami Binan; Konrad Bocian; Mark J. Brandt; Robert Busching; Anna Cabak Rédei; Huajian Cai; Fanny Cambier; Katarzyna Cantarero; Cheryl L. Carmichael; Francisco Ceric; Jesse Chandler; Jen-Ho Chang; Armand Chatard; Eva E. Chen; Winnee Cheong; David C. Cicero; Sharon Coen; Jennifer A. Coleman; Brian Collisson; Morgan A. Conway; Katherine S. Corker; Paul G. Curran; Fiery Cushman; Zubairu K. Dagona; Ilker Dalgar; Anna Dalla Rosa; William E. Davis; Maaike de Bruijn; Leander De Schutter; Thierry Devos; Marieke de Vries; Canay Doğulu; Nerisa Dozo; Kristin Nicole Dukes; Yarrow Dunham; Kevin Durrheim; Charles R. Ebersole; John E. Edlund; Anja Eller; Alexander Scott English; Carolyn Finck; Natalia Frankowska; Miguel-Ángel Freyre; Mike Friedman; Elisa Maria Galliani; Joshua C. Gandi; Tanuka Ghoshal; Steffen R. Giessner; Tripat Gill; Timo Gnambs; Ángel Gómez; Roberto González; Jesse Graham; Jon E. Grahe; Ivan Grahek; Eva G. T. Green; Kakul Hai; Matthew Haigh; Elizabeth L. Haines; Michael P. Hall; Marie E. Heffernan; Joshua A. Hicks; Petr Houdek; Jeffrey R. Huntsinger; Ho Phi Huynh; Hans IJzerman; Yoel Inbar; Åse H. Innes-Ker; William Jiménez-Leal; Melissa-Sue John; Jennifer A. Joy-Gaba; Roza G. Kamiloğlu; Heather Barry Kappes; Serdar Karabati; Haruna Karick; Victor N. Keller; Anna Kende; Nicolas Kervyn; Goran Knežević; Carrie Kovacs; Lacy E. Krueger; German Kurapov; Jamie Kurtz; Daniël Lakens; Ljiljana B. Lazarević; Carmel A. Levitan; Neil A. Lewis; Samuel Lins; Nikolette P. Lipsey; Joy E. Losee; Esther Maassen; Angela T. Maitner; Winfrida Malingumu; Robyn K. Mallett; Satia A. Marotta; Janko Međedović; Fernando Mena-Pacheco; Taciano L. Milfont; Wendy L. Morris; Sean C. Murphy; Andriy Myachykov; Nick Neave; Koen Neijenhuijs; Anthony J. Nelson; Félix Neto; Austin Lee Nichols; Aaron Ocampo; Susan L. O’Donnell; Haruka Oikawa; Masanori Oikawa; Elsie Ong; Gábor Orosz; Malgorzata Osowiecka; Grant Packard; Rolando Pérez-Sánchez; Boban Petrović; Ronaldo Pilati; Brad Pinter; Lysandra Podesta; Gabrielle Pogge; Monique M. H. Pollmann; Abraham M. Rutchick; Patricio Saavedra; Alexander K. Saeri; Erika Salomon; Kathleen Schmidt; Felix D. Schönbrodt; Maciej B. Sekerdej; David Sirlopú; Jeanine L. M. Skorinko; Michael A. Smith; Vanessa Smith-Castro; Karin C. H. J. Smolders; Agata Sobkow; Walter Sowden; Philipp Spachtholz; Manini Srivastava; Troy G. Steiner; Jeroen Stouten; Chris N. H. Street; Oskar K. Sundfelt; Stephanie Szeto; Ewa Szumowska; Andrew C. W. Tang; Norbert Tanzer; Morgan J. Tear; Jordan Theriault; Manuela Thomae; David Torres; Jakub Traczyk; Joshua M. Tybur; Adrienn Ujhelyi; Robbie C. M. van Aert; Marcel A. L. M. van Assen; Marije van der Hulst; Paul A. M. van Lange; Anna Elisabeth van ’t Veer; Alejandro Vásquez- Echeverría; Leigh Ann Vaughn; Alexandra Vázquez; Luis Diego Vega; Catherine Verniers; Mark Verschoor; Ingrid P. J. Voermans; Marek A. Vranka; Cheryl Welch; Aaron L. Wichman; Lisa A. Williams; Michael Wood; Julie A. Woodzicka; Marta K. Wronska; Liane Young; John M. Zelenski; Zeng Zhijia; Brian A. Nosek,Many Labs 2: Investigating Variation in Replicability Across Samples and Settings,Advances in Methods and Practices in Psychological Science,1.0,4.0,443-490,2018.0,180.0,0.1,etasq (partial),,0.001,<,,6591.0,0.4,d,0.3162277660168379,0.196116135138184,,0.0,=,,social sciences,psychology,social psychology,cardinal direction; valence; preference; cultural differences; metaphoric associations,yes,FoRRT FReD team (June 2026 import),,FReD v2.4.2 (June 2026 import),,,,fred_164,external:fred_v242,10.1177/2515245918810225,10.1002/ejsp.2013
https://doi.org/10.1002/ejsp.2013,https://doi.org/10.1177/2515245918810225,Cardinal direction and socioeconomic status (western participants) [Original Study 1a.],success,direct or close,Yanli Huang; Chi‐Shing Tse; Kit W. Cho,Living in the north is not necessarily favorable: Different metaphoric associations between cardinal direction and valence in Hong Kong and in the United States,European Journal of Social Psychology,44,4,360-369,2014.0,Richard A. Klein; Michelangelo Vianello; Fred Hasselman; Byron G. Adams; Reginald B. Adams; Sinan Alper; Mark Aveyard; Jordan R. Axt; Mayowa T. Babalola; Štěpán Bahník; Rishtee Batra; Mihály Berkics; Michael J. Bernstein; Daniel R. Berry; Olga Bialobrzeska; Evans Dami Binan; Konrad Bocian; Mark J. Brandt; Robert Busching; Anna Cabak Rédei; Huajian Cai; Fanny Cambier; Katarzyna Cantarero; Cheryl L. Carmichael; Francisco Ceric; Jesse Chandler; Jen-Ho Chang; Armand Chatard; Eva E. Chen; Winnee Cheong; David C. Cicero; Sharon Coen; Jennifer A. Coleman; Brian Collisson; Morgan A. Conway; Katherine S. Corker; Paul G. Curran; Fiery Cushman; Zubairu K. Dagona; Ilker Dalgar; Anna Dalla Rosa; William E. Davis; Maaike de Bruijn; Leander De Schutter; Thierry Devos; Marieke de Vries; Canay Doğulu; Nerisa Dozo; Kristin Nicole Dukes; Yarrow Dunham; Kevin Durrheim; Charles R. Ebersole; John E. Edlund; Anja Eller; Alexander Scott English; Carolyn Finck; Natalia Frankowska; Miguel-Ángel Freyre; Mike Friedman; Elisa Maria Galliani; Joshua C. Gandi; Tanuka Ghoshal; Steffen R. Giessner; Tripat Gill; Timo Gnambs; Ángel Gómez; Roberto González; Jesse Graham; Jon E. Grahe; Ivan Grahek; Eva G. T. Green; Kakul Hai; Matthew Haigh; Elizabeth L. Haines; Michael P. Hall; Marie E. Heffernan; Joshua A. Hicks; Petr Houdek; Jeffrey R. Huntsinger; Ho Phi Huynh; Hans IJzerman; Yoel Inbar; Åse H. Innes-Ker; William Jiménez-Leal; Melissa-Sue John; Jennifer A. Joy-Gaba; Roza G. Kamiloğlu; Heather Barry Kappes; Serdar Karabati; Haruna Karick; Victor N. Keller; Anna Kende; Nicolas Kervyn; Goran Knežević; Carrie Kovacs; Lacy E. Krueger; German Kurapov; Jamie Kurtz; Daniël Lakens; Ljiljana B. Lazarević; Carmel A. Levitan; Neil A. Lewis; Samuel Lins; Nikolette P. Lipsey; Joy E. Losee; Esther Maassen; Angela T. Maitner; Winfrida Malingumu; Robyn K. Mallett; Satia A. Marotta; Janko Međedović; Fernando Mena-Pacheco; Taciano L. Milfont; Wendy L. Morris; Sean C. Murphy; Andriy Myachykov; Nick Neave; Koen Neijenhuijs; Anthony J. Nelson; Félix Neto; Austin Lee Nichols; Aaron Ocampo; Susan L. O’Donnell; Haruka Oikawa; Masanori Oikawa; Elsie Ong; Gábor Orosz; Malgorzata Osowiecka; Grant Packard; Rolando Pérez-Sánchez; Boban Petrović; Ronaldo Pilati; Brad Pinter; Lysandra Podesta; Gabrielle Pogge; Monique M. H. Pollmann; Abraham M. Rutchick; Patricio Saavedra; Alexander K. Saeri; Erika Salomon; Kathleen Schmidt; Felix D. Schönbrodt; Maciej B. Sekerdej; David Sirlopú; Jeanine L. M. Skorinko; Michael A. Smith; Vanessa Smith-Castro; Karin C. H. J. Smolders; Agata Sobkow; Walter Sowden; Philipp Spachtholz; Manini Srivastava; Troy G. Steiner; Jeroen Stouten; Chris N. H. Street; Oskar K. Sundfelt; Stephanie Szeto; Ewa Szumowska; Andrew C. W. Tang; Norbert Tanzer; Morgan J. Tear; Jordan Theriault; Manuela Thomae; David Torres; Jakub Traczyk; Joshua M. Tybur; Adrienn Ujhelyi; Robbie C. M. van Aert; Marcel A. L. M. van Assen; Marije van der Hulst; Paul A. M. van Lange; Anna Elisabeth van ’t Veer; Alejandro Vásquez- Echeverría; Leigh Ann Vaughn; Alexandra Vázquez; Luis Diego Vega; Catherine Verniers; Mark Verschoor; Ingrid P. J. Voermans; Marek A. Vranka; Cheryl Welch; Aaron L. Wichman; Lisa A. Williams; Michael Wood; Julie A. Woodzicka; Marta K. Wronska; Liane Young; John M. Zelenski; Zeng Zhijia; Brian A. Nosek,Many Labs 2: Investigating Variation in Replicability Across Samples and Settings,Advances in Methods and Practices in Psychological Science,1.0,4.0,443-490,2018.0,80.0,0.824,d,,0.01,<,,2200.0,1.03,d,0.3809358120502437,0.4578501351216439,,0.0,=,,social sciences,psychology,social psychology,cardinal direction; valence; preference; cultural differences; metaphoric associations,yes,FoRRT FReD team (June 2026 import),,FReD v2.4.2 (June 2026 import),,,,fred_165,external:fred_v242,10.1177/2515245918810225,10.1002/ejsp.2013
https://doi.org/10.1002/ejsp.2013,https://doi.org/10.1177/2515245918810225,Cardinal direction and socioeconomic status (non-western participants) [Original Study 1a.],success,direct or close,Yanli Huang; Chi‐Shing Tse; Kit W. Cho,Living in the north is not necessarily favorable: Different metaphoric associations between cardinal direction and valence in Hong Kong and in the United States,European Journal of Social Psychology,44,4,360-369,2014.0,Richard A. Klein; Michelangelo Vianello; Fred Hasselman; Byron G. Adams; Reginald B. Adams; Sinan Alper; Mark Aveyard; Jordan R. Axt; Mayowa T. Babalola; Štěpán Bahník; Rishtee Batra; Mihály Berkics; Michael J. Bernstein; Daniel R. Berry; Olga Bialobrzeska; Evans Dami Binan; Konrad Bocian; Mark J. Brandt; Robert Busching; Anna Cabak Rédei; Huajian Cai; Fanny Cambier; Katarzyna Cantarero; Cheryl L. Carmichael; Francisco Ceric; Jesse Chandler; Jen-Ho Chang; Armand Chatard; Eva E. Chen; Winnee Cheong; David C. Cicero; Sharon Coen; Jennifer A. Coleman; Brian Collisson; Morgan A. Conway; Katherine S. Corker; Paul G. Curran; Fiery Cushman; Zubairu K. Dagona; Ilker Dalgar; Anna Dalla Rosa; William E. Davis; Maaike de Bruijn; Leander De Schutter; Thierry Devos; Marieke de Vries; Canay Doğulu; Nerisa Dozo; Kristin Nicole Dukes; Yarrow Dunham; Kevin Durrheim; Charles R. Ebersole; John E. Edlund; Anja Eller; Alexander Scott English; Carolyn Finck; Natalia Frankowska; Miguel-Ángel Freyre; Mike Friedman; Elisa Maria Galliani; Joshua C. Gandi; Tanuka Ghoshal; Steffen R. Giessner; Tripat Gill; Timo Gnambs; Ángel Gómez; Roberto González; Jesse Graham; Jon E. Grahe; Ivan Grahek; Eva G. T. Green; Kakul Hai; Matthew Haigh; Elizabeth L. Haines; Michael P. Hall; Marie E. Heffernan; Joshua A. Hicks; Petr Houdek; Jeffrey R. Huntsinger; Ho Phi Huynh; Hans IJzerman; Yoel Inbar; Åse H. Innes-Ker; William Jiménez-Leal; Melissa-Sue John; Jennifer A. Joy-Gaba; Roza G. Kamiloğlu; Heather Barry Kappes; Serdar Karabati; Haruna Karick; Victor N. Keller; Anna Kende; Nicolas Kervyn; Goran Knežević; Carrie Kovacs; Lacy E. Krueger; German Kurapov; Jamie Kurtz; Daniël Lakens; Ljiljana B. Lazarević; Carmel A. Levitan; Neil A. Lewis; Samuel Lins; Nikolette P. Lipsey; Joy E. Losee; Esther Maassen; Angela T. Maitner; Winfrida Malingumu; Robyn K. Mallett; Satia A. Marotta; Janko Međedović; Fernando Mena-Pacheco; Taciano L. Milfont; Wendy L. Morris; Sean C. Murphy; Andriy Myachykov; Nick Neave; Koen Neijenhuijs; Anthony J. Nelson; Félix Neto; Austin Lee Nichols; Aaron Ocampo; Susan L. O’Donnell; Haruka Oikawa; Masanori Oikawa; Elsie Ong; Gábor Orosz; Malgorzata Osowiecka; Grant Packard; Rolando Pérez-Sánchez; Boban Petrović; Ronaldo Pilati; Brad Pinter; Lysandra Podesta; Gabrielle Pogge; Monique M. H. Pollmann; Abraham M. Rutchick; Patricio Saavedra; Alexander K. Saeri; Erika Salomon; Kathleen Schmidt; Felix D. Schönbrodt; Maciej B. Sekerdej; David Sirlopú; Jeanine L. M. Skorinko; Michael A. Smith; Vanessa Smith-Castro; Karin C. H. J. Smolders; Agata Sobkow; Walter Sowden; Philipp Spachtholz; Manini Srivastava; Troy G. Steiner; Jeroen Stouten; Chris N. H. Street; Oskar K. Sundfelt; Stephanie Szeto; Ewa Szumowska; Andrew C. W. Tang; Norbert Tanzer; Morgan J. Tear; Jordan Theriault; Manuela Thomae; David Torres; Jakub Traczyk; Joshua M. Tybur; Adrienn Ujhelyi; Robbie C. M. van Aert; Marcel A. L. M. van Assen; Marije van der Hulst; Paul A. M. van Lange; Anna Elisabeth van ’t Veer; Alejandro Vásquez- Echeverría; Leigh Ann Vaughn; Alexandra Vázquez; Luis Diego Vega; Catherine Verniers; Mark Verschoor; Ingrid P. J. Voermans; Marek A. Vranka; Cheryl Welch; Aaron L. Wichman; Lisa A. Williams; Michael Wood; Julie A. Woodzicka; Marta K. Wronska; Liane Young; John M. Zelenski; Zeng Zhijia; Brian A. Nosek,Many Labs 2: Investigating Variation in Replicability Across Samples and Settings,Advances in Methods and Practices in Psychological Science,1.0,4.0,443-490,2018.0,100.0,-0.593,d,,0.01,=,,142.0,-0.55,d,-0.2842678626900543,-0.2651564830210424,,0.001,=,,social sciences,psychology,social psychology,cardinal direction; valence; preference; cultural differences; metaphoric associations,yes,FoRRT FReD team (June 2026 import),,FReD v2.4.2 (June 2026 import),,,,fred_166,external:fred_v242,10.1177/2515245918810225,10.1002/ejsp.2013
https://doi.org/10.1002/(sici)1099-0771(199806)11:2<107::aid-bdm292>3.0.co;2-y,https://doi.org/10.1177/2515245918810225,"A less expensive gift can be perceived as more generous than a more expensive gift when the less expensive gift is a high-priced item compared with other items in its category, and the more expensive item is a low-priced item compared with other items in its category [Original Study 1.]",success,direct or close,Christopher K. Hsee,Less is better: when low-value options are valued more highly than high-value options,Journal of Behavioral Decision Making,11,2,107-121,1998.0,Richard A. Klein; Michelangelo Vianello; Fred Hasselman; Byron G. Adams; Reginald B. Adams; Sinan Alper; Mark Aveyard; Jordan R. Axt; Mayowa T. Babalola; Štěpán Bahník; Rishtee Batra; Mihály Berkics; Michael J. Bernstein; Daniel R. Berry; Olga Bialobrzeska; Evans Dami Binan; Konrad Bocian; Mark J. Brandt; Robert Busching; Anna Cabak Rédei; Huajian Cai; Fanny Cambier; Katarzyna Cantarero; Cheryl L. Carmichael; Francisco Ceric; Jesse Chandler; Jen-Ho Chang; Armand Chatard; Eva E. Chen; Winnee Cheong; David C. Cicero; Sharon Coen; Jennifer A. Coleman; Brian Collisson; Morgan A. Conway; Katherine S. Corker; Paul G. Curran; Fiery Cushman; Zubairu K. Dagona; Ilker Dalgar; Anna Dalla Rosa; William E. Davis; Maaike de Bruijn; Leander De Schutter; Thierry Devos; Marieke de Vries; Canay Doğulu; Nerisa Dozo; Kristin Nicole Dukes; Yarrow Dunham; Kevin Durrheim; Charles R. Ebersole; John E. Edlund; Anja Eller; Alexander Scott English; Carolyn Finck; Natalia Frankowska; Miguel-Ángel Freyre; Mike Friedman; Elisa Maria Galliani; Joshua C. Gandi; Tanuka Ghoshal; Steffen R. Giessner; Tripat Gill; Timo Gnambs; Ángel Gómez; Roberto González; Jesse Graham; Jon E. Grahe; Ivan Grahek; Eva G. T. Green; Kakul Hai; Matthew Haigh; Elizabeth L. Haines; Michael P. Hall; Marie E. Heffernan; Joshua A. Hicks; Petr Houdek; Jeffrey R. Huntsinger; Ho Phi Huynh; Hans IJzerman; Yoel Inbar; Åse H. Innes-Ker; William Jiménez-Leal; Melissa-Sue John; Jennifer A. Joy-Gaba; Roza G. Kamiloğlu; Heather Barry Kappes; Serdar Karabati; Haruna Karick; Victor N. Keller; Anna Kende; Nicolas Kervyn; Goran Knežević; Carrie Kovacs; Lacy E. Krueger; German Kurapov; Jamie Kurtz; Daniël Lakens; Ljiljana B. Lazarević; Carmel A. Levitan; Neil A. Lewis; Samuel Lins; Nikolette P. Lipsey; Joy E. Losee; Esther Maassen; Angela T. Maitner; Winfrida Malingumu; Robyn K. Mallett; Satia A. Marotta; Janko Međedović; Fernando Mena-Pacheco; Taciano L. Milfont; Wendy L. Morris; Sean C. Murphy; Andriy Myachykov; Nick Neave; Koen Neijenhuijs; Anthony J. Nelson; Félix Neto; Austin Lee Nichols; Aaron Ocampo; Susan L. O’Donnell; Haruka Oikawa; Masanori Oikawa; Elsie Ong; Gábor Orosz; Malgorzata Osowiecka; Grant Packard; Rolando Pérez-Sánchez; Boban Petrović; Ronaldo Pilati; Brad Pinter; Lysandra Podesta; Gabrielle Pogge; Monique M. H. Pollmann; Abraham M. Rutchick; Patricio Saavedra; Alexander K. Saeri; Erika Salomon; Kathleen Schmidt; Felix D. Schönbrodt; Maciej B. Sekerdej; David Sirlopú; Jeanine L. M. Skorinko; Michael A. Smith; Vanessa Smith-Castro; Karin C. H. J. Smolders; Agata Sobkow; Walter Sowden; Philipp Spachtholz; Manini Srivastava; Troy G. Steiner; Jeroen Stouten; Chris N. H. Street; Oskar K. Sundfelt; Stephanie Szeto; Ewa Szumowska; Andrew C. W. Tang; Norbert Tanzer; Morgan J. Tear; Jordan Theriault; Manuela Thomae; David Torres; Jakub Traczyk; Joshua M. Tybur; Adrienn Ujhelyi; Robbie C. M. van Aert; Marcel A. L. M. van Assen; Marije van der Hulst; Paul A. M. van Lange; Anna Elisabeth van ’t Veer; Alejandro Vásquez- Echeverría; Leigh Ann Vaughn; Alexandra Vázquez; Luis Diego Vega; Catherine Verniers; Mark Verschoor; Ingrid P. J. Voermans; Marek A. Vranka; Cheryl Welch; Aaron L. Wichman; Lisa A. Williams; Michael Wood; Julie A. Woodzicka; Marta K. Wronska; Liane Young; John M. Zelenski; Zeng Zhijia; Brian A. Nosek,Many Labs 2: Investigating Variation in Replicability Across Samples and Settings,Advances in Methods and Practices in Psychological Science,1.0,4.0,443-490,2018.0,83.0,t(82) = 3.13,test statistic,,0.01,<,,7646.0,0.78,d,0.3266858545002846,0.3633452764916439,,0.0,=,,social sciences,psychology,judgment and decision making,preference reversal; evaluability; dominance violation; joint and separate evaluation; willingness to pay,yes,FoRRT FReD team (June 2026 import),,FReD v2.4.2 (June 2026 import),,,,fred_167,external:fred_v242,10.1177/2515245918810225,10.1002/(sici)1099-0771(199806)11:2<107::aid-bdm292>3.0.co;2-y
https://doi.org/10.1111/j.1467-9280.2006.01704.x,https://doi.org/10.18718/81781.38,The magnitude of adjustment-based anchoring is moderated by the cognitive load with high cognitive load leading to less adjustment from self-generated anchors [Original Study 2c.],failure,direct or close,Nicholas Epley; Thomas Gilovich,The Anchoring-and-Adjustment Heuristic,Psychological Science,17,4,311-318,2006.0,Lukas Röseler; Hannah L. Bögler; Lisa Koßmann; Sabine M. Krueger; Sabrina L. C. Bickenbach; Ricarda Bühler; Jasmin Della Guardia; Lisa-Marie A. Köppel; Jarl Möhring; Susanne Ponader; Konstantin Roßmaier; Jessica Sing,"Need for Cognition, Cognitive Load, and Forewarning do not Moderate Anchoring Effects. A Replication Study of Epley &amp; Gilovich (Journal of Behavioral Decision Making, 2005; Psychological Science, 2006)",Journal of Comments and Replications in Economics,,,2024-8,2024.0,94.0,0.66,d,,0.01,<,two-sided,182.0,0.215,d,0.3133774542039018,0.1068841838460371,,0.925,=,two-sided,social sciences,psychology,social psychology,Anchoring effect; self-generated; replication; anchoring and adjustment; adjustment model,yes,FoRRT FReD team (June 2026 import),,FReD v2.4.2 (June 2026 import),,,,fred_169,external:fred_v242,10.18718/81781.38,10.1111/j.1467-9280.2006.01704.x
https://doi.org/10.1111/j.1467-9280.2006.01704.x,https://doi.org/10.18718/81781.38,The magnitude of adjustment-based anchoring is moderated by the cognitive load with high cognitive load leading to less adjustment from self-generated anchors [Original Study 2c.],failure,direct or close,Nicholas Epley; Thomas Gilovich,The Anchoring-and-Adjustment Heuristic,Psychological Science,17,4,311-318,2006.0,Lukas Röseler; Hannah L. Bögler; Lisa Koßmann; Sabine M. Krueger; Sabrina L. C. Bickenbach; Ricarda Bühler; Jasmin Della Guardia; Lisa-Marie A. Köppel; Jarl Möhring; Susanne Ponader; Konstantin Roßmaier; Jessica Sing,"Need for Cognition, Cognitive Load, and Forewarning do not Moderate Anchoring Effects. A Replication Study of Epley &amp; Gilovich (Journal of Behavioral Decision Making, 2005; Psychological Science, 2006)",Journal of Comments and Replications in Economics,,,2024-8,2024.0,94.0,0.03,etasq,,0.08,=,two-sided,182.0,0.001,etasq,0.1732050807568877,0.0316227766016837,,0.216,<,two-sided,social sciences,psychology,social psychology,Anchoring effect; self-generated; replication; anchoring and adjustment; adjustment model,yes,FoRRT FReD team (June 2026 import),,FReD v2.4.2 (June 2026 import),,,,fred_170,external:fred_v242,10.18718/81781.38,10.1111/j.1467-9280.2006.01704.x
https://doi.org/10.1002/soej.12223,https://doi.org/10.18718/81781.27,"""Male dictators on average allocate £2.117 in the GG and £0.997 in the TG toward the recipients, and a Mann-Whitney test shows significant difference at 1% level."", ""Both nonparametric tests and regressions reaffirm the observations from existing studies (Dreber et al. 2013; Grossman and Eckel 2015) that overall there is no framing effect within the dictator game and giving is indeed equivalent to “not taking.” However, further investigations by gender show that framing has opposing effects for females and males. Females take less in a taking game compared to what they give in a giving game; but the males do just the opposite. Furthermore, we find that this occurs as the male dictators are significantly more likely to be selfish in the taking frame compared to the giving frame. Conversely, the female dictators are significantly more likely to be egalitarian in the taking frame compared with the giving frame.""",failure,direct or close,Subhasish M. Chowdhury; Joo Young Jeon; Bibhas Saha,Gender Differences in the Giving and Taking Variants of the Dictator Game,Southern Economic Journal,84,2,474-483,2017.0,Korbinian Von Blanckenburg; Eva Tebbe; Anja Iseke,"Giving and taking in dictator games – differences by gender? A replication study of Chowdhury et al. (Southern Economic Journal, 2017)",Journal of Comments and Replications in Economics,,,2023-1,2023.0,70.0,0.718,d,,0.001,=,,74.0,0.212,d,0.3378861316750313,0.1054094638148133,,0.725,=,,social sciences,economics,behavioral economics,dictator game; gender differences,yes,FoRRT FReD team (June 2026 import),,FReD v2.4.2 (June 2026 import); topics AI-tagged (claude sonnet),,,,fred_172,external:fred_v242,10.18718/81781.27,10.1002/soej.12223
https://doi.org/10.1002/soej.12223,https://doi.org/10.18718/81781.27,"""However, the average allocation by female dictators is £2.014 in the GG and £3.263 in the TG, and the difference is significant at 5% level. The results also confirm within treatment gender differences."", ""Both nonparametric tests and regressions reaffirm the observations from existing studies (Dreber et al. 2013; Grossman and Eckel 2015) that overall there is no framing effect within the dictator game and giving is indeed equivalent to “not taking.” However, further investigations by gender show that framing has opposing effects for females and males. Females take less in a taking game compared to what they give in a giving game; but the males do just the opposite. Furthermore, we find that this occurs as the male dictators are significantly more likely to be selfish in the taking frame compared to the giving frame. Conversely, the female dictators are significantly more likely to be egalitarian in the taking frame compared with the giving frame.""",failure,direct or close,Subhasish M. Chowdhury; Joo Young Jeon; Bibhas Saha,Gender Differences in the Giving and Taking Variants of the Dictator Game,Southern Economic Journal,84,2,474-483,2017.0,Korbinian Von Blanckenburg; Eva Tebbe; Anja Iseke,"Giving and taking in dictator games – differences by gender? A replication study of Chowdhury et al. (Southern Economic Journal, 2017)",Journal of Comments and Replications in Economics,,,2023-1,2023.0,70.0,-0.5524522884,d,,0.039,=,,63.0,0.03110812419,d,-0.2662550986079341,0.0155521809481613,,0.927,=,,social sciences,economics,behavioral economics,dictator game; gender differences,yes,FoRRT FReD team (June 2026 import),,FReD v2.4.2 (June 2026 import); topics AI-tagged (claude sonnet),,,,fred_173,external:fred_v242,10.18718/81781.27,10.1002/soej.12223
https://doi.org/10.1002/soej.12223,https://doi.org/10.18718/81781.27,"""In the GG, the amounts given by males and females are not different (p-value = 0.594)."", ""Both nonparametric tests and regressions reaffirm the observations from existing studies (Dreber et al. 2013; Grossman and Eckel 2015) that overall there is no framing effect within the dictator game and giving is indeed equivalent to “not taking.” However, further investigations by gender show that framing has opposing effects for females and males. Females take less in a taking game compared to what they give in a giving game; but the males do just the opposite. Furthermore, we find that this occurs as the male dictators are significantly more likely to be selfish in the taking frame compared to the giving frame. Conversely, the female dictators are significantly more likely to be egalitarian in the taking frame compared with the giving frame.""",failure,direct or close,Subhasish M. Chowdhury; Joo Young Jeon; Bibhas Saha,Gender Differences in the Giving and Taking Variants of the Dictator Game,Southern Economic Journal,84,2,474-483,2017.0,Korbinian Von Blanckenburg; Eva Tebbe; Anja Iseke,"Giving and taking in dictator games – differences by gender? A replication study of Chowdhury et al. (Southern Economic Journal, 2017)",Journal of Comments and Replications in Economics,,,2023-1,2023.0,70.0,0.059,d,,0.594,=,,69.0,-0.005,d,0.0294871721844479,-0.0024999921875366,,0.699,=,,social sciences,economics,behavioral economics,dictator game; gender differences,yes,FoRRT FReD team (June 2026 import),,FReD v2.4.2 (June 2026 import); topics AI-tagged (claude sonnet),,,,fred_174,external:fred_v242,10.18718/81781.27,10.1002/soej.12223
https://doi.org/10.1002/soej.12223,https://doi.org/10.18718/81781.27,"""The TG, however, shows gender differences. The average amount left by the male dictators is significantly lower than the amount left by the female dictators at 1% level."", ""Both nonparametric tests and regressions reaffirm the observations from existing studies (Dreber et al. 2013; Grossman and Eckel 2015) that overall there is no framing effect within the dictator game and giving is indeed equivalent to “not taking.” However, further investigations by gender show that framing has opposing effects for females and males. Females take less in a taking game compared to what they give in a giving game; but the males do just the opposite. Furthermore, we find that this occurs as the male dictators are significantly more likely to be selfish in the taking frame compared to the giving frame. Conversely, the female dictators are significantly more likely to be egalitarian in the taking frame compared with the giving frame.""",failure,direct or close,Subhasish M. Chowdhury; Joo Young Jeon; Bibhas Saha,Gender Differences in the Giving and Taking Variants of the Dictator Game,Southern Economic Journal,84,2,474-483,2017.0,Korbinian Von Blanckenburg; Eva Tebbe; Anja Iseke,"Giving and taking in dictator games – differences by gender? A replication study of Chowdhury et al. (Southern Economic Journal, 2017)",Journal of Comments and Replications in Economics,,,2023-1,2023.0,70.0,-1.069,d,,0.0001,=,,68.0,-0.204,d,-0.4713890981205874,-0.101473500730337,,0.655,=,,social sciences,economics,behavioral economics,dictator game; gender differences,yes,FoRRT FReD team (June 2026 import),,FReD v2.4.2 (June 2026 import); topics AI-tagged (claude sonnet),,,,fred_175,external:fred_v242,10.18718/81781.27,10.1002/soej.12223
https://doi.org/10.1162/rest_a_00258,https://doi.org/10.18718/81781.29,"""In column 1, I estimate multinational wage spillovers by pooled ordinary least squares. The results are consistent with multinational spillovers, though without controls for individual and establishment heterogeneity, the result is difficult to interpret."", ""This is the main contribution and new result of this paper. When multinational workers leave multinational establishments and are rehired at domestic establishments, the wages of continuing domestic workers increase. This avenue for multinational spillovers, to my knowledge, has not previously been explored. At the average wage for a typical domestic worker of $3,841 (R$6,522 at average annual exchange rates during the 1996–2001 period), this is an increase of approximately $23 per year per worker, equivalent to one more month of job tenure within the establishment. While this may seem to be a small impact, it is also an appropriately sized impact for the average worker. More important, these estimates are worker-level wage spillovers and not plant-level productivity spillovers, as in previous studies. For the average domestic stablishment in Brazil, with a workforce of approximately sixty, the total implied wage effect from 10 percentage point increase in the share of former multinational workers is roughly $1,400 per year. According to RAIS, in 1998 there were 1,795,798 establishments in Brazil, approximately 98% of which were domestically owned. Therefore, this average impact has the potential to generate $2.5 billion in wage spillovers across all of Brazil (in the range of 0.3% of GDP).""",inconclusive,direct or close,Jennifer P. Poole,Knowledge Transfers from Multinational to Domestic Firms: Evidence from Worker Mobility,Review of Economics and Statistics,95,2,393-406,2013.0,Stefanie A. Haller; Eoin T. Flaherty; Ragnhild Balsvik,"Knowledge Transfers from Multinational to Domestic Firms: Evidence from Worker Mobility. A Replication Study of Poole (Review of Economics and Statistics, 2013)",Journal of Comments and Replications in Economics,,,2023-3,2023.0,96560.0,"F(2, 96557) = 35.46",test statistic,,0.01,<,,1396050.0,"γM - γD = 1.110, (0.126)",test statistic,,,,0.001,<,,social sciences,economics,labor economics,Multinational Firms; Wage Spillovers; Worker Mobility,yes,FoRRT FReD team (June 2026 import),,FReD v2.4.2 (June 2026 import); topics AI-tagged (claude sonnet),,,,fred_176,external:fred_v242,10.18718/81781.29,10.1162/rest_a_00258
https://doi.org/10.1162/rest_a_00258,https://doi.org/10.18718/81781.29,"""In column 1, I estimate multinational wage spillovers by pooled ordinary least squares. The results are consistent with multinational spillovers, though without controls for individual and establishment heterogeneity, the result is difficult to interpret."", ""This is the main contribution and new result of this paper. When multinational workers leave multinational establishments and are rehired at domestic establishments, the wages of continuing domestic workers increase. This avenue for multinational spillovers, to my knowledge, has not previously been explored. At the average wage for a typical domestic worker of $3,841 (R$6,522 at average annual exchange rates during the 1996–2001 period), this is an increase of approximately $23 per year per worker, equivalent to one more month of job tenure within the establishment. While this may seem to be a small impact, it is also an appropriately sized impact for the average worker. More important, these estimates are worker-level wage spillovers and not plant-level productivity spillovers, as in previous studies. For the average domestic stablishment in Brazil, with a workforce of approximately sixty, the total implied wage effect from 10 percentage point increase in the share of former multinational workers is roughly $1,400 per year. According to RAIS, in 1998 there were 1,795,798 establishments in Brazil, approximately 98% of which were domestically owned. Therefore, this average impact has the potential to generate $2.5 billion in wage spillovers across all of Brazil (in the range of 0.3% of GDP).""",inconclusive,direct or close,Jennifer P. Poole,Knowledge Transfers from Multinational to Domestic Firms: Evidence from Worker Mobility,Review of Economics and Statistics,95,2,393-406,2013.0,Stefanie A. Haller; Eoin T. Flaherty; Ragnhild Balsvik,"Knowledge Transfers from Multinational to Domestic Firms: Evidence from Worker Mobility. A Replication Study of Poole (Review of Economics and Statistics, 2013)",Journal of Comments and Replications in Economics,,,2023-3,2023.0,96560.0,"F(2, 96557) = 35.46",test statistic,,0.01,<,,1697752.0,"γM - γD = 0.611, (0.023)",test statistic,,,,0.001,<,,social sciences,economics,labor economics,Multinational Firms; Wage Spillovers; Worker Mobility,yes,FoRRT FReD team (June 2026 import),,FReD v2.4.2 (June 2026 import); topics AI-tagged (claude sonnet),,,,fred_177,external:fred_v242,10.18718/81781.29,10.1162/rest_a_00258
https://doi.org/10.1162/rest_a_00258,https://doi.org/10.18718/81781.29,"""In column 2, I allow for average wage trends across all workers. The large, positive effects in columns 1 and 2 resemble the early generations of work on knowledge spillovers from multinational enterprises (for example, Blomstrom & Kokko, 1998, and the references there)."", ""This is the main contribution and new result of this paper. When multinational workers leave multinational establishments and are rehired at domestic establishments, the wages of continuing domestic workers increase. This avenue for multinational spillovers, to my knowledge, has not previously been explored. At the average wage for a typical domestic worker of $3,841 (R$6,522 at average annual exchange rates during the 1996–2001 period), this is an increase of approximately $23 per year per worker, equivalent to one more month of job tenure within the establishment. While this may seem to be a small impact, it is also an appropriately sized impact for the average worker. More important, these estimates are worker-level wage spillovers and not plant-level productivity spillovers, as in previous studies. For the average domestic stablishment in Brazil, with a workforce of approximately sixty, the total implied wage effect from 10 percentage point increase in the share of former multinational workers is roughly $1,400 per year. According to RAIS, in 1998 there were 1,795,798 establishments in Brazil, approximately 98% of which were domestically owned. Therefore, this average impact has the potential to generate $2.5 billion in wage spillovers across all of Brazil (in the range of 0.3% of GDP).""",inconclusive,direct or close,Jennifer P. Poole,Knowledge Transfers from Multinational to Domestic Firms: Evidence from Worker Mobility,Review of Economics and Statistics,95,2,393-406,2013.0,Stefanie A. Haller; Eoin T. Flaherty; Ragnhild Balsvik,"Knowledge Transfers from Multinational to Domestic Firms: Evidence from Worker Mobility. A Replication Study of Poole (Review of Economics and Statistics, 2013)",Journal of Comments and Replications in Economics,,,2023-3,2023.0,96560.0,"F(2, 96557) = 41.32",test statistic,,0.01,<,,1212558.0,"γM - γD = 0.973, (0.088)",test statistic,,,,0.001,<,,social sciences,economics,labor economics,Multinational Firms; Wage Spillovers; Worker Mobility,yes,FoRRT FReD team (June 2026 import),,FReD v2.4.2 (June 2026 import); topics AI-tagged (claude sonnet),,,,fred_178,external:fred_v242,10.18718/81781.29,10.1162/rest_a_00258
https://doi.org/10.1162/rest_a_00258,https://doi.org/10.18718/81781.29,"""In column 2, I allow for average wage trends across all workers. The large, positive effects in columns 1 and 2 resemble the early generations of work on knowledge spillovers from multinational enterprises (for example, Blomstrom & Kokko, 1998, and the references there)."", ""This is the main contribution and new result of this paper. When multinational workers leave multinational establishments and are rehired at domestic establishments, the wages of continuing domestic workers increase. This avenue for multinational spillovers, to my knowledge, has not previously been explored. At the average wage for a typical domestic worker of $3,841 (R$6,522 at average annual exchange rates during the 1996–2001 period), this is an increase of approximately $23 per year per worker, equivalent to one more month of job tenure within the establishment. While this may seem to be a small impact, it is also an appropriately sized impact for the average worker. More important, these estimates are worker-level wage spillovers and not plant-level productivity spillovers, as in previous studies. For the average domestic stablishment in Brazil, with a workforce of approximately sixty, the total implied wage effect from 10 percentage point increase in the share of former multinational workers is roughly $1,400 per year. According to RAIS, in 1998 there were 1,795,798 establishments in Brazil, approximately 98% of which were domestically owned. Therefore, this average impact has the potential to generate $2.5 billion in wage spillovers across all of Brazil (in the range of 0.3% of GDP).""",inconclusive,direct or close,Jennifer P. Poole,Knowledge Transfers from Multinational to Domestic Firms: Evidence from Worker Mobility,Review of Economics and Statistics,95,2,393-406,2013.0,Stefanie A. Haller; Eoin T. Flaherty; Ragnhild Balsvik,"Knowledge Transfers from Multinational to Domestic Firms: Evidence from Worker Mobility. A Replication Study of Poole (Review of Economics and Statistics, 2013)",Journal of Comments and Replications in Economics,,,2023-3,2023.0,96560.0,"F(2, 96557) = 41.32",test statistic,,0.01,<,,1396050.0,"γM - γD = 1.088, (0.128)",test statistic,,,,0.001,<,,social sciences,economics,labor economics,Multinational Firms; Wage Spillovers; Worker Mobility,yes,FoRRT FReD team (June 2026 import),,FReD v2.4.2 (June 2026 import); topics AI-tagged (claude sonnet),,,,fred_179,external:fred_v242,10.18718/81781.29,10.1162/rest_a_00258
https://doi.org/10.1162/rest_a_00258,https://doi.org/10.18718/81781.29,"""In column 2, I allow for average wage trends across all workers. The large, positive effects in columns 1 and 2 resemble the early generations of work on knowledge spillovers from multinational enterprises (for example, Blomstrom & Kokko, 1998, and the references there)."", ""This is the main contribution and new result of this paper. When multinational workers leave multinational establishments and are rehired at domestic establishments, the wages of continuing domestic workers increase. This avenue for multinational spillovers, to my knowledge, has not previously been explored. At the average wage for a typical domestic worker of $3,841 (R$6,522 at average annual exchange rates during the 1996–2001 period), this is an increase of approximately $23 per year per worker, equivalent to one more month of job tenure within the establishment. While this may seem to be a small impact, it is also an appropriately sized impact for the average worker. More important, these estimates are worker-level wage spillovers and not plant-level productivity spillovers, as in previous studies. For the average domestic stablishment in Brazil, with a workforce of approximately sixty, the total implied wage effect from 10 percentage point increase in the share of former multinational workers is roughly $1,400 per year. According to RAIS, in 1998 there were 1,795,798 establishments in Brazil, approximately 98% of which were domestically owned. Therefore, this average impact has the potential to generate $2.5 billion in wage spillovers across all of Brazil (in the range of 0.3% of GDP).""",inconclusive,direct or close,Jennifer P. Poole,Knowledge Transfers from Multinational to Domestic Firms: Evidence from Worker Mobility,Review of Economics and Statistics,95,2,393-406,2013.0,Stefanie A. Haller; Eoin T. Flaherty; Ragnhild Balsvik,"Knowledge Transfers from Multinational to Domestic Firms: Evidence from Worker Mobility. A Replication Study of Poole (Review of Economics and Statistics, 2013)",Journal of Comments and Replications in Economics,,,2023-3,2023.0,96560.0,"F(2, 96557) = 41.33",test statistic,,0.01,<,,1697752.0,"γM - γD = 0.439, (0.020)",test statistic,,,,0.001,<,,social sciences,economics,labor economics,Multinational Firms; Wage Spillovers; Worker Mobility,yes,FoRRT FReD team (June 2026 import),,FReD v2.4.2 (June 2026 import); topics AI-tagged (claude sonnet),,,,fred_180,external:fred_v242,10.18718/81781.29,10.1162/rest_a_00258
https://doi.org/10.1162/rest_a_00258,https://doi.org/10.18718/81781.29,"""I include establishment fixed effects (FE) in column 3, which control for any fixed factor that may affect an establishment’s decision to hire former multinational workers, such as management style or time-invariant productivity levels. As was found in the third generation of studies on multinational spillovers (Aitken & Harrison, 1999; Javorcik, 2004), establishment heterogeneity matters. That the coefficient on γM falls substantially between columns 2 and 3 suggests that omitting the establishment FE (what could be considered to be the omitted variable bias associated with establishment FE) has a large and positive effect. This is consistent with the idea that on average, establishments hiring many former MNE workers are also high-productivity, high-wage establishments. Column 3, however, does not allow within-establishment heterogeneity across workers."", ""This is the main contribution and new result of this paper. When multinational workers leave multinational establishments and are rehired at domestic establishments, the wages of continuing domestic workers increase. This avenue for multinational spillovers, to my knowledge, has not previously been explored. At the average wage for a typical domestic worker of $3,841 (R$6,522 at average annual exchange rates during the 1996–2001 period), this is an increase of approximately $23 per year per worker, equivalent to one more month of job tenure within the establishment. While this may seem to be a small impact, it is also an appropriately sized impact for the average worker. More important, these estimates are worker-level wage spillovers and not plant-level productivity spillovers, as in previous studies. For the average domestic stablishment in Brazil, with a workforce of approximately sixty, the total implied wage effect from 10 percentage point increase in the share of former multinational workers is roughly $1,400 per year. According to RAIS, in 1998 there were 1,795,798 establishments in Brazil, approximately 98% of which were domestically owned. Therefore, this average impact has the potential to generate $2.5 billion in wage spillovers across all of Brazil (in the range of 0.3% of GDP).""",inconclusive,direct or close,Jennifer P. Poole,Knowledge Transfers from Multinational to Domestic Firms: Evidence from Worker Mobility,Review of Economics and Statistics,95,2,393-406,2013.0,Stefanie A. Haller; Eoin T. Flaherty; Ragnhild Balsvik,"Knowledge Transfers from Multinational to Domestic Firms: Evidence from Worker Mobility. A Replication Study of Poole (Review of Economics and Statistics, 2013)",Journal of Comments and Replications in Economics,,,2023-3,2023.0,96560.0,"F(2, 96557) = 3.37",test statistic,,0.07,=,,1212558.0,"γM - γD = 0.129, (0.055)",test statistic,,,,0.018,=,,social sciences,economics,labor economics,Multinational Firms; Wage Spillovers; Worker Mobility,yes,FoRRT FReD team (June 2026 import),,FReD v2.4.2 (June 2026 import); topics AI-tagged (claude sonnet),,,,fred_181,external:fred_v242,10.18718/81781.29,10.1162/rest_a_00258
https://doi.org/10.1162/rest_a_00258,https://doi.org/10.18718/81781.29,"""I include establishment fixed effects (FE) in column 3, which control for any fixed factor that may affect an establishment’s decision to hire former multinational workers, such as management style or time-invariant productivity levels. As was found in the third generation of studies on multinational spillovers (Aitken & Harrison, 1999; Javorcik, 2004), establishment heterogeneity matters. That the coefficient on γM falls substantially between columns 2 and 3 suggests that omitting the establishment FE (what could be considered to be the omitted variable bias associated with establishment FE) has a large and positive effect. This is consistent with the idea that on average, establishments hiring many former MNE workers are also high-productivity, high-wage establishments. Column 3, however, does not allow within-establishment heterogeneity across workers."", ""This is the main contribution and new result of this paper. When multinational workers leave multinational establishments and are rehired at domestic establishments, the wages of continuing domestic workers increase. This avenue for multinational spillovers, to my knowledge, has not previously been explored. At the average wage for a typical domestic worker of $3,841 (R$6,522 at average annual exchange rates during the 1996–2001 period), this is an increase of approximately $23 per year per worker, equivalent to one more month of job tenure within the establishment. While this may seem to be a small impact, it is also an appropriately sized impact for the average worker. More important, these estimates are worker-level wage spillovers and not plant-level productivity spillovers, as in previous studies. For the average domestic stablishment in Brazil, with a workforce of approximately sixty, the total implied wage effect from 10 percentage point increase in the share of former multinational workers is roughly $1,400 per year. According to RAIS, in 1998 there were 1,795,798 establishments in Brazil, approximately 98% of which were domestically owned. Therefore, this average impact has the potential to generate $2.5 billion in wage spillovers across all of Brazil (in the range of 0.3% of GDP).""",inconclusive,direct or close,Jennifer P. Poole,Knowledge Transfers from Multinational to Domestic Firms: Evidence from Worker Mobility,Review of Economics and Statistics,95,2,393-406,2013.0,Stefanie A. Haller; Eoin T. Flaherty; Ragnhild Balsvik,"Knowledge Transfers from Multinational to Domestic Firms: Evidence from Worker Mobility. A Replication Study of Poole (Review of Economics and Statistics, 2013)",Journal of Comments and Replications in Economics,,,2023-3,2023.0,96560.0,"F(2, 96557) = 3.37",test statistic,,0.07,=,,1396050.0,"γM - γD = 0.137, (0.018)",test statistic,,,,0.001,<,,social sciences,economics,labor economics,Multinational Firms; Wage Spillovers; Worker Mobility,yes,FoRRT FReD team (June 2026 import),,FReD v2.4.2 (June 2026 import); topics AI-tagged (claude sonnet),,,,fred_182,external:fred_v242,10.18718/81781.29,10.1162/rest_a_00258
https://doi.org/10.1162/rest_a_00258,https://doi.org/10.18718/81781.29,"""I include establishment fixed effects (FE) in column 3, which control for any fixed factor that may affect an establishment’s decision to hire former multinational workers, such as management style or time-invariant productivity levels. As was found in the third generation of studies on multinational spillovers (Aitken & Harrison, 1999; Javorcik, 2004), establishment heterogeneity matters. That the coefficient on γM falls substantially between columns 2 and 3 suggests that omitting the establishment FE (what could be considered to be the omitted variable bias associated with establishment FE) has a large and positive effect. This is consistent with the idea that on average, establishments hiring many former MNE workers are also high-productivity, high-wage establishments. Column 3, however, does not allow within-establishment heterogeneity across workers."", ""This is the main contribution and new result of this paper. When multinational workers leave multinational establishments and are rehired at domestic establishments, the wages of continuing domestic workers increase. This avenue for multinational spillovers, to my knowledge, has not previously been explored. At the average wage for a typical domestic worker of $3,841 (R$6,522 at average annual exchange rates during the 1996–2001 period), this is an increase of approximately $23 per year per worker, equivalent to one more month of job tenure within the establishment. While this may seem to be a small impact, it is also an appropriately sized impact for the average worker. More important, these estimates are worker-level wage spillovers and not plant-level productivity spillovers, as in previous studies. For the average domestic stablishment in Brazil, with a workforce of approximately sixty, the total implied wage effect from 10 percentage point increase in the share of former multinational workers is roughly $1,400 per year. According to RAIS, in 1998 there were 1,795,798 establishments in Brazil, approximately 98% of which were domestically owned. Therefore, this average impact has the potential to generate $2.5 billion in wage spillovers across all of Brazil (in the range of 0.3% of GDP).""",inconclusive,direct or close,Jennifer P. Poole,Knowledge Transfers from Multinational to Domestic Firms: Evidence from Worker Mobility,Review of Economics and Statistics,95,2,393-406,2013.0,Stefanie A. Haller; Eoin T. Flaherty; Ragnhild Balsvik,"Knowledge Transfers from Multinational to Domestic Firms: Evidence from Worker Mobility. A Replication Study of Poole (Review of Economics and Statistics, 2013)",Journal of Comments and Replications in Economics,,,2023-3,2023.0,96560.0,"F(2, 96557) = 3.38",test statistic,,0.07,=,,1697752.0,"γM - γD = 0.046, (0.010)",test statistic,,,,0.001,<,,social sciences,economics,labor economics,Multinational Firms; Wage Spillovers; Worker Mobility,yes,FoRRT FReD team (June 2026 import),,FReD v2.4.2 (June 2026 import); topics AI-tagged (claude sonnet),,,,fred_183,external:fred_v242,10.18718/81781.29,10.1162/rest_a_00258
https://doi.org/10.1162/rest_a_00258,https://doi.org/10.18718/81781.29,"""In column 4, I include individual FEs to control for time-invariant, unobservable worker characteristics, such as innate ability or motivation. With individual FEs, the coefficients of interest are more precisely estimated, and it becomes clear that domestic workers are not randomly assigned to the establishments in which they work. Incumbent domestic workers’ wages increase with the proportion of coworkers in the establishment who have experience in foreign owned establishments (γM > 0)."", ""This is the main contribution and new result of this paper. When multinational workers leave multinational establishments and are rehired at domestic establishments, the wages of continuing domestic workers increase. This avenue for multinational spillovers, to my knowledge, has not previously been explored. At the average wage for a typical domestic worker of $3,841 (R$6,522 at average annual exchange rates during the 1996–2001 period), this is an increase of approximately $23 per year per worker, equivalent to one more month of job tenure within the establishment. While this may seem to be a small impact, it is also an appropriately sized impact for the average worker. More important, these estimates are worker-level wage spillovers and not plant-level productivity spillovers, as in previous studies. For the average domestic stablishment in Brazil, with a workforce of approximately sixty, the total implied wage effect from 10 percentage point increase in the share of former multinational workers is roughly $1,400 per year. According to RAIS, in 1998 there were 1,795,798 establishments in Brazil, approximately 98% of which were domestically owned. Therefore, this average impact has the potential to generate $2.5 billion in wage spillovers across all of Brazil (in the range of 0.3% of GDP).""",inconclusive,direct or close,Jennifer P. Poole,Knowledge Transfers from Multinational to Domestic Firms: Evidence from Worker Mobility,Review of Economics and Statistics,95,2,393-406,2013.0,Stefanie A. Haller; Eoin T. Flaherty; Ragnhild Balsvik,"Knowledge Transfers from Multinational to Domestic Firms: Evidence from Worker Mobility. A Replication Study of Poole (Review of Economics and Statistics, 2013)",Journal of Comments and Replications in Economics,,,2023-3,2023.0,96560.0,"F(2, 96557) = 4.21",test statistic,,0.04,=,,1212558.0,"γM - γD = 0.127, (0.059)",test statistic,,,,0.032,=,,social sciences,economics,labor economics,Multinational Firms; Wage Spillovers; Worker Mobility,yes,FoRRT FReD team (June 2026 import),,FReD v2.4.2 (June 2026 import); topics AI-tagged (claude sonnet),,,,fred_184,external:fred_v242,10.18718/81781.29,10.1162/rest_a_00258
https://doi.org/10.1162/rest_a_00258,https://doi.org/10.18718/81781.29,"""In column 4, I include individual FEs to control for time-invariant, unobservable worker characteristics, such as innate ability or motivation. With individual FEs, the coefficients of interest are more precisely estimated, and it becomes clear that domestic workers are not randomly assigned to the establishments in which they work. Incumbent domestic workers’ wages increase with the proportion of coworkers in the establishment who have experience in foreign owned establishments (γM > 0)."", ""This is the main contribution and new result of this paper. When multinational workers leave multinational establishments and are rehired at domestic establishments, the wages of continuing domestic workers increase. This avenue for multinational spillovers, to my knowledge, has not previously been explored. At the average wage for a typical domestic worker of $3,841 (R$6,522 at average annual exchange rates during the 1996–2001 period), this is an increase of approximately $23 per year per worker, equivalent to one more month of job tenure within the establishment. While this may seem to be a small impact, it is also an appropriately sized impact for the average worker. More important, these estimates are worker-level wage spillovers and not plant-level productivity spillovers, as in previous studies. For the average domestic stablishment in Brazil, with a workforce of approximately sixty, the total implied wage effect from 10 percentage point increase in the share of former multinational workers is roughly $1,400 per year. According to RAIS, in 1998 there were 1,795,798 establishments in Brazil, approximately 98% of which were domestically owned. Therefore, this average impact has the potential to generate $2.5 billion in wage spillovers across all of Brazil (in the range of 0.3% of GDP).""",inconclusive,direct or close,Jennifer P. Poole,Knowledge Transfers from Multinational to Domestic Firms: Evidence from Worker Mobility,Review of Economics and Statistics,95,2,393-406,2013.0,Stefanie A. Haller; Eoin T. Flaherty; Ragnhild Balsvik,"Knowledge Transfers from Multinational to Domestic Firms: Evidence from Worker Mobility. A Replication Study of Poole (Review of Economics and Statistics, 2013)",Journal of Comments and Replications in Economics,,,2023-3,2023.0,96560.0,"F(2, 96557) = 4.21",test statistic,,0.04,=,,1396050.0,"γM - γD = 0.137, (0.020)",test statistic,,,,0.001,<,,social sciences,economics,labor economics,Multinational Firms; Wage Spillovers; Worker Mobility,yes,FoRRT FReD team (June 2026 import),,FReD v2.4.2 (June 2026 import); topics AI-tagged (claude sonnet),,,,fred_185,external:fred_v242,10.18718/81781.29,10.1162/rest_a_00258
https://doi.org/10.1162/rest_a_00258,https://doi.org/10.18718/81781.29,"""In column 4, I include individual FEs to control for time-invariant, unobservable worker characteristics, such as innate ability or motivation. With individual FEs, the coefficients of interest are more precisely estimated, and it becomes clear that domestic workers are not randomly assigned to the establishments in which they work. Incumbent domestic workers’ wages increase with the proportion of coworkers in the establishment who have experience in foreign owned establishments (γM > 0)."", ""This is the main contribution and new result of this paper. When multinational workers leave multinational establishments and are rehired at domestic establishments, the wages of continuing domestic workers increase. This avenue for multinational spillovers, to my knowledge, has not previously been explored. At the average wage for a typical domestic worker of $3,841 (R$6,522 at average annual exchange rates during the 1996–2001 period), this is an increase of approximately $23 per year per worker, equivalent to one more month of job tenure within the establishment. While this may seem to be a small impact, it is also an appropriately sized impact for the average worker. More important, these estimates are worker-level wage spillovers and not plant-level productivity spillovers, as in previous studies. For the average domestic stablishment in Brazil, with a workforce of approximately sixty, the total implied wage effect from 10 percentage point increase in the share of former multinational workers is roughly $1,400 per year. According to RAIS, in 1998 there were 1,795,798 establishments in Brazil, approximately 98% of which were domestically owned. Therefore, this average impact has the potential to generate $2.5 billion in wage spillovers across all of Brazil (in the range of 0.3% of GDP).""",inconclusive,direct or close,Jennifer P. Poole,Knowledge Transfers from Multinational to Domestic Firms: Evidence from Worker Mobility,Review of Economics and Statistics,95,2,393-406,2013.0,Stefanie A. Haller; Eoin T. Flaherty; Ragnhild Balsvik,"Knowledge Transfers from Multinational to Domestic Firms: Evidence from Worker Mobility. A Replication Study of Poole (Review of Economics and Statistics, 2013)",Journal of Comments and Replications in Economics,,,2023-3,2023.0,96560.0,"F(2, 96557) = 4.22",test statistic,,0.04,=,,1697752.0,"γM - γD = 0.047, (0.011)",test statistic,,,,0.001,<,,social sciences,economics,labor economics,Multinational Firms; Wage Spillovers; Worker Mobility,yes,FoRRT FReD team (June 2026 import),,FReD v2.4.2 (June 2026 import); topics AI-tagged (claude sonnet),,,,fred_186,external:fred_v242,10.18718/81781.29,10.1162/rest_a_00258
https://doi.org/10.1016/j.paid.2010.07.033,https://doi.org/10.1177/0956797619831612,Foregiveness is positively correlated with agreeableness. [Original Study 1.],success,direct or close,William E. Breen; Todd B. Kashdan; Monica L. Lenser; Frank D. Fincham,Gratitude and forgiveness: Convergence and divergence on self-report and informant ratings,Personality and Individual Differences,49,8,932-937,2010.0,Christopher J. Soto,How Replicable Are Links Between Personality Traits and Consequential Life Outcomes? The Life Outcomes of Personality Replication Project,Psychological Science,30.0,5.0,711-727,2019.0,140.0,0.58,r,,0.01,<,,1550.0,0.57,r,0.58,0.57,,9.89e-76,=,two-sided,social sciences,psychology,differential psychology,Big Five; life outcomes; metascience; personality traits; replication; open data; open materials; preregistered,yes,FoRRT FReD team (June 2026 import),,FReD v2.4.2 (June 2026 import),,,,fred_188,external:fred_v242,10.1177/0956797619831612,10.1016/j.paid.2010.07.033
https://doi.org/10.1111/flan.12063,https://doi.org/10.1017/s026144482000021x,The effectiveness of the Chinese EIT in distinguishing between high and low proficiency groups.,success,direct or close,Shu‐Ling Wu; Lourdes Ortega,Measuring global oral proficiency in SLA research: A new elicited imitation test of L2 Chinese,Foreign Language Annals,46,4,680-704,2013.0,Kevin McManus; Yingying Liu,Using elicited imitation to measure global oral proficiency in SLA research: A close replication study,Language Teaching,55.0,1.0,116-135,2020.0,80.0,0.96,d,,0.0,=,,65.0,1.7,d,0.4327310675847713,0.6476484200955405,,0.001,=,,social sciences,linguistics,second language acquisition,CAF measures; elicited imitation; heritage language learners; L2 Chinese; proficiency testing,yes,FoRRT FReD team (June 2026 import),,FReD v2.4.2 (June 2026 import); topics AI-tagged (claude sonnet),,,,fred_189,external:fred_v242,10.1017/s026144482000021x,10.1111/flan.12063
https://doi.org/10.1111/flan.12063,https://doi.org/10.1017/s026144482000021x,The impact of learner background (heritage language learners vs. foreign language learners) on EIT scores.,success,direct or close,Shu‐Ling Wu; Lourdes Ortega,Measuring global oral proficiency in SLA research: A new elicited imitation test of L2 Chinese,Foreign Language Annals,46,4,680-704,2013.0,Kevin McManus; Yingying Liu,Using elicited imitation to measure global oral proficiency in SLA research: A close replication study,Language Teaching,55.0,1.0,116-135,2020.0,80.0,0.204,etasq,,0.011,=,,65.0,0.74,r,0.4516635916254485,0.74,,0.001,=,,social sciences,linguistics,second language acquisition,CAF measures; elicited imitation; heritage language learners; L2 Chinese; proficiency testing,yes,FoRRT FReD team (June 2026 import),,FReD v2.4.2 (June 2026 import); topics AI-tagged (claude sonnet),,,,fred_190,external:fred_v242,10.1017/s026144482000021x,10.1111/flan.12063
https://doi.org/10.1111/flan.12063,https://doi.org/10.1017/s026144482000021x,The influence of item characteristics like syllable length and syntactic complexity on EIT performance.,success,direct or close,Shu‐Ling Wu; Lourdes Ortega,Measuring global oral proficiency in SLA research: A new elicited imitation test of L2 Chinese,Foreign Language Annals,46,4,680-704,2013.0,Kevin McManus; Yingying Liu,Using elicited imitation to measure global oral proficiency in SLA research: A close replication study,Language Teaching,55.0,1.0,116-135,2020.0,80.0,-0.86,r,,0.0,=,,65.0,0.35,etasq,-0.86,0.5916079783099616,,0.001,=,,social sciences,linguistics,second language acquisition,CAF measures; elicited imitation; heritage language learners; L2 Chinese; proficiency testing,yes,FoRRT FReD team (June 2026 import),,FReD v2.4.2 (June 2026 import); topics AI-tagged (claude sonnet),,,,fred_191,external:fred_v242,10.1017/s026144482000021x,10.1111/flan.12063
https://doi.org/10.1111/1467-6494.t01-1-00094,https://doi.org/10.1177/0956797619831612,Religious beliefs and behavior are positively correlated with agreeableness. [Original Study 2.],success,direct or close,Douglas A. MacDonald,"Spirituality: Description, Measurement, and Relation to the Five Factor Model of Personality",Journal of Personality,68,1,153-197,2000.0,Christopher J. Soto,How Replicable Are Links Between Personality Traits and Consequential Life Outcomes? The Life Outcomes of Personality Replication Project,Psychological Science,30.0,5.0,711-727,2019.0,595.0,0.25,r,,0.001,<,,1550.0,0.190,r,0.25,0.19,,,,,social sciences,psychology,differential psychology,Big Five; life outcomes; metascience; personality traits; replication; open data; open materials; preregistered,yes,FoRRT FReD team (June 2026 import),,FReD v2.4.2 (June 2026 import),,,,fred_192,external:fred_v242,10.1177/0956797619831612,10.1111/1467-6494.t01-1-00094
https://doi.org/10.1111/1467-6494.t01-1-00094,https://doi.org/10.1177/0956797619831612,Religious beliefs and behavior are positively correlated with conscientiousness. [Original Study 2.],success,direct or close,Douglas A. MacDonald,"Spirituality: Description, Measurement, and Relation to the Five Factor Model of Personality",Journal of Personality,68,1,153-197,2000.0,Christopher J. Soto,How Replicable Are Links Between Personality Traits and Consequential Life Outcomes? The Life Outcomes of Personality Replication Project,Psychological Science,30.0,5.0,711-727,2019.0,595.0,0.21,r,,0.001,<,,1550.0,0.150,r,0.21,0.15,,,,,social sciences,psychology,differential psychology,Big Five; life outcomes; metascience; personality traits; replication; open data; open materials; preregistered,yes,FoRRT FReD team (June 2026 import),,FReD v2.4.2 (June 2026 import),,,,fred_193,external:fred_v242,10.1177/0956797619831612,10.1111/1467-6494.t01-1-00094
https://doi.org/10.1111/1467-6494.t01-1-00094,https://doi.org/10.1177/0956797619831612,Existential or phenomenological concerns are positively correlated with open-mindedness. [Original Study 2.],success,direct or close,Douglas A. MacDonald,"Spirituality: Description, Measurement, and Relation to the Five Factor Model of Personality",Journal of Personality,68,1,153-197,2000.0,Christopher J. Soto,How Replicable Are Links Between Personality Traits and Consequential Life Outcomes? The Life Outcomes of Personality Replication Project,Psychological Science,30.0,5.0,711-727,2019.0,595.0,0.33,r,,0.001,<,,1550.0,0.200,r,0.33,0.2,,,,,social sciences,psychology,differential psychology,Big Five; life outcomes; metascience; personality traits; replication; open data; open materials; preregistered,yes,FoRRT FReD team (June 2026 import),,FReD v2.4.2 (June 2026 import),,,,fred_194,external:fred_v242,10.1177/0956797619831612,10.1111/1467-6494.t01-1-00094
https://doi.org/10.1111/1467-6494.t01-1-00094,https://doi.org/10.1177/0956797619831612,Existential well-being is positively correlated with extraversion. [Original Study 2.],success,direct or close,Douglas A. MacDonald,"Spirituality: Description, Measurement, and Relation to the Five Factor Model of Personality",Journal of Personality,68,1,153-197,2000.0,Christopher J. Soto,How Replicable Are Links Between Personality Traits and Consequential Life Outcomes? The Life Outcomes of Personality Replication Project,Psychological Science,30.0,5.0,711-727,2019.0,595.0,0.32,r,,0.001,<,,1550.0,0.37,r,0.32,0.37,,,,,social sciences,psychology,differential psychology,Big Five; life outcomes; metascience; personality traits; replication; open data; open materials; preregistered,yes,FoRRT FReD team (June 2026 import),,FReD v2.4.2 (June 2026 import),,,,fred_195,external:fred_v242,10.1177/0956797619831612,10.1111/1467-6494.t01-1-00094
https://doi.org/10.1111/1467-6494.t01-1-00094,https://doi.org/10.1177/0956797619831612,Existential well-being is negatively correlated with negative emotionality. [Original Study 2.],success,direct or close,Douglas A. MacDonald,"Spirituality: Description, Measurement, and Relation to the Five Factor Model of Personality",Journal of Personality,68,1,153-197,2000.0,Christopher J. Soto,How Replicable Are Links Between Personality Traits and Consequential Life Outcomes? The Life Outcomes of Personality Replication Project,Psychological Science,30.0,5.0,711-727,2019.0,595.0,-0.66,r,,0.001,<,,1550.0,-0.63,r,-0.66,-0.63,,,,,social sciences,psychology,differential psychology,Big Five; life outcomes; metascience; personality traits; replication; open data; open materials; preregistered,yes,FoRRT FReD team (June 2026 import),,FReD v2.4.2 (June 2026 import),,,,fred_196,external:fred_v242,10.1177/0956797619831612,10.1111/1467-6494.t01-1-00094
https://doi.org/10.1111/j.1467-9280.2006.01704.x,https://doi.org/10.18718/81781.38,"Replication of 'The Anchoring-and-Adjustment Heuristic' (2006); the replication authors reported the replication as mixed. Claim tested: ""anchoring effect"". [Original Study 2a.]",inconclusive,direct or close,Nicholas Epley; Thomas Gilovich,The Anchoring-and-Adjustment Heuristic,Psychological Science,17,4,311-318,2006.0,Lukas Röseler; Hannah L. Bögler; Lisa Koßmann; Sabine M. Krueger; Sabrina L. C. Bickenbach; Ricarda Bühler; Jasmin Della Guardia; Lisa-Marie A. Köppel; Jarl Möhring; Susanne Ponader; Konstantin Roßmaier; Jessica Sing,"Need for Cognition, Cognitive Load, and Forewarning do not Moderate Anchoring Effects. A Replication Study of Epley &amp; Gilovich (Journal of Behavioral Decision Making, 2005; Psychological Science, 2006)",Journal of Comments and Replications in Economics,,,2024-8,2024.0,81.0,0.49,d,,0.05,<,,301.0,0.05,r,0.237962230135701,0.05,,0.809,=,one-sided,social sciences,psychology,cognitive psychology,anchoring effect; self-generated; experimenter-provided; replication; anchoring and adjustment,yes,FoRRT FReD team (June 2026 import),,FReD v2.4.2 (June 2026 import),,,,fred_198,external:fred_v242,10.18718/81781.38,10.1111/j.1467-9280.2006.01704.x
https://doi.org/10.1207/s15324834basp2504_5,https://doi.org/10.17605/osf.io/rge23,Need for Cognition moderates the effect of affective expectations on experience (interaction effect) [Original Study 1.],failure,direct or close,Rosalind M. Eggo; Alexis Robert; Kamlesh Khunti; Hannah E. Clapham,Need for Cognition and Expectations as Determinants of Affective Experience,Basic and Applied Social Psychology,25,4,313-325,2003.0,{Eva-Monika Rieger}; Christopher Albert Doetsch; Lukas Röseler; Anna Maria Müller; Desirée Gianella; Prince Oppong Boakye; Kathrin Friedinger; Nico Förster; Antonia Wild,"Replication of Geers and Lassiter (2003, Study 1): Affective Expectations and Need for Cognition",,,,,2022.0,160.0,0.04,r-squared,,0.01,=,,252.0,"F(2, 246) = 0.92",test statistic,0.2,,,0.398,=,,social sciences,psychology,social psychology,affective expectations; assimilation and contrast; need for cognition,yes,FoRRT FReD team (June 2026 import),,FReD v2.4.2 (June 2026 import),,,,fred_199,external:fred_v242,10.17605/osf.io/rge23,10.1207/s15324834basp2504_5
https://doi.org/10.1207/s15324834basp2504_5,https://doi.org/10.17605/osf.io/rge23,Need for Cognition moderates the effect of affective expectations on experience (positive expectations and NFC) [Original Study 1.],failure,direct or close,Rosalind M. Eggo; Alexis Robert; Kamlesh Khunti; Hannah E. Clapham,Need for Cognition and Expectations as Determinants of Affective Experience,Basic and Applied Social Psychology,25,4,313-325,2003.0,{Eva-Monika Rieger}; Christopher Albert Doetsch; Lukas Röseler; Anna Maria Müller; Desirée Gianella; Prince Oppong Boakye; Kathrin Friedinger; Nico Förster; Antonia Wild,"Replication of Geers and Lassiter (2003, Study 1): Affective Expectations and Need for Cognition",,,,,2022.0,,-0.03,b (unstd),,0.05,=,,75.0,0.288,b (unstd),,,,0.349,=,,social sciences,psychology,social psychology,affective expectations; assimilation and contrast; need for cognition,yes,FoRRT FReD team (June 2026 import),,FReD v2.4.2 (June 2026 import),,,,fred_200,external:fred_v242,10.17605/osf.io/rge23,10.1207/s15324834basp2504_5
https://doi.org/10.1207/s15324834basp2504_5,https://doi.org/10.17605/osf.io/rge23,Need for Cognition moderates the effect of affective expectations on experience (negative expectations and NFC) [Original Study 1.],failure,direct or close,Rosalind M. Eggo; Alexis Robert; Kamlesh Khunti; Hannah E. Clapham,Need for Cognition and Expectations as Determinants of Affective Experience,Basic and Applied Social Psychology,25,4,313-325,2003.0,{Eva-Monika Rieger}; Christopher Albert Doetsch; Lukas Röseler; Anna Maria Müller; Desirée Gianella; Prince Oppong Boakye; Kathrin Friedinger; Nico Förster; Antonia Wild,"Replication of Geers and Lassiter (2003, Study 1): Affective Expectations and Need for Cognition",,,,,2022.0,,-0.008,b (unstd),,0.67,=,,94.0,0.42,b (unstd),,,,0.13,=,,social sciences,psychology,social psychology,affective expectations; assimilation and contrast; need for cognition,yes,FoRRT FReD team (June 2026 import),,FReD v2.4.2 (June 2026 import),,,,fred_201,external:fred_v242,10.17605/osf.io/rge23,10.1207/s15324834basp2504_5
https://doi.org/10.1207/s15324834basp2504_5,https://doi.org/10.17605/osf.io/rge23,Need for Cognition moderates the effect of affective expectations on experience (no expectations and NFC) [Original Study 1.],failure,direct or close,Rosalind M. Eggo; Alexis Robert; Kamlesh Khunti; Hannah E. Clapham,Need for Cognition and Expectations as Determinants of Affective Experience,Basic and Applied Social Psychology,25,4,313-325,2003.0,{Eva-Monika Rieger}; Christopher Albert Doetsch; Lukas Röseler; Anna Maria Müller; Desirée Gianella; Prince Oppong Boakye; Kathrin Friedinger; Nico Förster; Antonia Wild,"Replication of Geers and Lassiter (2003, Study 1): Affective Expectations and Need for Cognition",,,,,2022.0,,0.03,b (unstd),,0.1,=,,83.0,-0.131,b (unstd),,,,0.675,=,,social sciences,psychology,social psychology,affective expectations; assimilation and contrast; need for cognition,yes,FoRRT FReD team (June 2026 import),,FReD v2.4.2 (June 2026 import),,,,fred_202,external:fred_v242,10.17605/osf.io/rge23,10.1207/s15324834basp2504_5
https://doi.org/10.1111/j.1467-9280.2006.01720.x,https://doi.org/10.17605/osf.io/4hjck,The less numerate show a stronger framing effect than the highly numerate. [Original Study 1.],success,direct or close,Ellen Peters; Daniel Västfjäll; Paul Slovic; C.K. Mertz; Ketti Mazzocco; Stephan Dickert,Numeracy and Decision Making,Psychological Science,17,5,407-413,2006.0,Minrui Zhu; Gilad Feldman,Revisiting the links between numeracy and decision making: Replication Registered Report of Peters et al. (2006) with an extension examining confidence,,,,,2022.0,100.0,0.11,etasq,,0.05,<,,860.0,0.01,etasq (partial),0.3316624790355399,0.1,,0.025,=,,social sciences,psychology,judgment and decision making,CORE; Judgment; Decision Making; JDM; Heuristics; Biases,yes,FoRRT FReD team (June 2026 import),,FReD v2.4.2 (June 2026 import); topics AI-tagged (claude sonnet),,,,fred_205,external:fred_v242,10.17605/osf.io/4hjck,10.1111/j.1467-9280.2006.01720.x
https://doi.org/10.1037/a0038647,https://doi.org/10.31234/osf.io/3bhja,"Unemployment’s influence on FFM personality traits (mean-level changes in openness, depending on the number of years unemployed) [Original Study 1.]",failure,direct or close,Christopher J. Boyce; Alex M. Wood; Michael Daly; Constantine Sedikides,Personality change following unemployment.,Journal of Applied Psychology,100,4,991-1011,2015.0,Timo Gnambs; Barbara Stiglbauer,"No personality change following unemployment: A registered replication of Boyce, Wood, Daly, and Sedikides (2015)",,,,,2019.0,6769.0,1.267,b (unstd),,0.01,<,,5005.0,0.07,b (unstd),,,,0.05,>,,social sciences,psychology,social psychology,unemployment; personality; personality change; well-being; five-factor model,yes,FoRRT FReD team (June 2026 import),,FReD v2.4.2 (June 2026 import),,,,fred_207,external:fred_v242,10.31234/osf.io/3bhja,10.1037/a0038647
https://doi.org/10.1037/a0038647,https://doi.org/10.31234/osf.io/3bhja,"Unemployment’s influence on FFM personality traits (mean-level changes in openness, depending on the number of years unemployed squared) [Original Study 1.]",failure,direct or close,Christopher J. Boyce; Alex M. Wood; Michael Daly; Constantine Sedikides,Personality change following unemployment.,Journal of Applied Psychology,100,4,991-1011,2015.0,Timo Gnambs; Barbara Stiglbauer,"No personality change following unemployment: A registered replication of Boyce, Wood, Daly, and Sedikides (2015)",,,,,2019.0,6769.0,-0.276,b (unstd),,0.01,<,,5005.0,0,b (unstd),,,,0.05,>,,social sciences,psychology,social psychology,unemployment; personality; personality change; well-being; five-factor model,yes,FoRRT FReD team (June 2026 import),,FReD v2.4.2 (June 2026 import),,,,fred_208,external:fred_v242,10.31234/osf.io/3bhja,10.1037/a0038647
https://doi.org/10.1037/a0036477,https://doi.org/10.1002/ejsp.2172,"the articulation of inward and outward words induces motivational states associated with deglutition and expectoration—namely, approach and avoidance (Experiment 1) [Original Study 2.]",success,direct or close,Sascha Topolinski; Ira Theresa Maschmann; Diane Pecher; Piotr Winkielman,Oral approach–avoidance: Affective consequences of muscular articulation dynamics.,Journal of Personality and Social Psychology,106,6,885-896,2014.0,Sandra Godinho; Margarida Vaz Garrido,Oral approach‐avoidance: A replication and extension for European–Portuguese phonation,European Journal of Social Psychology,46.0,2.0,260-264,2015.0,36.0,0.26,d,,0.012,=,,202.0,0.19,Cohen's dz,0.1289152302546209,,,0.008,=,,social sciences,psychology,social psychology,approach-avoidance; articulation; embodiment; metaphors; phonation,yes,FoRRT FReD team (June 2026 import),,FReD v2.4.2 (June 2026 import),,,,fred_209,external:fred_v242,10.1002/ejsp.2172,10.1037/a0036477
https://doi.org/10.1037/a0036477,https://doi.org/10.1002/ejsp.2172,"the articulation of inward and outward words induces motivational states associated with deglutition and expectoration—namely, approach and avoidance (Experiment 2) [Original Study 2.]",success,direct or close,Sascha Topolinski; Ira Theresa Maschmann; Diane Pecher; Piotr Winkielman,Oral approach–avoidance: Affective consequences of muscular articulation dynamics.,Journal of Personality and Social Psychology,106,6,885-896,2014.0,Sandra Godinho; Margarida Vaz Garrido,Oral approach‐avoidance: A replication and extension for European–Portuguese phonation,European Journal of Social Psychology,46.0,2.0,260-264,2015.0,36.0,0.26,d,,0.012,=,,203.0,0.24,Cohen's dz,0.1289152302546209,,,0.001,<,,social sciences,psychology,social psychology,approach-avoidance; articulation; embodiment; metaphors; phonation,yes,FoRRT FReD team (June 2026 import),,FReD v2.4.2 (June 2026 import),,,,fred_210,external:fred_v242,10.1002/ejsp.2172,10.1037/a0036477
https://doi.org/10.1111/j.1467-7687.2009.00807.x,https://doi.org/10.1037/dev0000499,Children whose mothers had lower levels of educational attainment showed a reduced ability to filter irrelevant information (suppress responses to unattended sounds) relative to children of mothers with higher education levels.,success,direct or close,Courtney Stevens; Brittni Lauinger; Helen Neville,Differences in the neural mechanisms of selective attention in children from different socioeconomic backgrounds: an event‐related brain potential study,Developmental Science,12,4,634-646,2009.0,Ryan J. Giuliano; Christina M. Karns; Leslie E. Roos; Theodore A. Bell; Seth Petersen; Elizabeth A. Skowron; Helen J. Neville; Eric Pakulak,Effects of early adversity on neural mechanisms of distractor suppression are mediated by sympathetic nervous system activity in preschool-aged children.,Developmental Psychology,54.0,9.0,1674-1686,2018.0,32.0,t(30) = -2.87,test statistic,,0.01,<,,104.0,-0.21,r,-0.4641309813476857,-0.21,,0.033,=,,social sciences,psychology,developmental psychology,selective attention; early adversity,yes,FoRRT FReD team (June 2026 import),,FReD v2.4.2 (June 2026 import),,,,fred_211,external:fred_v242,10.1037/dev0000499,10.1111/j.1467-7687.2009.00807.x
https://doi.org/10.1177/1948550617751583,https://doi.org/10.1177/1948550618808863,Whites (vs. Blacks) displayed less critical historical knowledge (Replication Study 1),failure,direct or close,Courtney M. Bonam; Vinoadharen Nair Das; Brett R. Coleman; Phia Salter,"Ignoring History, Denying Racism: Mounting Evidence for the Marley Hypothesis and Epistemologies of Ignorance",Social Psychological and Personality Science,10,2,257-265,2018.0,Jason E. Strickhouser; Ethan Zell; Kara E. Harris,Ignorance of History and Perceptions of Racism: Another Look at the Marley Hypothesis,Social Psychological and Personality Science,10.0,7.0,977-985,2018.0,153.0,-0.34,b (unstd),,0.01,<,,356.0,0.09,beta (std),,,,0.1,=,,social sciences,psychology,social psychology,social perception; racism; racism denial; sociocultural factors; racial identity; intergroup dynamics,yes,FoRRT FReD team (June 2026 import),,FReD v2.4.2 (June 2026 import),,,,fred_212,external:fred_v242,10.1177/1948550618808863,10.1177/1948550617751583
https://doi.org/10.1177/1948550617751583,https://doi.org/10.1177/1948550618808863,Whites (vs. Blacks) displayed less critical historical knowledge (Replication Study 2),failure,direct or close,Courtney M. Bonam; Vinoadharen Nair Das; Brett R. Coleman; Phia Salter,"Ignoring History, Denying Racism: Mounting Evidence for the Marley Hypothesis and Epistemologies of Ignorance",Social Psychological and Personality Science,10,2,257-265,2018.0,Jason E. Strickhouser; Ethan Zell; Kara E. Harris,Ignorance of History and Perceptions of Racism: Another Look at the Marley Hypothesis,Social Psychological and Personality Science,10.0,7.0,977-985,2018.0,153.0,-0.34,b (unstd),,0.01,<,,225.0,0.05,beta (std),,,,0.48,=,,social sciences,psychology,social psychology,social perception; racism; racism denial; sociocultural factors; racial identity; intergroup dynamics,yes,FoRRT FReD team (June 2026 import),,FReD v2.4.2 (June 2026 import),,,,fred_213,external:fred_v242,10.1177/1948550618808863,10.1177/1948550617751583
https://doi.org/10.1177/1948550611410890,https://doi.org/10.1037/xge0000067,global processing broadens mental categories in memory (replication of original experiment 1; in lab) [Original Study 1.],inconclusive,direct or close,Jens Förster; Markus Denzler,"RETRACTED: Sense Creative! The Impact of Global and Local Vision, Hearing, Touching, Tasting and Smelling on Creative and Analytic Thought",Social Psychological and Personality Science,3,1,108-117,2011.0,Sarahanne M. Field; Eric-Jan Wagenmakers; Ben R. Newell; René Zeelenberg; Don van Ravenzwaaij,Two Bayesian tests of the GLOMOsys Model.,Journal of Experimental Psychology: General,145.0,12.0,e81-e95,2016.0,60.0,"F(4, 114) = 6.61",test statistic,,0.001,<,,100.0,1.38,Bayes factor,,,,,,one-sided,social sciences,psychology,social psychology,priming; social cognition; categorization; creativity; achievement; automatic/implicit processes,yes,FoRRT FReD team (June 2026 import),,FReD v2.4.2 (June 2026 import),,,,fred_214,external:fred_v242,10.1037/xge0000067,10.1177/1948550611410890
https://doi.org/10.1177/1948550611410890,https://doi.org/10.1037/xge0000067,global processing broadens mental categories in memory (replication of original experiment 1; MTurk) [Original Study 1.],failure,direct or close,Jens Förster; Markus Denzler,"RETRACTED: Sense Creative! The Impact of Global and Local Vision, Hearing, Touching, Tasting and Smelling on Creative and Analytic Thought",Social Psychological and Personality Science,3,1,108-117,2011.0,Sarahanne M. Field; Eric-Jan Wagenmakers; Ben R. Newell; René Zeelenberg; Don van Ravenzwaaij,Two Bayesian tests of the GLOMOsys Model.,Journal of Experimental Psychology: General,145.0,12.0,e81-e95,2016.0,60.0,"F(4, 114) = 6.61",test statistic,,0.001,<,,908.0,10.35,Bayes factor,,,,,,one-sided,social sciences,psychology,social psychology,priming; social cognition; categorization; creativity; achievement; automatic/implicit processes,yes,FoRRT FReD team (June 2026 import),,FReD v2.4.2 (June 2026 import),,,,fred_215,external:fred_v242,10.1037/xge0000067,10.1177/1948550611410890
https://doi.org/10.1002/acp.2874,https://doi.org/10.1111/jpr.12158,Believer groups were better at identifying the previously defined face-like regions in the images (Japenese sample) [Original Study 1.],success,direct or close,Tapani Riekki; Marjaana Lindeman; Marja Aleneff; Anni Halme; Antti Nuortimo,Paranormal and Religious Believers Are More Prone to Illusory Face Perception than Skeptics and Non‐believers,Applied Cognitive Psychology,27,2,150-155,2012.0,Yuki Miyazaki,Being Watched by Anthropomorphized Objects Affects Charitable Donation in Religious People,Japanese Psychological Research,59.0,3.0,221-229,2017.0,47.0,0.058,etasq,,0.139,=,,97.0,0.35,beta (std),0.2408318915758459,,,0.001,<,,social sciences,psychology,cognitive psychology,religion; religiosity; anthropomorphism; prosociality; being watched,yes,FoRRT FReD team (June 2026 import),,FReD v2.4.2 (June 2026 import),,,,fred_216,external:fred_v242,10.1111/jpr.12158,10.1002/acp.2874
https://doi.org/10.1002/acp.2874,https://doi.org/10.1111/jpr.12158,Believer groups were better at identifying the previously defined face-like regions in the images (American sample) [Original Study 1.],success,direct or close,Tapani Riekki; Marjaana Lindeman; Marja Aleneff; Anni Halme; Antti Nuortimo,Paranormal and Religious Believers Are More Prone to Illusory Face Perception than Skeptics and Non‐believers,Applied Cognitive Psychology,27,2,150-155,2012.0,Yuki Miyazaki,Being Watched by Anthropomorphized Objects Affects Charitable Donation in Religious People,Japanese Psychological Research,59.0,3.0,221-229,2017.0,47.0,0.058,etasq,,0.139,=,,94.0,0.36,beta (std),0.2408318915758459,,,0.001,<,,social sciences,psychology,cognitive psychology,religion; religiosity; anthropomorphism; prosociality; being watched,yes,FoRRT FReD team (June 2026 import),,FReD v2.4.2 (June 2026 import),,,,fred_217,external:fred_v242,10.1111/jpr.12158,10.1002/acp.2874
https://doi.org/10.1111/j.1467-7687.2009.00859.x,https://doi.org/10.1037/a0024923,"5-year-olds showed some sensitivity to proportion, and adults focused exclusively on proportion. [Original Study 1.]",success,direct or close,Koleen McCrink; Paul Bloom; Laurie R. Santos,Children's and adults' judgments of equitable resource distributions,Developmental Science,13,1,37-45,2009.0,Rowena Ng; Gail D. Heyman; David Barner,Collaboration promotes proportional reasoning about resource distribution in young children.,Developmental Psychology,47.0,5.0,1230-1238,2011.0,16.0,"X2(2, N = 16) = 27.38",test statistic,,0.0001,<,,30.0,"F(2, 29) = 62.05",test statistic,,,,0.001,<,,social sciences,psychology,social psychology,‘Giving Game’; distribute resources; developmental transition,yes,FoRRT FReD team (June 2026 import),,FReD v2.4.2 (June 2026 import),,,,fred_218,external:fred_v242,10.1037/a0024923,10.1111/j.1467-7687.2009.00859.x
https://doi.org/10.1037/0022-3514.89.3.277,https://doi.org/10.1111/bjso.12217,Affect misattribution is observed even if participants are warned against it.,inconclusive,direct or close,B. Payne; Clara Michelle Cheng; O. Govorun; Brandon D. Stewart; Keith Payne We; R. Petty; L. Jacoby; Elizabeth Marsh,An inkblot for attitudes: Affect misattribution as implicit measurement.,Journal of Personality and Social Psychology,89,3,277-293,2005.0,Chad J. Hazlett; Adam J. Berinsky,Stress‐testing the affect misattribution procedure: Heterogeneous control of affect misattribution procedure effects under incentives,British Journal of Social Psychology,57.0,1.0,61-74,2017.0,32.0,"F(2, 60) = 0.40",test statistic,,0.68,=,,1144.0,t(1141) = 0.93,test statistic,,0.0275217209368188,,0.35,=,two-sided,social sciences,psychology,social psychology,attitude; implicit; automatic; projective; measurement; affective priming,yes,FoRRT FReD team (June 2026 import),,FReD v2.4.2 (June 2026 import),,,,fred_219,external:fred_v242,10.1111/bjso.12217,10.1037/0022-3514.89.3.277
https://doi.org/10.1037/0022-3514.89.3.277,https://doi.org/10.1111/bjso.12217,Affect misattribution is observed even if participants are warned against it.,inconclusive,direct or close,B. Payne; Clara Michelle Cheng; O. Govorun; Brandon D. Stewart; Keith Payne We; R. Petty; L. Jacoby; Elizabeth Marsh,An inkblot for attitudes: Affect misattribution as implicit measurement.,Journal of Personality and Social Psychology,89,3,277-293,2005.0,Chad J. Hazlett; Adam J. Berinsky,Stress‐testing the affect misattribution procedure: Heterogeneous control of affect misattribution procedure effects under incentives,British Journal of Social Psychology,57.0,1.0,61-74,2017.0,43.0,"F(2, 82) = 0.58",test statistic,,0.56,=,,1144.0,t(1141) = 0.93,test statistic,,0.0275217209368188,,0.35,=,two-sided,social sciences,psychology,social psychology,attitude; implicit; automatic; projective; measurement; affective priming,yes,FoRRT FReD team (June 2026 import),,FReD v2.4.2 (June 2026 import),,,,fred_220,external:fred_v242,10.1111/bjso.12217,10.1037/0022-3514.89.3.277
https://doi.org/10.1002/ajmg.b.31028,https://doi.org/10.1097/psy.0b013e3181fdd074,DNA methylation levels are associated with reports of childhood abuse (physical or sexual) [Original Study 1.],success,direct or close,Steven R.H. Beach; Gene H. Brody; Alexandre A. Todorov; Tracy D. Gunter; Robert A. Philibert,Methylation at <i>SLC6A4</i> is linked to family history of child abuse: An examination of the Iowa Adoptee sample,American Journal of Medical Genetics Part B: Neuropsychiatric Genetics,153B,2,710-713,2010.0,Steven R. H. Beach; Gene H. Brody; Alexandre A. Todorov; Tracy D. Gunter; Robert A. Philibert,Methylation at 5HTT Mediates the Impact of Child Sex Abuse on Women's Antisocial Behavior: An Examination of the Iowa Adoptee Sample,Psychosomatic Medicine,73.0,1.0,83-87,2011.0,192.0,0.856,b (unstd),,0.0004,=,,155.0,0.301,r,,0.301,,,,,biological sciences,medical fields,psychiatry,Child Abuse; Methylation; environmental stressor,yes,FoRRT FReD team (June 2026 import),,FReD v2.4.2 (June 2026 import); topics AI-tagged (claude sonnet),,,,fred_221,external:fred_v242,10.1097/psy.0b013e3181fdd074,10.1002/ajmg.b.31028
https://doi.org/10.1111/j.1467-7687.2011.01098.x,https://doi.org/10.1016/j.cogdev.2017.10.004,"Infants pointed selectively in the mistaken action con-dition, when the adult had the goal of retrieving the object but an incorrect representation about its location. Importantly, infants provided the new information only when it was relevant to the combination of both the adult’s prior goal representation and her representation of reality. [Original Study 1.]",inconclusive,direct or close,Birgit Knudsen; Ulf Liszkowski,Eighteen‐ and 24‐month‐old infants correct others in anticipation of action mistakes,Developmental Science,15,1,113-122,2011.0,Lindsey J. Powell; Kathryn Hobbs; Alexandros Bardis; Susan Carey; Rebecca Saxe,Replications of implicit theory of mind tasks with varying representational demands,Cognitive Development,46.0,,40-50,2018.0,16.0,0.794,d,,0.001,=,,16.0,t(15) = 2.70,test statistic,0.3689857203973557,0.5718850320700721,,0.05,<,,social sciences,psychology,cognitive psychology,predictions; action mistakes; infants; anticipation,yes,FoRRT FReD team (June 2026 import),,FReD v2.4.2 (June 2026 import),,,,fred_222,external:fred_v242,10.1016/j.cogdev.2017.10.004,10.1111/j.1467-7687.2011.01098.x
https://doi.org/10.1093/scan/nsw175,https://doi.org/10.1111/psyp.12825,different cognitive mechanisms drive the responding of different psychophysiological measures. [Original Study 1.],success,direct or close,Roberta Riccelli; Nicola Toschi; Salvatore Nigro; Antonio Terracciano; Luca Passamonti,Surface-based morphometry reveals the neuroanatomical basis of the five-factor model of personality,Social Cognitive and Affective Neuroscience,12,4,nsw175,2017.0,Nathalie klein Selle; Bruno Verschuere; Merel Kindt; Ewout Meijer; Gershon Ben‐Shakhar,Unraveling the roles of orienting and inhibition in the Concealed Information Test,Psychophysiology,54.0,4.0,628-639,2017.0,109.0,0.25,cohen's f,,0.001,<,,100.0,0.42,cohen's f,0.2425356250363329,0.3872324843550917,,0.001,<,,social sciences,psychology,cognitive psychology,Concealed Information Test (CIT); orienting response (OR); arousal inhibition (AI); skin conductance response (SCR); respiration line length (RLL); heart rate (HR),yes,FoRRT FReD team (June 2026 import),,FReD v2.4.2 (June 2026 import),,,,fred_223,external:fred_v242,10.1111/psyp.12825,10.1093/scan/nsw175
https://doi.org/10.1098/rspb.2022.0128,https://doi.org/10.17605/osf.io/evdp5,People prefer to work together even if individual action is more effective [Original Study 1.],failure,direct or close,Arianna Curioni; Pavel Voinov; Matthias Allritz; Thomas Wolf; Josep Call; Günther Knoblich,Human adults prefer to cooperate even when it is costly,Proceedings of the Royal Society B: Biological Sciences,289,1973,20220128,2022.0,Mikayla Lalli; Michael J Carter,Human adults prefer to cooperate even when it is costly: A replication of Curioni et al. (2022),,,,,2023.0,20.0,0.752,Wilcoxon r,,0.003,=,two-sided,50.0,-0.225,Wilcoxon r,,,,0.112,=,two-sided,social sciences,psychology,social psychology,joint action; cooperation; costly,yes,FoRRT FReD team (June 2026 import),,FReD v2.4.2 (June 2026 import),,,,fred_224,external:fred_v242,10.17605/osf.io/evdp5,10.1098/rspb.2022.0128
https://doi.org/10.1093/jos/ffr009,https://doi.org/10.48550/arxiv.1605.00178,"Main Effect of Verb Type at Word 15 i.e. ""in"" [Original Experiment 1.]",failure,direct or close,Michael Hackl; Jorie Koster-Hale; Jason Varvoutis,Quantification and ACD: Evidence from Real-Time Sentence Processing,Journal of Semantics,29,2,145-206,2012.0,Edward Gibson; Roger Levy,"An attempted replication of Hackl, Koster-Hale, Varvoutis (2012)",,,,,2016.0,44.0,"F(1, 43) = 4.73",test statistic,,0.05,<,,72.0,"F(1, 71) = 7.81",test statistic,0.3148000938676784,0.3148000938676783,,0.007,=,,social sciences,linguistics,psycholinguistics,Semantics; Syntax; real-time sentence processing; antecedent-contained deletion; Quantifier raising approach,yes,FoRRT FReD team (June 2026 import),,FReD v2.4.2 (June 2026 import); topics AI-tagged (claude sonnet),,,,fred_225,external:fred_v242,10.48550/arxiv.1605.00178,10.1093/jos/ffr009
https://doi.org/10.1093/jos/ffr009,https://doi.org/10.48550/arxiv.1605.00178,"Replication of 'Quantification and ACD: Evidence from Real-Time Sentence Processing' (2012); the replication authors reported the replication as failed. Claim tested: ""Ellipsis vs Verb at Word 16"". [Original Experiment 1.]",failure,direct or close,Michael Hackl; Jorie Koster-Hale; Jason Varvoutis,Quantification and ACD: Evidence from Real-Time Sentence Processing,Journal of Semantics,29,2,145-206,2012.0,Edward Gibson; Roger Levy,"An attempted replication of Hackl, Koster-Hale, Varvoutis (2012)",,,,,2016.0,44.0,"F(1, 43) = 6.797",test statistic,,0.05,<,,72.0,"F(1, 71) = 33.82",test statistic,0.3694511690538275,0.5680214340600295,,0.001,<,,social sciences,linguistics,psycholinguistics,Semantics; Syntax; real-time sentence processing; antecedent-contained deletion; Quantifier raising approach,yes,FoRRT FReD team (June 2026 import),,FReD v2.4.2 (June 2026 import); topics AI-tagged (claude sonnet),,,,fred_226,external:fred_v242,10.48550/arxiv.1605.00178,10.1093/jos/ffr009
https://doi.org/10.1093/jos/ffr009,https://doi.org/10.48550/arxiv.1605.00178,"Replication of 'Quantification and ACD: Evidence from Real-Time Sentence Processing' (2012); the replication authors reported the replication as failed. Claim tested: ""Ellipsis vs Verb at Word 17"". [Original Experiment 1.]",failure,direct or close,Michael Hackl; Jorie Koster-Hale; Jason Varvoutis,Quantification and ACD: Evidence from Real-Time Sentence Processing,Journal of Semantics,29,2,145-206,2012.0,Edward Gibson; Roger Levy,"An attempted replication of Hackl, Koster-Hale, Varvoutis (2012)",,,,,2016.0,44.0,"F(1, 43) = 5.619",test statistic,,0.05,<,,72.0,"F(1, 71) = 17.99",test statistic,0.3399589702329137,0.4496193343169997,,0.001,<,,social sciences,linguistics,psycholinguistics,Semantics; Syntax; real-time sentence processing; antecedent-contained deletion; Quantifier raising approach,yes,FoRRT FReD team (June 2026 import),,FReD v2.4.2 (June 2026 import); topics AI-tagged (claude sonnet),,,,fred_227,external:fred_v242,10.48550/arxiv.1605.00178,10.1093/jos/ffr009
https://doi.org/10.1093/jos/ffr009,https://doi.org/10.48550/arxiv.1605.00178,"Replication of 'Quantification and ACD: Evidence from Real-Time Sentence Processing' (2012); the replication authors reported the replication as failed. Claim tested: ""Ellipsis vs Verb at Word 18"". [Original Experiment 1.]",failure,direct or close,Michael Hackl; Jorie Koster-Hale; Jason Varvoutis,Quantification and ACD: Evidence from Real-Time Sentence Processing,Journal of Semantics,29,2,145-206,2012.0,Edward Gibson; Roger Levy,"An attempted replication of Hackl, Koster-Hale, Varvoutis (2012)",,,,,2016.0,44.0,"F(1, 43) = 7.163",test statistic,,0.05,<,,72.0,"F(1, 71) = 3.96",test statistic,0.3778815819310614,0.22984380571745,,0.05,=,,social sciences,linguistics,psycholinguistics,Semantics; Syntax; real-time sentence processing; antecedent-contained deletion; Quantifier raising approach,yes,FoRRT FReD team (June 2026 import),,FReD v2.4.2 (June 2026 import); topics AI-tagged (claude sonnet),,,,fred_228,external:fred_v242,10.48550/arxiv.1605.00178,10.1093/jos/ffr009
https://doi.org/10.1093/jos/ffr009,https://doi.org/10.48550/arxiv.1605.00178,Ellipsis- Size on the second word after the V/Aux position [Original Experiment 2.],failure,direct or close,Michael Hackl; Jorie Koster-Hale; Jason Varvoutis,Quantification and ACD: Evidence from Real-Time Sentence Processing,Journal of Semantics,29,2,145-206,2012.0,Edward Gibson; Roger Levy,"An attempted replication of Hackl, Koster-Hale, Varvoutis (2012)",,,,,2016.0,48.0,"F(2, 46) = 13.059",test statistic,,0.025,<,,72.0,"F(2, 144) = 36.84",test statistic,,,,0.001,<,,social sciences,linguistics,psycholinguistics,Semantics; Syntax; real-time sentence processing; antecedent-contained deletion; Quantifier raising approach,yes,FoRRT FReD team (June 2026 import),,FReD v2.4.2 (June 2026 import); topics AI-tagged (claude sonnet),,,,fred_229,external:fred_v242,10.48550/arxiv.1605.00178,10.1093/jos/ffr009
https://doi.org/10.1093/jos/ffr009,https://doi.org/10.48550/arxiv.1605.00178,Ellipsis- Size on the third word after the V/Aux position [Original Experiment 2.],failure,direct or close,Michael Hackl; Jorie Koster-Hale; Jason Varvoutis,Quantification and ACD: Evidence from Real-Time Sentence Processing,Journal of Semantics,29,2,145-206,2012.0,Edward Gibson; Roger Levy,"An attempted replication of Hackl, Koster-Hale, Varvoutis (2012)",,,,,2016.0,48.0,"F(2, 46) = 10.066",test statistic,,0.017,<,,72.0,"F(2, 144) = 28.32",test statistic,,,,0.001,<,,social sciences,linguistics,psycholinguistics,Semantics; Syntax; real-time sentence processing; antecedent-contained deletion; Quantifier raising approach,yes,FoRRT FReD team (June 2026 import),,FReD v2.4.2 (June 2026 import); topics AI-tagged (claude sonnet),,,,fred_230,external:fred_v242,10.48550/arxiv.1605.00178,10.1093/jos/ffr009
https://doi.org/10.1093/jos/ffr009,https://doi.org/10.48550/arxiv.1605.00178,Determiner by Ellipsis-Size interaction on the second word after the V/Aux site [Original Experiment 2.],failure,direct or close,Michael Hackl; Jorie Koster-Hale; Jason Varvoutis,Quantification and ACD: Evidence from Real-Time Sentence Processing,Journal of Semantics,29,2,145-206,2012.0,Edward Gibson; Roger Levy,"An attempted replication of Hackl, Koster-Hale, Varvoutis (2012)",,,,,2016.0,48.0,"F(2, 46) = 4.297",test statistic,,0.025,<,,72.0,"F(2, 144) = 1.51",test statistic,,,,0.225,=,,social sciences,linguistics,psycholinguistics,Semantics; Syntax; real-time sentence processing; antecedent-contained deletion; Quantifier raising approach,yes,FoRRT FReD team (June 2026 import),,FReD v2.4.2 (June 2026 import); topics AI-tagged (claude sonnet),,,,fred_231,external:fred_v242,10.48550/arxiv.1605.00178,10.1093/jos/ffr009
https://doi.org/10.1093/jos/ffr009,https://doi.org/10.48550/arxiv.1605.00178,"Replication of 'Quantification and ACD: Evidence from Real-Time Sentence Processing' (2012); the replication authors reported the replication as failed. Claim tested: ""Determiner vs Ellipsis interaction"". [Original Experiment 2.]",failure,direct or close,Michael Hackl; Jorie Koster-Hale; Jason Varvoutis,Quantification and ACD: Evidence from Real-Time Sentence Processing,Journal of Semantics,29,2,145-206,2012.0,Edward Gibson; Roger Levy,"An attempted replication of Hackl, Koster-Hale, Varvoutis (2012)",,,,,2016.0,48.0,"F(1, 47) = 4.52",test statistic,,0.05,<,,72.0,"F(1, 72) = 2.478",test statistic,0.2961974328968068,0.1824049619064446,,0.12,=,,social sciences,linguistics,psycholinguistics,Semantics; Syntax; real-time sentence processing; antecedent-contained deletion; Quantifier raising approach,yes,FoRRT FReD team (June 2026 import),,FReD v2.4.2 (June 2026 import); topics AI-tagged (claude sonnet),,,,fred_232,external:fred_v242,10.48550/arxiv.1605.00178,10.1093/jos/ffr009
https://doi.org/10.1037/a0012840,https://doi.org/10.1002/pits.22027,Emotional engagement in the Fall is associated with behavioral engagement in Spring,inconclusive,direct or close,Ellen Skinner; Carrie Furrer; Gwen Marchand; Thomas Kindermann,Engagement and disaffection in the classroom: Part of a larger motivational dynamic?,Journal of Educational Psychology,100,4,765-781,2008.0,Ana M. Taboada Barber; Michelle M. Buehl; Jori S. Beck,DYNAMICS OF ENGAGEMENT AND DISAFFECTION IN A SOCIAL STUDIES CLASSROOM CONTEXT,Psychology in the Schools,54.0,7.0,736-755,2017.0,805.0,0.24,beta (std),,0.001,<,,123.0,0.23,beta (std),,,,0.05,<,,social sciences,education,,academic engagement; disaffection; achievement motivation; classroom participation; emotional engagement,yes,FoRRT FReD team (June 2026 import),,FReD v2.4.2 (June 2026 import),,,,fred_233,external:fred_v242,10.1002/pits.22027,10.1037/a0012840
https://doi.org/10.1037/a0012840,https://doi.org/10.1002/pits.22027,Emotional engagement in the Fall is associated with disaffected behavior in Spring,inconclusive,direct or close,Ellen Skinner; Carrie Furrer; Gwen Marchand; Thomas Kindermann,Engagement and disaffection in the classroom: Part of a larger motivational dynamic?,Journal of Educational Psychology,100,4,765-781,2008.0,Ana M. Taboada Barber; Michelle M. Buehl; Jori S. Beck,DYNAMICS OF ENGAGEMENT AND DISAFFECTION IN A SOCIAL STUDIES CLASSROOM CONTEXT,Psychology in the Schools,54.0,7.0,736-755,2017.0,805.0,-0.11,beta (std),,0.001,<,,123.0,-0.21,beta (std),,,,0.05,<,,social sciences,education,,academic engagement; disaffection; achievement motivation; classroom participation; emotional engagement,yes,FoRRT FReD team (June 2026 import),,FReD v2.4.2 (June 2026 import),,,,fred_234,external:fred_v242,10.1002/pits.22027,10.1037/a0012840
https://doi.org/10.1037/a0012840,https://doi.org/10.1002/pits.22027,Disaffected emotion in the Fall is associated with behavioral engagement in Spring,inconclusive,direct or close,Ellen Skinner; Carrie Furrer; Gwen Marchand; Thomas Kindermann,Engagement and disaffection in the classroom: Part of a larger motivational dynamic?,Journal of Educational Psychology,100,4,765-781,2008.0,Ana M. Taboada Barber; Michelle M. Buehl; Jori S. Beck,DYNAMICS OF ENGAGEMENT AND DISAFFECTION IN A SOCIAL STUDIES CLASSROOM CONTEXT,Psychology in the Schools,54.0,7.0,736-755,2017.0,805.0,-0.18,beta (std),,0.001,<,,123.0,-0.02,beta (std),,,,0.1,>,,social sciences,education,,academic engagement; disaffection; achievement motivation; classroom participation; emotional engagement,yes,FoRRT FReD team (June 2026 import),,FReD v2.4.2 (June 2026 import),,,,fred_235,external:fred_v242,10.1002/pits.22027,10.1037/a0012840
https://doi.org/10.1037/a0012840,https://doi.org/10.1002/pits.22027,Disaffected emotion in the Fall is associated with disaffected behavior in Spring,inconclusive,direct or close,Ellen Skinner; Carrie Furrer; Gwen Marchand; Thomas Kindermann,Engagement and disaffection in the classroom: Part of a larger motivational dynamic?,Journal of Educational Psychology,100,4,765-781,2008.0,Ana M. Taboada Barber; Michelle M. Buehl; Jori S. Beck,DYNAMICS OF ENGAGEMENT AND DISAFFECTION IN A SOCIAL STUDIES CLASSROOM CONTEXT,Psychology in the Schools,54.0,7.0,736-755,2017.0,805.0,0.16,beta (std),,0.001,<,,123.0,-0.12,beta (std),,,,0.1,>,,social sciences,education,,academic engagement; disaffection; achievement motivation; classroom participation; emotional engagement,yes,FoRRT FReD team (June 2026 import),,FReD v2.4.2 (June 2026 import),,,,fred_236,external:fred_v242,10.1002/pits.22027,10.1037/a0012840
https://doi.org/10.1037/a0012840,https://doi.org/10.1002/pits.22027,Behavioral engagement in the Fall is associated with emotional engagement in Spring,inconclusive,direct or close,Ellen Skinner; Carrie Furrer; Gwen Marchand; Thomas Kindermann,Engagement and disaffection in the classroom: Part of a larger motivational dynamic?,Journal of Educational Psychology,100,4,765-781,2008.0,Ana M. Taboada Barber; Michelle M. Buehl; Jori S. Beck,DYNAMICS OF ENGAGEMENT AND DISAFFECTION IN A SOCIAL STUDIES CLASSROOM CONTEXT,Psychology in the Schools,54.0,7.0,736-755,2017.0,805.0,0.1,beta (std),,0.01,<,,123.0,0.15,beta (std),,,,0.1,<,,social sciences,education,,academic engagement; disaffection; achievement motivation; classroom participation; emotional engagement,yes,FoRRT FReD team (June 2026 import),,FReD v2.4.2 (June 2026 import),,,,fred_237,external:fred_v242,10.1002/pits.22027,10.1037/a0012840
https://doi.org/10.1037/a0012840,https://doi.org/10.1002/pits.22027,Behavioral engagement in the Fall is associated with disaffected emotion in Spring,inconclusive,direct or close,Ellen Skinner; Carrie Furrer; Gwen Marchand; Thomas Kindermann,Engagement and disaffection in the classroom: Part of a larger motivational dynamic?,Journal of Educational Psychology,100,4,765-781,2008.0,Ana M. Taboada Barber; Michelle M. Buehl; Jori S. Beck,DYNAMICS OF ENGAGEMENT AND DISAFFECTION IN A SOCIAL STUDIES CLASSROOM CONTEXT,Psychology in the Schools,54.0,7.0,736-755,2017.0,805.0,-0.01,beta (std),,0.05,,,123.0,-0.03,beta (std),,,,0.1,>,,social sciences,education,,academic engagement; disaffection; achievement motivation; classroom participation; emotional engagement,yes,FoRRT FReD team (June 2026 import),,FReD v2.4.2 (June 2026 import),,,,fred_238,external:fred_v242,10.1002/pits.22027,10.1037/a0012840
https://doi.org/10.1037/a0012840,https://doi.org/10.1002/pits.22027,Disaffected behavior in the Fall is associated with emotional engagement in Spring,inconclusive,direct or close,Ellen Skinner; Carrie Furrer; Gwen Marchand; Thomas Kindermann,Engagement and disaffection in the classroom: Part of a larger motivational dynamic?,Journal of Educational Psychology,100,4,765-781,2008.0,Ana M. Taboada Barber; Michelle M. Buehl; Jori S. Beck,DYNAMICS OF ENGAGEMENT AND DISAFFECTION IN A SOCIAL STUDIES CLASSROOM CONTEXT,Psychology in the Schools,54.0,7.0,736-755,2017.0,805.0,-0.1,beta (std),,0.01,<,,123.0,-0.12,beta (std),,,,0.1,>,,social sciences,education,,academic engagement; disaffection; achievement motivation; classroom participation; emotional engagement,yes,FoRRT FReD team (June 2026 import),,FReD v2.4.2 (June 2026 import),,,,fred_239,external:fred_v242,10.1002/pits.22027,10.1037/a0012840
https://doi.org/10.1037/a0012840,https://doi.org/10.1002/pits.22027,Disaffected behavior in the Fall is associated with disaffected emotion in Spring,inconclusive,direct or close,Ellen Skinner; Carrie Furrer; Gwen Marchand; Thomas Kindermann,Engagement and disaffection in the classroom: Part of a larger motivational dynamic?,Journal of Educational Psychology,100,4,765-781,2008.0,Ana M. Taboada Barber; Michelle M. Buehl; Jori S. Beck,DYNAMICS OF ENGAGEMENT AND DISAFFECTION IN A SOCIAL STUDIES CLASSROOM CONTEXT,Psychology in the Schools,54.0,7.0,736-755,2017.0,805.0,0.14,beta (std),,0.001,<,,123.0,0.05,beta (std),,,,0.1,>,,social sciences,education,,academic engagement; disaffection; achievement motivation; classroom participation; emotional engagement,yes,FoRRT FReD team (June 2026 import),,FReD v2.4.2 (June 2026 import),,,,fred_240,external:fred_v242,10.1002/pits.22027,10.1037/a0012840
https://doi.org/10.1002/bdm.586,https://doi.org/10.1525/collabra.310,numerical anchoring in business name increases price estimations [Original Study 3.],failure,direct or close,Clayton R. Critcher; Thomas Gilovich,Incidental environmental anchors,Journal of Behavioral Decision Making,21,3,241-251,2007.0,David R. Shanks; Pietro Barbieri-Hermitte; Miguel A. Vadillo,Do Incidental Environmental Anchors Bias Consumers’ Price Estimations?,Collabra: Psychology,6.0,1.0,,2020.0,194.0,"F(1, 188) = 4.91",test statistic,,0.03,=,,144.0,0.11,d,0.1595377179485783,0.0549170007571354,,0.26,=,,social sciences,psychology,cognitive psychology,anchoring; bias; judgment; consumer price estimations,yes,FoRRT FReD team (June 2026 import),,FReD v2.4.2 (June 2026 import),,,,fred_241,external:fred_v242,10.1525/collabra.310,10.1002/bdm.586
https://doi.org/10.1002/bdm.586,https://doi.org/10.1525/collabra.310,numerical anchoring in business name increases price estimations [Original Study 3.],failure,direct or close,Clayton R. Critcher; Thomas Gilovich,Incidental environmental anchors,Journal of Behavioral Decision Making,21,3,241-251,2007.0,David R. Shanks; Pietro Barbieri-Hermitte; Miguel A. Vadillo,Do Incidental Environmental Anchors Bias Consumers’ Price Estimations?,Collabra: Psychology,6.0,1.0,,2020.0,194.0,"F(1, 188) = 4.91",test statistic,,0.03,=,,273.0,0.01,d,0.1595377179485783,0.0049999375011718,,0.05,>,one-sided,social sciences,psychology,cognitive psychology,anchoring; bias; judgment; consumer price estimations,yes,FoRRT FReD team (June 2026 import),,FReD v2.4.2 (June 2026 import),,,,fred_242,external:fred_v242,10.1525/collabra.310,10.1002/bdm.586
https://doi.org/10.1002/bdm.586,https://doi.org/10.1525/collabra.310,numerical anchoring in business name increases price estimations [Original Study 3.],failure,direct or close,Clayton R. Critcher; Thomas Gilovich,Incidental environmental anchors,Journal of Behavioral Decision Making,21,3,241-251,2007.0,David R. Shanks; Pietro Barbieri-Hermitte; Miguel A. Vadillo,Do Incidental Environmental Anchors Bias Consumers’ Price Estimations?,Collabra: Psychology,6.0,1.0,,2020.0,194.0,"F(1, 188) = 4.91",test statistic,,0.03,=,,874.0,-0.01,d,0.1595377179485783,-0.0049999375011718,,0.05,>,one-sided,social sciences,psychology,cognitive psychology,anchoring; bias; judgment; consumer price estimations,yes,FoRRT FReD team (June 2026 import),,FReD v2.4.2 (June 2026 import),,,,fred_243,external:fred_v242,10.1525/collabra.310,10.1002/bdm.586
https://doi.org/10.1007/s11002-014-9295-0,https://doi.org/10.1525/collabra.310,numerical anchoring in business name increases price estimations [Original Study 1.],failure,direct or close,Kivilcim Dogerlioglu-Demir; Cenk Koçaş,Seemingly incidental anchoring: the effect of incidental environmental anchors on consumers’ willingness to pay,Marketing Letters,26,4,607-618,2014.0,David R. Shanks; Pietro Barbieri-Hermitte; Miguel A. Vadillo,Do Incidental Environmental Anchors Bias Consumers’ Price Estimations?,Collabra: Psychology,6.0,1.0,,2020.0,58.0,0.54,d,,0.04,=,,144.0,0.11,d,0.2606658522907645,0.0549170007571354,,0.26,=,one-sided,social sciences,psychology,cognitive psychology,anchoring; bias; judgment; consumer price estimations,yes,FoRRT FReD team (June 2026 import),,FReD v2.4.2 (June 2026 import),,,,fred_244,external:fred_v242,10.1525/collabra.310,10.1007/s11002-014-9295-0
https://doi.org/10.1111/j.1467-9280.2008.02081.x,https://doi.org/10.1177/2515245920958687,Detecting the snake in the grass: attention to fear-relevant stimuli by adults and young children. [Original Study 3.],failure,direct or close,Vanessa LoBue; Judy S. DeLoache,Detecting the Snake in the Grass,Psychological Science,19,3,284-289,2008.0,Charles R. Ebersole; Maya B. Mathur; Erica Baranski; Diane-Jo Bart-Plange; Nicholas R. Buttrick; Christopher R. Chartier; Katherine S. Corker; Martin Corley; Joshua K. Hartshorne; Hans IJzerman; Ljiljana B. Lazarević; Hugh Rabagliati; Ivan Ropovik; Balázs Aczél; Lena Fanya Aeschbach; Luca Andrighetto; Jack Arnal; Holly Arrow; Peter Babinčák; Bence E. Bakos; Gabriel Baník; Ernest Baskin; Radomir Belopavlović; Michael H. Bernstein; Michał Białek; Nicholas Bloxsom; Bojana Bodroža; Diane B. V. Bonfiglio; Leanne Boucher; Florian Brühlmann; Claudia Chloe Brumbaugh; Erica Casini; Yiling Chen; Carlo Chiorri; William J. Chopik; Oliver Christ; Antonia M. Ciunci; Heather M. Claypool; Sean P. Coary; Marija V. Čolić; W. Matthew Collins; Paul Curran; Chris Day; Benjamin Dering; Anna Dreber; John E. Edlund; Filipe Falcão; Anna Fedor; Lily Feinberg; Ian Ferguson; Máire B. Ford; Michael C. Frank; Emily Fryberger; Alexander Garinther; Katarzyna Gawryluk; Kayla Ashbaugh; Mauro Giacomantonio; Steffen R. Giessner; Jon Grahe; Rosanna E. Guadagno; Ewa Hałasa; Peter Hancock; Rias A. Hilliard; Joachim Hüffmeier; Sean Hughes; Katarzyna Idzikowska; Michael Inzlicht; Alan Jern; William Jiménez‐Leal; Magnus Johannesson; Jennifer A. Joy-Gaba; Mathias Kauff; Danielle Kellier; Grecia Kessinger; Mallory C. Kidwell; Amanda M. Kimbrough; Josiah King; Vanessa S. Kolb; Sabina Kołodziej; Márton Kovács; Karolina Krasuska; Sue Kraus; Lacy E. Krueger; Katarzyna Kuchno; Caio Ambrosio Lage; Eleanor V. Langford; Carmel Levitan; Tiago Jessé Souza de Lima; Hause Lin; Samuel Lins; Jia E. Loy; Dylan Manfredi; Łukasz Markiewicz; Madhavi Menon; Brett Mercier; Mitchell M. Metzger; Venus Meyet; Ailsa E. Millen; Jeremy K. Miller; Andres Montealegre; Don A. Moore; Rafał Muda; Gideon Nave; Austin Nichols; Sarah A. Novak; Christian Nunnally; Ana Orlić; Anna Pálinkás; Angelo Panno; Kimberly P. Parks; Ivana Pedović; Emilian Pękala; Matthew R. Penner; Sebastiaan Pessers; Boban Petrović; Thomas Pfeiffer; Damian Pieńkosz; Emanuele Preti; Danka Purić; Tiago Ramos; Jonathan D. Ravid; Timothy S. Razza; Katrin Rentzsch; Juliette Richetin; Sean C. Rife; Anna Dalla Rosa; Kaylis Hase Rudy; Janos Salamon; Blair Saunders; Przemysław Sawicki; Kathleen Schmidt; Kurt Schuepfer; Thomas Schultze; Stefan Schulz‐Hardt; Astrid Schütz; Ani N. Shabazian; Rachel L. Shubella; Adam Siegel; Rúben Silva; Barbara Sioma; Lauren Skorb; Luana Elayne Cunha de Souza; Sara Steegen; L. A. R. Stein; Rolf Sternglanz; Darko Stojilović; Daniel Storage; Gavin Brent Sullivan; Barnabás Szászi; Péter Szécsi; Orsolya Szöke; Attila Szuts; Manuela Thomae; Natasha Tidwell; Carly Tocco; Ann‐Kathrin Torka; Francis Tuerlinckx; Wolf Vanpaemel; Leigh Ann Vaughn; Michelangelo Vianello; Domenico Viganola; Maria Vlachou; Ryan J. Walker; Sophia Christin Weißgerber; Aaron L. Wichman; Bradford J. Wiggins; Daniel Wolf; Michael Wood; David Zealley; Iris Žeželj; Márk Zrubka; Brian A. Nosek,Many Labs 5: Testing Pre-Data-Collection Peer Review as an Intervention to Increase Replicability,Advances in Methods and Practices in Psychological Science,3.0,3.0,309-331,2020.0,48.0,"F(1, 44) = 13.42",test statistic,,0.01,<,,286.0,0.01,r,0.4834423182715653,0.01,,0.05,>,,social sciences,psychology,cognitive psychology,Adult; Age Factors; Animals; Attention; Child; Preschool; Fear; Field Dependence-Independence; Humans; Pattern Recognition; Visual; Reaction Time; Snakes,yes,FoRRT FReD team (June 2026 import),,FReD v2.4.2 (June 2026 import),,,,fred_245,external:fred_v242,10.1177/2515245920958687,10.1111/j.1467-9280.2008.02081.x
https://doi.org/10.1111/j.1467-9280.2008.02081.x,https://doi.org/10.1177/2515245920958687,Detecting the snake in the grass: attention to fear-relevant stimuli by adults and young children. [Original Study 3.],failure,direct or close,Vanessa LoBue; Judy S. DeLoache,Detecting the Snake in the Grass,Psychological Science,19,3,284-289,2008.0,Charles R. Ebersole; Maya B. Mathur; Erica Baranski; Diane-Jo Bart-Plange; Nicholas R. Buttrick; Christopher R. Chartier; Katherine S. Corker; Martin Corley; Joshua K. Hartshorne; Hans IJzerman; Ljiljana B. Lazarević; Hugh Rabagliati; Ivan Ropovik; Balázs Aczél; Lena Fanya Aeschbach; Luca Andrighetto; Jack Arnal; Holly Arrow; Peter Babinčák; Bence E. Bakos; Gabriel Baník; Ernest Baskin; Radomir Belopavlović; Michael H. Bernstein; Michał Białek; Nicholas Bloxsom; Bojana Bodroža; Diane B. V. Bonfiglio; Leanne Boucher; Florian Brühlmann; Claudia Chloe Brumbaugh; Erica Casini; Yiling Chen; Carlo Chiorri; William J. Chopik; Oliver Christ; Antonia M. Ciunci; Heather M. Claypool; Sean P. Coary; Marija V. Čolić; W. Matthew Collins; Paul Curran; Chris Day; Benjamin Dering; Anna Dreber; John E. Edlund; Filipe Falcão; Anna Fedor; Lily Feinberg; Ian Ferguson; Máire B. Ford; Michael C. Frank; Emily Fryberger; Alexander Garinther; Katarzyna Gawryluk; Kayla Ashbaugh; Mauro Giacomantonio; Steffen R. Giessner; Jon Grahe; Rosanna E. Guadagno; Ewa Hałasa; Peter Hancock; Rias A. Hilliard; Joachim Hüffmeier; Sean Hughes; Katarzyna Idzikowska; Michael Inzlicht; Alan Jern; William Jiménez‐Leal; Magnus Johannesson; Jennifer A. Joy-Gaba; Mathias Kauff; Danielle Kellier; Grecia Kessinger; Mallory C. Kidwell; Amanda M. Kimbrough; Josiah King; Vanessa S. Kolb; Sabina Kołodziej; Márton Kovács; Karolina Krasuska; Sue Kraus; Lacy E. Krueger; Katarzyna Kuchno; Caio Ambrosio Lage; Eleanor V. Langford; Carmel Levitan; Tiago Jessé Souza de Lima; Hause Lin; Samuel Lins; Jia E. Loy; Dylan Manfredi; Łukasz Markiewicz; Madhavi Menon; Brett Mercier; Mitchell M. Metzger; Venus Meyet; Ailsa E. Millen; Jeremy K. Miller; Andres Montealegre; Don A. Moore; Rafał Muda; Gideon Nave; Austin Nichols; Sarah A. Novak; Christian Nunnally; Ana Orlić; Anna Pálinkás; Angelo Panno; Kimberly P. Parks; Ivana Pedović; Emilian Pękala; Matthew R. Penner; Sebastiaan Pessers; Boban Petrović; Thomas Pfeiffer; Damian Pieńkosz; Emanuele Preti; Danka Purić; Tiago Ramos; Jonathan D. Ravid; Timothy S. Razza; Katrin Rentzsch; Juliette Richetin; Sean C. Rife; Anna Dalla Rosa; Kaylis Hase Rudy; Janos Salamon; Blair Saunders; Przemysław Sawicki; Kathleen Schmidt; Kurt Schuepfer; Thomas Schultze; Stefan Schulz‐Hardt; Astrid Schütz; Ani N. Shabazian; Rachel L. Shubella; Adam Siegel; Rúben Silva; Barbara Sioma; Lauren Skorb; Luana Elayne Cunha de Souza; Sara Steegen; L. A. R. Stein; Rolf Sternglanz; Darko Stojilović; Daniel Storage; Gavin Brent Sullivan; Barnabás Szászi; Péter Szécsi; Orsolya Szöke; Attila Szuts; Manuela Thomae; Natasha Tidwell; Carly Tocco; Ann‐Kathrin Torka; Francis Tuerlinckx; Wolf Vanpaemel; Leigh Ann Vaughn; Michelangelo Vianello; Domenico Viganola; Maria Vlachou; Ryan J. Walker; Sophia Christin Weißgerber; Aaron L. Wichman; Bradford J. Wiggins; Daniel Wolf; Michael Wood; David Zealley; Iris Žeželj; Márk Zrubka; Brian A. Nosek,Many Labs 5: Testing Pre-Data-Collection Peer Review as an Intervention to Increase Replicability,Advances in Methods and Practices in Psychological Science,3.0,3.0,309-331,2020.0,48.0,"F(1, 44) = 13.42",test statistic,,0.01,<,,259.0,0.04,r,0.4834423182715653,0.04,,0.05,>,,social sciences,psychology,cognitive psychology,Adult; Age Factors; Animals; Attention; Child; Preschool; Fear; Field Dependence-Independence; Humans; Pattern Recognition; Visual; Reaction Time; Snakes,yes,FoRRT FReD team (June 2026 import),,FReD v2.4.2 (June 2026 import),,,,fred_246,external:fred_v242,10.1177/2515245920958687,10.1111/j.1467-9280.2008.02081.x
https://doi.org/10.1037/0022-3514.76.6.893,https://doi.org/10.17605/osf.io/7weum,Participants smiled more times per minute when with the smiling confederate than with the neutral confederate [Original Experiment 1.],inconclusive,direct or close,Tanya L. Chartrand; John A. Bargh,The chameleon effect: The perception–behavior link and social interaction.,Journal of Personality and Social Psychology,76,6,893-910,1999.0,Nico Förster; Georg Felser; Lukas Röseler,The Chameleon Effect: A Replication Study,,,,,2022.0,35.0,"F(1, 34) = 20.31",test statistic,,0.0001,<,,13.0,0.453,etasq,0.6115261884320902,0.6730527468185536,,0.012,=,one-sided,social sciences,psychology,social psychology,Analysis of Variance; Empathy; Facial Expression; Imitative Behavior; Interpersonal Relations; Posture; Social Behavior; Social Perception,yes,FoRRT FReD team (June 2026 import),,FReD v2.4.2 (June 2026 import),,,,fred_247,external:fred_v242,10.17605/osf.io/7weum,10.1037/0022-3514.76.6.893
https://doi.org/10.1037/0022-3514.76.6.893,https://doi.org/10.17605/osf.io/7weum,Chameleon effect specifically predicts that participants should engage in face rubbing more in the presence of the confederate engaging in that behavior [Original Experiment 1.],inconclusive,direct or close,Tanya L. Chartrand; John A. Bargh,The chameleon effect: The perception–behavior link and social interaction.,Journal of Personality and Social Psychology,76,6,893-910,1999.0,Nico Förster; Georg Felser; Lukas Röseler,The Chameleon Effect: A Replication Study,,,,,2022.0,35.0,"F(1, 34) = 5.71",test statistic,,0.025,<,,12.0,0.037,etasq,0.3791998095899437,0.1923538406167134,,0.547,=,,social sciences,psychology,social psychology,Analysis of Variance; Empathy; Facial Expression; Imitative Behavior; Interpersonal Relations; Posture; Social Behavior; Social Perception,yes,FoRRT FReD team (June 2026 import),,FReD v2.4.2 (June 2026 import),,,,fred_248,external:fred_v242,10.17605/osf.io/7weum,10.1037/0022-3514.76.6.893
https://doi.org/10.1037/0022-3514.76.6.893,https://doi.org/10.17605/osf.io/7weum,Chameleon effect specifically predicts that participants should engage in foot shaking more in the presence of the confederate engaging in that behavior [Original Experiment 1.],inconclusive,direct or close,Tanya L. Chartrand; John A. Bargh,The chameleon effect: The perception–behavior link and social interaction.,Journal of Personality and Social Psychology,76,6,893-910,1999.0,Nico Förster; Georg Felser; Lukas Röseler,The Chameleon Effect: A Replication Study,,,,,2022.0,35.0,"F(1, 34) = 3.76",test statistic,,0.06,=,,12.0,0.171,etasq,0.3155570807103536,0.4135214625627066,,0.182,=,,social sciences,psychology,social psychology,Analysis of Variance; Empathy; Facial Expression; Imitative Behavior; Interpersonal Relations; Posture; Social Behavior; Social Perception,yes,FoRRT FReD team (June 2026 import),,FReD v2.4.2 (June 2026 import),,,,fred_249,external:fred_v242,10.17605/osf.io/7weum,10.1037/0022-3514.76.6.893
https://doi.org/10.1037/0022-3514.76.6.893,https://doi.org/10.17605/osf.io/7weum,"""There was no significant main effect for confederate expression across the two behaviors being mimicked, nor was the interaction significant (Fs < 1)"" [Original Experiment 1.]",inconclusive,direct or close,Tanya L. Chartrand; John A. Bargh,The chameleon effect: The perception–behavior link and social interaction.,Journal of Personality and Social Psychology,76,6,893-910,1999.0,Nico Förster; Georg Felser; Lukas Röseler,The Chameleon Effect: A Replication Study,,,,,2022.0,35.0,F < 1,test statistic,,,,,10.0,0.034,etasq,,0.1843908891458577,,0.612,=,,social sciences,psychology,social psychology,Analysis of Variance; Empathy; Facial Expression; Imitative Behavior; Interpersonal Relations; Posture; Social Behavior; Social Perception,yes,FoRRT FReD team (June 2026 import),,FReD v2.4.2 (June 2026 import),,,,fred_250,external:fred_v242,10.17605/osf.io/7weum,10.1037/0022-3514.76.6.893
https://doi.org/10.1037/0022-3514.76.6.893,https://doi.org/10.17605/osf.io/7weum,"""There was no significant main effect for confederate expression across the two behaviors being mimicked, nor was the interaction significant (Fs < 1)"" [Original Experiment 1.]",inconclusive,direct or close,Tanya L. Chartrand; John A. Bargh,The chameleon effect: The perception–behavior link and social interaction.,Journal of Personality and Social Psychology,76,6,893-910,1999.0,Nico Förster; Georg Felser; Lukas Röseler,The Chameleon Effect: A Replication Study,,,,,2022.0,35.0,F < 1,test statistic,,,,,10.0,0.074,etasq,,0.2720294101747089,,0.449,=,,social sciences,psychology,social psychology,Analysis of Variance; Empathy; Facial Expression; Imitative Behavior; Interpersonal Relations; Posture; Social Behavior; Social Perception,yes,FoRRT FReD team (June 2026 import),,FReD v2.4.2 (June 2026 import),,,,fred_251,external:fred_v242,10.17605/osf.io/7weum,10.1037/0022-3514.76.6.893
https://doi.org/10.1023/a:1015044207315,https://doi.org/10.31234/osf.io/nymh2,"Framing matters: Participants were significantly more likely to consent to the survey when the choice was framed positively (e.g., ""Notify me"") rather than negatively (e.g., ""Do NOT notify me""), regardless of the default setting [Original Study 2.]",failure,direct or close,Eric J. Johnson; Steven Bellman; Gerald L. Lohse,"Defaults, Framing and Privacy: Why Opting In-Opting Out1",Marketing Letters,13,1,5-15,2002.0,Subramanya Prasad Chandrashekar; Nadia Adelina; Shiyuan Zeng; CHIU Yan Ying Esther; Grace Yat Sum Leung; Paul Henne; Boley Cheng; Gilad Feldman,"Defaults versus framing: Revisiting Default Effect and Framing Effect with replications and extensions of Johnson and Goldstein (2003) and Johnson, Bellman, and Lohse (2002)",Meta-Psychology,,,,2022.0,235.0,2.144927246,test statistic,,0.02,<,,1920.0,15.3,OR,,0.6010082535905737,,0.001,<,,social sciences,psychology,consumer psychology / marketing,Privacy; consumer choice; framing; default effects; electronic commerce,yes,FoRRT FReD team (June 2026 import),,FReD v2.4.2 (June 2026 import),,,,fred_252,external:fred_v242,10.31234/osf.io/nymh2,10.1023/a:1015044207315
https://doi.org/10.1023/a:1015044207315,https://doi.org/10.31234/osf.io/nymh2,"Defaults matter: Participation rates were significantly higher when the default option was set to ""Participate"" (requiring the user to Opt-Out to decline) compared to when the default was set to ""Not Participate"" (requiring the user to Opt-In to accept) [Original Study 2.]",failure,direct or close,Eric J. Johnson; Steven Bellman; Gerald L. Lohse,"Defaults, Framing and Privacy: Why Opting In-Opting Out1",Marketing Letters,13,1,5-15,2002.0,Subramanya Prasad Chandrashekar; Nadia Adelina; Shiyuan Zeng; CHIU Yan Ying Esther; Grace Yat Sum Leung; Paul Henne; Boley Cheng; Gilad Feldman,"Defaults versus framing: Revisiting Default Effect and Framing Effect with replications and extensions of Johnson and Goldstein (2003) and Johnson, Bellman, and Lohse (2002)",Meta-Psychology,,,,2022.0,157.0,4.513753227,test statistic,,0.001,<,,1920.0,0.75,OR,,-0.0790555160199833,,0.095,=,,social sciences,psychology,consumer psychology / marketing,Privacy; consumer choice; framing; default effects; electronic commerce,yes,FoRRT FReD team (June 2026 import),,FReD v2.4.2 (June 2026 import),,,,fred_253,external:fred_v242,10.31234/osf.io/nymh2,10.1023/a:1015044207315
https://doi.org/10.1002/ejsp.446,https://doi.org/10.1177/0033294120957242,There was a significant difference in perception of nationality between victory and defeat exclusively for the shared identity condition [Original Study 2.],success,direct or close,Monika Stelzl; Leslie Janes; Clive Seligman,Champ or chump: strategic utilization of dual social identities of others,European Journal of Social Psychology,38,1,128-138,2007.0,Iouri Bernache-Assollant; Yves Chantal; Raphaël Laurin,Is Andy Murray More British Than Scottish? It Depends on His Success! Game Outcome and the MOATing Effect,Psychological Reports,124.0,5.0,2237-2250,2020.0,104.0,"F(1, 100) = 5.03",test statistic,,0.027,=,,114.0,0.030,etasq (partial),0.218840304193281,0.1732050807568877,,0.086,=,,social sciences,psychology,social psychology,Dual identities; success; failure; sport; perception; stereotype,yes,FoRRT FReD team (June 2026 import),,FReD v2.4.2 (June 2026 import),,,,fred_260,external:fred_v242,10.1177/0033294120957242,10.1002/ejsp.446
https://doi.org/10.1002/ejsp.446,https://doi.org/10.1177/0033294120957242,In the Canada team identity condition Frank was perceived as more Canadian in the win condition [Original Study 2.],success,direct or close,Monika Stelzl; Leslie Janes; Clive Seligman,Champ or chump: strategic utilization of dual social identities of others,European Journal of Social Psychology,38,1,128-138,2007.0,Iouri Bernache-Assollant; Yves Chantal; Raphaël Laurin,Is Andy Murray More British Than Scottish? It Depends on His Success! Game Outcome and the MOATing Effect,Psychological Reports,124.0,5.0,2237-2250,2020.0,104.0,"q(2, 50) = 3.31",test statistic,,0.05,<,,114.0,0.04,etasq (partial),,0.1999999999999999,,0.044,=,,social sciences,psychology,social psychology,Dual identities; success; failure; sport; perception; stereotype,yes,FoRRT FReD team (June 2026 import),,FReD v2.4.2 (June 2026 import),,,,fred_261,external:fred_v242,10.1177/0033294120957242,10.1002/ejsp.446
https://doi.org/10.1002/ejsp.446,https://doi.org/10.1177/0033294120957242,No significant difference was found between the identity non-shared conditions [Original Study 2.],success,direct or close,Monika Stelzl; Leslie Janes; Clive Seligman,Champ or chump: strategic utilization of dual social identities of others,European Journal of Social Psychology,38,1,128-138,2007.0,Iouri Bernache-Assollant; Yves Chantal; Raphaël Laurin,Is Andy Murray More British Than Scottish? It Depends on His Success! Game Outcome and the MOATing Effect,Psychological Reports,124.0,5.0,2237-2250,2020.0,104.0,"q(2, 50) = 1.18",test statistic,,0.05,>,,114.0,0.001,etasq (partial),,0.0316227766016837,,0.69,=,,social sciences,psychology,social psychology,Dual identities; success; failure; sport; perception; stereotype,yes,FoRRT FReD team (June 2026 import),,FReD v2.4.2 (June 2026 import),,,,fred_262,external:fred_v242,10.1177/0033294120957242,10.1002/ejsp.446
https://doi.org/10.1037/0021-843x.108.3.511,https://doi.org/10.1080/09658211.2011.590505,The presence of intrusive memories does not contribute to follow-up depression,inconclusive,direct or close,Chris R. Brewin; Martina Reynolds; Philip Tata,Autobiographical memory processes and the course of depression.,Journal of Abnormal Psychology,108,3,511-517,1999.0,Jill M. Newby; Michelle L. Moulds,Do intrusive memory characteristics predict depression at 6 months?,Memory,19.0,5.0,538-546,2011.0,62.0,0.19,beta (std),,0.05,>,two-sided,64.0,-0.12,beta (std),,,,0.05,>,,social sciences,psychology,cognitive psychology,depression; anxiety; intrusive memories; memory; prospective study,yes,FoRRT FReD team (June 2026 import),,FReD v2.4.2 (June 2026 import),,,,fred_263,external:fred_v242,10.1080/09658211.2011.590505,10.1037/0021-843x.108.3.511
https://doi.org/10.1037/0021-843x.108.3.511,https://doi.org/10.1080/09658211.2011.590505,"Participants, who have depression now, will have depression in the follow-up assessment if they have intrusive memories now",inconclusive,direct or close,Chris R. Brewin; Martina Reynolds; Philip Tata,Autobiographical memory processes and the course of depression.,Journal of Abnormal Psychology,108,3,511-517,1999.0,Jill M. Newby; Michelle L. Moulds,Do intrusive memory characteristics predict depression at 6 months?,Memory,19.0,5.0,538-546,2011.0,62.0,0.35,beta (std),,0.01,<,two-sided,64.0,-0.39,beta (std),,,,0.001,<,,social sciences,psychology,cognitive psychology,depression; anxiety; intrusive memories; memory; prospective study,yes,FoRRT FReD team (June 2026 import),,FReD v2.4.2 (June 2026 import),,,,fred_264,external:fred_v242,10.1080/09658211.2011.590505,10.1037/0021-843x.108.3.511
https://doi.org/10.1037/0021-843x.108.3.511,https://doi.org/10.1080/09658211.2011.590505,"Participants, who have depression and intrusive memories now, will have depression in the follow-up assessment if they have more intrusive memories",inconclusive,direct or close,Chris R. Brewin; Martina Reynolds; Philip Tata,Autobiographical memory processes and the course of depression.,Journal of Abnormal Psychology,108,3,511-517,1999.0,Jill M. Newby; Michelle L. Moulds,Do intrusive memory characteristics predict depression at 6 months?,Memory,19.0,5.0,538-546,2011.0,62.0,0.48,beta (std),,0.05,<,two-sided,64.0,-0.06,beta (std),,,,0.05,>,,social sciences,psychology,cognitive psychology,depression; anxiety; intrusive memories; memory; prospective study,yes,FoRRT FReD team (June 2026 import),,FReD v2.4.2 (June 2026 import),,,,fred_265,external:fred_v242,10.1080/09658211.2011.590505,10.1037/0021-843x.108.3.511
https://doi.org/10.1037/a0023527,https://doi.org/10.1037/a0036079,People lacking social warmth compensate through physical warmth in the form of hot showers/baths,failure,direct or close,John A. Bargh; Idit Shalev,The substitutability of physical and social warmth in daily life.,Emotion,12,1,154-162,2012.0,M. Brent Donnellan; Richard E. Lucas; Joseph Cesario,On the association between loneliness and bathing habits: Nine replications of Bargh and Shalev (2012) Study 1.,Emotion,15.0,1.0,109-119,2015.0,51.0,0.57,r,,0.0001,=,,235.0,-0.06,r,0.57,-0.06,,0.348,=,,social sciences,psychology,social psychology,unconscious; self-regulation; embodiment; warmth,yes,FoRRT FReD team (June 2026 import),,FReD v2.4.2 (June 2026 import),,,,fred_266,external:fred_v242,10.1037/a0036079,10.1037/a0023527
https://doi.org/10.1037/a0023527,https://doi.org/10.1037/a0036079,People lacking social warmth compensate through physical warmth in the form of hot showers/baths,failure,direct or close,John A. Bargh; Idit Shalev,The substitutability of physical and social warmth in daily life.,Emotion,12,1,154-162,2012.0,M. Brent Donnellan; Richard E. Lucas; Joseph Cesario,On the association between loneliness and bathing habits: Nine replications of Bargh and Shalev (2012) Study 1.,Emotion,15.0,1.0,109-119,2015.0,51.0,0.57,r,,0.0001,=,,210.0,0.13,r,0.57,0.13,,0.063,=,,social sciences,psychology,social psychology,unconscious; self-regulation; embodiment; warmth,yes,FoRRT FReD team (June 2026 import),,FReD v2.4.2 (June 2026 import),,,,fred_267,external:fred_v242,10.1037/a0036079,10.1037/a0023527
https://doi.org/10.1037/a0023527,https://doi.org/10.1037/a0036079,People lacking social warmth compensate through physical warmth in the form of hot showers/baths,failure,direct or close,John A. Bargh; Idit Shalev,The substitutability of physical and social warmth in daily life.,Emotion,12,1,154-162,2012.0,M. Brent Donnellan; Richard E. Lucas; Joseph Cesario,On the association between loneliness and bathing habits: Nine replications of Bargh and Shalev (2012) Study 1.,Emotion,15.0,1.0,109-119,2015.0,51.0,0.57,r,,0.0001,=,,228.0,-0.1,r,0.57,-0.1,,0.146,=,,social sciences,psychology,social psychology,unconscious; self-regulation; embodiment; warmth,yes,FoRRT FReD team (June 2026 import),,FReD v2.4.2 (June 2026 import),,,,fred_268,external:fred_v242,10.1037/a0036079,10.1037/a0023527
https://doi.org/10.1037/a0023527,https://doi.org/10.1037/a0036079,People lacking social warmth compensate through physical warmth in the form of hot showers/baths,inconclusive,direct or close,John A. Bargh; Idit Shalev,The substitutability of physical and social warmth in daily life.,Emotion,12,1,154-162,2012.0,M. Brent Donnellan; Richard E. Lucas; Joseph Cesario,On the association between loneliness and bathing habits: Nine replications of Bargh and Shalev (2012) Study 1.,Emotion,15.0,1.0,109-119,2015.0,51.0,0.57,r,,0.0001,=,,494.0,0.1,r,0.57,0.1,,0.029,=,,social sciences,psychology,social psychology,unconscious; self-regulation; embodiment; warmth,yes,FoRRT FReD team (June 2026 import),,FReD v2.4.2 (June 2026 import),,,,fred_269,external:fred_v242,10.1037/a0036079,10.1037/a0023527
https://doi.org/10.1037/a0023527,https://doi.org/10.1037/a0036079,People lacking social warmth compensate through physical warmth in the form of hot showers/baths,failure,direct or close,John A. Bargh; Idit Shalev,The substitutability of physical and social warmth in daily life.,Emotion,12,1,154-162,2012.0,M. Brent Donnellan; Richard E. Lucas; Joseph Cesario,On the association between loneliness and bathing habits: Nine replications of Bargh and Shalev (2012) Study 1.,Emotion,15.0,1.0,109-119,2015.0,51.0,0.57,r,,0.0001,=,,553.0,0.08,r,0.57,0.08,,0.058,=,,social sciences,psychology,social psychology,unconscious; self-regulation; embodiment; warmth,yes,FoRRT FReD team (June 2026 import),,FReD v2.4.2 (June 2026 import),,,,fred_270,external:fred_v242,10.1037/a0036079,10.1037/a0023527
https://doi.org/10.1037/a0023527,https://doi.org/10.1037/a0036079,People lacking social warmth compensate through physical warmth in the form of hot showers/baths,failure,direct or close,John A. Bargh; Idit Shalev,The substitutability of physical and social warmth in daily life.,Emotion,12,1,154-162,2012.0,M. Brent Donnellan; Richard E. Lucas; Joseph Cesario,On the association between loneliness and bathing habits: Nine replications of Bargh and Shalev (2012) Study 1.,Emotion,15.0,1.0,109-119,2015.0,51.0,0.57,r,,0.0001,=,,311.0,0.02,r,0.57,0.02,,0.719,=,,social sciences,psychology,social psychology,unconscious; self-regulation; embodiment; warmth,yes,FoRRT FReD team (June 2026 import),,FReD v2.4.2 (June 2026 import),,,,fred_271,external:fred_v242,10.1037/a0036079,10.1037/a0023527
https://doi.org/10.1037/a0023527,https://doi.org/10.1037/a0036079,People lacking social warmth compensate through physical warmth in the form of hot showers/baths,failure,direct or close,John A. Bargh; Idit Shalev,The substitutability of physical and social warmth in daily life.,Emotion,12,1,154-162,2012.0,M. Brent Donnellan; Richard E. Lucas; Joseph Cesario,On the association between loneliness and bathing habits: Nine replications of Bargh and Shalev (2012) Study 1.,Emotion,15.0,1.0,109-119,2015.0,51.0,0.57,r,,0.0001,=,,365.0,0.02,r,0.57,0.02,,0.766,=,,social sciences,psychology,social psychology,unconscious; self-regulation; embodiment; warmth,yes,FoRRT FReD team (June 2026 import),,FReD v2.4.2 (June 2026 import),,,,fred_272,external:fred_v242,10.1037/a0036079,10.1037/a0023527
https://doi.org/10.1037/a0023527,https://doi.org/10.1037/a0036079,People lacking social warmth compensate through physical warmth in the form of hot showers/baths,failure,direct or close,John A. Bargh; Idit Shalev,The substitutability of physical and social warmth in daily life.,Emotion,12,1,154-162,2012.0,M. Brent Donnellan; Richard E. Lucas; Joseph Cesario,On the association between loneliness and bathing habits: Nine replications of Bargh and Shalev (2012) Study 1.,Emotion,15.0,1.0,109-119,2015.0,51.0,0.57,r,,0.0001,=,,197.0,-0.13,r,0.57,-0.13,,0.069,=,,social sciences,psychology,social psychology,unconscious; self-regulation; embodiment; warmth,yes,FoRRT FReD team (June 2026 import),,FReD v2.4.2 (June 2026 import),,,,fred_273,external:fred_v242,10.1037/a0036079,10.1037/a0023527
https://doi.org/10.1037/a0023527,https://doi.org/10.1037/a0036079,People lacking social warmth compensate through physical warmth in the form of hot showers/baths,failure,direct or close,John A. Bargh; Idit Shalev,The substitutability of physical and social warmth in daily life.,Emotion,12,1,154-162,2012.0,M. Brent Donnellan; Richard E. Lucas; Joseph Cesario,On the association between loneliness and bathing habits: Nine replications of Bargh and Shalev (2012) Study 1.,Emotion,15.0,1.0,109-119,2015.0,41.0,0.37,r,,0.017,=,,235.0,-0.06,r,0.37,-0.06,,0.348,=,,social sciences,psychology,social psychology,unconscious; self-regulation; embodiment; warmth,yes,FoRRT FReD team (June 2026 import),,FReD v2.4.2 (June 2026 import),,,,fred_274,external:fred_v242,10.1037/a0036079,10.1037/a0023527
https://doi.org/10.1037/a0023527,https://doi.org/10.1037/a0036079,People lacking social warmth compensate through physical warmth in the form of hot showers/baths,failure,direct or close,John A. Bargh; Idit Shalev,The substitutability of physical and social warmth in daily life.,Emotion,12,1,154-162,2012.0,M. Brent Donnellan; Richard E. Lucas; Joseph Cesario,On the association between loneliness and bathing habits: Nine replications of Bargh and Shalev (2012) Study 1.,Emotion,15.0,1.0,109-119,2015.0,41.0,0.37,r,,0.017,=,,480.0,-0.01,r,0.37,-0.01,,0.902,=,,social sciences,psychology,social psychology,unconscious; self-regulation; embodiment; warmth,yes,FoRRT FReD team (June 2026 import),,FReD v2.4.2 (June 2026 import),,,,fred_275,external:fred_v242,10.1037/a0036079,10.1037/a0023527
https://doi.org/10.1037/a0023527,https://doi.org/10.1037/a0036079,People lacking social warmth compensate through physical warmth in the form of hot showers/baths,failure,direct or close,John A. Bargh; Idit Shalev,The substitutability of physical and social warmth in daily life.,Emotion,12,1,154-162,2012.0,M. Brent Donnellan; Richard E. Lucas; Joseph Cesario,On the association between loneliness and bathing habits: Nine replications of Bargh and Shalev (2012) Study 1.,Emotion,15.0,1.0,109-119,2015.0,41.0,0.37,r,,0.017,=,,210.0,0.13,r,0.37,0.13,,0.063,=,,social sciences,psychology,social psychology,unconscious; self-regulation; embodiment; warmth,yes,FoRRT FReD team (June 2026 import),,FReD v2.4.2 (June 2026 import),,,,fred_276,external:fred_v242,10.1037/a0036079,10.1037/a0023527
https://doi.org/10.1037/a0023527,https://doi.org/10.1037/a0036079,People lacking social warmth compensate through physical warmth in the form of hot showers/baths,failure,direct or close,John A. Bargh; Idit Shalev,The substitutability of physical and social warmth in daily life.,Emotion,12,1,154-162,2012.0,M. Brent Donnellan; Richard E. Lucas; Joseph Cesario,On the association between loneliness and bathing habits: Nine replications of Bargh and Shalev (2012) Study 1.,Emotion,15.0,1.0,109-119,2015.0,41.0,0.37,r,,0.017,=,,228.0,-0.1,r,0.37,-0.1,,0.146,=,,social sciences,psychology,social psychology,unconscious; self-regulation; embodiment; warmth,yes,FoRRT FReD team (June 2026 import),,FReD v2.4.2 (June 2026 import),,,,fred_277,external:fred_v242,10.1037/a0036079,10.1037/a0023527
https://doi.org/10.1037/a0023527,https://doi.org/10.1037/a0036079,People lacking social warmth compensate through physical warmth in the form of hot showers/baths,inconclusive,direct or close,John A. Bargh; Idit Shalev,The substitutability of physical and social warmth in daily life.,Emotion,12,1,154-162,2012.0,M. Brent Donnellan; Richard E. Lucas; Joseph Cesario,On the association between loneliness and bathing habits: Nine replications of Bargh and Shalev (2012) Study 1.,Emotion,15.0,1.0,109-119,2015.0,41.0,0.37,r,,0.017,=,,494.0,0.1,r,0.37,0.1,,0.029,=,,social sciences,psychology,social psychology,unconscious; self-regulation; embodiment; warmth,yes,FoRRT FReD team (June 2026 import),,FReD v2.4.2 (June 2026 import),,,,fred_278,external:fred_v242,10.1037/a0036079,10.1037/a0023527
https://doi.org/10.1037/a0023527,https://doi.org/10.1037/a0036079,People lacking social warmth compensate through physical warmth in the form of hot showers/baths,failure,direct or close,John A. Bargh; Idit Shalev,The substitutability of physical and social warmth in daily life.,Emotion,12,1,154-162,2012.0,M. Brent Donnellan; Richard E. Lucas; Joseph Cesario,On the association between loneliness and bathing habits: Nine replications of Bargh and Shalev (2012) Study 1.,Emotion,15.0,1.0,109-119,2015.0,41.0,0.37,r,,0.017,=,,553.0,0.08,r,0.37,0.08,,0.058,=,,social sciences,psychology,social psychology,unconscious; self-regulation; embodiment; warmth,yes,FoRRT FReD team (June 2026 import),,FReD v2.4.2 (June 2026 import),,,,fred_279,external:fred_v242,10.1037/a0036079,10.1037/a0023527
https://doi.org/10.1037/0022-3514.54.4.569,https://doi.org/10.17605/osf.io/knjhu,Decisions that resulted in successful outcomes are rated as better than decisions that resulted in failed outcomes. [Original Study 1.],success,direct or close,Jonathan Baron; John C. Hershey,Outcome bias in decision evaluation.,Journal of Personality and Social Psychology,54,4,569-579,1988.0,{Ng Ka Yuk}; Kam Hoi Ching; Nathaniel A. Young; Gilad Feldman; {Jiaxin Shi}; Sriraj Aiyer,Outcomes affect evaluations of decision quality: ‎ Replication and extension of Baron and Hershey's (1988) Outcome Bias Experiment 1‎,,,,,2021.0,20.0,t(19) = 4.04,test statistic,,0.001,<,one-sided,692.0,"F(1, 688) = 4.73",test statistic,0.6797687273916231,0.0826320585934219,,0.03,=,one-sided,social sciences,psychology,judgment and decision making,CORE; Judgment; Decision Making; JDM; Heuristics; Biases,yes,FoRRT FReD team (June 2026 import),,FReD v2.4.2 (June 2026 import); topics AI-tagged (claude sonnet),,,,fred_280,external:fred_v242,10.17605/osf.io/knjhu,10.1037/0022-3514.54.4.569
https://doi.org/10.1037/a0038647,https://doi.org/10.31234/osf.io/3bhja,Unemployment’s influence on FFM personality traits (Openness) [Original Study 1.],failure,direct or close,Christopher J. Boyce; Alex M. Wood; Michael Daly; Constantine Sedikides,Personality change following unemployment.,Journal of Applied Psychology,100,4,991-1011,2015.0,Timo Gnambs; Barbara Stiglbauer,"No personality change following unemployment: A registered replication of Boyce, Wood, Daly, and Sedikides (2015)",,,,,2019.0,6769.0,-1.098,b (unstd),,0.05,<,,5005.0,-0.36,b (unstd),,,,0.05,>,,social sciences,psychology,social psychology,unemployment; personality; personality change; well-being; five-factor model,yes,FoRRT FReD team (June 2026 import),,FReD v2.4.2 (June 2026 import),,,,fred_281,external:fred_v242,10.31234/osf.io/3bhja,10.1037/a0038647
https://doi.org/10.1037/a0038647,https://doi.org/10.31234/osf.io/3bhja,"Unemployment’s influence on FFM personality traits (mean-level changes in agreeableness, depending on the number of years unemployed) [Original Study 1.]",failure,direct or close,Christopher J. Boyce; Alex M. Wood; Michael Daly; Constantine Sedikides,Personality change following unemployment.,Journal of Applied Psychology,100,4,991-1011,2015.0,Timo Gnambs; Barbara Stiglbauer,"No personality change following unemployment: A registered replication of Boyce, Wood, Daly, and Sedikides (2015)",,,,,2019.0,6769.0,0.784,b (unstd),,0.01,<,,5005.0,0.05,b (unstd),,,,0.05,>,,social sciences,psychology,social psychology,unemployment; personality; personality change; well-being; five-factor model,yes,FoRRT FReD team (June 2026 import),,FReD v2.4.2 (June 2026 import),,,,fred_282,external:fred_v242,10.31234/osf.io/3bhja,10.1037/a0038647
https://doi.org/10.1037/a0038647,https://doi.org/10.31234/osf.io/3bhja,"Unemployment’s influence on FFM personality traits (mean-level changes in agreeableness, depending on the number of years unemployed squared) [Original Study 1.]",failure,direct or close,Christopher J. Boyce; Alex M. Wood; Michael Daly; Constantine Sedikides,Personality change following unemployment.,Journal of Applied Psychology,100,4,991-1011,2015.0,Timo Gnambs; Barbara Stiglbauer,"No personality change following unemployment: A registered replication of Boyce, Wood, Daly, and Sedikides (2015)",,,,,2019.0,6769.0,-0.171,b (unstd),,0.01,<,,5005.0,0,b (unstd),,,,0.05,>,,social sciences,psychology,social psychology,unemployment; personality; personality change; well-being; five-factor model,yes,FoRRT FReD team (June 2026 import),,FReD v2.4.2 (June 2026 import),,,,fred_283,external:fred_v242,10.31234/osf.io/3bhja,10.1037/a0038647
https://doi.org/10.1002/bdm.586,https://doi.org/10.1525/collabra.310,"Anchor values that are incidentally present in the environment can affect a person’s numerical estimates, Item: Restaurant [Original Study 3.]",failure,direct or close,Clayton R. Critcher; Thomas Gilovich,Incidental environmental anchors,Journal of Behavioral Decision Making,21,3,241-251,2007.0,David R. Shanks; Pietro Barbieri-Hermitte; Miguel A. Vadillo,Do Incidental Environmental Anchors Bias Consumers’ Price Estimations?,Collabra: Psychology,6.0,1.0,,2020.0,194.0,"F(1, 188) = 4.91",test statistic,,0.03,=,,140.0,0,d,0.1595377179485783,,,0.05,>,,social sciences,psychology,social psychology,anchoring; incidental anchoring; environmental anchoring; subliminal; judgment and decision making; numerical estimates,yes,FoRRT FReD team (June 2026 import),,FReD v2.4.2 (June 2026 import),,,,fred_284,external:fred_v242,10.1525/collabra.310,10.1002/bdm.586
https://doi.org/10.1002/bdm.586,https://doi.org/10.1525/collabra.310,"Anchor values that are incidentally present in the environment can affect a person’s numerical estimates, Item: Restaurant [Original Study 3.]",failure,direct or close,Clayton R. Critcher; Thomas Gilovich,Incidental environmental anchors,Journal of Behavioral Decision Making,21,3,241-251,2007.0,David R. Shanks; Pietro Barbieri-Hermitte; Miguel A. Vadillo,Do Incidental Environmental Anchors Bias Consumers’ Price Estimations?,Collabra: Psychology,6.0,1.0,,2020.0,194.0,"F(1, 188) = 4.91",test statistic,,0.03,=,,133.0,-0.36,d,0.1595377179485783,-0.1771529983152651,,0.05,>,,social sciences,psychology,social psychology,anchoring; incidental anchoring; environmental anchoring; subliminal; judgment and decision making; numerical estimates,yes,FoRRT FReD team (June 2026 import),,FReD v2.4.2 (June 2026 import),,,,fred_285,external:fred_v242,10.1525/collabra.310,10.1002/bdm.586
https://doi.org/10.1002/bdm.586,https://doi.org/10.1525/collabra.310,"Anchor values that are incidentally present in the environment can affect a person’s numerical estimates, Item: Restaurant [Original Study 3.]",failure,direct or close,Clayton R. Critcher; Thomas Gilovich,Incidental environmental anchors,Journal of Behavioral Decision Making,21,3,241-251,2007.0,David R. Shanks; Pietro Barbieri-Hermitte; Miguel A. Vadillo,Do Incidental Environmental Anchors Bias Consumers’ Price Estimations?,Collabra: Psychology,6.0,1.0,,2020.0,194.0,"F(1, 188) = 4.91",test statistic,,0.03,=,,137.0,0.07,d,0.1595377179485783,0.0349785821756186,,0.05,>,,social sciences,psychology,social psychology,anchoring; incidental anchoring; environmental anchoring; subliminal; judgment and decision making; numerical estimates,yes,FoRRT FReD team (June 2026 import),,FReD v2.4.2 (June 2026 import),,,,fred_286,external:fred_v242,10.1525/collabra.310,10.1002/bdm.586
https://doi.org/10.1002/bdm.586,https://doi.org/10.1525/collabra.310,"Anchor values that are incidentally present in the environment can affect a person’s numerical estimates, Item: Restaurant [Original Study 3.]",failure,direct or close,Clayton R. Critcher; Thomas Gilovich,Incidental environmental anchors,Journal of Behavioral Decision Making,21,3,241-251,2007.0,David R. Shanks; Pietro Barbieri-Hermitte; Miguel A. Vadillo,Do Incidental Environmental Anchors Bias Consumers’ Price Estimations?,Collabra: Psychology,6.0,1.0,,2020.0,194.0,"F(1, 188) = 4.91",test statistic,,0.03,=,,140.0,0.36,d,0.1595377179485783,0.1771529983152651,,0.02,=,,social sciences,psychology,social psychology,anchoring; incidental anchoring; environmental anchoring; subliminal; judgment and decision making; numerical estimates,yes,FoRRT FReD team (June 2026 import),,FReD v2.4.2 (June 2026 import),,,,fred_287,external:fred_v242,10.1525/collabra.310,10.1002/bdm.586
https://doi.org/10.1002/bdm.586,https://doi.org/10.1525/collabra.310,"Anchor values that are incidentally present in the environment can affect a person’s numerical estimates, Item: Restaurant [Original Study 3.]",failure,direct or close,Clayton R. Critcher; Thomas Gilovich,Incidental environmental anchors,Journal of Behavioral Decision Making,21,3,241-251,2007.0,David R. Shanks; Pietro Barbieri-Hermitte; Miguel A. Vadillo,Do Incidental Environmental Anchors Bias Consumers’ Price Estimations?,Collabra: Psychology,6.0,1.0,,2020.0,194.0,"F(1, 188) = 4.91",test statistic,,0.03,=,,135.0,-0.04,d,0.1595377179485783,-0.0199960011996001,,0.05,>,,social sciences,psychology,social psychology,anchoring; incidental anchoring; environmental anchoring; subliminal; judgment and decision making; numerical estimates,yes,FoRRT FReD team (June 2026 import),,FReD v2.4.2 (June 2026 import),,,,fred_288,external:fred_v242,10.1525/collabra.310,10.1002/bdm.586
https://doi.org/10.1002/bdm.586,https://doi.org/10.1525/collabra.310,"Anchor values that are incidentally present in the environment can affect a person’s numerical estimates, Item: Restaurant [Original Study 3.]",failure,direct or close,Clayton R. Critcher; Thomas Gilovich,Incidental environmental anchors,Journal of Behavioral Decision Making,21,3,241-251,2007.0,David R. Shanks; Pietro Barbieri-Hermitte; Miguel A. Vadillo,Do Incidental Environmental Anchors Bias Consumers’ Price Estimations?,Collabra: Psychology,6.0,1.0,,2020.0,194.0,"F(1, 188) = 4.91",test statistic,,0.03,=,,246.0,-0.32,d,0.1595377179485783,-0.1579905011066728,,0.05,>,,social sciences,psychology,social psychology,anchoring; incidental anchoring; environmental anchoring; subliminal; judgment and decision making; numerical estimates,yes,FoRRT FReD team (June 2026 import),,FReD v2.4.2 (June 2026 import),,,,fred_289,external:fred_v242,10.1525/collabra.310,10.1002/bdm.586
https://doi.org/10.1002/bdm.586,https://doi.org/10.1525/collabra.310,"Anchor values that are incidentally present in the environment can affect a person’s numerical estimates, Item: Restaurant [Original Study 3.]",failure,direct or close,Clayton R. Critcher; Thomas Gilovich,Incidental environmental anchors,Journal of Behavioral Decision Making,21,3,241-251,2007.0,David R. Shanks; Pietro Barbieri-Hermitte; Miguel A. Vadillo,Do Incidental Environmental Anchors Bias Consumers’ Price Estimations?,Collabra: Psychology,6.0,1.0,,2020.0,194.0,"F(1, 188) = 4.91",test statistic,,0.03,=,,254.0,0.09,d,0.1595377179485783,0.0449545065814817,,0.05,>,,social sciences,psychology,social psychology,anchoring; incidental anchoring; environmental anchoring; subliminal; judgment and decision making; numerical estimates,yes,FoRRT FReD team (June 2026 import),,FReD v2.4.2 (June 2026 import),,,,fred_290,external:fred_v242,10.1525/collabra.310,10.1002/bdm.586
https://doi.org/10.1002/bdm.586,https://doi.org/10.1525/collabra.310,"Anchor values that are incidentally present in the environment can affect a person’s numerical estimates, Item: Restaurant [Original Study 3.]",failure,direct or close,Clayton R. Critcher; Thomas Gilovich,Incidental environmental anchors,Journal of Behavioral Decision Making,21,3,241-251,2007.0,David R. Shanks; Pietro Barbieri-Hermitte; Miguel A. Vadillo,Do Incidental Environmental Anchors Bias Consumers’ Price Estimations?,Collabra: Psychology,6.0,1.0,,2020.0,194.0,"F(1, 188) = 4.91",test statistic,,0.03,=,,257.0,-0.26,d,0.1595377179485783,-0.1289152302546209,,0.05,>,,social sciences,psychology,social psychology,anchoring; incidental anchoring; environmental anchoring; subliminal; judgment and decision making; numerical estimates,yes,FoRRT FReD team (June 2026 import),,FReD v2.4.2 (June 2026 import),,,,fred_291,external:fred_v242,10.1525/collabra.310,10.1002/bdm.586
https://doi.org/10.1002/bdm.586,https://doi.org/10.1525/collabra.310,"Anchor values that are incidentally present in the environment can affect a person’s numerical estimates, Item: Restaurant [Original Study 3.]",failure,direct or close,Clayton R. Critcher; Thomas Gilovich,Incidental environmental anchors,Journal of Behavioral Decision Making,21,3,241-251,2007.0,David R. Shanks; Pietro Barbieri-Hermitte; Miguel A. Vadillo,Do Incidental Environmental Anchors Bias Consumers’ Price Estimations?,Collabra: Psychology,6.0,1.0,,2020.0,194.0,"F(1, 188) = 4.91",test statistic,,0.03,=,,251.0,0.13,d,0.1595377179485783,0.0648631210826801,,0.05,>,,social sciences,psychology,social psychology,anchoring; incidental anchoring; environmental anchoring; subliminal; judgment and decision making; numerical estimates,yes,FoRRT FReD team (June 2026 import),,FReD v2.4.2 (June 2026 import),,,,fred_292,external:fred_v242,10.1525/collabra.310,10.1002/bdm.586
https://doi.org/10.1002/bdm.586,https://doi.org/10.1525/collabra.310,"Anchor values that are incidentally present in the environment can affect a person’s numerical estimates, Item: Restaurant [Original Study 3.]",failure,direct or close,Clayton R. Critcher; Thomas Gilovich,Incidental environmental anchors,Journal of Behavioral Decision Making,21,3,241-251,2007.0,David R. Shanks; Pietro Barbieri-Hermitte; Miguel A. Vadillo,Do Incidental Environmental Anchors Bias Consumers’ Price Estimations?,Collabra: Psychology,6.0,1.0,,2020.0,194.0,"F(1, 188) = 4.91",test statistic,,0.03,=,,262.0,-0.09,d,0.1595377179485783,-0.0449545065814817,,0.05,>,,social sciences,psychology,social psychology,anchoring; incidental anchoring; environmental anchoring; subliminal; judgment and decision making; numerical estimates,yes,FoRRT FReD team (June 2026 import),,FReD v2.4.2 (June 2026 import),,,,fred_293,external:fred_v242,10.1525/collabra.310,10.1002/bdm.586
https://doi.org/10.1002/bdm.586,https://doi.org/10.1525/collabra.310,"Anchor values that are incidentally present in the environment can affect a person’s numerical estimates, Item: Restaurant [Original Study 3.]",failure,direct or close,Clayton R. Critcher; Thomas Gilovich,Incidental environmental anchors,Journal of Behavioral Decision Making,21,3,241-251,2007.0,David R. Shanks; Pietro Barbieri-Hermitte; Miguel A. Vadillo,Do Incidental Environmental Anchors Bias Consumers’ Price Estimations?,Collabra: Psychology,6.0,1.0,,2020.0,194.0,"F(1, 188) = 4.91",test statistic,,0.03,=,,253.0,0.09,d,0.1595377179485783,0.0449545065814817,,0.05,>,,social sciences,psychology,social psychology,anchoring; incidental anchoring; environmental anchoring; subliminal; judgment and decision making; numerical estimates,yes,FoRRT FReD team (June 2026 import),,FReD v2.4.2 (June 2026 import),,,,fred_294,external:fred_v242,10.1525/collabra.310,10.1002/bdm.586
https://doi.org/10.1037/a0025883,https://doi.org/10.17605/osf.io/w34fb,Perceived agency in Sexual Condition being lower than Clothed Condition [Original Study 4.],success,direct or close,Kurt Gray; Joshua Knobe; Mark Sheskin; Paul Bloom; Lisa Feldman Barrett,More than a body: Mind perception and the nature of objectification.,Journal of Personality and Social Psychology,101,6,1207-1220,2011.0,Gilad Feldman; {Tsz Ching TSANG Ivard},Gray et al (2011): Replication and extension,,,,,2021.0,66.0,-0.59,d,,0.05,<,,673.0,-0.4,d,-0.282945147243684,-0.196116135138184,,0.001,<,two-sided,social sciences,psychology,social psychology,CORE; Judgment; Decision Making; JDM; Heuristics; Biases; morality; dehumanization; pornography; dualism; sexism,yes,FoRRT FReD team (June 2026 import),,FReD v2.4.2 (June 2026 import); topics AI-tagged (claude sonnet),,,,fred_295,external:fred_v242,10.17605/osf.io/w34fb,10.1037/a0025883
https://doi.org/10.1037/0096-3445.133.1.23,https://doi.org/10.17605/osf.io/ahcpw,Music book is relatively affect-rich and that the cash [Original Study 2.],success,direct or close,Christopher K. Hsee; Yuval Rottenstreich,"Music, Pandas, and Muggers: On the Affective Psychology of Value.",Journal of Experimental Psychology: General,133,1,23-30,2004.0,Gilad Feldman; {Cheuk Yan Tam},Hsee and Rottenstreich (2004) replication &amp; extension,,,,,2021.0,331.0,"F(1, 327) = 7.48",test statistic,,0.01,=,two-sided,1041.0,"F(1, 1037) = 16.96",test statistic,0.1495428735702153,0.1268530341944455,,0.001,<,two-sided,social sciences,psychology,judgment and decision making,subjective value; bias; judgment and decision making; affect; scope insensitivity,yes,FoRRT FReD team (June 2026 import),,FReD v2.4.2 (June 2026 import); topics AI-tagged (claude sonnet),,,,fred_296,external:fred_v242,10.17605/osf.io/ahcpw,10.1037/0096-3445.133.1.23
https://doi.org/10.1080/10888430701746849,https://doi.org/10.1002/rrq.62,effects of a voluntary summer reading intervention with teacher and parent scaffolding on measures of silent reading ability (Iowa Test of Basic Skills [ITBS]).,inconclusive,direct or close,James S. Kim; Thomas G. White,Scaffolding Voluntary Summer Reading for Children in Grades 3 to 5: An Experimental Study,Scientific Studies of Reading,12,1,1-23,2008.0,Thomas G. White; James S. Kim; Helen Chen Kingston; Lisa Foster,Replicating the Effects of a Teacher-Scaffolded Voluntary Summer Reading Program: The Role of Poverty,Reading Research Quarterly,49.0,1.0,5-30,2013.0,207.0,0.14,d,,0.03,<,,1189.0,-0.043,b (unstd),0.0698291276999138,,,0.1,>,,social sciences,education,,grade school reading intervention; experimental study; Iowa Test of Basic Skills (ITBS); oral reading fluency (DIBELS),yes,FoRRT FReD team (June 2026 import),,FReD v2.4.2 (June 2026 import),,,,fred_298,external:fred_v242,10.1002/rrq.62,10.1080/10888430701746849
https://doi.org/10.1177/1073191116686685,https://doi.org/10.1080/10615806.2020.1763140,reassurance seeking predicted underperformance on the ACT [Original Study 2.],success,direct or close,Ross W. Knoll; David P. Valentiner; Jacob B. Holzman,"Development and Initial Test of the Safety Behaviors in Test Anxiety Questionnaire: Superstitious Behavior, Reassurance Seeking, Test Anxiety, and Test Performance",Assessment,26,2,271-280,2016.0,David P. Valentiner; Alexia Kingzette; Anna E. Snyder,Reassurance seeking and spoiled answers on academic tests,"Anxiety, Stress, & Coping",33.0,5.0,560-568,2020.0,151.0,-.35,partial r,,0.001,<,,59.0,-0.23,r,,-0.23,,0.046,=,one-sided,social sciences,psychology,social psychology,test anxiety; social anxiety; safety behaviors; reassurance seeking; superstitious behavior,yes,FoRRT FReD team (June 2026 import),,FReD v2.4.2 (June 2026 import),,,,fred_299,external:fred_v242,10.1080/10615806.2020.1763140,10.1177/1073191116686685
https://doi.org/10.1037/0022-3514.90.4.543,https://doi.org/10.17605/osf.io/j9mfn,Action identification is positively correlated with mind attribution. [Original Study 1.],failure,direct or close,Megan N. Kozak; Abigail A. Marsh; Daniel M. Wegner,What do i think you're doing? Action identification and mind attribution.,Journal of Personality and Social Psychology,90,4,543-555,2006.0,Wong Ting Hin; Gilad Feldman,Kozak et al 2006 replication and extension,,,,,2021.0,50.0,0.3,r,,0.05,<,two-sided,1086.0,0.08,r,0.3,0.08,,0.291,=,two-sided,social sciences,psychology,social psychology,CORE; Judgment; Decision Making; JDM; Heuristics; Biases; mind attribution; dehumanization; mentalizing; mind perception; theory of mind,yes,FoRRT FReD team (June 2026 import),,FReD v2.4.2 (June 2026 import); topics AI-tagged (claude sonnet),,,,fred_300,external:fred_v242,10.17605/osf.io/j9mfn,10.1037/0022-3514.90.4.543
https://doi.org/10.1037/0022-3514.90.4.543,https://doi.org/10.17605/osf.io/j9mfn,Action identification and mind attribution are higher for the liked character compared to the disliked character. [Original Study 2.],success,direct or close,Megan N. Kozak; Abigail A. Marsh; Daniel M. Wegner,What do i think you're doing? Action identification and mind attribution.,Journal of Personality and Social Psychology,90,4,543-555,2006.0,Wong Ting Hin; Gilad Feldman,Kozak et al 2006 replication and extension,,,,,2021.0,35.0,"F(1, 33) = 9.16",test statistic,,0.01,<,two-sided,1086.0,"F(1, 317) = 124.2",test statistic,0.466119675815303,0.5305704349101308,,0.001,<,two-sided,social sciences,psychology,social psychology,CORE; Judgment; Decision Making; JDM; Heuristics; Biases; mind attribution; dehumanization; mentalizing; mind perception; theory of mind,yes,FoRRT FReD team (June 2026 import),,FReD v2.4.2 (June 2026 import); topics AI-tagged (claude sonnet),,,,fred_301,external:fred_v242,10.17605/osf.io/j9mfn,10.1037/0022-3514.90.4.543
https://doi.org/10.1037/0022-3514.90.4.543,https://doi.org/10.17605/osf.io/j9mfn,whether victim derogation would result in dementalization through changes in mind attribution and action identification. [Original Study 3.],failure,direct or close,Megan N. Kozak; Abigail A. Marsh; Daniel M. Wegner,What do i think you're doing? Action identification and mind attribution.,Journal of Personality and Social Psychology,90,4,543-555,2006.0,Wong Ting Hin; Gilad Feldman,Kozak et al 2006 replication and extension,,,,,2021.0,61.0,"F(1, 59) = 3.93",test statistic,,0.05,=,two-sided,1086.0,"F(1, 325) = 4.92",test statistic,0.2499006635634482,0.1221175913231679,,0.02,=,two-sided,social sciences,psychology,social psychology,CORE; Judgment; Decision Making; JDM; Heuristics; Biases; mind attribution; dehumanization; mentalizing; mind perception; theory of mind,yes,FoRRT FReD team (June 2026 import),,FReD v2.4.2 (June 2026 import); topics AI-tagged (claude sonnet),,,,fred_302,external:fred_v242,10.17605/osf.io/j9mfn,10.1037/0022-3514.90.4.543
https://doi.org/10.1037/0022-3514.90.4.543,https://doi.org/10.17605/osf.io/j9mfn,Perspective-taking effect on the number of high level action identification vs mind perception [Original Study 5.],failure,direct or close,Megan N. Kozak; Abigail A. Marsh; Daniel M. Wegner,What do i think you're doing? Action identification and mind attribution.,Journal of Personality and Social Psychology,90,4,543-555,2006.0,Wong Ting Hin; Gilad Feldman,Kozak et al 2006 replication and extension,,,,,2021.0,43.0,"F(1, 41) = 4.29",test statistic,,0.05,<,two-sided,1086.0,"F(1, 282) = 0.61",test statistic,0.3077708512623148,0.0464591387821313,,0.43,=,two-sided,social sciences,psychology,social psychology,CORE; Judgment; Decision Making; JDM; Heuristics; Biases; mind attribution; dehumanization; mentalizing; mind perception; theory of mind,yes,FoRRT FReD team (June 2026 import),,FReD v2.4.2 (June 2026 import); topics AI-tagged (claude sonnet),,,,fred_303,external:fred_v242,10.17605/osf.io/j9mfn,10.1037/0022-3514.90.4.543
https://doi.org/10.1111/j.1467-8624.2009.01312.x,https://doi.org/10.1016/j.dcn.2017.12.003,Five-month-old infants show larger oxy-hemoglobin (HbO₂) responses in posterior temporal cortex when viewing dynamic social videos (faces/hands) than when viewing dynamic nonsocial motion or static images.,success,direct or close,Sarah Lloyd-Fox; Anna Blasi; Agnes Volein; Nick Everdell; Claire E Elwell; Mark H Johnson,Social Perception in Infancy: A Near Infrared Spectroscopy Study,Child Development,80,4,986-999,2009.0,Anne van der Kant; Szilvia Biro; Claartje Levelt; Stephan Huijbregts,Negative affect is related to reduced differential neural responses to social and non-social stimuli in 5-to-8-month-old infants: A functional near-infrared spectroscopy-study,Developmental Cognitive Neuroscience,30.0,,23-30,2018.0,12.0,t(11) = -2.91,,,0.01,=,,18.0,t(17) = 3.15,test statistic,,0.6070896949127335,,0.006,=,,social sciences,psychology,developmental psychology,social perception; functional near-infrared spectroscopy; superior temporal sulcus; biological motion; HbO₂,yes,FoRRT FReD team (June 2026 import),,FReD v2.4.2 (June 2026 import),,,,fred_304,external:fred_v242,10.1016/j.dcn.2017.12.003,10.1111/j.1467-8624.2009.01312.x
https://doi.org/10.1016/j.brat.2015.01.001,https://doi.org/10.1111/psyp.12452,conditional stimulus valence was not affected by instructed extinction.,success,direct or close,Camilla C. Luck; Ottmar V. Lipp,A potential pathway to the relapse of fear? Conditioned negative stimulus evaluation (but not physiological responding) resists instructed extinction,Behaviour Research and Therapy,66,,18-31,2015.0,Camilla C. Luck; Ottmar V. Lipp,To remove or not to remove? Removal of the unconditional stimulus electrode does not mediate instructed extinction effects,Psychophysiology,52.0,9.0,1248-1256,2015.0,32.0,0.002,etasq (partial),,0.803,=,,78.0,0.05,etasq (partial),0.0447213595499957,0.223606797749979,,0.144,=,,social sciences,psychology,cognitive psychology,Fear conditioning; Instructed extinction; Electrodermal responding; Fear potentiated startle; Evaluative learning; Fear relapse,yes,FoRRT FReD team (June 2026 import),,FReD v2.4.2 (June 2026 import),,,,fred_305,external:fred_v242,10.1111/psyp.12452,10.1016/j.brat.2015.01.001
https://doi.org/10.1111/0023-8333.00112,https://doi.org/10.1007/978-3-031-55844-3_4,"Input, Process, and Output Anxiety Scales predict general language learning anxiety [Original Study 1.]",inconclusive,direct or close,Anthony J. Onwuegbuzie; Phillip Bailey; Christine E. Daley,"The Validation of Three Scales Measuring Anxiety at Different Stages of the Foreign Language Learning Process: The Input Anxiety Scale, the Processing Anxiety Scale, and the Output Anxiety Scale",Language Learning,50,1,87-117,2000.0,Katalin Piniel,"The Input, Process, and Output Anxiety Scales: An Approximate Replication Study","Second Language Learning and Teaching,Investigating Foreign Language Anxiety",,,49-71,2024.0,258.0,0.18,be,,0.05,<,,,0.18,beta (std),,,,0.05,<,,social sciences,psychology,cognitive psychology,language learning; anxiety; validation; scale,yes,FoRRT FReD team (June 2026 import),,FReD v2.4.2 (June 2026 import),,,,fred_306,external:fred_v242,10.1007/978-3-031-55844-3_4,10.1111/0023-8333.00112
https://doi.org/10.1111/0023-8333.00112,https://doi.org/10.1007/978-3-031-55844-3_4,"Input, Process, and Output Anxiety Scales predict general language learning anxiety [Original Study 1.]",inconclusive,direct or close,Anthony J. Onwuegbuzie; Phillip Bailey; Christine E. Daley,"The Validation of Three Scales Measuring Anxiety at Different Stages of the Foreign Language Learning Process: The Input Anxiety Scale, the Processing Anxiety Scale, and the Output Anxiety Scale",Language Learning,50,1,87-117,2000.0,Katalin Piniel,"The Input, Process, and Output Anxiety Scales: An Approximate Replication Study","Second Language Learning and Teaching,Investigating Foreign Language Anxiety",,,49-71,2024.0,258.0,0.45,be,,0.05,<,,,0.43,beta (std),,,,0.01,<,,social sciences,psychology,cognitive psychology,language learning; anxiety; validation; scale,yes,FoRRT FReD team (June 2026 import),,FReD v2.4.2 (June 2026 import),,,,fred_307,external:fred_v242,10.1007/978-3-031-55844-3_4,10.1111/0023-8333.00112
https://doi.org/10.1177/0261927x01020004004,https://doi.org/10.1525/collabra.32964,"In languages with generic masculine, not explicitly naming both sexes makes people think of more masculine people [Original Study 2.]",success,direct or close,Dagmar Stahlberg; Sabine Sczesny; Friederike Braun,Name Your Favorite Musician,Journal of Language and Social Psychology,20,4,464-469,2001.0,Nina Keith; Kristine Hartwig; Tobias Richter,Ladies First or Ladies Last: Do Masculine Generics Evoke a Reduced and Later Retrieval of Female Exemplars?,Collabra: Psychology,8.0,1.0,,2022.0,90.0,"F(2, 84) = 9.97",test statistic,,0.001,<,,344.0,0.15,etasq (partial),,0.3872983346207417,,0.001,<,,social sciences,psychology,social psychology,androcentrism; sexism; language; gender; Gendersternchen; gender-inclusive language; gender-fair language; generic masculine,yes,FoRRT FReD team (June 2026 import),,FReD v2.4.2 (June 2026 import),,,,fred_309,external:fred_v242,10.1525/collabra.32964,10.1177/0261927x01020004004
https://doi.org/10.1016/j.cognition.2013.12.005,https://doi.org/10.17605/osf.io/g2zv6,"Moral traits are considered more essential to personal identity than other mental faculties, Morality - Ameneisa comparison [Original Study 1.]",success,direct or close,Nina Strohminger; Shaun Nichols,The essential moral self,Cognition,131,1,159-171,2014.0,Gilad Feldman; Chung Hin Wong,Essential moral self remains unchallenged: Successful replication of Strohminger and Nichols (2014) with extensions comparing morality to ideology and religion,,,,,2025.0,148.0,"F(1, 146) = 6.94",test statistic,,0.009,=,,983.0,0.49,d,0.213019417267212,0.237962230135701,,0.001,<,,social sciences,psychology,personality psychology,CORE; Judgment; Decision Making; JDM; Heuristics; Biases,yes,FoRRT FReD team (June 2026 import),,FReD v2.4.2 (June 2026 import); topics AI-tagged (claude sonnet),,,,fred_310,external:fred_v242,10.17605/osf.io/g2zv6,10.1016/j.cognition.2013.12.005
https://doi.org/10.1016/j.paid.2014.11.040,https://doi.org/10.1016/j.paid.2015.08.031,"When partial correlations were computed controlling for the overlap between PMS [personal moral standards] and CMM [concern over moral mistakes], PMS showed positive correlations with moral values, virtues, reciprocal helping, forgiveness... In contrast, CMM showed a positive correlation only with indebtedness...",success,direct or close,Hongfei Yang; Joachim Stoeber; Yanchun Wang,"Moral perfectionism and moral values, virtues, and judgments: A preliminary investigation",Personality and Individual Differences,75,,229-233,2015.0,Joachim Stoeber; Hongfei Yang,"Moral perfectionism and moral values, virtues, and judgments: Further investigations",Personality and Individual Differences,88.0,,6-11,2016.0,168.0,0.17,partial correlation,,0.05,<,,238.0,0.35,semipartial correlation,,,,0.001,<,,social sciences,psychology,social psychology,moral perfectionism; personal standards; concern over mistakes; moral values; virtues; moral judgments; forgiveness; gratitude,yes,FoRRT FReD team (June 2026 import),,FReD v2.4.2 (June 2026 import),,,,fred_311,external:fred_v242,10.1016/j.paid.2015.08.031,10.1016/j.paid.2014.11.040
https://doi.org/10.1016/j.paid.2014.11.040,https://doi.org/10.1016/j.paid.2015.08.031,"When partial correlations were computed controlling for the overlap between PMS [personal moral standards] and CMM [concern over moral mistakes], PMS showed positive correlations with moral values, virtues, reciprocal helping, forgiveness... In contrast, CMM showed a positive correlation only with indebtedness...",success,direct or close,Hongfei Yang; Joachim Stoeber; Yanchun Wang,"Moral perfectionism and moral values, virtues, and judgments: A preliminary investigation",Personality and Individual Differences,75,,229-233,2015.0,Joachim Stoeber; Hongfei Yang,"Moral perfectionism and moral values, virtues, and judgments: Further investigations",Personality and Individual Differences,88.0,,6-11,2016.0,168.0,0.05,partial correlation,,0.05,>,,238.0,-0.09,semipartial correlation,,,,0.05,>,,social sciences,psychology,social psychology,moral perfectionism; personal standards; concern over mistakes; moral values; virtues; moral judgments; forgiveness; gratitude,yes,FoRRT FReD team (June 2026 import),,FReD v2.4.2 (June 2026 import),,,,fred_312,external:fred_v242,10.1016/j.paid.2015.08.031,10.1016/j.paid.2014.11.040
https://doi.org/10.1016/j.paid.2014.11.040,https://doi.org/10.1016/j.paid.2015.08.031,"When partial correlations were computed controlling for the overlap between PMS [personal moral standards] and CMM [concern over moral mistakes], PMS showed positive correlations with moral values, virtues, reciprocal helping, forgiveness... In contrast, CMM showed a positive correlation only with indebtedness...",success,direct or close,Hongfei Yang; Joachim Stoeber; Yanchun Wang,"Moral perfectionism and moral values, virtues, and judgments: A preliminary investigation",Personality and Individual Differences,75,,229-233,2015.0,Joachim Stoeber; Hongfei Yang,"Moral perfectionism and moral values, virtues, and judgments: Further investigations",Personality and Individual Differences,88.0,,6-11,2016.0,206.0,0.16,partial correlation,,0.05,<,,238.0,0.29,semipartial correlation,,,,0.001,<,,social sciences,psychology,social psychology,moral perfectionism; personal standards; concern over mistakes; moral values; virtues; moral judgments; forgiveness; gratitude,yes,FoRRT FReD team (June 2026 import),,FReD v2.4.2 (June 2026 import),,,,fred_313,external:fred_v242,10.1016/j.paid.2015.08.031,10.1016/j.paid.2014.11.040
https://doi.org/10.1016/j.paid.2014.11.040,https://doi.org/10.1016/j.paid.2015.08.031,"When partial correlations were computed controlling for the overlap between PMS [personal moral standards] and CMM [concern over moral mistakes], PMS showed positive correlations with moral values, virtues, reciprocal helping, forgiveness... In contrast, CMM showed a positive correlation only with indebtedness...",success,direct or close,Hongfei Yang; Joachim Stoeber; Yanchun Wang,"Moral perfectionism and moral values, virtues, and judgments: A preliminary investigation",Personality and Individual Differences,75,,229-233,2015.0,Joachim Stoeber; Hongfei Yang,"Moral perfectionism and moral values, virtues, and judgments: Further investigations",Personality and Individual Differences,88.0,,6-11,2016.0,206.0,-0.09,partial correlation,,0.05,>,,238.0,-0.26,semipartial correlation,,,,0.001,<,,social sciences,psychology,social psychology,moral perfectionism; personal standards; concern over mistakes; moral values; virtues; moral judgments; forgiveness; gratitude,yes,FoRRT FReD team (June 2026 import),,FReD v2.4.2 (June 2026 import),,,,fred_314,external:fred_v242,10.1016/j.paid.2015.08.031,10.1016/j.paid.2014.11.040
https://doi.org/10.1016/j.paid.2014.11.040,https://doi.org/10.1016/j.paid.2015.08.031,"When partial correlations were computed controlling for the overlap between PMS [personal moral standards] and CMM [concern over moral mistakes], PMS showed positive correlations with moral values, virtues, reciprocal helping, forgiveness... In contrast, CMM showed a positive correlation only with indebtedness...",success,direct or close,Hongfei Yang; Joachim Stoeber; Yanchun Wang,"Moral perfectionism and moral values, virtues, and judgments: A preliminary investigation",Personality and Individual Differences,75,,229-233,2015.0,Joachim Stoeber; Hongfei Yang,"Moral perfectionism and moral values, virtues, and judgments: Further investigations",Personality and Individual Differences,88.0,,6-11,2016.0,206.0,0.21,partial correlation,,0.05,<,,238.0,0.29,semipartial correlation,,,,0.001,<,,social sciences,psychology,social psychology,moral perfectionism; personal standards; concern over mistakes; moral values; virtues; moral judgments; forgiveness; gratitude,yes,FoRRT FReD team (June 2026 import),,FReD v2.4.2 (June 2026 import),,,,fred_315,external:fred_v242,10.1016/j.paid.2015.08.031,10.1016/j.paid.2014.11.040
https://doi.org/10.1016/j.paid.2014.11.040,https://doi.org/10.1016/j.paid.2015.08.031,"When partial correlations were computed controlling for the overlap between PMS [personal moral standards] and CMM [concern over moral mistakes], PMS showed positive correlations with moral values, virtues, reciprocal helping, forgiveness... In contrast, CMM showed a positive correlation only with indebtedness...",success,direct or close,Hongfei Yang; Joachim Stoeber; Yanchun Wang,"Moral perfectionism and moral values, virtues, and judgments: A preliminary investigation",Personality and Individual Differences,75,,229-233,2015.0,Joachim Stoeber; Hongfei Yang,"Moral perfectionism and moral values, virtues, and judgments: Further investigations",Personality and Individual Differences,88.0,,6-11,2016.0,206.0,-0.11,partial correlation,,0.05,>,,238.0,-0.11,semipartial correlation,,,,0.05,>,,social sciences,psychology,social psychology,moral perfectionism; personal standards; concern over mistakes; moral values; virtues; moral judgments; forgiveness; gratitude,yes,FoRRT FReD team (June 2026 import),,FReD v2.4.2 (June 2026 import),,,,fred_316,external:fred_v242,10.1016/j.paid.2015.08.031,10.1016/j.paid.2014.11.040
https://doi.org/10.1016/j.paid.2014.11.040,https://doi.org/10.1016/j.paid.2015.08.031,"When partial correlations were computed controlling for the overlap between PMS [personal moral standards] and CMM [concern over moral mistakes], PMS showed positive correlations with moral values, virtues, reciprocal helping, forgiveness... In contrast, CMM showed a positive correlation only with indebtedness...",success,direct or close,Hongfei Yang; Joachim Stoeber; Yanchun Wang,"Moral perfectionism and moral values, virtues, and judgments: A preliminary investigation",Personality and Individual Differences,75,,229-233,2015.0,Joachim Stoeber; Hongfei Yang,"Moral perfectionism and moral values, virtues, and judgments: Further investigations",Personality and Individual Differences,88.0,,6-11,2016.0,165.0,0.27,partial correlation,,0.001,<,,238.0,0.18,semipartial correlation,,,,0.01,<,,social sciences,psychology,social psychology,moral perfectionism; personal standards; concern over mistakes; moral values; virtues; moral judgments; forgiveness; gratitude,yes,FoRRT FReD team (June 2026 import),,FReD v2.4.2 (June 2026 import),,,,fred_317,external:fred_v242,10.1016/j.paid.2015.08.031,10.1016/j.paid.2014.11.040
https://doi.org/10.1016/j.paid.2014.11.040,https://doi.org/10.1016/j.paid.2015.08.031,"When partial correlations were computed controlling for the overlap between PMS [personal moral standards] and CMM [concern over moral mistakes], PMS showed positive correlations with moral values, virtues, reciprocal helping, forgiveness... In contrast, CMM showed a positive correlation only with indebtedness...",success,direct or close,Hongfei Yang; Joachim Stoeber; Yanchun Wang,"Moral perfectionism and moral values, virtues, and judgments: A preliminary investigation",Personality and Individual Differences,75,,229-233,2015.0,Joachim Stoeber; Hongfei Yang,"Moral perfectionism and moral values, virtues, and judgments: Further investigations",Personality and Individual Differences,88.0,,6-11,2016.0,165.0,-0.09,partial correlation,,0.05,>,,238.0,-0.05,semipartial correlation,,,,0.05,>,,social sciences,psychology,social psychology,moral perfectionism; personal standards; concern over mistakes; moral values; virtues; moral judgments; forgiveness; gratitude,yes,FoRRT FReD team (June 2026 import),,FReD v2.4.2 (June 2026 import),,,,fred_318,external:fred_v242,10.1016/j.paid.2015.08.031,10.1016/j.paid.2014.11.040
https://doi.org/10.1016/j.paid.2014.11.040,https://doi.org/10.1016/j.paid.2015.08.031,"When partial correlations were computed controlling for the overlap between PMS [personal moral standards] and CMM [concern over moral mistakes], PMS showed positive correlations with moral values, virtues, reciprocal helping, forgiveness... In contrast, CMM showed a positive correlation only with indebtedness...",success,direct or close,Hongfei Yang; Joachim Stoeber; Yanchun Wang,"Moral perfectionism and moral values, virtues, and judgments: A preliminary investigation",Personality and Individual Differences,75,,229-233,2015.0,Joachim Stoeber; Hongfei Yang,"Moral perfectionism and moral values, virtues, and judgments: Further investigations",Personality and Individual Differences,88.0,,6-11,2016.0,165.0,0.1,partial correlation,,0.05,>,,238.0,0.23,semipartial correlation,,,,0.001,<,,social sciences,psychology,social psychology,moral perfectionism; personal standards; concern over mistakes; moral values; virtues; moral judgments; forgiveness; gratitude,yes,FoRRT FReD team (June 2026 import),,FReD v2.4.2 (June 2026 import),,,,fred_319,external:fred_v242,10.1016/j.paid.2015.08.031,10.1016/j.paid.2014.11.040
https://doi.org/10.1016/j.paid.2014.11.040,https://doi.org/10.1016/j.paid.2015.08.031,"When partial correlations were computed controlling for the overlap between PMS [personal moral standards] and CMM [concern over moral mistakes], PMS showed positive correlations with moral values, virtues, reciprocal helping, forgiveness... In contrast, CMM showed a positive correlation only with indebtedness...",success,direct or close,Hongfei Yang; Joachim Stoeber; Yanchun Wang,"Moral perfectionism and moral values, virtues, and judgments: A preliminary investigation",Personality and Individual Differences,75,,229-233,2015.0,Joachim Stoeber; Hongfei Yang,"Moral perfectionism and moral values, virtues, and judgments: Further investigations",Personality and Individual Differences,88.0,,6-11,2016.0,165.0,0.08,partial correlation,,0.05,>,,238.0,-0.16,semipartial correlation,,,,0.05,<,,social sciences,psychology,social psychology,moral perfectionism; personal standards; concern over mistakes; moral values; virtues; moral judgments; forgiveness; gratitude,yes,FoRRT FReD team (June 2026 import),,FReD v2.4.2 (June 2026 import),,,,fred_320,external:fred_v242,10.1016/j.paid.2015.08.031,10.1016/j.paid.2014.11.040
https://doi.org/10.1016/j.paid.2014.11.040,https://doi.org/10.1016/j.paid.2015.08.031,"When partial correlations were computed controlling for the overlap between PMS [personal moral standards] and CMM [concern over moral mistakes], PMS showed positive correlations with moral values, virtues, reciprocal helping, forgiveness... In contrast, CMM showed a positive correlation only with indebtedness...",success,direct or close,Hongfei Yang; Joachim Stoeber; Yanchun Wang,"Moral perfectionism and moral values, virtues, and judgments: A preliminary investigation",Personality and Individual Differences,75,,229-233,2015.0,Joachim Stoeber; Hongfei Yang,"Moral perfectionism and moral values, virtues, and judgments: Further investigations",Personality and Individual Differences,88.0,,6-11,2016.0,165.0,0.05,partial correlation,,0.05,>,,238.0,0.09,semipartial correlation,,,,0.05,>,,social sciences,psychology,social psychology,moral perfectionism; personal standards; concern over mistakes; moral values; virtues; moral judgments; forgiveness; gratitude,yes,FoRRT FReD team (June 2026 import),,FReD v2.4.2 (June 2026 import),,,,fred_321,external:fred_v242,10.1016/j.paid.2015.08.031,10.1016/j.paid.2014.11.040
https://doi.org/10.1016/j.paid.2014.11.040,https://doi.org/10.1016/j.paid.2015.08.031,"When partial correlations were computed controlling for the overlap between PMS [personal moral standards] and CMM [concern over moral mistakes], PMS showed positive correlations with moral values, virtues, reciprocal helping, forgiveness... In contrast, CMM showed a positive correlation only with indebtedness...",success,direct or close,Hongfei Yang; Joachim Stoeber; Yanchun Wang,"Moral perfectionism and moral values, virtues, and judgments: A preliminary investigation",Personality and Individual Differences,75,,229-233,2015.0,Joachim Stoeber; Hongfei Yang,"Moral perfectionism and moral values, virtues, and judgments: Further investigations",Personality and Individual Differences,88.0,,6-11,2016.0,165.0,0.2,partial correlation,,0.01,<,,238.0,0.08,semipartial correlation,,,,0.05,>,,social sciences,psychology,social psychology,moral perfectionism; personal standards; concern over mistakes; moral values; virtues; moral judgments; forgiveness; gratitude,yes,FoRRT FReD team (June 2026 import),,FReD v2.4.2 (June 2026 import),,,,fred_322,external:fred_v242,10.1016/j.paid.2015.08.031,10.1016/j.paid.2014.11.040
https://doi.org/10.1016/j.paid.2014.11.040,https://doi.org/10.1016/j.paid.2015.08.031,"When partial correlations were computed controlling for the overlap between PMS [personal moral standards] and CMM [concern over moral mistakes], PMS showed positive correlations with moral values, virtues, reciprocal helping, forgiveness... In contrast, CMM showed a positive correlation only with indebtedness...",success,direct or close,Hongfei Yang; Joachim Stoeber; Yanchun Wang,"Moral perfectionism and moral values, virtues, and judgments: A preliminary investigation",Personality and Individual Differences,75,,229-233,2015.0,Joachim Stoeber; Hongfei Yang,"Moral perfectionism and moral values, virtues, and judgments: Further investigations",Personality and Individual Differences,88.0,,6-11,2016.0,165.0,0.22,partial correlation,,0.01,<,,238.0,0.25,semipartial correlation,,,,0.001,<,,social sciences,psychology,social psychology,moral perfectionism; personal standards; concern over mistakes; moral values; virtues; moral judgments; forgiveness; gratitude,yes,FoRRT FReD team (June 2026 import),,FReD v2.4.2 (June 2026 import),,,,fred_323,external:fred_v242,10.1016/j.paid.2015.08.031,10.1016/j.paid.2014.11.040
https://doi.org/10.1016/j.paid.2014.11.040,https://doi.org/10.1016/j.paid.2015.08.031,"When partial correlations were computed controlling for the overlap between PMS [personal moral standards] and CMM [concern over moral mistakes], PMS showed positive correlations with moral values, virtues, reciprocal helping, forgiveness... In contrast, CMM showed a positive correlation only with indebtedness...",success,direct or close,Hongfei Yang; Joachim Stoeber; Yanchun Wang,"Moral perfectionism and moral values, virtues, and judgments: A preliminary investigation",Personality and Individual Differences,75,,229-233,2015.0,Joachim Stoeber; Hongfei Yang,"Moral perfectionism and moral values, virtues, and judgments: Further investigations",Personality and Individual Differences,88.0,,6-11,2016.0,165.0,-0.08,partial correlation,,0.05,>,,238.0,-0.16,semipartial correlation,,,,0.05,<,,social sciences,psychology,social psychology,moral perfectionism; personal standards; concern over mistakes; moral values; virtues; moral judgments; forgiveness; gratitude,yes,FoRRT FReD team (June 2026 import),,FReD v2.4.2 (June 2026 import),,,,fred_324,external:fred_v242,10.1016/j.paid.2015.08.031,10.1016/j.paid.2014.11.040
https://doi.org/10.1016/j.cognition.2011.04.005,https://doi.org/10.17605/osf.io/qswe3,"Participants would not perceive differences between harm and purity violation for intentionals and accidentals in ratings of emotional salience, control, knowledge, or intent. [Original Study 2.]",success,direct or close,Liane Young; Rebecca Saxe,When ignorance is no excuse: Different roles for intent across moral domains,Cognition,120,2,202-214,2011.0,Gilad Feldman,Gilad Feldman: Theses by guided thesis students,,,,,2021.0,320.0,"F(1, 76) = 0.62",test statistic,,0.43,=,two-sided,1009.0,"F(2, 1006) = 26.17",test statistic,0.0899548887784296,,,0.001,<,two-sided,social sciences,psychology,experimental philosophy,CORE; Judgment; Decision Making; JDM; Heuristics; Biases; emotion; control; knowledge; intent,yes,FoRRT FReD team (June 2026 import),,FReD v2.4.2 (June 2026 import); topics AI-tagged (claude sonnet),,,,fred_325,external:fred_v242,10.17605/osf.io/qswe3,10.1016/j.cognition.2011.04.005
https://doi.org/10.1016/j.cognition.2011.04.005,https://doi.org/10.17605/osf.io/qswe3,Differences in disgust ratings differ from differences in moral wrongness judgements between harm and purity violations for intentionals and accidentals. [Original Study 3.],success,direct or close,Liane Young; Rebecca Saxe,When ignorance is no excuse: Different roles for intent across moral domains,Cognition,120,2,202-214,2011.0,Gilad Feldman,Gilad Feldman: Theses by guided thesis students,,,,,2021.0,160.0,"F(1, 152) = 4.8",test statistic,,0.03,=,two-sided,1009.0,"F(1, 1006) = 139.07",test statistic,0.1749635530559412,0.3484983361887909,,0.001,<,two-sided,social sciences,psychology,experimental philosophy,CORE; Judgment; Decision Making; JDM; Heuristics; Biases; morality; disgust,yes,FoRRT FReD team (June 2026 import),,FReD v2.4.2 (June 2026 import); topics AI-tagged (claude sonnet),,,,fred_326,external:fred_v242,10.17605/osf.io/qswe3,10.1016/j.cognition.2011.04.005
https://doi.org/10.1016/j.cognition.2011.04.005,https://doi.org/10.17605/osf.io/qswe3,"Moral wrongness of failed attempts to harm is greater than that of failed attempts to purity violations, based on false beliefs and bad intentions. [Original Study 4.]",success,direct or close,Liane Young; Rebecca Saxe,When ignorance is no excuse: Different roles for intent across moral domains,Cognition,120,2,202-214,2011.0,Gilad Feldman,Gilad Feldman: Theses by guided thesis students,,,,,2021.0,177.0,t(17) = 3.6,test statistic,,0.01,=,,1009.0,0.32,d,0.6577056857176827,0.1579905011066728,,,,,social sciences,psychology,experimental philosophy,CORE; Judgment; Decision Making; JDM; Heuristics; Biases; morality; accidents; attempts,yes,FoRRT FReD team (June 2026 import),,FReD v2.4.2 (June 2026 import); topics AI-tagged (claude sonnet),,,,fred_327,external:fred_v242,10.17605/osf.io/qswe3,10.1016/j.cognition.2011.04.005
https://doi.org/10.1016/j.cognition.2011.04.005,https://doi.org/10.17605/osf.io/qswe3,"Differences in moral wrongness between purity violations and harm are larger for accidentals than the differences between purity violations and harm for intentionals. Inspecific, moral wrongness of accidental purity violations is greater than that of accidental harms. [Original Study 1a.]",success,direct or close,Liane Young; Rebecca Saxe,When ignorance is no excuse: Different roles for intent across moral domains,Cognition,120,2,202-214,2011.0,Gilad Feldman,Gilad Feldman: Theses by guided thesis students,,,,,2021.0,241.0,"F(1, 169) = 29.1",test statistic,,0.001,<,two-sided,1006.0,"F(2, 1006) = 198.4",test statistic,0.3832694969855227,,,0.001,<,two-sided,social sciences,psychology,experimental philosophy,CORE; Judgment; Decision Making; JDM; Heuristics; Biases; morality; intent; disgust; purity; incest; accident,yes,FoRRT FReD team (June 2026 import),,FReD v2.4.2 (June 2026 import); topics AI-tagged (claude sonnet),,,,fred_328,external:fred_v242,10.17605/osf.io/qswe3,10.1016/j.cognition.2011.04.005
https://doi.org/10.1086/679118,https://doi.org/10.17605/osf.io/ezw6p,"As size of expense increases, efficiency plans give way to priority plans [Original Study 2.]",failure,direct or close,Philip M. Fernbach; Christina Kan; John G. Lynch,Squeezed: Coping with Constraint through Efficiency and Prioritization,Journal of Consumer Research,41,5,1204-1227,2014.0,Amelia Dev; Leif D. Nelson; Derek Schatz; Don A. Moore; Christina Carr; Michael Rosenblum; Michael O'Donnell,"Fernbach, Kan, &amp; Lynch, 2015 - Study 2 Replication (Schatz)",,,,,2019.0,102.0,"F(1, 99) = 7.54",test statistic,,0.007,=,,300.0,"F(2, 297) = 1.96",test statistic,0.2660292111877587,,,0.143,=,,social sciences,psychology,judgment and decision making,,yes,FoRRT FReD team (June 2026 import),,FReD v2.4.2 (June 2026 import),,,,fred_329,external:fred_v242,10.17605/osf.io/ezw6p,10.1086/679118
https://doi.org/10.1126/science.1238041,https://doi.org/10.1073/pnas.2103313118,"Replication of 'Poverty Impedes Cognitive Function' (2013); the replication authors reported the replication as failed. Claim tested: ""Poverty impedes cognitive function"". [Original Study 4.]",failure,direct or close,Anandi Mani; Sendhil Mullainathan; Eldar Shafir; Jiaying Zhao,Poverty Impedes Cognitive Function,Science,341,6149,976-980,2013.0,Michael O’Donnell; Amelia S. Dev; Stephen Antonoplis; Stephen M. Baum; Arianna H. Benedetti; N. Derek Brown; Belinda Carrillo; Andrew L. Choi; Paul Connor; Kristin Donnelly; Monica E. Ellwood-Lowe; Ruthe Foushee; Rachel Jansen; Shoshana N. Jarvis; Ryan Lundell-Creagh; Joseph M. Ocampo; Gold N. Okafor; Zahra Rahmani Azad; Michael Rosenblum; Derek Schatz; Daniel H. Stein; Yilu Wang; Don A. Moore; Leif D. Nelson,Empirical audit and review and an assessment of evidentiary value in research on the psychological consequences of scarcity,Proceedings of the National Academy of Sciences,118.0,44.0,e2103313118,2021.0,96.0,"F(1, 92) = 4.04",test statistic,,0.04,=,,229.0,"F(1, 224) = 0.17",test statistic,0.2050995024718549,0.0275382104655076,,0.678,=,,social sciences,psychology,social psychology,poor; poverty; cognitive function; cognitive control,yes,FoRRT FReD team (June 2026 import),,FReD v2.4.2 (June 2026 import),,,,fred_330,external:fred_v242,10.1073/pnas.2103313118,10.1126/science.1238041
