original_url,replication_url,description,result,original_authors,original_title,original_journal,original_volume,original_issue,original_pages,original_year,replication_authors,replication_title,replication_journal,replication_volume,replication_issue,replication_pages,replication_year,original_n,original_es,original_es_type,original_es_95_CI,original_p_value,original_p_value_type,original_p_value_tails,replication_n,replication_es,replication_es_type,original_es_r,replication_es_r,replication_es_95_CI,replication_p_value,replication_p_value_type,replication_p_value_tails,discipline,project_tag,tags,validated,validated_person,openalex_field,openalex_subfield,replication_citation_html,original_citation_html,computed_outcome_looking_for_statistical_significance_in_same_direction
http://doi.org/10.1177/0956797610384746,http://doi.org/10.1007/s00426-019-01203-4,"Freezing is an adaptive defensive response to a stressful event. It is characterized by reduced body motion, reduced heart rate (bradycardia), and increased muscle tonus. Social threats in the context of these studies are stimuli of angry faces. ",success,Karin Roelofs; Muriel A. Hagenaars; John Stins,Facing Freeze,Psychological Science,21.0,11,1575,2010.0,Marret K. Noordewier; Daan Scheepers; Leon P. Hilbert,Freezing in response to social threat: a replication,Psychological Research,84.0,7,1890,2019.0,47.0,,etasq,,,,,54.0,,etasq,0.3162278,0.2828427,,,,,marketing,,Freezing response to social threat,yes,forrt.org team: LK,Psychology,Applied Psychology,"<a href=""https://doi.org/10.1007/s00426-019-01203-4"" target=""_blank"" style=""text-decoration:none; color:inherit;"">Noordewier M. <i>et al.</i> <i>Psychological Research</i> 2019</a>","<a href=""https://doi.org/10.1177/0956797610384746"" target=""_blank"" style=""text-decoration:none; color:inherit;"">Roelofs K. <i>et al.</i> <i>Psychological Science</i> 2010</a>",success
http://doi.org/10.1080/13506280544000110,http://doi.org/10.1016/j.actpsy.2020.103138,The magnitude of the age of acquisition effect I(i.e. early-acquired words are named more quickly than later-acquired words) in lexical retrieval is larger in picture naming than visual word naming.,success,Matthew A. Lambon Ralph; Sheeba Ehsan,Age of acquisition effects depend on the mapping between representations and the frequency of occurrence: Empirical and computational evidence,Visual Cognition,13.0,7-8,928,2006.0,Jonathan Catling; Mahmoud Medhat Elsherif,The hunt for the age of acquisition effect: It's in the links!,Acta Psychologica,209.0,,103138,2020.0,44.0,,etasq,,,,,96.0,,d,0.8944,-0.3219,,,,,developmental psychology,,"Age of acquisition, Picture naming, word naming, Direct replication, lexical retrieval,Age acquisition effect",yes,forrt.org team: LK,Psychology,Developmental and Educational Psychology,"<a href=""https://doi.org/10.1016/j.actpsy.2020.103138"" target=""_blank"" style=""text-decoration:none; color:inherit;"">Catling J. <i>et al.</i> <i>Acta Psychologica</i> 2020</a>","<a href=""https://doi.org/10.1080/13506280544000110"" target=""_blank"" style=""text-decoration:none; color:inherit;"">Ralph M. <i>et al.</i> <i>Visual Cognition</i> 2006</a>",reversal
http://doi.org/10.1016/j.cognition.2014.09.006,http://doi.org/10.1016/j.cognition.2014.09.006,drunk utilitarian,success,Aaron A. Duke; Laurent Bègue,The drunk utilitarian: Blood alcohol concentration predicts utilitarian responses in moral dilemmas,Cognition,134.0,,121,2014.0,Aaron A. Duke; Laurent Bègue,The drunk utilitarian: Blood alcohol concentration predicts utilitarian responses in moral dilemmas,Cognition,134.0,,121,2014.0,60.0,,r,,,,,42.0,,r,0.29,0.32,,,,,experimental philosophy,,"utilitarianism, alcohol, CNI Model, trolley dilemma, moral judgmenet,drunk utilitarian",yes,forrt.org team: LK,Neuroscience,Cognitive Neuroscience,"<a href=""https://doi.org/10.1016/j.cognition.2014.09.006"" target=""_blank"" style=""text-decoration:none; color:inherit;"">Duke A. <i>et al.</i> <i>Cognition</i> 2014</a>","<a href=""https://doi.org/10.1016/j.cognition.2014.09.006"" target=""_blank"" style=""text-decoration:none; color:inherit;"">Duke A. <i>et al.</i> <i>Cognition</i> 2014</a>",success
http://doi.org/10.1111/j.1467-8624.2007.00995.x,http://doi.org/10.1016/j.intell.2020.101471,Growth mindset is associated with the change of grades in a challenging educational transition.,failure,Lisa S. Blackwell; Kali H. Trzesniewski; Carol Sorich Dweck,Implicit Theories of Intelligence Predict Achievement Across an Adolescent Transition: A Longitudinal Study and an Intervention,Child Development,78.0,1,246,2007.0,Yue Li; Timothy C. Bates,Testing the association of growth mindset and grades across a challenging transition: Is growth mindset associated with grades?,Intelligence,81.0,,101471,2020.0,373.0,,,,,,,586.0,,,0.17,-0.05,,,,,social psychology,,"Intelligence-mindset, Educational attainment, Growth mindset, Challenging transitions,growth mindset",yes,forrt.org team: LK,Psychology,Experimental and Cognitive Psychology,"<a href=""https://doi.org/10.1016/j.intell.2020.101471"" target=""_blank"" style=""text-decoration:none; color:inherit;"">Li Y. <i>et al.</i> <i>Intelligence</i> 2020</a>","<a href=""https://doi.org/10.1111/j.1467-8624.2007.00995.x"" target=""_blank"" style=""text-decoration:none; color:inherit;"">Blackwell L. <i>et al.</i> <i>Child Development</i> 2007</a>",failure
http://doi.org/10.1016/j.cognition.2014.08.006,http://doi.org/10.1016/j.jesp.2023.104549,Priming analytic thinking using the scrambled sentence task reduces belief in conspiracy theories,failure,Viren Swami; Martin Voracek; Stefan Stieger; Ulrich S. Tran; Adrian Furnham,Analytic thinking reduces belief in conspiracy theories,Cognition,133.0,3,572,2014.0,Bojana Većkalov; Vukašin Gligorić; Marija Petrović,No evidence that priming analytic thinking reduces belief in conspiracy theories: A Registered Report of high-powered direct replications of Study 2 and Study 4 from,Journal of Experimental Social Psychology,110.0,,104549,2023.0,112.0,,d,,,,,302.0,,d,0.22414769,0.05989229,,,,,cognitive psychology,,"analytic thinking, priming, conspiracy theory,Analytic priming",yes,forrt.org team: LK,Social Sciences,Sociology and Political Science,"<a href=""https://doi.org/10.1016/j.jesp.2023.104549"" target=""_blank"" style=""text-decoration:none; color:inherit;"">Većkalov B. <i>et al.</i> <i>Journal of Experimental Social Psychology</i> 2023</a>","<a href=""https://doi.org/10.1016/j.cognition.2014.08.006"" target=""_blank"" style=""text-decoration:none; color:inherit;"">Swami V. <i>et al.</i> <i>Cognition</i> 2014</a>",failure
http://doi.org/10.1016/j.cognition.2014.08.006,http://doi.org/10.1016/j.jesp.2023.104549,Priming analytic thinking using the scrambled sentences paradigm reduces belief in conspiriacy theories,failure,Viren Swami; Martin Voracek; Stefan Stieger; Ulrich S. Tran; Adrian Furnham,Analytic thinking reduces belief in conspiracy theories,Cognition,133.0,3,572,2014.0,Bojana Većkalov; Vukašin Gligorić; Marija Petrović,No evidence that priming analytic thinking reduces belief in conspiracy theories: A Registered Report of high-powered direct replications of Study 2 and Study 4 from,Journal of Experimental Social Psychology,110.0,,104549,2023.0,140.0,,d,,,,,488.0,,d,0.20551723,0.02998651,,,,,cognitive psychology,,"analytic thinking, priming, conspiriacy theory,Analytic priming",yes,forrt.org team: LK,Social Sciences,Sociology and Political Science,"<a href=""https://doi.org/10.1016/j.jesp.2023.104549"" target=""_blank"" style=""text-decoration:none; color:inherit;"">Većkalov B. <i>et al.</i> <i>Journal of Experimental Social Psychology</i> 2023</a>","<a href=""https://doi.org/10.1016/j.cognition.2014.08.006"" target=""_blank"" style=""text-decoration:none; color:inherit;"">Swami V. <i>et al.</i> <i>Cognition</i> 2014</a>",failure
http://doi.org/10.1038/s41598-017-10669-4,http://doi.org/10.1098/rsos.210641,behavioral age group differences in compassion in adulthood,success,Andrea M. F. Reiter; Philipp Kanske; Ben Eppinger; Shu-Chen Li,The Aging of the Social Mind - Differential Effects on Components of Social Understanding,Scientific Reports,7.0,1,11046,2017.0,Julia Stietz; Lena Pollerhoff; Marcel Kurtz; Shu Li; Andrea M.F. Reiter; Philipp Kanske,The ageing of the social mind: replicating the preservation of socio-affective and the decline of socio-cognitive processes in old age,Royal Society Open Science,8.0,8,210641,2021.0,107.0,,d,,,,,85.0,,d,0.44362515,-0.6125717,,,,,,,,yes,forrt.org team: CD,Psychology,Neuropsychology and Physiological Psychology,"<a href=""https://doi.org/10.1098/rsos.210641"" target=""_blank"" style=""text-decoration:none; color:inherit;"">Stietz J. <i>et al.</i> <i>Royal Society Open Science</i> 2021</a>","<a href=""https://doi.org/10.1038/s41598-017-10669-4"" target=""_blank"" style=""text-decoration:none; color:inherit;"">Reiter A. <i>et al.</i> <i>Scientific Reports</i> 2017</a>",reversal
http://doi.org/10.1038/s41598-017-10669-4,http://doi.org/10.1098/rsos.210641,behavioral age group differences in empathy in adulthood,success,Andrea M. F. Reiter; Philipp Kanske; Ben Eppinger; Shu-Chen Li,The Aging of the Social Mind - Differential Effects on Components of Social Understanding,Scientific Reports,7.0,1,11046,2017.0,Julia Stietz; Lena Pollerhoff; Marcel Kurtz; Shu Li; Andrea M.F. Reiter; Philipp Kanske,The ageing of the social mind: replicating the preservation of socio-affective and the decline of socio-cognitive processes in old age,Royal Society Open Science,8.0,8,210641,2021.0,107.0,,etasq,,,,,83.0,,etasq,0.14142136,0.16124515,,,,,,,,yes,forrt.org team: CD,Psychology,Neuropsychology and Physiological Psychology,"<a href=""https://doi.org/10.1098/rsos.210641"" target=""_blank"" style=""text-decoration:none; color:inherit;"">Stietz J. <i>et al.</i> <i>Royal Society Open Science</i> 2021</a>","<a href=""https://doi.org/10.1038/s41598-017-10669-4"" target=""_blank"" style=""text-decoration:none; color:inherit;"">Reiter A. <i>et al.</i> <i>Scientific Reports</i> 2017</a>",inconclusive
http://doi.org/10.1038/s41598-017-10669-4,http://doi.org/10.1098/rsos.210641,behavioral age group differences in Theory of Mind (ToM) in adulthood,success,Andrea M. F. Reiter; Philipp Kanske; Ben Eppinger; Shu-Chen Li,The Aging of the Social Mind - Differential Effects on Components of Social Understanding,Scientific Reports,7.0,1,11046,2017.0,Julia Stietz; Lena Pollerhoff; Marcel Kurtz; Shu Li; Andrea M.F. Reiter; Philipp Kanske,The ageing of the social mind: replicating the preservation of socio-affective and the decline of socio-cognitive processes in old age,Royal Society Open Science,8.0,8,210641,2021.0,107.0,,etasq,,,,,86.0,,etasq,0.74161985,0.7496666,,,,,,,,yes,forrt.org team: CD,Psychology,Neuropsychology and Physiological Psychology,"<a href=""https://doi.org/10.1098/rsos.210641"" target=""_blank"" style=""text-decoration:none; color:inherit;"">Stietz J. <i>et al.</i> <i>Royal Society Open Science</i> 2021</a>","<a href=""https://doi.org/10.1038/s41598-017-10669-4"" target=""_blank"" style=""text-decoration:none; color:inherit;"">Reiter A. <i>et al.</i> <i>Scientific Reports</i> 2017</a>",success
http://doi.org/10.1111/j.1467-9280.2007.01944.x,http://doi.org/10.1177/0956797617747090,Implicit Theory of Mind can be measured through anticipatory looking patterns measured through eye-tracking.,success,V. Southgate; A. Senju; G. Csibra,Action Anticipation Through Attribution of False Belief by 2-Year-Olds,Psychological Science,18.0,7,587,2007.0,Louisa Kulke; Britta von Duhn; Dana Schneider; Hannes Rakoczy,Is Implicit Theory of Mind a Real and Robust Phenomenon? Results From a Systematic Replication Study,Psychological Science,29.0,6,888,2018.0,20.0,,etasq,,,,,52.0,,d,0.469,0.124,,,,,social psychology,,"Theory of Mind, implicit Theory of Mind, eye-tracking,Theory of Mind",yes,forrt.org team: LK,Psychology,Developmental and Educational Psychology,"<a href=""https://doi.org/10.1177/0956797617747090"" target=""_blank"" style=""text-decoration:none; color:inherit;"">Kulke L. <i>et al.</i> <i>Psychological Science</i> 2018</a>","<a href=""https://doi.org/10.1111/j.1467-9280.2007.01944.x"" target=""_blank"" style=""text-decoration:none; color:inherit;"">Southgate V. <i>et al.</i> <i>Psychological Science</i> 2007</a>",failure
http://doi.org/10.1177/0146167216684132,http://doi.org/10.1525/collabra.185,Participants reported higher need satisfaction in experiences of pursuing hopes than in experiences of pursuing duties (need for autonomy),success,Leigh Ann Vaughn,Foundational Tests of the Need-Support Model,Personality and Social Psychology Bulletin,43.0,3,313,2017.0,Leigh Ann Vaughn,Distinguishing Between Need Support and Regulatory Focus with LIWC,Collabra: Psychology,5.0,1,,2019.0,601.0,,d,,,,,446.0,,d,0.38723248,0.34204484,,,,,,,"Regulatory focus theory, Self-determination theory, Need satisfaction, Need support, Goals and motivation",yes,forrt.org team: LK,Psychology,Social Psychology,"<a href=""https://doi.org/10.1525/collabra.185"" target=""_blank"" style=""text-decoration:none; color:inherit;"">Vaughn L. <i>et al.</i> <i>Collabra: Psychology</i> 2019</a>","<a href=""https://doi.org/10.1177/0146167216684132"" target=""_blank"" style=""text-decoration:none; color:inherit;"">Vaughn L. <i>et al.</i> <i>Personality and Social Psychology Bulletin</i> 2017</a>",success
http://doi.org/10.1177/0146167216684132,http://doi.org/10.1525/collabra.185,Participants reported higher need satisfaction in experiences of pursuing hopes than in experiences of pursuing duties (need for competence),success,Leigh Ann Vaughn,Foundational Tests of the Need-Support Model,Personality and Social Psychology Bulletin,43.0,3,313,2017.0,Leigh Ann Vaughn,Distinguishing Between Need Support and Regulatory Focus with LIWC,Collabra: Psychology,5.0,1,,2019.0,601.0,,d,,,,,446.0,,d,0.17238033,0.17953468,,,,,,,"Regulatory focus theory, Self-determination theory, Need satisfaction, Need support, Goals and motivation",yes,forrt.org team: LK,Psychology,Social Psychology,"<a href=""https://doi.org/10.1525/collabra.185"" target=""_blank"" style=""text-decoration:none; color:inherit;"">Vaughn L. <i>et al.</i> <i>Collabra: Psychology</i> 2019</a>","<a href=""https://doi.org/10.1177/0146167216684132"" target=""_blank"" style=""text-decoration:none; color:inherit;"">Vaughn L. <i>et al.</i> <i>Personality and Social Psychology Bulletin</i> 2017</a>",success
http://doi.org/10.1177/0146167216684132,http://doi.org/10.1525/collabra.185,Participants reported higher need satisfaction in experiences of pursuing hopes than in experiences of pursuing duties (need for relatedness),success,Leigh Ann Vaughn,Foundational Tests of the Need-Support Model,Personality and Social Psychology Bulletin,43.0,3,313,2017.0,Leigh Ann Vaughn,Distinguishing Between Need Support and Regulatory Focus with LIWC,Collabra: Psychology,5.0,1,,2019.0,601.0,,d,,,,,446.0,,d,0.21486178,0.20035349,,,,,,,"Regulatory focus theory, Self-determination theory, Need satisfaction, Need support, Goals and motivation",yes,forrt.org team: LK,Psychology,Social Psychology,"<a href=""https://doi.org/10.1525/collabra.185"" target=""_blank"" style=""text-decoration:none; color:inherit;"">Vaughn L. <i>et al.</i> <i>Collabra: Psychology</i> 2019</a>","<a href=""https://doi.org/10.1177/0146167216684132"" target=""_blank"" style=""text-decoration:none; color:inherit;"">Vaughn L. <i>et al.</i> <i>Personality and Social Psychology Bulletin</i> 2017</a>",success
http://doi.org/10.1073/pnas.1511269112,http://doi.org/10.31234/osf.io/drfht,Placebo empathy analgesia,inconclusive,Markus Rütgen; Eva-Maria Seidel; Giorgia Silani; Igor Riečanský; Allan Hummer; Christian Windischberger; Predrag Petrovic; Claus Lamm,Placebo analgesia and its opioidergic regulation suggest that empathy for pain is grounded in self pain,Proceedings of the National Academy of Sciences,112.0,41,E5638-46,2015.0,Helena Hartmann; Paul Forbes; Markus Rütgen; Claus Lamm,Placebo analgesia reduces costly prosocial helping to lower another’s pain,,,,,2022.0,102.0,,etasq,,,,,90.0,,etasq,0.34785054,0.07071068,,,,,,,"social cognition, empathy, placebo, expectation,Placebo empathy analgesia",yes,forrt.org team: CD,Neuroscience,Cognitive Neuroscience,"<a href=""https://doi.org/10.31234/osf.io/drfht"" target=""_blank"" style=""text-decoration:none; color:inherit;"">Hartmann H. <i>et al.</i> <i></i> 2022</a>","<a href=""https://doi.org/10.1073/pnas.1511269112"" target=""_blank"" style=""text-decoration:none; color:inherit;"">Rütgen M. <i>et al.</i> <i>Proceedings of the National Academy of Sciences</i> 2015</a>",failure
http://doi.org/10.1111/j.1467-9280.2008.02136.x,http://doi.org/10.3389/fpsyg.2014.00786,Measuring the crowd within: Probabilistic representations within individuals.,success,Edward Vul; Harold Pashler,Measuring the Crowd Within,Psychological Science,19.0,7,645,2008.0,Sara Steegen; Laura Dewitte; Francis Tuerlinckx; Wolf Vanpaemel,Measuring the crowd within again: a pre-registered replication study,Frontiers in Psychology,5.0,,786,2014.0,173.0,,,,,,,140.0,,,0.28771881,0.322727228,,,,,,,"Crowding, Humans, Models, Statistical",yes,forrt.org team: CD,Decision Sciences,Management Science and Operations Research,"<a href=""https://doi.org/10.3389/fpsyg.2014.00786"" target=""_blank"" style=""text-decoration:none; color:inherit;"">Steegen S. <i>et al.</i> <i>Frontiers in Psychology</i> 2014</a>","<a href=""https://doi.org/10.1111/j.1467-9280.2008.02136.x"" target=""_blank"" style=""text-decoration:none; color:inherit;"">Vul E. <i>et al.</i> <i>Psychological Science</i> 2008</a>",success
http://doi.org/10.1111/j.1467-9280.2008.02227.x,http://doi.org/10.1027/1864-9335/a000186,With a clean conscience: Cleanliness reduces the severity of moral judgments.,inconclusive,Simone Schnall; Jennifer Benton; Sophie Harvey,With a Clean Conscience,Psychological Science,19.0,12,1219,2008.0,David J. Johnson; Felix Cheung; M. Brent Donnellan,Does Cleanliness Influence Moral Judgments?,Social Psychology,45.0,3,209,2014.0,43.0,,,,,,,126.0,,,0.400010244,0.002839798,,,,,,,"Adult, Analysis of Variance, Communication, Conscience, Cues, Emotions [physiology], Female, Great Britain, Humans, Intuition [physiology], Judgment [physiology], Male, Morals, Social Behavior, Social Perception, Students [psychology], Young Adult",yes,forrt.org team: CD,Neuroscience,Cognitive Neuroscience,"<a href=""https://doi.org/http://dx.doi.org/10.1027/1864-9335/a000186"" target=""_blank"" style=""text-decoration:none; color:inherit;"">Johnson D. <i>et al.</i> <i>Social Psychology</i> 2014</a>","<a href=""https://doi.org/10.1111/j.1467-9280.2008.02227.x"" target=""_blank"" style=""text-decoration:none; color:inherit;"">Schnall S. <i>et al.</i> <i>Psychological Science</i> 2008</a>",failure
http://doi.org/10.1037/h0074049,http://doi.org/10.1080/02732173.1991.9981978,"Southern college students stereotype white southerners as traditional, religious, family-oriented, and courteous compared with white northerners, who are seen as industrious, progressive, and materialistic",inconclusive,D. Katz; K. Braly,Racial stereotypes of one hundred college students.,The Journal of Abnormal and Social Psychology,28.0,3,280-290,1933.0,John Shelton Reed,"Continuity and change in the regional stereotypes of southern college students, 1970–1987",Sociological Spectrum,11.0,4,369-377,1991.0,,,,,,,,,,,,,,,,,,,,yes,FReD_API_team,Social Sciences,Sociology and Political Science,"<a href=""https://doi.org/10.1080/02732173.1991.9981978"" target=""_blank"" style=""text-decoration:none; color:inherit;"">Reed J. <i>et al.</i> <i>Sociological Spectrum</i> 1991</a>","<a href=""https://doi.org/10.1037/h0074049"" target=""_blank"" style=""text-decoration:none; color:inherit;"">Katz D. <i>et al.</i> <i>The Journal of Abnormal and Social Psychology</i> 1933</a>",inconclusive
http://doi.org/10.1037/0096-1523.3.4.544,http://doi.org/10.1016/j.jesp.2021.104154,,success,Paul Slovic; Baruch Fischhoff,On the psychology of experimental surprises.,Journal of Experimental Psychology: Human Perception and Performance,3.0,4,544-551,1977.0,Jieying Chen; Lok Ching Kwan; Lok Yeung Ma; Hiu Yee Choi; Ying Ching Lo; Shin Yee Au; Chi Ho Tsang; Bo Ley Cheng; Gilad Feldman,Retrospective and prospective hindsight bias: Replications and extensions of Fischhoff (1975) and Slovic and Fischhoff (1977),Journal of Experimental Social Psychology,96.0,,104154,2021.0,,,,,,,,,,,,,,,,,,,,yes,FReD_API_team,Decision Sciences,General Decision Sciences,"<a href=""https://doi.org/10.1016/j.jesp.2021.104154"" target=""_blank"" style=""text-decoration:none; color:inherit;"">Chen J. <i>et al.</i> <i>Journal of Experimental Social Psychology</i> 2021</a>","<a href=""https://doi.org/10.1037/0096-1523.3.4.544"" target=""_blank"" style=""text-decoration:none; color:inherit;"">Slovic P. <i>et al.</i> <i>Journal of Experimental Psychology: Human Perception and Performance</i> 1977</a>",inconclusive
http://doi.org/10.1016/0001-6918(81)90005-6,http://doi.org/10.15626/mp.2021.2932,The majority of people rate their driving safety and skill as above the median (the better-than-average effect),success,Ola Svenson,Are we all less risky and more skillful than our fellow drivers?,Acta Psychologica,47.0,2,143-148,1981.0,Lina Koppel; David Andersson; Gustav Tinghög; Daniel Västfjäll; Gilad Feldman,We are all less risky and more skillful than our fellow drivers: Successful replication and extension of Svenson (1981)‎,Meta-Psychology,7.0,,,2023.0,,,,,,,,,,,,,,,,,,,,yes,FReD_API_team,Decision Sciences,General Decision Sciences,"<a href=""https://doi.org/10.15626/mp.2021.2932"" target=""_blank"" style=""text-decoration:none; color:inherit;"">Koppel L. <i>et al.</i> <i>Meta-Psychology</i> 2023</a>","<a href=""https://doi.org/10.1016/0001-6918(81)90005-6"" target=""_blank"" style=""text-decoration:none; color:inherit;"">Svenson O. <i>et al.</i> <i>Acta Psychologica</i> 1981</a>",inconclusive
http://doi.org/10.1037/0022-3514.45.4.782,http://doi.org/10.1177/25152459231213375,Writing a counterattitudinal essay under high choice (versus low choice) produces attitude change toward the counterattitudinal position due to cognitive dissonance,failure,Robert T. Croyle; Joel Cooper,Dissonance arousal: Physiological evidence.,Journal of Personality and Social Psychology,45.0,4,782-791,1983.0,David C. Vaidis; Willem W. A. Sleegers; Florian van Leeuwen; Kenneth G. Demarree; Bjørn Sætrevik; Robert M. Ross; Kathleen Schmidt; John Protzko; Coby Morvinski; Omid Ghasemi; Andrew J. Roberts; Jeff Stone; Alexandre Bran; Amélie Gourdon-Kanhukamwe; Ceren Gunsoy; Lisa S. Moussaoui; Andrew R. Smith; Armelle Nugier; Marie-Pierre Fayant; Ali H. Al-Hoorie; Obed K. Appiah; Spencer Arbige; Benjamin Aubert-Teillaud; Olga Bialobrzeska; Stéphanie Bordel; Valerian Boudjemadi; Hilmar Brohmer; Quinn Cabooter; Mehdi Chahir; Ianis Chassang; Armand Chatard; Yu Yang Chou; Sungeun Chung; Mioara Cristea; Joséphine Daga; Gregory J. Depow; Olivier Desrichard; Dmitrii Dubrov; Thomas R. Evans; Séverine Falkowicz; Sylvain Ferreira; Tim Figureau; Valérie Fointiat; Théo Friedrich; Anastasia Gashkova; Fabien Girandola; Marine Granjon; Dmitry Grigoryev; Gul Gunaydin; Şevval Güzel; Mahsa Hazrati; Mai Helmy; Ayumi Ikeda; Michael Inzlicht; Sara Jaubert; Dauren Kasanov; Mohammad Mohsen Khoddami; Taenyun Kim; Kiyoshi Kiyokawa; Rabia I. Kodapanakkal; Alexandra Kosachenko; Kortney Maedge; John H. Mahaney; Marie-Amélie Martinie; Vitor N. Mascheretti; Yoriko Matsuda; Maxime Mauduy; Nicolas Mauny; Armand Metzen; Eva Moreno-Bella; Miguel Moya; Kévin Nadarajah; Pegah Nejat; Elisabeth Norman; Irmak Olcaysoy Okten; Asil A. Özdoğru; Ceyda Ozer; Elena Padial-Rojas; Yuri G. Pavlov; Monica Perusquia-Hernandez; Dora Proost; Aleksandra Rabinovitch; Odile Rohmer; Emre Selcuk; Cécile Sénémeaud; Yaniv Shani; Elena A. Shmeleva; Emmelie Simoens; Kaitlin A. Smith; Alain Somat; Hayeon Song; Fatih Sonmez; Lionel Souchet; John J. Taylor; Ilja van Beest; Nicolas van der Linden; Steven Verheyen; Bruno Verschuere; Kevin Vezirian; Luc Vieira; Sera Wiechert; Guillermo B. Willis; Robin Wollast; Ji Xia; Yuki Yamada; Naoto Yoshimura; Daniel Priolo,A Multilab Replication of the Induced-Compliance Paradigm of Cognitive Dissonance,Advances in Methods and Practices in Psychological Science,7.0,1,,2024.0,,,,,,,,,,,,,,,,,,,,yes,FReD_API_team,Health Professions,Speech and Hearing,"<a href=""https://doi.org/10.1177/25152459231213375"" target=""_blank"" style=""text-decoration:none; color:inherit;"">Vaidis D. <i>et al.</i> <i>Advances in Methods and Practices in Psychological Science</i> 2024</a>","<a href=""https://doi.org/10.1037/0022-3514.45.4.782"" target=""_blank"" style=""text-decoration:none; color:inherit;"">Croyle R. <i>et al.</i> <i>Journal of Personality and Social Psychology</i> 1983</a>",inconclusive
http://doi.org/10.1111/j.1460-2466.1984.tb02164.x,http://doi.org/10.1007/bf02298289,Children invest less mental effort in television viewing than in book reading because they perceive television as easier (lower perceived demand characteristics and higher perceived self-efficacy),failure,Gavriel Salomon; Tamar Leigh,"Predispositions about Learning from, Print and Television",Journal of Communication,34.0,2,119-135,1984.0,Johannes W. J. Beentjes,Learning from television and books: A dutch replication study based on salomon's model,Educational Technology Research and Development,37.0,2,47-58,1989.0,,,,,,,,,,,,,,,,,,,,yes,FReD_API_team,Psychology,Social Psychology,"<a href=""https://doi.org/10.1007/bf02298289"" target=""_blank"" style=""text-decoration:none; color:inherit;"">Beentjes J. <i>et al.</i> <i>Educational Technology Research and Development</i> 1989</a>","<a href=""https://doi.org/10.1111/j.1460-2466.1984.tb02164.x"" target=""_blank"" style=""text-decoration:none; color:inherit;"">Salomon G. <i>et al.</i> <i>Journal of Communication</i> 1984</a>",inconclusive
http://doi.org/10.1016/0022-1031(91)90011-t,http://doi.org/10.1016/j.jesp.2020.103977,"Harm caused through omissions is judged as less immoral and incurs less responsibility than harm caused through commissions, even when outcomes are identical",success,Mark Spranca; Elisa Minsk; Jonathan Baron,Omission and commission in judgment and choice,Journal of Experimental Social Psychology,27.0,1,76-105,1991.0,John Jamison; Tijen Yay; Gilad Feldman,"Action-inaction asymmetries in moral scenarios: Replication of the omission bias examining morality and blame with extensions linking to causality, intent, and regret",Journal of Experimental Social Psychology,89.0,,103977,2020.0,,,,,,,,,,,,,,,,,,,,yes,FReD_API_team,Decision Sciences,General Decision Sciences,"<a href=""https://doi.org/10.1016/j.jesp.2020.103977"" target=""_blank"" style=""text-decoration:none; color:inherit;"">Jamison J. <i>et al.</i> <i>Journal of Experimental Social Psychology</i> 2020</a>","<a href=""https://doi.org/10.1016/0022-1031(91)90011-t"" target=""_blank"" style=""text-decoration:none; color:inherit;"">Spranca M. <i>et al.</i> <i>Journal of Experimental Social Psychology</i> 1991</a>",inconclusive
http://doi.org/10.1037/0021-9010.77.4.419,http://doi.org/10.1037/xap0000321,"Process accountability (being held accountable for decision strategies) decreases escalating commitment to losing courses of action, while outcome accountability (being held accountable for decision outcomes) increases it",failure,Itamar Simonson; Barry M. Staw,Deescalation strategies: A comparison of techniques for reducing commitment to losing courses of action.,Journal of Applied Psychology,77.0,4,419-426,1992.0,Stefan Schulz-Hardt; Johannes Rollwage; Stella K. Wanzel; Johanna U. Frisch; Jan Alexander Häusser,Effects of process and outcome accountability on escalating commitment: A two-study replication.,Journal of Experimental Psychology: Applied,27.0,1,112-124,2021.0,,,,,,,,,,,,,,,,,,,,yes,FReD_API_team,Decision Sciences,General Decision Sciences,"<a href=""https://doi.org/10.1037/xap0000321"" target=""_blank"" style=""text-decoration:none; color:inherit;"">Schulz-Hardt S. <i>et al.</i> <i>Journal of Experimental Psychology: Applied</i> 2021</a>","<a href=""https://doi.org/10.1037/0021-9010.77.4.419"" target=""_blank"" style=""text-decoration:none; color:inherit;"">Simonson I. <i>et al.</i> <i>Journal of Applied Psychology</i> 1992</a>",inconclusive
http://doi.org/10.1111/j.1467-9280.1992.tb00678.x,http://doi.org/10.1016/j.joep.2020.102350,"People are more willing to pay a fee to postpone a vacation decision when exam outcome is uncertain, despite being willing to purchase the vacation regardless of whether they pass or fail the exam",success,Amos Tversky; Eldar Shafir,The Disjunction Effect in Choice under Uncertainty,Psychological Science,3.0,5,305-310,1992.0,Ignazio Ziano; Man Fai Kong; Hong Joo Kim; Chit Yu Liu; Sze Chai Wong; Bo Ley Cheng; Gilad Feldman,Replication: Revisiting Tversky and Shafir’s (1992) Disjunction Effect with an extension comparing between and within subject designs,Journal of Economic Psychology,83.0,,102350,2021.0,,,,,,,,,,,,,,,,,,,,yes,FReD_API_team,Decision Sciences,General Decision Sciences,"<a href=""https://doi.org/10.1016/j.joep.2020.102350"" target=""_blank"" style=""text-decoration:none; color:inherit;"">Ziano I. <i>et al.</i> <i>Journal of Economic Psychology</i> 2021</a>","<a href=""https://doi.org/10.1111/j.1467-9280.1992.tb00678.x"" target=""_blank"" style=""text-decoration:none; color:inherit;"">Tversky A. <i>et al.</i> <i>Psychological Science</i> 1992</a>",inconclusive
http://doi.org/10.3758/bf03211160,http://doi.org/10.20982/tqmp.20.1.r001,"Articulatory suppression eliminates the word length effect but not the phonological similarity effect in working memory tasks, demonstrating independent subsystems within the phonological loop",inconclusive,A. M. Longoni; J. T. E. Richardson; A. Aiello,Articulatory rehearsal and phonological storage in working memory,Memory &amp; Cognition,21.0,1,11-22,1993.0,Camille Couture; Charles Veilleux; Susana Chinhama; Olivia Jacot de Boinod; Britanny Payment; Tracy Husereau; Élodie Ouellette,Articulatory rehearsal and phonological storage in working memory: A replication of Longoni et al. (1993),The Quantitative Methods for Psychology,20.0,1,r1-r12,2024.0,,,,,,,,,,,,,,,,,,,,yes,FReD_API_team,Psychology,Developmental and Educational Psychology,"<a href=""https://doi.org/10.20982/tqmp.20.1.r001"" target=""_blank"" style=""text-decoration:none; color:inherit;"">Couture C. <i>et al.</i> <i>The Quantitative Methods for Psychology</i> 2024</a>","<a href=""https://doi.org/10.3758/bf03211160"" target=""_blank"" style=""text-decoration:none; color:inherit;"">Longoni A. <i>et al.</i> <i>Memory &amp;amp; Cognition</i> 1993</a>",inconclusive
http://doi.org/10.1037/0022-3514.71.2.230,http://doi.org/10.1037/0022-3514.90.6.893,Priming participants with words related to the elderly stereotype causes them to walk more slowly when leaving the experiment,success,John A. Bargh; Mark Chen; Lara Burrows,Automaticity of social behavior: Direct effects of trait construct and stereotype activation on action.,Journal of Personality and Social Psychology,71.0,2,230-244,1996.0,Joseph Cesario; Jason E. Plaks; E. Tory Higgins,Automatic social behavior as motivated preparation to interact.,Journal of Personality and Social Psychology,90.0,6,893-910,2006.0,,,,,,,,,,,,,,,,,,,,yes,FReD_API_team,Social Sciences,Sociology and Political Science,"<a href=""https://doi.org/10.1037/0022-3514.90.6.893"" target=""_blank"" style=""text-decoration:none; color:inherit;"">Cesario J. <i>et al.</i> <i>Journal of Personality and Social Psychology</i> 2006</a>","<a href=""https://doi.org/10.1037/0022-3514.71.2.230"" target=""_blank"" style=""text-decoration:none; color:inherit;"">Bargh J. <i>et al.</i> <i>Journal of Personality and Social Psychology</i> 1996</a>",inconclusive
http://doi.org/10.1023/a:1007744326393,http://doi.org/10.1016/j.jesp.2021.104222,"People prefer to save lives when they represent a higher proportion of the total population at risk (psychophysical numbing), preferring to save 4500 out of 11,000 refugees over 4500 out of 250,000 refugees",inconclusive,David Fetherstonhaugh; Paul Slovic; Stephen Johnson; James Friedrich,Insensitivity to the Value of Human Life: A Study of Psychophysical Numbing,Journal of Risk and Uncertainty,14.0,3,283-300,1997.0,Ignazio Ziano; Qinyu Xiao; Siu Kit Yeung; Cho Yan Wong; Mei Yee Cheung; Chung Yi Joey Lo; Ho Ching Yan; Gregorius Ivan Narendra; Li Wing Kwan; Ching Sum Chow; Chak Yam Man; Gilad Feldman,Numbing or sensitization? Replications and extensions of Fetherstonhaugh et al. (1997)'s “Insensitivity to the Value of Human Life”,Journal of Experimental Social Psychology,97.0,,104222,2021.0,,,,,,,,,,,,,,,,,,,,yes,FReD_API_team,Decision Sciences,General Decision Sciences,"<a href=""https://doi.org/10.1016/j.jesp.2021.104222"" target=""_blank"" style=""text-decoration:none; color:inherit;"">Ziano I. <i>et al.</i> <i>Journal of Experimental Social Psychology</i> 2021</a>","<a href=""https://doi.org/10.1023/a:1007744326393"" target=""_blank"" style=""text-decoration:none; color:inherit;"">Fetherstonhaugh D. <i>et al.</i> <i>Journal of Risk and Uncertainty</i> 1997</a>",inconclusive
http://doi.org/10.1093/humrep/13.11.3000,http://doi.org/10.1038/s41598-020-66915-9,,inconclusive,J. T. Manning; D. Scutt; J. Wilson; D. I. Lewis-Jones,"The ratio of 2nd to 4th digit length: a predictor of sperm numbers and concentrations of testosterone, luteinizing hormone and oestrogen",Human Reproduction,13.0,11,3000-3004,1998.0,Marta Kowal; Piotr Sorokowski; Agnieszka Żelaźniewicz; Judyta Nowak; Sylwester Orzechowski; Grzegorz Żurek; Alina Żurek; Anna Juszkiewicz; Lidia Wojtycka; Wiktoria Sieniuć; Małgorzata Poniatowska; Karolina Tarnowska; Kaja Kowalska; Katarzyna Drabik; Patrycja Łukaszek; Krzysztof Krawczyk; Tadeusz Stefaniak; Natalia Danek,No relationship between the digit ratios (2D:4D) and salivary testosterone change: Study on men under an acute exercise,Scientific Reports,10.0,1,10068,2020.0,,,,,,,,,,,,,,,,,,,,yes,FReD_API_team,"Biochemistry, Genetics and Molecular Biology",Molecular Biology,"<a href=""https://doi.org/10.1038/s41598-020-66915-9"" target=""_blank"" style=""text-decoration:none; color:inherit;"">Kowal M. <i>et al.</i> <i>Scientific Reports</i> 2020</a>","<a href=""https://doi.org/10.1093/humrep/13.11.3000"" target=""_blank"" style=""text-decoration:none; color:inherit;"">Manning J. <i>et al.</i> <i>Human Reproduction</i> 1998</a>",inconclusive
http://doi.org/10.1037/0022-3514.74.1.53,http://doi.org/10.1525/collabra.23443,People overestimate the impact of payment on blood donation.,success,Dale T. Miller; Rebecca K. Ratner,The disparity between the actual and assumed power of self-interest.,Journal of Personality and Social Psychology,74.0,1,53-62,1998.0,Cameron Brick; Adrien Fillon; Siu Kit Yeung; Meiying Wang‎; Hongye Lyu‎; Jing Yee Jane Ho‎; Sze Chai Wong; Gilad Feldman,Self-interest Is Overestimated: Two Successful Pre-registered Replications and Extensions of Miller and Ratner (1998),Collabra: Psychology,7.0,1,,2021.0,,,,,,,,,,,,,,,,,,,,yes,FReD_API_team,Psychology,Social Psychology,"<a href=""https://doi.org/10.1525/collabra.23443"" target=""_blank"" style=""text-decoration:none; color:inherit;"">Brick C. <i>et al.</i> <i>Collabra: Psychology</i> 2021</a>","<a href=""https://doi.org/10.1037/0022-3514.74.1.53"" target=""_blank"" style=""text-decoration:none; color:inherit;"">Miller D. <i>et al.</i> <i>Journal of Personality and Social Psychology</i> 1998</a>",inconclusive
http://doi.org/10.1002/(sici)1099-0771(199806)11:2<107::aid-bdm292>3.0.co;2-y,http://doi.org/10.1525/collabra.77859,"When evaluating options separately, people rely on contextual cues and judge options with objectively less value as being better (e.g., rating a $45 scarf as more generous than a $55 coat, valuing smaller overfilled ice cream over larger underfilled ice cream)",success,Christopher K. Hsee,Less is better: when low-value options are valued more highly than high-value options,Journal of Behavioral Decision Making,11.0,2,107-121,1998.0,Andrew J. Vonasch; Wing Yiu Hung; Wai Yee Leung; Anna Thao Bich Nguyen; Stephanie Chan; Bo Ley Cheng; Gilad Feldman,‎“Less Is Better” in Separate Evaluations Versus “More Is Better” in Joint Evaluations: Mostly ‎Successful Close Replication and Extension of Hsee (1998)‎,Collabra: Psychology,9.0,1,,2023.0,,,,,,,,,,,,,,,,,,,,yes,FReD_API_team,Decision Sciences,General Decision Sciences,"<a href=""https://doi.org/10.1525/collabra.77859"" target=""_blank"" style=""text-decoration:none; color:inherit;"">Vonasch A. <i>et al.</i> <i>Collabra: Psychology</i> 2023</a>","<a href=""https://doi.org/10.1002/(sici)1099-0771(199806)11:2&lt;107::aid-bdm292&gt;3.0.co;2-y"" target=""_blank"" style=""text-decoration:none; color:inherit;"">Hsee C. <i>et al.</i> <i>Journal of Behavioral Decision Making</i> 1998</a>",inconclusive
http://doi.org/10.1002/(sici)1099-0771(200001/03)13:1<1::aid-bdm333>3.0.co;2-s,http://doi.org/10.1177/19485506211056761,,inconclusive,Melissa L. Finucane; Ali Alhakami; Paul Slovic; Stephen M. Johnson,The affect heuristic in judgments of risks and benefits,Journal of Behavioral Decision Making,13.0,1,1-17,2000.0,Emir Efendić; Subramanya Prasad Chandrashekar; Cheong Shing Lee; Lok Yan Yeung; Min Ji Kim; Ching Yee Lee; Gilad Feldman,Risky Therefore Not Beneficial: Replication and Extension of Finucane et al.’s (2000) Affect Heuristic Experiment,Social Psychological and Personality Science,13.0,7,1173-1184,2022.0,,,,,,,,,,,,,,,,,,,,yes,FReD_API_team,Decision Sciences,General Decision Sciences,"<a href=""https://doi.org/10.1177/19485506211056761"" target=""_blank"" style=""text-decoration:none; color:inherit;"">Efendić E. <i>et al.</i> <i>Social Psychological and Personality Science</i> 2022</a>","<a href=""https://doi.org/10.1002/(sici)1099-0771(200001/03)13:1&lt;1::aid-bdm333&gt;3.0.co;2-s"" target=""_blank"" style=""text-decoration:none; color:inherit;"">Finucane M. <i>et al.</i> <i>Journal of Behavioral Decision Making</i> 2000</a>",inconclusive
http://doi.org/10.1111/1467-9280.00376,http://doi.org/10.31234/osf.io/kavx4,Neutral stimuli paired with positive or negative stimuli acquire corresponding valence even when participants are unaware of the pairings (evaluative conditioning without awareness),success,Michael A. Olson; Russell H. Fazio,Implicit Attitude Formation Through Classical Conditioning,Psychological Science,12.0,5,413-417,2001.0,Tal Moran; Sean Hughes; Ian Hussey; Miguel A. Vadillo; Michael A. Olson; Frederik Aust; Karoline Corinna Bading; Robert Balas; Taylor Benedict; Olivier Corneille; Samantha B Douglas; Melissa J. Ferguson; Katherine A. Fritzlen; Anne Gast; Bertram Gawronski; Tamara Giménez-Fernández; Krzysztof Hanusz; Tobias Heycke; Fabia Högden; Mandy Hütter; Benedek Kurdi; Adrien Mierop; Jasmin Richter; Justyna Sarzyńska-Wawer; Colin Smith; Christoph Stahl; Philine Thomasius; Christian Unkelbach; Jan de Houwer,Incidental Attitude Formation via the Surveillance Task: A Registered Replication Report of Olson and Fazio (2001),,,,,2020.0,,,,,,,,,,,,,,,,,,,,yes,FReD_API_team,Social Sciences,Sociology and Political Science,"<a href=""https://doi.org/10.31234/osf.io/kavx4"" target=""_blank"" style=""text-decoration:none; color:inherit;"">Moran T. <i>et al.</i> <i></i> 2020</a>","<a href=""https://doi.org/10.1111/1467-9280.00376"" target=""_blank"" style=""text-decoration:none; color:inherit;"">Olson M. <i>et al.</i> <i>Psychological Science</i> 2001</a>",inconclusive
http://doi.org/10.1177/0261927x01020004004,http://doi.org/10.31219/osf.io/q56rk,Using gender-inclusive language forms (vs. generic masculine) in German increases the number of women people think of when naming celebrities in various categories,success,Dagmar Stahlberg; Sabine Sczesny; Friederike Braun,Name Your Favorite Musician,Journal of Language and Social Psychology,20.0,4,464-469,2001.0,Hilmar Brohmer; Gabriela Hofer; Sebastian A. Bauch; Julia Beitner; Jana Berkessel; Katja Corcoran; David Garcia; Freya M. Gruber; Fiorina Giuliani; Emanuel Jauk; Georg Krammer; Smirna Malkoc; Hannah Metzler; Hanna M. Mües; Kathleen Otto; Rima-Maria Rahal; Mona Salwender; Dagmar Stahlberg; Sabine Sczesny; Wilken Wehrt; Ursula Athenstaedt,"Effects of the Generic Masculine and its Alternatives in Germanophone countries - A Multi-lab Replication and Extension of Stahlberg, Sczesny, and Braun, 2001",,,,,2024.0,,,,,,,,,,,,,,,,,,,,yes,FReD_API_team,Social Sciences,Gender Studies,"<a href=""https://doi.org/10.31219/osf.io/q56rk"" target=""_blank"" style=""text-decoration:none; color:inherit;"">Brohmer H. <i>et al.</i> <i></i> 2024</a>","<a href=""https://doi.org/10.1177/0261927x01020004004"" target=""_blank"" style=""text-decoration:none; color:inherit;"">Stahlberg D. <i>et al.</i> <i>Journal of Language and Social Psychology</i> 2001</a>",inconclusive
http://doi.org/10.1037/0022-3514.80.6.861,http://doi.org/10.1111/spc3.12557,,inconclusive,John J. Seta; Todd Mcelroy; Catherine E. Seta,To do or not to do: Desirability and consistency mediate judgments of regret.,Journal of Personality and Social Psychology,80.0,6,861-870,2001.0,Gilad Feldman; Lucas Kutscher; Tijen Yay,Omission and commission in judgment and decision making: Understanding and linking action‐inaction effects using the concept of normality,Social and Personality Psychology Compass,14.0,8,,2020.0,,,,,,,,,,,,,,,,,,,,yes,FReD_API_team,Decision Sciences,General Decision Sciences,"<a href=""https://doi.org/10.1111/spc3.12557"" target=""_blank"" style=""text-decoration:none; color:inherit;"">Feldman G. <i>et al.</i> <i>Social and Personality Psychology Compass</i> 2020</a>","<a href=""https://doi.org/10.1037/0022-3514.80.6.861"" target=""_blank"" style=""text-decoration:none; color:inherit;"">Seta J. <i>et al.</i> <i>Journal of Personality and Social Psychology</i> 2001</a>",inconclusive
http://doi.org/10.1111/1467-9280.00350,http://doi.org/10.15626/mp.2020.2474,Judging the conjunction of two events (bank teller AND feminist) as more likely than a single event (bank teller) when a personality sketch matches the stereotype of the conjunction (Linda profile),failure,Barbara Mellers; Ralph Hertwig; Daniel Kahneman,Do Frequency Representations Eliminate Conjunction Effects? An Exercise in           Adversarial Collaboration,Psychological Science,12.0,4,269-275,2001.0,Subramanya Chandrashekar; Yat Hin Cheng‎; Chi Long Fong‎; Ying Chit Leung‎; Yui Tung Wong; Bo Ley Cheng; Gilad Feldman,"Frequency estimation and semantic ambiguity do not eliminate ‎conjunction bias, when it ‎occurs: Replication and extension of ‎Mellers, Hertwig, and Kahneman (2001)‎",Meta-Psychology,5.0,,,2021.0,,,,,,,,,,,,,,,,,,,,yes,FReD_API_team,Neuroscience,Cognitive Neuroscience,"<a href=""https://doi.org/10.15626/mp.2020.2474"" target=""_blank"" style=""text-decoration:none; color:inherit;"">Chandrashekar S. <i>et al.</i> <i>Meta-Psychology</i> 2021</a>","<a href=""https://doi.org/10.1111/1467-9280.00350"" target=""_blank"" style=""text-decoration:none; color:inherit;"">Mellers B. <i>et al.</i> <i>Psychological Science</i> 2001</a>",inconclusive
http://doi.org/10.1023/a:1019923923537,http://doi.org/10.15626/mp.2019.2134,People prefer indirect harm to direct harm and judge actions that produce harm as a byproduct to be more moral than actions that produce harm directly,success,Edward B. Royzman; Jonathan Baron,The Preference for Indirect Harm,Social Justice Research,15.0,2,165-184,2002.0,Ignazio Ziano; Yu Jie Wang; Sydney Susanto Sany; Long Ho Ngai ‎; Yuk Kwan Lau; Iban Kaur Bhattal‎; Pui Sin Keung; Yan To Wong; Wing Zhang Tong; Bo Ley Cheng; Hill Yan Chan; Gilad Feldman,Perceived morality of direct versus indirect harm: Replications of the preference for indirect harm effect,Meta-Psychology,5.0,,,2021.0,,,,,,,,,,,,,,,,,,,,yes,FReD_API_team,Neuroscience,Cognitive Neuroscience,"<a href=""https://doi.org/10.15626/mp.2019.2134"" target=""_blank"" style=""text-decoration:none; color:inherit;"">Ziano I. <i>et al.</i> <i>Meta-Psychology</i> 2021</a>","<a href=""https://doi.org/10.1023/a:1019923923537"" target=""_blank"" style=""text-decoration:none; color:inherit;"">Royzman E. <i>et al.</i> <i>Social Justice Research</i> 2002</a>",inconclusive
http://doi.org/10.1111/j.0956-7976.2004.00757.x,http://doi.org/10.1525/collabra.32572,"People are more sensitive to worth when the reward is cash than goods. 
",inconclusive,James Heyman; Dan Ariely,Effort for Payment,Psychological Science,15.0,11,787-793,2004.0,Hirotaka Imada; Wan Fei Chan; Yuk Ki Ng; Lee Hing Man; Mei Sze Wong; Bo Ley Cheng; Gilad Feldman,"Rewarding More Is Better for Soliciting Help, Yet More So for Cash Than for Goods: Revisiting and Reframing the Tale of Two Markets With Replications and Extensions of Heyman and Ariely (2004)",Collabra: Psychology,8.0,1,,2022.0,,,,,,,,,,,,,,,,,,,,yes,FReD_API_team,Social Sciences,Safety Research,"<a href=""https://doi.org/10.1525/collabra.32572"" target=""_blank"" style=""text-decoration:none; color:inherit;"">Imada H. <i>et al.</i> <i>Collabra: Psychology</i> 2022</a>","<a href=""https://doi.org/10.1111/j.0956-7976.2004.00757.x"" target=""_blank"" style=""text-decoration:none; color:inherit;"">Heyman J. <i>et al.</i> <i>Psychological Science</i> 2004</a>",inconclusive
http://doi.org/10.1002/bdm.492,http://doi.org/10.1017/jdm.2024.31,"People contribute more to a single identified victim than to an unidentified victim, and this identified victim effect is limited to single victims (not groups) and driven by empathic emotions",failure,Tehila Kogut; Ilana Ritov,"The “identified victim” effect: an identified group, or just a single individual?",Journal of Behavioral Decision Making,18.0,3,157-167,2005.0,Rajarshi Majumder; Yik Long Tai; Ignazio Ziano; Gilad Feldman,Revisiting the impact of singularity on the Identified Victim Effect: Replication and extension of Kogut and Ritov (2005a) Study 2,Judgment and Decision Making,19.0,,,2024.0,,,,,,,,,,,,,,,,,,,,yes,FReD_API_team,Social Sciences,Sociology and Political Science,"<a href=""https://doi.org/10.1017/jdm.2024.31"" target=""_blank"" style=""text-decoration:none; color:inherit;"">Majumder R. <i>et al.</i> <i>Judgment and Decision Making</i> 2024</a>","<a href=""https://doi.org/10.1002/bdm.492"" target=""_blank"" style=""text-decoration:none; color:inherit;"">Kogut T. <i>et al.</i> <i>Journal of Behavioral Decision Making</i> 2005</a>",inconclusive
http://doi.org/10.1111/j.1467-9280.2006.01704.x,http://doi.org/10.31234/osf.io/bgp3m,,failure,Nicholas Epley; Thomas Gilovich,The Anchoring-and-Adjustment Heuristic,Psychological Science,17.0,4,311-318,2006.0,Lukas Röseler; Hannah Luisa Bögler; Lisa Koßmann; Sabine Krueger; Sabrina Bickenbach; Ricarda Bühler; Jasmin Della Guardia; Lisa-Marie Köppel; Susanne Ponader; Konstantin Roßmaier; Jarl Möhring; Jessica Sing,"Replicating  Epley and Gilovich: Need for Cognition, Cognitive Load, and Forewarning do not Moderate Anchoring Effects",,,,,2022.0,,,,,,,,,,,,,,,,,,,,yes,FReD_API_team,Decision Sciences,General Decision Sciences,"<a href=""https://doi.org/10.31234/osf.io/bgp3m"" target=""_blank"" style=""text-decoration:none; color:inherit;"">Röseler L. <i>et al.</i> <i></i> 2022</a>","<a href=""https://doi.org/10.1111/j.1467-9280.2006.01704.x"" target=""_blank"" style=""text-decoration:none; color:inherit;"">Epley N. <i>et al.</i> <i>Psychological Science</i> 2006</a>",inconclusive
http://doi.org/10.1038/ng1808,http://doi.org/10.1002/pros.21320,There is an ssociation of chromosome 8q24 variants with increased prostate cancer risk in Tobago men.,success,Laufey T Amundadottir; Patrick Sulem; Julius Gudmundsson; Agnar Helgason; Adam Baker; Bjarni A Agnarsson; Asgeir Sigurdsson; Kristrun R Benediktsdottir; Jean-Baptiste Cazier; Jesus Sainz; Margret Jakobsdottir; Jelena Kostic; Droplaug N Magnusdottir; Shyamali Ghosh; Kari Agnarsson; Birgitta Birgisdottir; Louise le Roux; Adalheidur Olafsdottir; Thorarinn Blondal; Margret Andresdottir; Olafia Svandis Gretarsdottir; Jon T Bergthorsson; Daniel Gudbjartsson; Arnaldur Gylfason; Gudmar Thorleifsson; Andrei Manolescu; Kristleifur Kristjansson; Gudmundur Geirsson; Helgi Isaksson; Julie Douglas; Jan-Erik Johansson; Katarina Bälter; Fredrik Wiklund; James E Montie; Xiaoying Yu; Brian K Suarez; Carole Ober; Kathleen A Cooney; Henrik Gronberg; William J Catalona; Gudmundur V Einarsson; Rosa B Barkardottir; Jeffrey R Gulcher; Augustine Kong; Unnur Thorsteinsdottir; Kari Stefansson,A common variant associated with prostate cancer in European and African populations,Nature Genetics,38.0,6,652-658,2006.0,Michael N. Okobia; Joseph M. Zmuda; Robert E. Ferrell; Alan L. Patrick; Clareann H. Bunker,Chromosome 8q24 variants are associated with prostate cancer risk in a high risk population of African ancestry,The Prostate,71.0,10,1054-1063,2011.0,,,,,,,,,,,,,,,,,,,,yes,FReD_API_team,Medicine,Pulmonary and Respiratory Medicine,"<a href=""https://doi.org/10.1002/pros.21320"" target=""_blank"" style=""text-decoration:none; color:inherit;"">Okobia M. <i>et al.</i> <i>The Prostate</i> 2011</a>","<a href=""https://doi.org/10.1038/ng1808"" target=""_blank"" style=""text-decoration:none; color:inherit;"">Amundadottir L. <i>et al.</i> <i>Nature Genetics</i> 2006</a>",inconclusive
http://doi.org/10.1037/0096-3445.135.4.641,http://doi.org/10.1037/pspa0000214,Subjectively unlikely (vs. likely) future events are more abstractly (vs. concretely) construed.,failure,Cheryl J. Wakslak; Yaacov Trope; Nira Liberman; Rotem Alony,Seeing the forest when entry is unlikely: Probability and the mental representation of events.,Journal of Experimental Psychology: General,135.0,4,641-653,2006.0,Sofia Calderon; Erik Mac Giolla; Karl Ask; Pär Anders Granhag,"Subjective likelihood and the construal level of future events: A replication study of Wakslak, Trope, Liberman, and Alony (2006).",Journal of Personality and Social Psychology,119.0,5,e27-e37,2020.0,,,,,,,,,,,,,,,,,,,,yes,FReD_API_team,Psychology,Applied Psychology,"<a href=""https://doi.org/10.1037/pspa0000214"" target=""_blank"" style=""text-decoration:none; color:inherit;"">Calderon S. <i>et al.</i> <i>Journal of Personality and Social Psychology</i> 2020</a>","<a href=""https://doi.org/10.1037/0096-3445.135.4.641"" target=""_blank"" style=""text-decoration:none; color:inherit;"">Wakslak C. <i>et al.</i> <i>Journal of Experimental Psychology: General</i> 2006</a>",inconclusive
http://doi.org/10.1080/13506280544000110,http://doi.org/10.1016/j.actpsy.2020.103138,"Age of acquisition (AoA) effects are larger in picture naming than word naming, and AoA effects occur independent of word frequency",success,Matthew A. Lambon Ralph; Sheeba Ehsan,Age of acquisition effects depend on the mapping between representations and the frequency of occurrence: Empirical and computational evidence,Visual Cognition,13.0,7-8,928-948,2006.0,J.C. Catling; M.M. Elsherif,The hunt for the age of acquisition effect: It's in the links!,Acta Psychologica,209.0,,103138,2020.0,,,,,,,,,,,,,,,,,,,,yes,FReD_API_team,Psychology,Developmental and Educational Psychology,"<a href=""https://doi.org/10.1016/j.actpsy.2020.103138"" target=""_blank"" style=""text-decoration:none; color:inherit;"">Catling J. <i>et al.</i> <i>Acta Psychologica</i> 2020</a>","<a href=""https://doi.org/10.1080/13506280544000110"" target=""_blank"" style=""text-decoration:none; color:inherit;"">Ralph M. <i>et al.</i> <i>Visual Cognition</i> 2006</a>",inconclusive
http://doi.org/10.1111/j.1467-9280.2007.01944.x,http://doi.org/10.1080/15248372.2018.1544140,"Two-year-old children show anticipatory looking to belief-congruent locations in false belief tasks, indicating early implicit Theory of Mind",failure,V. Southgate; A. Senju; G. Csibra,Action Anticipation Through Attribution of False Belief by 2-Year-Olds,Psychological Science,18.0,7,587-592,2007.0,Louisa Kulke; Hannes Rakoczy,Testing the Role of Verbal Narration in Implicit Theory of Mind Tasks,Journal of Cognition and Development,20.0,1,1-14,2019.0,,,,,,,,,,,,,,,,,,,,yes,FReD_API_team,Psychology,Developmental and Educational Psychology,"<a href=""https://doi.org/10.1080/15248372.2018.1544140"" target=""_blank"" style=""text-decoration:none; color:inherit;"">Kulke L. <i>et al.</i> <i>Journal of Cognition and Development</i> 2019</a>","<a href=""https://doi.org/10.1111/j.1467-9280.2007.01944.x"" target=""_blank"" style=""text-decoration:none; color:inherit;"">Southgate V. <i>et al.</i> <i>Psychological Science</i> 2007</a>",inconclusive
http://doi.org/10.1111/j.1467-9280.2008.02227.x,http://doi.org/10.1027/1864-9335/a000186,Physical cleanliness reduces the severity of moral judgments.,failure,Simone Schnall; Jennifer Benton; Sophie Harvey,With a Clean Conscience,Psychological Science,19.0,12,1219-1222,2008.0,David J. Johnson; Felix Cheung; M. Brent Donnellan,Does Cleanliness Influence Moral Judgments?,Social Psychology,45.0,3,209-215,2014.0,,,,,,,,,,,,,,,,,,,,yes,FReD_API_team,Neuroscience,Cognitive Neuroscience,"<a href=""https://doi.org/10.1027/1864-9335/a000186"" target=""_blank"" style=""text-decoration:none; color:inherit;"">Johnson D. <i>et al.</i> <i>Social Psychology</i> 2014</a>","<a href=""https://doi.org/10.1111/j.1467-9280.2008.02227.x"" target=""_blank"" style=""text-decoration:none; color:inherit;"">Schnall S. <i>et al.</i> <i>Psychological Science</i> 2008</a>",inconclusive
http://doi.org/10.1037/0022-3514.94.4.600,http://doi.org/10.1177/2515245920927643,"When consequences of rejection are low, expressing anger (rather than happiness) results in lower offers from negotiation partners",inconclusive,Eric van Dijk; Gerben A. van Kleef; Wolfgang Steinel; Ilja van Beest,A social functional approach to emotions in bargaining: When communicating anger pays and when it backfires.,Journal of Personality and Social Psychology,94.0,4,600-614,2008.0,Lauren Skorb; Balazs Aczel; Bence E. Bakos; Lily Feinberg; Ewa Hałasa; Mathias Kauff; Marton Kovacs; Karolina Krasuska; Katarzyna Kuchno; Dylan Manfredi; Andres Montealegre; Emilian Pękala; Damian Pieńkosz; Jonathan Ravid; Katrin Rentzsch; Barnabas Szaszi; Stefan Schulz-Hardt; Barbara Sioma; Peter Szecsi; Attila Szuts; Orsolya Szöke; Oliver Christ; Anna Fedor; William Jiménez-Leal; Rafał Muda; Gideon Nave; Janos Salamon; Thomas Schultze; Joshua K. Hartshorne,"Many Labs 5: Replication of van Dijk, van Kleef, Steinel, and van Beest (2008)",Advances in Methods and Practices in Psychological Science,3.0,3,418-428,2020.0,,,,,,,,,,,,,,,,,,,,yes,FReD_API_team,Social Sciences,Safety Research,"<a href=""https://doi.org/10.1177/2515245920927643"" target=""_blank"" style=""text-decoration:none; color:inherit;"">Skorb L. <i>et al.</i> <i>Advances in Methods and Practices in Psychological Science</i> 2020</a>","<a href=""https://doi.org/10.1037/0022-3514.94.4.600"" target=""_blank"" style=""text-decoration:none; color:inherit;"">Dijk E. <i>et al.</i> <i>Journal of Personality and Social Psychology</i> 2008</a>",inconclusive
http://doi.org/10.1037/0022-3514.94.1.116,http://doi.org/10.1177/2515245920958687,"Individuals express more willingness to reconcile after a conflict when their differential psychological needs (power for victims, acceptance for perpetrators) are restored",inconclusive,Nurit Shnabel; Arie Nadler,A needs-based model of reconciliation: Satisfying the differential emotional needs of victim and perpetrator as a key to promoting reconciliation.,Journal of Personality and Social Psychology,94.0,1,116-132,2008.0,Charles R. Ebersole; Maya B. Mathur; Erica Baranski; Diane-Jo Bart-Plange; Nicholas R. Buttrick; Christopher R. Chartier; Katherine S. Corker; Martin Corley; Joshua K. Hartshorne; Hans Ijzerman; Ljiljana B. Lazarević; Hugh Rabagliati; Ivan Ropovik; Balazs Aczel; Lena F. Aeschbach; Luca Andrighetto; Jack D. Arnal; Holly Arrow; Peter Babincak; Bence E. Bakos; Gabriel Baník; Ernest Baskin; Radomir Belopavlović; Michael H. Bernstein; Michał Białek; Nicholas G. Bloxsom; Bojana Bodroža; Diane B. V. Bonfiglio; Leanne Boucher; Florian Brühlmann; Claudia C. Brumbaugh; Erica Casini; Yiling Chen; Carlo Chiorri; William J. Chopik; Oliver Christ; Antonia M. Ciunci; Heather M. Claypool; Sean Coary; Marija V. Čolić; W. Matthew Collins; Paul G. Curran; Chris R. Day; Benjamin Dering; Anna Dreber; John E. Edlund; Filipe Falcão; Anna Fedor; Lily Feinberg; Ian R. Ferguson; Máire Ford; Michael C. Frank; Emily Fryberger; Alexander Garinther; Katarzyna Gawryluk; Kayla Ashbaugh; Mauro Giacomantonio; Steffen R. Giessner; Jon E. Grahe; Rosanna E. Guadagno; Ewa Hałasa; Peter J. B. Hancock; Rias A. Hilliard; Joachim Hüffmeier; Sean Hughes; Katarzyna Idzikowska; Michael Inzlicht; Alan Jern; William Jiménez-Leal; Magnus Johannesson; Jennifer A. Joy-Gaba; Mathias Kauff; Danielle J. Kellier; Grecia Kessinger; Mallory C. Kidwell; Amanda M. Kimbrough; Josiah P. J. King; Vanessa S. Kolb; Sabina Kołodziej; Marton Kovacs; Karolina Krasuska; Sue Kraus; Lacy E. Krueger; Katarzyna Kuchno; Caio Ambrosio Lage; Eleanor V. Langford; Carmel A. Levitan; Tiago Jessé Souza de Lima; Hause Lin; Samuel Lins; Jia E. Loy; Dylan Manfredi; Łukasz Markiewicz; Madhavi Menon; Brett Mercier; Mitchell Metzger; Venus Meyet; Ailsa E. Millen; Jeremy K. Miller; Andres Montealegre; Don A. Moore; Rafał Muda; Gideon Nave; Austin Lee Nichols; Sarah A. Novak; Christian Nunnally; Ana Orlić; Anna Palinkas; Angelo Panno; Kimberly P. Parks; Ivana Pedović; Emilian Pękala; Matthew R. Penner; Sebastiaan Pessers; Boban Petrović; Thomas Pfeiffer; Damian Pieńkosz; Emanuele Preti; Danka Purić; Tiago Ramos; Jonathan Ravid; Timothy S. Razza; Katrin Rentzsch; Juliette Richetin; Sean C. Rife; Anna Dalla Rosa; Kaylis Hase Rudy; Janos Salamon; Blair Saunders; Przemysław Sawicki; Kathleen Schmidt; Kurt Schuepfer; Thomas Schultze; Stefan Schulz-Hardt; Astrid Schütz; Ani N. Shabazian; Rachel L. Shubella; Adam Siegel; Rúben Silva; Barbara Sioma; Lauren Skorb; Luana Elayne Cunha de Souza; Sara Steegen; L. A. R. Stein; R. Weylin Sternglanz; Darko Stojilović; Daniel Storage; Gavin Brent Sullivan; Barnabas Szaszi; Peter Szecsi; Orsolya Szöke; Attila Szuts; Manuela Thomae; Natasha D. Tidwell; Carly Tocco; Ann-Kathrin Torka; Francis Tuerlinckx; Wolf Vanpaemel; Leigh Ann Vaughn; Michelangelo Vianello; Domenico Viganola; Maria Vlachou; Ryan J. Walker; Sophia C. Weissgerber; Aaron L. Wichman; Bradford J. Wiggins; Daniel Wolf; Michael J. Wood; David Zealley; Iris Žeželj; Mark Zrubka; Brian A. Nosek,Many Labs 5: Testing Pre-Data-Collection Peer Review as an Intervention to Increase Replicability,Advances in Methods and Practices in Psychological Science,3.0,3,309-331,2020.0,,,,,,,,,,,,,,,,,,,,yes,FReD_API_team,Psychology,Social Psychology,"<a href=""https://doi.org/10.1177/2515245920958687"" target=""_blank"" style=""text-decoration:none; color:inherit;"">Ebersole C. <i>et al.</i> <i>Advances in Methods and Practices in Psychological Science</i> 2020</a>","<a href=""https://doi.org/10.1037/0022-3514.94.1.116"" target=""_blank"" style=""text-decoration:none; color:inherit;"">Shnabel N. <i>et al.</i> <i>Journal of Personality and Social Psychology</i> 2008</a>",inconclusive
http://doi.org/10.1037/0022-3514.94.1.16,http://doi.org/10.1177/2515245920958687,Implicit and explicit race attitudes are less strongly correlated when participants are told to respond without bias than when told to express their true feelings,inconclusive,B. Keith Payne; Melissa A. Burkley; Mark B. Stokes,Why do implicit and explicit attitude tests diverge? The role of structural fit.,Journal of Personality and Social Psychology,94.0,1,16-31,2008.0,Charles R. Ebersole; Maya B. Mathur; Erica Baranski; Diane-Jo Bart-Plange; Nicholas R. Buttrick; Christopher R. Chartier; Katherine S. Corker; Martin Corley; Joshua K. Hartshorne; Hans Ijzerman; Ljiljana B. Lazarević; Hugh Rabagliati; Ivan Ropovik; Balazs Aczel; Lena F. Aeschbach; Luca Andrighetto; Jack D. Arnal; Holly Arrow; Peter Babincak; Bence E. Bakos; Gabriel Baník; Ernest Baskin; Radomir Belopavlović; Michael H. Bernstein; Michał Białek; Nicholas G. Bloxsom; Bojana Bodroža; Diane B. V. Bonfiglio; Leanne Boucher; Florian Brühlmann; Claudia C. Brumbaugh; Erica Casini; Yiling Chen; Carlo Chiorri; William J. Chopik; Oliver Christ; Antonia M. Ciunci; Heather M. Claypool; Sean Coary; Marija V. Čolić; W. Matthew Collins; Paul G. Curran; Chris R. Day; Benjamin Dering; Anna Dreber; John E. Edlund; Filipe Falcão; Anna Fedor; Lily Feinberg; Ian R. Ferguson; Máire Ford; Michael C. Frank; Emily Fryberger; Alexander Garinther; Katarzyna Gawryluk; Kayla Ashbaugh; Mauro Giacomantonio; Steffen R. Giessner; Jon E. Grahe; Rosanna E. Guadagno; Ewa Hałasa; Peter J. B. Hancock; Rias A. Hilliard; Joachim Hüffmeier; Sean Hughes; Katarzyna Idzikowska; Michael Inzlicht; Alan Jern; William Jiménez-Leal; Magnus Johannesson; Jennifer A. Joy-Gaba; Mathias Kauff; Danielle J. Kellier; Grecia Kessinger; Mallory C. Kidwell; Amanda M. Kimbrough; Josiah P. J. King; Vanessa S. Kolb; Sabina Kołodziej; Marton Kovacs; Karolina Krasuska; Sue Kraus; Lacy E. Krueger; Katarzyna Kuchno; Caio Ambrosio Lage; Eleanor V. Langford; Carmel A. Levitan; Tiago Jessé Souza de Lima; Hause Lin; Samuel Lins; Jia E. Loy; Dylan Manfredi; Łukasz Markiewicz; Madhavi Menon; Brett Mercier; Mitchell Metzger; Venus Meyet; Ailsa E. Millen; Jeremy K. Miller; Andres Montealegre; Don A. Moore; Rafał Muda; Gideon Nave; Austin Lee Nichols; Sarah A. Novak; Christian Nunnally; Ana Orlić; Anna Palinkas; Angelo Panno; Kimberly P. Parks; Ivana Pedović; Emilian Pękala; Matthew R. Penner; Sebastiaan Pessers; Boban Petrović; Thomas Pfeiffer; Damian Pieńkosz; Emanuele Preti; Danka Purić; Tiago Ramos; Jonathan Ravid; Timothy S. Razza; Katrin Rentzsch; Juliette Richetin; Sean C. Rife; Anna Dalla Rosa; Kaylis Hase Rudy; Janos Salamon; Blair Saunders; Przemysław Sawicki; Kathleen Schmidt; Kurt Schuepfer; Thomas Schultze; Stefan Schulz-Hardt; Astrid Schütz; Ani N. Shabazian; Rachel L. Shubella; Adam Siegel; Rúben Silva; Barbara Sioma; Lauren Skorb; Luana Elayne Cunha de Souza; Sara Steegen; L. A. R. Stein; R. Weylin Sternglanz; Darko Stojilović; Daniel Storage; Gavin Brent Sullivan; Barnabas Szaszi; Peter Szecsi; Orsolya Szöke; Attila Szuts; Manuela Thomae; Natasha D. Tidwell; Carly Tocco; Ann-Kathrin Torka; Francis Tuerlinckx; Wolf Vanpaemel; Leigh Ann Vaughn; Michelangelo Vianello; Domenico Viganola; Maria Vlachou; Ryan J. Walker; Sophia C. Weissgerber; Aaron L. Wichman; Bradford J. Wiggins; Daniel Wolf; Michael J. Wood; David Zealley; Iris Žeželj; Mark Zrubka; Brian A. Nosek,Many Labs 5: Testing Pre-Data-Collection Peer Review as an Intervention to Increase Replicability,Advances in Methods and Practices in Psychological Science,3.0,3,309-331,2020.0,,,,,,,,,,,,,,,,,,,,yes,FReD_API_team,Social Sciences,Sociology and Political Science,"<a href=""https://doi.org/10.1177/2515245920958687"" target=""_blank"" style=""text-decoration:none; color:inherit;"">Ebersole C. <i>et al.</i> <i>Advances in Methods and Practices in Psychological Science</i> 2020</a>","<a href=""https://doi.org/10.1037/0022-3514.94.1.16"" target=""_blank"" style=""text-decoration:none; color:inherit;"">Payne B. <i>et al.</i> <i>Journal of Personality and Social Psychology</i> 2008</a>",inconclusive
http://doi.org/10.1037/0022-3514.94.4.579,http://doi.org/10.1177/2515245920958687,Global processing style (versus local processing) leads to assimilation (versus contrast) in social judgments,failure,Jens Förster; Nira Liberman; Stefanie Kuschel,The effect of global versus local processing styles on assimilation versus contrast in social judgment.,Journal of Personality and Social Psychology,94.0,4,579-599,2008.0,Charles R. Ebersole; Maya B. Mathur; Erica Baranski; Diane-Jo Bart-Plange; Nicholas R. Buttrick; Christopher R. Chartier; Katherine S. Corker; Martin Corley; Joshua K. Hartshorne; Hans Ijzerman; Ljiljana B. Lazarević; Hugh Rabagliati; Ivan Ropovik; Balazs Aczel; Lena F. Aeschbach; Luca Andrighetto; Jack D. Arnal; Holly Arrow; Peter Babincak; Bence E. Bakos; Gabriel Baník; Ernest Baskin; Radomir Belopavlović; Michael H. Bernstein; Michał Białek; Nicholas G. Bloxsom; Bojana Bodroža; Diane B. V. Bonfiglio; Leanne Boucher; Florian Brühlmann; Claudia C. Brumbaugh; Erica Casini; Yiling Chen; Carlo Chiorri; William J. Chopik; Oliver Christ; Antonia M. Ciunci; Heather M. Claypool; Sean Coary; Marija V. Čolić; W. Matthew Collins; Paul G. Curran; Chris R. Day; Benjamin Dering; Anna Dreber; John E. Edlund; Filipe Falcão; Anna Fedor; Lily Feinberg; Ian R. Ferguson; Máire Ford; Michael C. Frank; Emily Fryberger; Alexander Garinther; Katarzyna Gawryluk; Kayla Ashbaugh; Mauro Giacomantonio; Steffen R. Giessner; Jon E. Grahe; Rosanna E. Guadagno; Ewa Hałasa; Peter J. B. Hancock; Rias A. Hilliard; Joachim Hüffmeier; Sean Hughes; Katarzyna Idzikowska; Michael Inzlicht; Alan Jern; William Jiménez-Leal; Magnus Johannesson; Jennifer A. Joy-Gaba; Mathias Kauff; Danielle J. Kellier; Grecia Kessinger; Mallory C. Kidwell; Amanda M. Kimbrough; Josiah P. J. King; Vanessa S. Kolb; Sabina Kołodziej; Marton Kovacs; Karolina Krasuska; Sue Kraus; Lacy E. Krueger; Katarzyna Kuchno; Caio Ambrosio Lage; Eleanor V. Langford; Carmel A. Levitan; Tiago Jessé Souza de Lima; Hause Lin; Samuel Lins; Jia E. Loy; Dylan Manfredi; Łukasz Markiewicz; Madhavi Menon; Brett Mercier; Mitchell Metzger; Venus Meyet; Ailsa E. Millen; Jeremy K. Miller; Andres Montealegre; Don A. Moore; Rafał Muda; Gideon Nave; Austin Lee Nichols; Sarah A. Novak; Christian Nunnally; Ana Orlić; Anna Palinkas; Angelo Panno; Kimberly P. Parks; Ivana Pedović; Emilian Pękala; Matthew R. Penner; Sebastiaan Pessers; Boban Petrović; Thomas Pfeiffer; Damian Pieńkosz; Emanuele Preti; Danka Purić; Tiago Ramos; Jonathan Ravid; Timothy S. Razza; Katrin Rentzsch; Juliette Richetin; Sean C. Rife; Anna Dalla Rosa; Kaylis Hase Rudy; Janos Salamon; Blair Saunders; Przemysław Sawicki; Kathleen Schmidt; Kurt Schuepfer; Thomas Schultze; Stefan Schulz-Hardt; Astrid Schütz; Ani N. Shabazian; Rachel L. Shubella; Adam Siegel; Rúben Silva; Barbara Sioma; Lauren Skorb; Luana Elayne Cunha de Souza; Sara Steegen; L. A. R. Stein; R. Weylin Sternglanz; Darko Stojilović; Daniel Storage; Gavin Brent Sullivan; Barnabas Szaszi; Peter Szecsi; Orsolya Szöke; Attila Szuts; Manuela Thomae; Natasha D. Tidwell; Carly Tocco; Ann-Kathrin Torka; Francis Tuerlinckx; Wolf Vanpaemel; Leigh Ann Vaughn; Michelangelo Vianello; Domenico Viganola; Maria Vlachou; Ryan J. Walker; Sophia C. Weissgerber; Aaron L. Wichman; Bradford J. Wiggins; Daniel Wolf; Michael J. Wood; David Zealley; Iris Žeželj; Mark Zrubka; Brian A. Nosek,Many Labs 5: Testing Pre-Data-Collection Peer Review as an Intervention to Increase Replicability,Advances in Methods and Practices in Psychological Science,3.0,3,309-331,2020.0,,,,,,,,,,,,,,,,,,,,yes,FReD_API_team,Social Sciences,Sociology and Political Science,"<a href=""https://doi.org/10.1177/2515245920958687"" target=""_blank"" style=""text-decoration:none; color:inherit;"">Ebersole C. <i>et al.</i> <i>Advances in Methods and Practices in Psychological Science</i> 2020</a>","<a href=""https://doi.org/10.1037/0022-3514.94.4.579"" target=""_blank"" style=""text-decoration:none; color:inherit;"">Förster J. <i>et al.</i> <i>Journal of Personality and Social Psychology</i> 2008</a>",inconclusive
http://doi.org/10.1037/0022-3514.94.4.600,http://doi.org/10.1177/2515245920958687,Individuals make more generous offers in negotiations with happy negotiation partners compared with angry negotiation partners,inconclusive,Eric van Dijk; Gerben A. van Kleef; Wolfgang Steinel; Ilja van Beest,A social functional approach to emotions in bargaining: When communicating anger pays and when it backfires.,Journal of Personality and Social Psychology,94.0,4,600-614,2008.0,Charles R. Ebersole; Maya B. Mathur; Erica Baranski; Diane-Jo Bart-Plange; Nicholas R. Buttrick; Christopher R. Chartier; Katherine S. Corker; Martin Corley; Joshua K. Hartshorne; Hans Ijzerman; Ljiljana B. Lazarević; Hugh Rabagliati; Ivan Ropovik; Balazs Aczel; Lena F. Aeschbach; Luca Andrighetto; Jack D. Arnal; Holly Arrow; Peter Babincak; Bence E. Bakos; Gabriel Baník; Ernest Baskin; Radomir Belopavlović; Michael H. Bernstein; Michał Białek; Nicholas G. Bloxsom; Bojana Bodroža; Diane B. V. Bonfiglio; Leanne Boucher; Florian Brühlmann; Claudia C. Brumbaugh; Erica Casini; Yiling Chen; Carlo Chiorri; William J. Chopik; Oliver Christ; Antonia M. Ciunci; Heather M. Claypool; Sean Coary; Marija V. Čolić; W. Matthew Collins; Paul G. Curran; Chris R. Day; Benjamin Dering; Anna Dreber; John E. Edlund; Filipe Falcão; Anna Fedor; Lily Feinberg; Ian R. Ferguson; Máire Ford; Michael C. Frank; Emily Fryberger; Alexander Garinther; Katarzyna Gawryluk; Kayla Ashbaugh; Mauro Giacomantonio; Steffen R. Giessner; Jon E. Grahe; Rosanna E. Guadagno; Ewa Hałasa; Peter J. B. Hancock; Rias A. Hilliard; Joachim Hüffmeier; Sean Hughes; Katarzyna Idzikowska; Michael Inzlicht; Alan Jern; William Jiménez-Leal; Magnus Johannesson; Jennifer A. Joy-Gaba; Mathias Kauff; Danielle J. Kellier; Grecia Kessinger; Mallory C. Kidwell; Amanda M. Kimbrough; Josiah P. J. King; Vanessa S. Kolb; Sabina Kołodziej; Marton Kovacs; Karolina Krasuska; Sue Kraus; Lacy E. Krueger; Katarzyna Kuchno; Caio Ambrosio Lage; Eleanor V. Langford; Carmel A. Levitan; Tiago Jessé Souza de Lima; Hause Lin; Samuel Lins; Jia E. Loy; Dylan Manfredi; Łukasz Markiewicz; Madhavi Menon; Brett Mercier; Mitchell Metzger; Venus Meyet; Ailsa E. Millen; Jeremy K. Miller; Andres Montealegre; Don A. Moore; Rafał Muda; Gideon Nave; Austin Lee Nichols; Sarah A. Novak; Christian Nunnally; Ana Orlić; Anna Palinkas; Angelo Panno; Kimberly P. Parks; Ivana Pedović; Emilian Pękala; Matthew R. Penner; Sebastiaan Pessers; Boban Petrović; Thomas Pfeiffer; Damian Pieńkosz; Emanuele Preti; Danka Purić; Tiago Ramos; Jonathan Ravid; Timothy S. Razza; Katrin Rentzsch; Juliette Richetin; Sean C. Rife; Anna Dalla Rosa; Kaylis Hase Rudy; Janos Salamon; Blair Saunders; Przemysław Sawicki; Kathleen Schmidt; Kurt Schuepfer; Thomas Schultze; Stefan Schulz-Hardt; Astrid Schütz; Ani N. Shabazian; Rachel L. Shubella; Adam Siegel; Rúben Silva; Barbara Sioma; Lauren Skorb; Luana Elayne Cunha de Souza; Sara Steegen; L. A. R. Stein; R. Weylin Sternglanz; Darko Stojilović; Daniel Storage; Gavin Brent Sullivan; Barnabas Szaszi; Peter Szecsi; Orsolya Szöke; Attila Szuts; Manuela Thomae; Natasha D. Tidwell; Carly Tocco; Ann-Kathrin Torka; Francis Tuerlinckx; Wolf Vanpaemel; Leigh Ann Vaughn; Michelangelo Vianello; Domenico Viganola; Maria Vlachou; Ryan J. Walker; Sophia C. Weissgerber; Aaron L. Wichman; Bradford J. Wiggins; Daniel Wolf; Michael J. Wood; David Zealley; Iris Žeželj; Mark Zrubka; Brian A. Nosek,Many Labs 5: Testing Pre-Data-Collection Peer Review as an Intervention to Increase Replicability,Advances in Methods and Practices in Psychological Science,3.0,3,309-331,2020.0,,,,,,,,,,,,,,,,,,,,yes,FReD_API_team,Social Sciences,Safety Research,"<a href=""https://doi.org/10.1177/2515245920958687"" target=""_blank"" style=""text-decoration:none; color:inherit;"">Ebersole C. <i>et al.</i> <i>Advances in Methods and Practices in Psychological Science</i> 2020</a>","<a href=""https://doi.org/10.1037/0022-3514.94.4.600"" target=""_blank"" style=""text-decoration:none; color:inherit;"">Dijk E. <i>et al.</i> <i>Journal of Personality and Social Psychology</i> 2008</a>",inconclusive
http://doi.org/10.1037/0022-3514.95.2.293,http://doi.org/10.1177/2515245920958687,People are reluctant to tempt fate because they believe doing so increases the likelihood of negative outcomes,inconclusive,Jane L. Risen; Thomas Gilovich,Why people are reluctant to tempt fate.,Journal of Personality and Social Psychology,95.0,2,293-307,2008.0,Charles R. Ebersole; Maya B. Mathur; Erica Baranski; Diane-Jo Bart-Plange; Nicholas R. Buttrick; Christopher R. Chartier; Katherine S. Corker; Martin Corley; Joshua K. Hartshorne; Hans Ijzerman; Ljiljana B. Lazarević; Hugh Rabagliati; Ivan Ropovik; Balazs Aczel; Lena F. Aeschbach; Luca Andrighetto; Jack D. Arnal; Holly Arrow; Peter Babincak; Bence E. Bakos; Gabriel Baník; Ernest Baskin; Radomir Belopavlović; Michael H. Bernstein; Michał Białek; Nicholas G. Bloxsom; Bojana Bodroža; Diane B. V. Bonfiglio; Leanne Boucher; Florian Brühlmann; Claudia C. Brumbaugh; Erica Casini; Yiling Chen; Carlo Chiorri; William J. Chopik; Oliver Christ; Antonia M. Ciunci; Heather M. Claypool; Sean Coary; Marija V. Čolić; W. Matthew Collins; Paul G. Curran; Chris R. Day; Benjamin Dering; Anna Dreber; John E. Edlund; Filipe Falcão; Anna Fedor; Lily Feinberg; Ian R. Ferguson; Máire Ford; Michael C. Frank; Emily Fryberger; Alexander Garinther; Katarzyna Gawryluk; Kayla Ashbaugh; Mauro Giacomantonio; Steffen R. Giessner; Jon E. Grahe; Rosanna E. Guadagno; Ewa Hałasa; Peter J. B. Hancock; Rias A. Hilliard; Joachim Hüffmeier; Sean Hughes; Katarzyna Idzikowska; Michael Inzlicht; Alan Jern; William Jiménez-Leal; Magnus Johannesson; Jennifer A. Joy-Gaba; Mathias Kauff; Danielle J. Kellier; Grecia Kessinger; Mallory C. Kidwell; Amanda M. Kimbrough; Josiah P. J. King; Vanessa S. Kolb; Sabina Kołodziej; Marton Kovacs; Karolina Krasuska; Sue Kraus; Lacy E. Krueger; Katarzyna Kuchno; Caio Ambrosio Lage; Eleanor V. Langford; Carmel A. Levitan; Tiago Jessé Souza de Lima; Hause Lin; Samuel Lins; Jia E. Loy; Dylan Manfredi; Łukasz Markiewicz; Madhavi Menon; Brett Mercier; Mitchell Metzger; Venus Meyet; Ailsa E. Millen; Jeremy K. Miller; Andres Montealegre; Don A. Moore; Rafał Muda; Gideon Nave; Austin Lee Nichols; Sarah A. Novak; Christian Nunnally; Ana Orlić; Anna Palinkas; Angelo Panno; Kimberly P. Parks; Ivana Pedović; Emilian Pękala; Matthew R. Penner; Sebastiaan Pessers; Boban Petrović; Thomas Pfeiffer; Damian Pieńkosz; Emanuele Preti; Danka Purić; Tiago Ramos; Jonathan Ravid; Timothy S. Razza; Katrin Rentzsch; Juliette Richetin; Sean C. Rife; Anna Dalla Rosa; Kaylis Hase Rudy; Janos Salamon; Blair Saunders; Przemysław Sawicki; Kathleen Schmidt; Kurt Schuepfer; Thomas Schultze; Stefan Schulz-Hardt; Astrid Schütz; Ani N. Shabazian; Rachel L. Shubella; Adam Siegel; Rúben Silva; Barbara Sioma; Lauren Skorb; Luana Elayne Cunha de Souza; Sara Steegen; L. A. R. Stein; R. Weylin Sternglanz; Darko Stojilović; Daniel Storage; Gavin Brent Sullivan; Barnabas Szaszi; Peter Szecsi; Orsolya Szöke; Attila Szuts; Manuela Thomae; Natasha D. Tidwell; Carly Tocco; Ann-Kathrin Torka; Francis Tuerlinckx; Wolf Vanpaemel; Leigh Ann Vaughn; Michelangelo Vianello; Domenico Viganola; Maria Vlachou; Ryan J. Walker; Sophia C. Weissgerber; Aaron L. Wichman; Bradford J. Wiggins; Daniel Wolf; Michael J. Wood; David Zealley; Iris Žeželj; Mark Zrubka; Brian A. Nosek,Many Labs 5: Testing Pre-Data-Collection Peer Review as an Intervention to Increase Replicability,Advances in Methods and Practices in Psychological Science,3.0,3,309-331,2020.0,,,,,,,,,,,,,,,,,,,,yes,FReD_API_team,Decision Sciences,General Decision Sciences,"<a href=""https://doi.org/10.1177/2515245920958687"" target=""_blank"" style=""text-decoration:none; color:inherit;"">Ebersole C. <i>et al.</i> <i>Advances in Methods and Practices in Psychological Science</i> 2020</a>","<a href=""https://doi.org/10.1037/0022-3514.95.2.293"" target=""_blank"" style=""text-decoration:none; color:inherit;"">Risen J. <i>et al.</i> <i>Journal of Personality and Social Psychology</i> 2008</a>",inconclusive
http://doi.org/10.1037/a0012833,http://doi.org/10.1177/2515245920958687,Instilling action goals (versus inaction goals) increases subsequent motor and cognitive output,inconclusive,Dolores Albarracín; Ian M. Handley; Kenji Noguchi; Kathleen C. Mcculloch; Hong Li; Joshua Leeper; Rick D. Brown; Allison Earl; William P. Hart,Increasing and decreasing motor and cognitive output: A model of general action and inaction goals.,Journal of Personality and Social Psychology,95.0,3,510-523,2008.0,Charles R. Ebersole; Maya B. Mathur; Erica Baranski; Diane-Jo Bart-Plange; Nicholas R. Buttrick; Christopher R. Chartier; Katherine S. Corker; Martin Corley; Joshua K. Hartshorne; Hans Ijzerman; Ljiljana B. Lazarević; Hugh Rabagliati; Ivan Ropovik; Balazs Aczel; Lena F. Aeschbach; Luca Andrighetto; Jack D. Arnal; Holly Arrow; Peter Babincak; Bence E. Bakos; Gabriel Baník; Ernest Baskin; Radomir Belopavlović; Michael H. Bernstein; Michał Białek; Nicholas G. Bloxsom; Bojana Bodroža; Diane B. V. Bonfiglio; Leanne Boucher; Florian Brühlmann; Claudia C. Brumbaugh; Erica Casini; Yiling Chen; Carlo Chiorri; William J. Chopik; Oliver Christ; Antonia M. Ciunci; Heather M. Claypool; Sean Coary; Marija V. Čolić; W. Matthew Collins; Paul G. Curran; Chris R. Day; Benjamin Dering; Anna Dreber; John E. Edlund; Filipe Falcão; Anna Fedor; Lily Feinberg; Ian R. Ferguson; Máire Ford; Michael C. Frank; Emily Fryberger; Alexander Garinther; Katarzyna Gawryluk; Kayla Ashbaugh; Mauro Giacomantonio; Steffen R. Giessner; Jon E. Grahe; Rosanna E. Guadagno; Ewa Hałasa; Peter J. B. Hancock; Rias A. Hilliard; Joachim Hüffmeier; Sean Hughes; Katarzyna Idzikowska; Michael Inzlicht; Alan Jern; William Jiménez-Leal; Magnus Johannesson; Jennifer A. Joy-Gaba; Mathias Kauff; Danielle J. Kellier; Grecia Kessinger; Mallory C. Kidwell; Amanda M. Kimbrough; Josiah P. J. King; Vanessa S. Kolb; Sabina Kołodziej; Marton Kovacs; Karolina Krasuska; Sue Kraus; Lacy E. Krueger; Katarzyna Kuchno; Caio Ambrosio Lage; Eleanor V. Langford; Carmel A. Levitan; Tiago Jessé Souza de Lima; Hause Lin; Samuel Lins; Jia E. Loy; Dylan Manfredi; Łukasz Markiewicz; Madhavi Menon; Brett Mercier; Mitchell Metzger; Venus Meyet; Ailsa E. Millen; Jeremy K. Miller; Andres Montealegre; Don A. Moore; Rafał Muda; Gideon Nave; Austin Lee Nichols; Sarah A. Novak; Christian Nunnally; Ana Orlić; Anna Palinkas; Angelo Panno; Kimberly P. Parks; Ivana Pedović; Emilian Pękala; Matthew R. Penner; Sebastiaan Pessers; Boban Petrović; Thomas Pfeiffer; Damian Pieńkosz; Emanuele Preti; Danka Purić; Tiago Ramos; Jonathan Ravid; Timothy S. Razza; Katrin Rentzsch; Juliette Richetin; Sean C. Rife; Anna Dalla Rosa; Kaylis Hase Rudy; Janos Salamon; Blair Saunders; Przemysław Sawicki; Kathleen Schmidt; Kurt Schuepfer; Thomas Schultze; Stefan Schulz-Hardt; Astrid Schütz; Ani N. Shabazian; Rachel L. Shubella; Adam Siegel; Rúben Silva; Barbara Sioma; Lauren Skorb; Luana Elayne Cunha de Souza; Sara Steegen; L. A. R. Stein; R. Weylin Sternglanz; Darko Stojilović; Daniel Storage; Gavin Brent Sullivan; Barnabas Szaszi; Peter Szecsi; Orsolya Szöke; Attila Szuts; Manuela Thomae; Natasha D. Tidwell; Carly Tocco; Ann-Kathrin Torka; Francis Tuerlinckx; Wolf Vanpaemel; Leigh Ann Vaughn; Michelangelo Vianello; Domenico Viganola; Maria Vlachou; Ryan J. Walker; Sophia C. Weissgerber; Aaron L. Wichman; Bradford J. Wiggins; Daniel Wolf; Michael J. Wood; David Zealley; Iris Žeželj; Mark Zrubka; Brian A. Nosek,Many Labs 5: Testing Pre-Data-Collection Peer Review as an Intervention to Increase Replicability,Advances in Methods and Practices in Psychological Science,3.0,3,309-331,2020.0,,,,,,,,,,,,,,,,,,,,yes,FReD_API_team,Psychology,Social Psychology,"<a href=""https://doi.org/10.1177/2515245920958687"" target=""_blank"" style=""text-decoration:none; color:inherit;"">Ebersole C. <i>et al.</i> <i>Advances in Methods and Practices in Psychological Science</i> 2020</a>","<a href=""https://doi.org/10.1037/a0012833"" target=""_blank"" style=""text-decoration:none; color:inherit;"">Albarracín D. <i>et al.</i> <i>Journal of Personality and Social Psychology</i> 2008</a>",inconclusive
http://doi.org/10.1111/j.1467-9280.2008.02045.x,http://doi.org/10.1177/2515245920958687,,inconclusive,Kathleen D. Vohs; Jonathan W. Schooler,The Value of Believing in Free Will,Psychological Science,19.0,1,49-54,2008.0,Charles R. Ebersole; Maya B. Mathur; Erica Baranski; Diane-Jo Bart-Plange; Nicholas R. Buttrick; Christopher R. Chartier; Katherine S. Corker; Martin Corley; Joshua K. Hartshorne; Hans Ijzerman; Ljiljana B. Lazarević; Hugh Rabagliati; Ivan Ropovik; Balazs Aczel; Lena F. Aeschbach; Luca Andrighetto; Jack D. Arnal; Holly Arrow; Peter Babincak; Bence E. Bakos; Gabriel Baník; Ernest Baskin; Radomir Belopavlović; Michael H. Bernstein; Michał Białek; Nicholas G. Bloxsom; Bojana Bodroža; Diane B. V. Bonfiglio; Leanne Boucher; Florian Brühlmann; Claudia C. Brumbaugh; Erica Casini; Yiling Chen; Carlo Chiorri; William J. Chopik; Oliver Christ; Antonia M. Ciunci; Heather M. Claypool; Sean Coary; Marija V. Čolić; W. Matthew Collins; Paul G. Curran; Chris R. Day; Benjamin Dering; Anna Dreber; John E. Edlund; Filipe Falcão; Anna Fedor; Lily Feinberg; Ian R. Ferguson; Máire Ford; Michael C. Frank; Emily Fryberger; Alexander Garinther; Katarzyna Gawryluk; Kayla Ashbaugh; Mauro Giacomantonio; Steffen R. Giessner; Jon E. Grahe; Rosanna E. Guadagno; Ewa Hałasa; Peter J. B. Hancock; Rias A. Hilliard; Joachim Hüffmeier; Sean Hughes; Katarzyna Idzikowska; Michael Inzlicht; Alan Jern; William Jiménez-Leal; Magnus Johannesson; Jennifer A. Joy-Gaba; Mathias Kauff; Danielle J. Kellier; Grecia Kessinger; Mallory C. Kidwell; Amanda M. Kimbrough; Josiah P. J. King; Vanessa S. Kolb; Sabina Kołodziej; Marton Kovacs; Karolina Krasuska; Sue Kraus; Lacy E. Krueger; Katarzyna Kuchno; Caio Ambrosio Lage; Eleanor V. Langford; Carmel A. Levitan; Tiago Jessé Souza de Lima; Hause Lin; Samuel Lins; Jia E. Loy; Dylan Manfredi; Łukasz Markiewicz; Madhavi Menon; Brett Mercier; Mitchell Metzger; Venus Meyet; Ailsa E. Millen; Jeremy K. Miller; Andres Montealegre; Don A. Moore; Rafał Muda; Gideon Nave; Austin Lee Nichols; Sarah A. Novak; Christian Nunnally; Ana Orlić; Anna Palinkas; Angelo Panno; Kimberly P. Parks; Ivana Pedović; Emilian Pękala; Matthew R. Penner; Sebastiaan Pessers; Boban Petrović; Thomas Pfeiffer; Damian Pieńkosz; Emanuele Preti; Danka Purić; Tiago Ramos; Jonathan Ravid; Timothy S. Razza; Katrin Rentzsch; Juliette Richetin; Sean C. Rife; Anna Dalla Rosa; Kaylis Hase Rudy; Janos Salamon; Blair Saunders; Przemysław Sawicki; Kathleen Schmidt; Kurt Schuepfer; Thomas Schultze; Stefan Schulz-Hardt; Astrid Schütz; Ani N. Shabazian; Rachel L. Shubella; Adam Siegel; Rúben Silva; Barbara Sioma; Lauren Skorb; Luana Elayne Cunha de Souza; Sara Steegen; L. A. R. Stein; R. Weylin Sternglanz; Darko Stojilović; Daniel Storage; Gavin Brent Sullivan; Barnabas Szaszi; Peter Szecsi; Orsolya Szöke; Attila Szuts; Manuela Thomae; Natasha D. Tidwell; Carly Tocco; Ann-Kathrin Torka; Francis Tuerlinckx; Wolf Vanpaemel; Leigh Ann Vaughn; Michelangelo Vianello; Domenico Viganola; Maria Vlachou; Ryan J. Walker; Sophia C. Weissgerber; Aaron L. Wichman; Bradford J. Wiggins; Daniel Wolf; Michael J. Wood; David Zealley; Iris Žeželj; Mark Zrubka; Brian A. Nosek,Many Labs 5: Testing Pre-Data-Collection Peer Review as an Intervention to Increase Replicability,Advances in Methods and Practices in Psychological Science,3.0,3,309-331,2020.0,,,,,,,,,,,,,,,,,,,,yes,FReD_API_team,Neuroscience,Cognitive Neuroscience,"<a href=""https://doi.org/10.1177/2515245920958687"" target=""_blank"" style=""text-decoration:none; color:inherit;"">Ebersole C. <i>et al.</i> <i>Advances in Methods and Practices in Psychological Science</i> 2020</a>","<a href=""https://doi.org/10.1111/j.1467-9280.2008.02045.x"" target=""_blank"" style=""text-decoration:none; color:inherit;"">Vohs K. <i>et al.</i> <i>Psychological Science</i> 2008</a>",inconclusive
http://doi.org/10.1111/j.1467-9280.2008.02072.x,http://doi.org/10.1177/2515245920958687,,inconclusive,Jennifer Randall Crosby; Benoît Monin; Daniel Richardson,Where Do We Look During Potentially Offensive Behavior?,Psychological Science,19.0,3,226-228,2008.0,Charles R. Ebersole; Maya B. Mathur; Erica Baranski; Diane-Jo Bart-Plange; Nicholas R. Buttrick; Christopher R. Chartier; Katherine S. Corker; Martin Corley; Joshua K. Hartshorne; Hans Ijzerman; Ljiljana B. Lazarević; Hugh Rabagliati; Ivan Ropovik; Balazs Aczel; Lena F. Aeschbach; Luca Andrighetto; Jack D. Arnal; Holly Arrow; Peter Babincak; Bence E. Bakos; Gabriel Baník; Ernest Baskin; Radomir Belopavlović; Michael H. Bernstein; Michał Białek; Nicholas G. Bloxsom; Bojana Bodroža; Diane B. V. Bonfiglio; Leanne Boucher; Florian Brühlmann; Claudia C. Brumbaugh; Erica Casini; Yiling Chen; Carlo Chiorri; William J. Chopik; Oliver Christ; Antonia M. Ciunci; Heather M. Claypool; Sean Coary; Marija V. Čolić; W. Matthew Collins; Paul G. Curran; Chris R. Day; Benjamin Dering; Anna Dreber; John E. Edlund; Filipe Falcão; Anna Fedor; Lily Feinberg; Ian R. Ferguson; Máire Ford; Michael C. Frank; Emily Fryberger; Alexander Garinther; Katarzyna Gawryluk; Kayla Ashbaugh; Mauro Giacomantonio; Steffen R. Giessner; Jon E. Grahe; Rosanna E. Guadagno; Ewa Hałasa; Peter J. B. Hancock; Rias A. Hilliard; Joachim Hüffmeier; Sean Hughes; Katarzyna Idzikowska; Michael Inzlicht; Alan Jern; William Jiménez-Leal; Magnus Johannesson; Jennifer A. Joy-Gaba; Mathias Kauff; Danielle J. Kellier; Grecia Kessinger; Mallory C. Kidwell; Amanda M. Kimbrough; Josiah P. J. King; Vanessa S. Kolb; Sabina Kołodziej; Marton Kovacs; Karolina Krasuska; Sue Kraus; Lacy E. Krueger; Katarzyna Kuchno; Caio Ambrosio Lage; Eleanor V. Langford; Carmel A. Levitan; Tiago Jessé Souza de Lima; Hause Lin; Samuel Lins; Jia E. Loy; Dylan Manfredi; Łukasz Markiewicz; Madhavi Menon; Brett Mercier; Mitchell Metzger; Venus Meyet; Ailsa E. Millen; Jeremy K. Miller; Andres Montealegre; Don A. Moore; Rafał Muda; Gideon Nave; Austin Lee Nichols; Sarah A. Novak; Christian Nunnally; Ana Orlić; Anna Palinkas; Angelo Panno; Kimberly P. Parks; Ivana Pedović; Emilian Pękala; Matthew R. Penner; Sebastiaan Pessers; Boban Petrović; Thomas Pfeiffer; Damian Pieńkosz; Emanuele Preti; Danka Purić; Tiago Ramos; Jonathan Ravid; Timothy S. Razza; Katrin Rentzsch; Juliette Richetin; Sean C. Rife; Anna Dalla Rosa; Kaylis Hase Rudy; Janos Salamon; Blair Saunders; Przemysław Sawicki; Kathleen Schmidt; Kurt Schuepfer; Thomas Schultze; Stefan Schulz-Hardt; Astrid Schütz; Ani N. Shabazian; Rachel L. Shubella; Adam Siegel; Rúben Silva; Barbara Sioma; Lauren Skorb; Luana Elayne Cunha de Souza; Sara Steegen; L. A. R. Stein; R. Weylin Sternglanz; Darko Stojilović; Daniel Storage; Gavin Brent Sullivan; Barnabas Szaszi; Peter Szecsi; Orsolya Szöke; Attila Szuts; Manuela Thomae; Natasha D. Tidwell; Carly Tocco; Ann-Kathrin Torka; Francis Tuerlinckx; Wolf Vanpaemel; Leigh Ann Vaughn; Michelangelo Vianello; Domenico Viganola; Maria Vlachou; Ryan J. Walker; Sophia C. Weissgerber; Aaron L. Wichman; Bradford J. Wiggins; Daniel Wolf; Michael J. Wood; David Zealley; Iris Žeželj; Mark Zrubka; Brian A. Nosek,Many Labs 5: Testing Pre-Data-Collection Peer Review as an Intervention to Increase Replicability,Advances in Methods and Practices in Psychological Science,3.0,3,309-331,2020.0,,,,,,,,,,,,,,,,,,,,yes,FReD_API_team,Social Sciences,Sociology and Political Science,"<a href=""https://doi.org/10.1177/2515245920958687"" target=""_blank"" style=""text-decoration:none; color:inherit;"">Ebersole C. <i>et al.</i> <i>Advances in Methods and Practices in Psychological Science</i> 2020</a>","<a href=""https://doi.org/10.1111/j.1467-9280.2008.02072.x"" target=""_blank"" style=""text-decoration:none; color:inherit;"">Crosby J. <i>et al.</i> <i>Psychological Science</i> 2008</a>",inconclusive
http://doi.org/10.1111/j.1467-9280.2008.02081.x,http://doi.org/10.1177/2515245920958687,,inconclusive,Vanessa Lobue; Judy S. Deloache,Detecting the Snake in the Grass,Psychological Science,19.0,3,284-289,2008.0,Charles R. Ebersole; Maya B. Mathur; Erica Baranski; Diane-Jo Bart-Plange; Nicholas R. Buttrick; Christopher R. Chartier; Katherine S. Corker; Martin Corley; Joshua K. Hartshorne; Hans Ijzerman; Ljiljana B. Lazarević; Hugh Rabagliati; Ivan Ropovik; Balazs Aczel; Lena F. Aeschbach; Luca Andrighetto; Jack D. Arnal; Holly Arrow; Peter Babincak; Bence E. Bakos; Gabriel Baník; Ernest Baskin; Radomir Belopavlović; Michael H. Bernstein; Michał Białek; Nicholas G. Bloxsom; Bojana Bodroža; Diane B. V. Bonfiglio; Leanne Boucher; Florian Brühlmann; Claudia C. Brumbaugh; Erica Casini; Yiling Chen; Carlo Chiorri; William J. Chopik; Oliver Christ; Antonia M. Ciunci; Heather M. Claypool; Sean Coary; Marija V. Čolić; W. Matthew Collins; Paul G. Curran; Chris R. Day; Benjamin Dering; Anna Dreber; John E. Edlund; Filipe Falcão; Anna Fedor; Lily Feinberg; Ian R. Ferguson; Máire Ford; Michael C. Frank; Emily Fryberger; Alexander Garinther; Katarzyna Gawryluk; Kayla Ashbaugh; Mauro Giacomantonio; Steffen R. Giessner; Jon E. Grahe; Rosanna E. Guadagno; Ewa Hałasa; Peter J. B. Hancock; Rias A. Hilliard; Joachim Hüffmeier; Sean Hughes; Katarzyna Idzikowska; Michael Inzlicht; Alan Jern; William Jiménez-Leal; Magnus Johannesson; Jennifer A. Joy-Gaba; Mathias Kauff; Danielle J. Kellier; Grecia Kessinger; Mallory C. Kidwell; Amanda M. Kimbrough; Josiah P. J. King; Vanessa S. Kolb; Sabina Kołodziej; Marton Kovacs; Karolina Krasuska; Sue Kraus; Lacy E. Krueger; Katarzyna Kuchno; Caio Ambrosio Lage; Eleanor V. Langford; Carmel A. Levitan; Tiago Jessé Souza de Lima; Hause Lin; Samuel Lins; Jia E. Loy; Dylan Manfredi; Łukasz Markiewicz; Madhavi Menon; Brett Mercier; Mitchell Metzger; Venus Meyet; Ailsa E. Millen; Jeremy K. Miller; Andres Montealegre; Don A. Moore; Rafał Muda; Gideon Nave; Austin Lee Nichols; Sarah A. Novak; Christian Nunnally; Ana Orlić; Anna Palinkas; Angelo Panno; Kimberly P. Parks; Ivana Pedović; Emilian Pękala; Matthew R. Penner; Sebastiaan Pessers; Boban Petrović; Thomas Pfeiffer; Damian Pieńkosz; Emanuele Preti; Danka Purić; Tiago Ramos; Jonathan Ravid; Timothy S. Razza; Katrin Rentzsch; Juliette Richetin; Sean C. Rife; Anna Dalla Rosa; Kaylis Hase Rudy; Janos Salamon; Blair Saunders; Przemysław Sawicki; Kathleen Schmidt; Kurt Schuepfer; Thomas Schultze; Stefan Schulz-Hardt; Astrid Schütz; Ani N. Shabazian; Rachel L. Shubella; Adam Siegel; Rúben Silva; Barbara Sioma; Lauren Skorb; Luana Elayne Cunha de Souza; Sara Steegen; L. A. R. Stein; R. Weylin Sternglanz; Darko Stojilović; Daniel Storage; Gavin Brent Sullivan; Barnabas Szaszi; Peter Szecsi; Orsolya Szöke; Attila Szuts; Manuela Thomae; Natasha D. Tidwell; Carly Tocco; Ann-Kathrin Torka; Francis Tuerlinckx; Wolf Vanpaemel; Leigh Ann Vaughn; Michelangelo Vianello; Domenico Viganola; Maria Vlachou; Ryan J. Walker; Sophia C. Weissgerber; Aaron L. Wichman; Bradford J. Wiggins; Daniel Wolf; Michael J. Wood; David Zealley; Iris Žeželj; Mark Zrubka; Brian A. Nosek,Many Labs 5: Testing Pre-Data-Collection Peer Review as an Intervention to Increase Replicability,Advances in Methods and Practices in Psychological Science,3.0,3,309-331,2020.0,,,,,,,,,,,,,,,,,,,,yes,FReD_API_team,Neuroscience,Sensory Systems,"<a href=""https://doi.org/10.1177/2515245920958687"" target=""_blank"" style=""text-decoration:none; color:inherit;"">Ebersole C. <i>et al.</i> <i>Advances in Methods and Practices in Psychological Science</i> 2020</a>","<a href=""https://doi.org/10.1111/j.1467-9280.2008.02081.x"" target=""_blank"" style=""text-decoration:none; color:inherit;"">Lobue V. <i>et al.</i> <i>Psychological Science</i> 2008</a>",inconclusive
http://doi.org/10.1016/j.cognition.2009.02.001,http://doi.org/10.31234/osf.io/dca65,The use of personal force (direct use of muscles) is associated with decreased ratings of moral acceptability and permissibility.,inconclusive,Joshua D. Greene; Fiery A. Cushman; Lisa E. Stewart; Kelly Lowenberg; Leigh E. Nystrom; Jonathan D. Cohen,Pushing moral buttons: The interaction between personal force and intention in moral judgment,Cognition,111.0,3,364-371,2009.0,Trent M. Lynds; Sean P. Mackinnon,Effects of personal force and physical contact on moral decision-making: A replication,,,,,2024.0,,,,,,,,,,,,,,,,,,,,yes,FReD_API_team,Neuroscience,Cognitive Neuroscience,"<a href=""https://doi.org/10.31234/osf.io/dca65"" target=""_blank"" style=""text-decoration:none; color:inherit;"">Lynds T. <i>et al.</i> <i></i> 2024</a>","<a href=""https://doi.org/10.1016/j.cognition.2009.02.001"" target=""_blank"" style=""text-decoration:none; color:inherit;"">Greene J. <i>et al.</i> <i>Cognition</i> 2009</a>",inconclusive
http://doi.org/10.2466/pms.109.2.577-580,http://doi.org/10.2466/20.22.pms.114.1.185-188,"When evaluating ambiguous stimuli with dichotomous choices, individuals identify 61.8% of items as 'good' and 38.2% as 'bad', reflecting an asymmetry in human cognition",inconclusive,James A. Anderson; James W. Grice,Replicating a Simple Study of Asymmetry in Human Cognition,Perceptual and Motor Skills,109.0,2,577-580,2009.0,James A. Anderson; Devan Ramirez; Drew Stephenson,Asymmetry in Human Cognition: Further Replication and Extension,Perceptual and Motor Skills,114.0,1,185-188,2012.0,,,,,,,,,,,,,,,,,,,,yes,FReD_API_team,Psychology,Social Psychology,"<a href=""https://doi.org/10.2466/20.22.pms.114.1.185-188"" target=""_blank"" style=""text-decoration:none; color:inherit;"">Anderson J. <i>et al.</i> <i>Perceptual and Motor Skills</i> 2012</a>","<a href=""https://doi.org/10.2466/pms.109.2.577-580"" target=""_blank"" style=""text-decoration:none; color:inherit;"">Anderson J. <i>et al.</i> <i>Perceptual and Motor Skills</i> 2009</a>",inconclusive
http://doi.org/10.1075/arcl.7.07gri,http://doi.org/10.32714/ricl.10.01.08,L1 English verb frequency and distinctiveness in corpora predict L2 English learners' tense-aspect production,success,Stefan Th. Gries; Stefanie Wulff,Psycholinguistic and corpus-linguistic evidence for L2 constructions,Annual Review of Cognitive Linguistics,7.0,,163-186,2009.0,Sophia Minnillo; Claudia Sánchez-Gutiérrez; Agustina Carando; Samuel Davidson; Paloma Fernández Mira; Kenji Sagae,Preterit-imperfect acquisition in L2 Spanish writing: Moving beyond lexical aspect,Research in Corpus Linguistics,10.0,1,156-184,2022.0,,,,,,,,,,,,,,,,,,,,yes,FReD_API_team,Psychology,Experimental and Cognitive Psychology,"<a href=""https://doi.org/10.32714/ricl.10.01.08"" target=""_blank"" style=""text-decoration:none; color:inherit;"">Minnillo S. <i>et al.</i> <i>Research in Corpus Linguistics</i> 2022</a>","<a href=""https://doi.org/10.1075/arcl.7.07gri"" target=""_blank"" style=""text-decoration:none; color:inherit;"">Gries S. <i>et al.</i> <i>Annual Review of Cognitive Linguistics</i> 2009</a>",inconclusive
http://doi.org/10.1177/1948550609360261,http://doi.org/10.1177/19485506241298340,,failure,Nancy L. Carter; J. Mark Weber,Not Pollyannas,Social Psychological and Personality Science,1.0,3,274-279,2010.0,Timothy R. Levine; David M. Markowitz; Kim B. Serota; Miranda V. Brunn,"A Registered Conceptual Replication and Extension of Carter and Weber (2010): Generalized Trust, Lie Prevalence, and Deception Detection",Social Psychological and Personality Science,16.0,7,835-840,2025.0,,,,,,,,,,,,,,,,,,,,yes,FReD_API_team,Psychology,Social Psychology,"<a href=""https://doi.org/10.1177/19485506241298340"" target=""_blank"" style=""text-decoration:none; color:inherit;"">Levine T. <i>et al.</i> <i>Social Psychological and Personality Science</i> 2025</a>","<a href=""https://doi.org/10.1177/1948550609360261"" target=""_blank"" style=""text-decoration:none; color:inherit;"">Carter N. <i>et al.</i> <i>Social Psychological and Personality Science</i> 2010</a>",inconclusive
http://doi.org/10.1007/s11199-011-0036-z,http://doi.org/10.1177/1948550616683017,The gender-science Implicit Association Test (IAT) predicts students' plans to pursue science versus humanities better than self-reported gender-science stereotypes,inconclusive,Kristin A. Lane; Jin X. Goh; Erin Driver-Linn,Implicit Science Stereotypes Mediate the Relationship between Gender and Academic Participation,Sex Roles,66.0,3-4,220-234,2012.0,Hila Zitelny; Michal Shalom; Yoav Bar-Anan,What Is the Implicit Gender-Science Stereotype? Exploring Correlations Between the Gender-Science IAT and Self-Report Measures,Social Psychological and Personality Science,8.0,7,719-735,2017.0,,,,,,,,,,,,,,,,,,,,yes,FReD_API_team,Social Sciences,Sociology and Political Science,"<a href=""https://doi.org/10.1177/1948550616683017"" target=""_blank"" style=""text-decoration:none; color:inherit;"">Zitelny H. <i>et al.</i> <i>Social Psychological and Personality Science</i> 2017</a>","<a href=""https://doi.org/10.1007/s11199-011-0036-z"" target=""_blank"" style=""text-decoration:none; color:inherit;"">Lane K. <i>et al.</i> <i>Sex Roles</i> 2012</a>",inconclusive
http://doi.org/10.1037/a0027407,http://doi.org/10.1525/collabra.57785,"Experiential purchases are more central to self-concept and identity than material purchases, providing greater insight into one's true self",success,Travis J. Carter; Thomas Gilovich,"I am what I do, not what I have: The differential centrality of experiential and material purchases to the self.",Journal of Personality and Social Psychology,102.0,6,1304-1317,2012.0,Eva Yiyu Chen; Michelle Xingyu Chee; Gilad Feldman,Revisiting the Differential Centrality of Experiential and Material Purchases to the Self: Replication and Extension of Carter and Gilovich (2012),Collabra: Psychology,9.0,1,,2023.0,,,,,,,,,,,,,,,,,,,,yes,FReD_API_team,Psychology,Social Psychology,"<a href=""https://doi.org/10.1525/collabra.57785"" target=""_blank"" style=""text-decoration:none; color:inherit;"">Chen E. <i>et al.</i> <i>Collabra: Psychology</i> 2023</a>","<a href=""https://doi.org/10.1037/a0027407"" target=""_blank"" style=""text-decoration:none; color:inherit;"">Carter T. <i>et al.</i> <i>Journal of Personality and Social Psychology</i> 2012</a>",inconclusive
http://doi.org/10.1111/psyp.12132,http://doi.org/10.31234/osf.io/xr6bn,"Error-related negativity (ERN) demonstrates adequate internal consistency (coefficient alpha ≥ 0.7) with as few as 7 trials for flanker tasks and 12 trials for go/no-go tasks, with flanker tasks showing superior psychometric properties for studying individual differences",inconclusive,Alexandria Meyer; Anja Riesel; Greg Hajcak Proudfit,Reliability of the<scp>ERN</scp>across multiple tasks as a function of increasing errors,Psychophysiology,50.0,12,1220-1225,2013.0,Amanda Holbrook; Bohyun Park; Scott Baldwin; Anja Riesel; Michael J. Larson; Peter E Clayson,"Psychometric Reliability of ERN and Pe Across Flanker, Stroop, and Go/No-Go Tasks: A Direct and Conceptual Replication",,,,,2024.0,,,,,,,,,,,,,,,,,,,,yes,FReD_API_team,Neuroscience,Cognitive Neuroscience,"<a href=""https://doi.org/10.31234/osf.io/xr6bn"" target=""_blank"" style=""text-decoration:none; color:inherit;"">Holbrook A. <i>et al.</i> <i></i> 2024</a>","<a href=""https://doi.org/10.1111/psyp.12132"" target=""_blank"" style=""text-decoration:none; color:inherit;"">Meyer A. <i>et al.</i> <i>Psychophysiology</i> 2013</a>",inconclusive
http://doi.org/10.1017/s1930297500005064,http://doi.org/10.1080/23743603.2021.1878340,"An inferior job option (decoy) increases the choice share of the target job, and regret salience reduces the magnitude of this decoy effect",success,Terry Connolly; Jochen Reb; Edgar E. Kausel,Regret salience and accountability in the decoy effect,Judgment and Decision Making,8.0,2,136-149,2013.0,Qinyu Xiao; Shiyuan Zeng; Gilad Feldman,"Revisiting the decoy effect: replication and extension of Ariely and Wallsten (1995) and Connolly, Reb, and Kausel (2013)‎",Comprehensive Results in Social Psychology,4.0,2,164-198,2020.0,,,,,,,,,,,,,,,,,,,,yes,FReD_API_team,Decision Sciences,General Decision Sciences,"<a href=""https://doi.org/10.1080/23743603.2021.1878340"" target=""_blank"" style=""text-decoration:none; color:inherit;"">Xiao Q. <i>et al.</i> <i>Comprehensive Results in Social Psychology</i> 2020</a>","<a href=""https://doi.org/10.1017/s1930297500005064"" target=""_blank"" style=""text-decoration:none; color:inherit;"">Connolly T. <i>et al.</i> <i>Judgment and Decision Making</i> 2013</a>",inconclusive
http://doi.org/10.1002/pam.21702,http://doi.org/10.1111/padm.12860,"The expectancy-disconfirmation model predicts that citizen satisfaction with public services is influenced by both prior expectations and perceived performance, with these factors affecting satisfaction both directly and indirectly through disconfirmation",success,Gregg G. van Ryzin,An Experimental Test of the Expectancy-Disconfirmation Theory of Citizen Satisfaction,Journal of Policy Analysis and Management,32.0,3,597-614,2013.0,Wenna Chen; Binzizi Dong; Chih‐Wei Hsieh; M. Jin Lee; Ning Liu; Richard M. Walker; Yao Wang; Bo Wen; Wen Wen; Peiyi Wu; Xia Wu; Jiasheng Zhang,A replication of “an experimental test of the <scp>expectancy‐disconfirmation</scp> theory of citizen satisfaction”,Public Administration,100.0,3,778-791,2022.0,,,,,,,,,,,,,,,,,,,,yes,FReD_API_team,"Business, Management and Accounting",Organizational Behavior and Human Resource Management,"<a href=""https://doi.org/10.1111/padm.12860"" target=""_blank"" style=""text-decoration:none; color:inherit;"">Chen W. <i>et al.</i> <i>Public Administration</i> 2022</a>","<a href=""https://doi.org/10.1002/pam.21702"" target=""_blank"" style=""text-decoration:none; color:inherit;"">Ryzin G. <i>et al.</i> <i>Journal of Policy Analysis and Management</i> 2013</a>",inconclusive
http://doi.org/10.1177/1077559513483002,http://doi.org/10.1080/10926771.2022.2038753,Individuals in the secondary CU group demonstrate higher PTSS.,success,Eva R. Kimonis; Kostas A. Fanti; Zachary Isoma; Kathleen Donoghue,Maltreatment Profiles Among Incarcerated Boys With Callous-Unemotional Traits,Child Maltreatment,18.0,2,108-121,2013.0,Samantha R. Awada; Robyn A. Ellis; Elizabeth C. Shelleby; Holly K. Orcutt,Gender Differences in Callous Unemotional Trait Profiles in an Undergraduate Sample,"Journal of Aggression, Maltreatment &amp; Trauma",31.0,7,888-909,2022.0,,,,,,,,,,,,,,,,,,,,yes,FReD_API_team,Psychology,Clinical Psychology,"<a href=""https://doi.org/10.1080/10926771.2022.2038753"" target=""_blank"" style=""text-decoration:none; color:inherit;"">Awada S. <i>et al.</i> <i>Journal of Aggression, Maltreatment &amp;amp; Trauma</i> 2022</a>","<a href=""https://doi.org/10.1177/1077559513483002"" target=""_blank"" style=""text-decoration:none; color:inherit;"">Kimonis E. <i>et al.</i> <i>Child Maltreatment</i> 2013</a>",inconclusive
http://doi.org/10.1016/j.jesp.2012.11.012,http://doi.org/10.1016/j.jesp.2024.104712,No influence on background color on the evaluation of a moral dilemma.,failure,Theodora Zarkadi; Simone Schnall,“Black and White” thinking: Visual contrast polarizes moral judgment,Journal of Experimental Social Psychology,49.0,3,355-359,2013.0,Kevin Vezirian; Elisa Sarda; Laurent Bègue; Pierre-Jean Laine; Hans Ijzerman,“Black-and-White” thinking: Does visual contrast polarize moral judgment? Independent replications and extension of   Study 1,Journal of Experimental Social Psychology,117.0,,104712,2025.0,,,,,,,,,,,,,,,,,,,,yes,FReD_API_team,Neuroscience,Cognitive Neuroscience,"<a href=""https://doi.org/10.1016/j.jesp.2024.104712"" target=""_blank"" style=""text-decoration:none; color:inherit;"">Vezirian K. <i>et al.</i> <i>Journal of Experimental Social Psychology</i> 2025</a>","<a href=""https://doi.org/10.1016/j.jesp.2012.11.012"" target=""_blank"" style=""text-decoration:none; color:inherit;"">Zarkadi T. <i>et al.</i> <i>Journal of Experimental Social Psychology</i> 2013</a>",inconclusive
http://doi.org/10.1080/10503307.2012.731088,http://doi.org/10.1002/cpp.70057,"""we set out to replicate and extend Owen et al.'s findings regarding the interaction between psychodynamic‐interpersonal (PI) technique, cognitive‐behavioural (CB) technique and the alliance with patient rated change [...] We also found interactions between both PI and CB technique use with alliance, in predicting patient rated change.""",success,Jesse Owen; Robert J Reese; Kelley Quirk; Emil Rodolfa,Alliance in action: A new measure of clients' perceptions of therapists' alliance activity,Psychotherapy Research,23.0,1,67-77,2013.0,Michael Katz; Mark Hilsenroth; Nurit Rokah; Or Wolster; Sharon Ziv‐Beiman,The Interaction Between Alliance and Technique Use in the Prediction of Client Change: Replication and Extension of Owen et al. (2013) in a Different Cultural Context,Clinical Psychology &amp; Psychotherapy,32.0,2,e70057,2025.0,,,,,,,,,,,,,,,,,,,,yes,FReD_API_team,Psychology,Clinical Psychology,"<a href=""https://doi.org/10.1002/cpp.70057"" target=""_blank"" style=""text-decoration:none; color:inherit;"">Katz M. <i>et al.</i> <i>Clinical Psychology &amp;amp; Psychotherapy</i> 2025</a>","<a href=""https://doi.org/10.1080/10503307.2012.731088"" target=""_blank"" style=""text-decoration:none; color:inherit;"">Owen J. <i>et al.</i> <i>Psychotherapy Research</i> 2013</a>",inconclusive
http://doi.org/10.1016/j.cortex.2014.02.013,http://doi.org/10.12688/openreseurope.17749.1,"Goal proximity and exerted effort increased participants’ self-reported motivation in the task and
frustration after being blocked.",success,Rongjun Yu; Dean Mobbs; Ben Seymour; James B. Rowe; Andrew J. Calder,The neural signature of escalating frustration in humans,Cortex,54.0,,165-178,2014.0,Charlotte Eben; Zhang Chen; Raquel E. London; Frederick Verbruggen,Escalating frustration - A replication attempt and extension of Yu et al. (2014),Open Research Europe,4.0,,135,2024.0,,,,,,,,,,,,,,,,,,,,yes,FReD_API_team,Neuroscience,Behavioral Neuroscience,"<a href=""https://doi.org/10.12688/openreseurope.17749.1"" target=""_blank"" style=""text-decoration:none; color:inherit;"">Eben C. <i>et al.</i> <i>Open Research Europe</i> 2024</a>","<a href=""https://doi.org/10.1016/j.cortex.2014.02.013"" target=""_blank"" style=""text-decoration:none; color:inherit;"">Yu R. <i>et al.</i> <i>Cortex</i> 2014</a>",inconclusive
http://doi.org/10.1016/j.learninstruc.2014.08.004,http://doi.org/10.1007/s11251-024-09670-y,,failure,Katharina Loibl; Nikol Rummel,Knowing what you don't know makes failure productive,Learning and Instruction,34.0,,74-85,2014.0,Katharina Loibl; Timo Leuders,Can failure be made productive also in Bayesian reasoning? A conceptual replication study,Instructional Science,,,,2024.0,,,,,,,,,,,,,,,,,,,,yes,FReD_API_team,Social Sciences,Education,"<a href=""https://doi.org/10.1007/s11251-024-09670-y"" target=""_blank"" style=""text-decoration:none; color:inherit;"">Loibl K. <i>et al.</i> <i>Instructional Science</i> 2024</a>","<a href=""https://doi.org/10.1016/j.learninstruc.2014.08.004"" target=""_blank"" style=""text-decoration:none; color:inherit;"">Loibl K. <i>et al.</i> <i>Learning and Instruction</i> 2014</a>",inconclusive
http://doi.org/10.1016/j.cognition.2014.09.006,http://doi.org/10.1007/s00213-019-05314-z,Blood alcohol concentration increases utilitarian moral judgments in personal moral dilemmas such as the footbridge dilemma,inconclusive,Aaron A. Duke; Laurent Bègue,The drunk utilitarian: Blood alcohol concentration predicts utilitarian responses in moral dilemmas,Cognition,134.0,,121-127,2015.0,Kathryn B. Francis; Michaela Gummerum; Giorgio Ganis; Ian S. Howard; Sylvia Terbeck,"Alcohol, empathy, and morality: acute effects of alcohol consumption on affective empathy and moral decision-making",Psychopharmacology,236.0,12,3477-3496,2019.0,,,,,,,,,,,,,,,,,,,,yes,FReD_API_team,Neuroscience,Cognitive Neuroscience,"<a href=""https://doi.org/10.1007/s00213-019-05314-z"" target=""_blank"" style=""text-decoration:none; color:inherit;"">Francis K. <i>et al.</i> <i>Psychopharmacology</i> 2019</a>","<a href=""https://doi.org/10.1016/j.cognition.2014.09.006"" target=""_blank"" style=""text-decoration:none; color:inherit;"">Duke A. <i>et al.</i> <i>Cognition</i> 2015</a>",inconclusive
http://doi.org/10.1037/pspa0000032,http://doi.org/10.1017/s1930297500007774,"Statements of the form 'A is more than B' elicit greater agreement and are more likely to be judged true than statements of the form 'B is less than A', despite describing identical ordinal relationships",inconclusive,Vera Hoorens; Susanne Bruckmüller,Less is more? Think again! A cognitive fluency-based more–less asymmetry in comparative communication.,Journal of Personality and Social Psychology,109.0,5,753-766,2015.0,William J. Skylark,More is easier? Testing the role of fluency in the more-credible effect,Judgment and Decision Making,16.0,3,638-686,2021.0,,,,,,,,,,,,,,,,,,,,yes,FReD_API_team,Social Sciences,Sociology and Political Science,"<a href=""https://doi.org/10.1017/s1930297500007774"" target=""_blank"" style=""text-decoration:none; color:inherit;"">Skylark W. <i>et al.</i> <i>Judgment and Decision Making</i> 2021</a>","<a href=""https://doi.org/10.1037/pspa0000032"" target=""_blank"" style=""text-decoration:none; color:inherit;"">Hoorens V. <i>et al.</i> <i>Journal of Personality and Social Psychology</i> 2015</a>",inconclusive
http://doi.org/10.1111/bjhp.12185,http://doi.org/10.1371/journal.pone.0313619,"Low-BMI control participants overestimated their size, while high-BMI controls underestimated their size, exhibiting the expected normal perceptual contraction bias. However, the women with a history of eating disorders showed no evidence of contraction bias.",success,Katri K. Cornelissen; Lucinda J. Gledhill; Piers L. Cornelissen; Martin J. Tovée,Visual biases in judging body weight,British Journal of Health Psychology,21.0,3,555-569,2016.0,Lise Gulli Brokjøb; Piers L. Cornelissen; Jiří Gumančík; Kristofor Mccarty; Martin J. Tovée; Katri K. Cornelissen,Evidence for a specific distortion in perceptual body image in eating disorders: A replication and extension,PLOS ONE,19.0,11,e0313619,2024.0,,,,,,,,,,,,,,,,,,,,yes,FReD_API_team,Psychology,Clinical Psychology,"<a href=""https://doi.org/10.1371/journal.pone.0313619"" target=""_blank"" style=""text-decoration:none; color:inherit;"">Brokjøb L. <i>et al.</i> <i>PLOS ONE</i> 2024</a>","<a href=""https://doi.org/10.1111/bjhp.12185"" target=""_blank"" style=""text-decoration:none; color:inherit;"">Cornelissen K. <i>et al.</i> <i>British Journal of Health Psychology</i> 2016</a>",inconclusive
http://doi.org/10.1111/lang.12161,http://doi.org/10.1017/s0272263124000238,Whether there is a relationship between phonological variables and inhibitory control.,failure,Isabelle Darcy; Joan C. Mora; Danielle Daidone,The Role of Inhibitory Control in Second Language Phonological Processing,Language Learning,66.0,4,741-773,2016.0,Amanda Huensch,"Clarifying the role of inhibitory control in L2 phonological processing: A preregistered, close replication of Darcy et al. (2016)",Studies in Second Language Acquisition,46.0,5,1392-1412,2024.0,,,,,,,,,,,,,,,,,,,,yes,FReD_API_team,Psychology,Experimental and Cognitive Psychology,"<a href=""https://doi.org/10.1017/s0272263124000238"" target=""_blank"" style=""text-decoration:none; color:inherit;"">Huensch A. <i>et al.</i> <i>Studies in Second Language Acquisition</i> 2024</a>","<a href=""https://doi.org/10.1111/lang.12161"" target=""_blank"" style=""text-decoration:none; color:inherit;"">Darcy I. <i>et al.</i> <i>Language Learning</i> 2016</a>",inconclusive
http://doi.org/10.1017/s1366728914000273,http://doi.org/10.1017/s0272263124000378,"Bilingual young adults demonstrate reduced global switch cost compared to monolinguals in nonlinguistic task-switching paradigms, indicating enhanced cognitive flexibility and executive control",inconclusive,Melody Wiseheart; Mythili Viswanathan; Ellen Bialystok,Flexibility in task switching by monolinguals and bilinguals,Bilingualism: Language and Cognition,19.0,1,141-146,2016.0,Rebecca Ward; Justin Awani,Bilingualism and flexibility in task switching,Studies in Second Language Acquisition,46.0,4,996-1012,2024.0,,,,,,,,,,,,,,,,,,,,yes,FReD_API_team,Neuroscience,Cognitive Neuroscience,"<a href=""https://doi.org/10.1017/s0272263124000378"" target=""_blank"" style=""text-decoration:none; color:inherit;"">Ward R. <i>et al.</i> <i>Studies in Second Language Acquisition</i> 2024</a>","<a href=""https://doi.org/10.1017/s1366728914000273"" target=""_blank"" style=""text-decoration:none; color:inherit;"">Wiseheart M. <i>et al.</i> <i>Bilingualism: Language and Cognition</i> 2016</a>",inconclusive
http://doi.org/10.1109/tse.2016.2527791,http://doi.org/10.1109/iccq60895.2024.10576941,,inconclusive,Jurgen Borstler; Barbara Paech,The Role of Method Chains and Comments in Software Readability and Comprehension—An Experiment,IEEE Transactions on Software Engineering,42.0,9,886-898,2016.0,Isabel Braga Sampaio; Alberto Sampaio,Replication of a Study about the Impact of Method Chaining and Comments on Readability and Comprehension,2024 4th International Conference on Code Quality (ICCQ),,,35-52,2024.0,,,,,,,,,,,,,,,,,,,,yes,FReD_API_team,Computer Science,Information Systems,"<a href=""https://doi.org/10.1109/iccq60895.2024.10576941"" target=""_blank"" style=""text-decoration:none; color:inherit;"">Sampaio I. <i>et al.</i> <i>2024 4th International Conference on Code Quality (ICCQ)</i> 2024</a>","<a href=""https://doi.org/10.1109/tse.2016.2527791"" target=""_blank"" style=""text-decoration:none; color:inherit;"">Borstler J. <i>et al.</i> <i>IEEE Transactions on Software Engineering</i> 2016</a>",inconclusive
http://doi.org/10.1249/mss.0000000000000818,http://doi.org/10.70252/nkky8370,"When pathogen threat is salient, people categorize elderly targets (especially elderly racial outgroup members) as outgroup members, with the effect particularly strong for participants low in chronic germ aversion",failure,Michael Wälchli; Jan Ruffieux; Yann Bourquin; Martin Keller; Wolfgang Taube,Maximizing Performance,Medicine &amp; Science in Sports &amp; Exercise,48.0,4,714-719,2016.0,Javad Bakhshinejad; Jasmin Hutchinson; Jennifer Murphy; Lydia Trainor; Sarah Friedman; Nicholas Coker,"The Effects of Augmented Feedback, Focus of Attention, and Monetary Reward on Vertical Jump Height: A Replication Study",International Journal of Exercise Science,18.0,7,13-26,2025.0,,,,,,,,,,,,,,,,,,,,yes,FReD_API_team,Medicine,Orthopedics and Sports Medicine,"<a href=""https://doi.org/10.70252/nkky8370"" target=""_blank"" style=""text-decoration:none; color:inherit;"">Bakhshinejad J. <i>et al.</i> <i>International Journal of Exercise Science</i> 2025</a>","<a href=""https://doi.org/10.1249/mss.0000000000000818"" target=""_blank"" style=""text-decoration:none; color:inherit;"">Wälchli M. <i>et al.</i> <i>Medicine &amp;amp; Science in Sports &amp;amp; Exercise</i> 2016</a>",inconclusive
http://doi.org/10.1016/j.obhdp.2018.10.004,http://doi.org/10.31234/osf.io/68jft,"Taller organizational structures are associated with greater perceived potential for cor-
ruption, and that these perceptions may compromise subsequent trust-related outcomes.",success,Sean Fath; Aaron C. Kay,"“If hierarchical, then corrupt”: Exploring people’s tendency to associate hierarchy with corruption in organizations",Organizational Behavior and Human Decision Processes,149.0,,145-164,2018.0,Thomas Rhys Evans; Renata Kviatkovskyte; Susannah O'Regan; Shernay A Adolph; Nishat; Floriana O Nkagbu Chukwudi; Tereza Wildova; Maja Krzan,Corruption and Hierarchy: A Replication of Studies 1c and 6 of Fath &amp;amp; Kay 2018,,,,,2024.0,,,,,,,,,,,,,,,,,,,,yes,FReD_API_team,Social Sciences,Safety Research,"<a href=""https://doi.org/10.31234/osf.io/68jft"" target=""_blank"" style=""text-decoration:none; color:inherit;"">Evans T. <i>et al.</i> <i></i> 2024</a>","<a href=""https://doi.org/10.1016/j.obhdp.2018.10.004"" target=""_blank"" style=""text-decoration:none; color:inherit;"">Fath S. <i>et al.</i> <i>Organizational Behavior and Human Decision Processes</i> 2018</a>",inconclusive
http://doi.org/10.1016/j.psychres.2017.09.048,http://doi.org/10.1002/erv.3103,Emotion recognition impairments arise with prolonged anorexia nervosa illness duration,success,Anca Sfärlea; Ellen Greimel; Belinda Platt; Alica C. Dieler; Gerd Schulte-Körne,Recognition of emotional facial expressions in adolescents with anorexia nervosa and adolescents with major depression,Psychiatry Research,262.0,,586-594,2018.0,Anca Sfärlea; Christina Buhl; Linda Lukas; Gerd Schulte‐Körne,Superior facial emotion recognition in adolescents with anorexia nervosa – A replication study,European Eating Disorders Review,32.0,5,943-951,2024.0,,,,,,,,,,,,,,,,,,,,yes,FReD_API_team,Psychology,Clinical Psychology,"<a href=""https://doi.org/10.1002/erv.3103"" target=""_blank"" style=""text-decoration:none; color:inherit;"">Sfärlea A. <i>et al.</i> <i>European Eating Disorders Review</i> 2024</a>","<a href=""https://doi.org/10.1016/j.psychres.2017.09.048"" target=""_blank"" style=""text-decoration:none; color:inherit;"">Sfärlea A. <i>et al.</i> <i>Psychiatry Research</i> 2018</a>",inconclusive
http://doi.org/10.1038/s41467-018-06785-y,http://doi.org/10.1038/s41467-024-46936-y,"Spontaneous post-extinction vmPFC reactivations predict
extinction memory retrieval. ",success,A. M. V. Gerlicher; O. Tüscher; R. Kalisch,Dopamine-dependent prefrontal reactivations explain long-term benefit of fear extinction,Nature Communications,9.0,1,4294,2018.0,Elena Andres; Hu Chuan-Peng; Anna M. V. Gerlicher; Benjamin Meyer; Oliver Tüscher; Raffael Kalisch,Replication study on the role of dopamine-dependent prefrontal reactivations in human extinction memory retrieval,Nature Communications,15.0,1,2699,2024.0,,,,,,,,,,,,,,,,,,,,yes,FReD_API_team,Neuroscience,Cognitive Neuroscience,"<a href=""https://doi.org/10.1038/s41467-024-46936-y"" target=""_blank"" style=""text-decoration:none; color:inherit;"">Andres E. <i>et al.</i> <i>Nature Communications</i> 2024</a>","<a href=""https://doi.org/10.1038/s41467-018-06785-y"" target=""_blank"" style=""text-decoration:none; color:inherit;"">Gerlicher A. <i>et al.</i> <i>Nature Communications</i> 2018</a>",inconclusive
http://doi.org/10.1038/s41467-018-06785-y,http://doi.org/10.1038/s41467-024-46936-y,L-DOPA administration significantly enhances memory retrieval.,failure,A. M. V. Gerlicher; O. Tüscher; R. Kalisch,Dopamine-dependent prefrontal reactivations explain long-term benefit of fear extinction,Nature Communications,9.0,1,4294,2018.0,Elena Andres; Hu Chuan-Peng; Anna M. V. Gerlicher; Benjamin Meyer; Oliver Tüscher; Raffael Kalisch,Replication study on the role of dopamine-dependent prefrontal reactivations in human extinction memory retrieval,Nature Communications,15.0,1,2699,2024.0,,,,,,,,,,,,,,,,,,,,yes,FReD_API_team,Neuroscience,Cognitive Neuroscience,"<a href=""https://doi.org/10.1038/s41467-024-46936-y"" target=""_blank"" style=""text-decoration:none; color:inherit;"">Andres E. <i>et al.</i> <i>Nature Communications</i> 2024</a>","<a href=""https://doi.org/10.1038/s41467-018-06785-y"" target=""_blank"" style=""text-decoration:none; color:inherit;"">Gerlicher A. <i>et al.</i> <i>Nature Communications</i> 2018</a>",inconclusive
http://doi.org/10.37237/relay/010204,http://doi.org/10.37237/150205,,inconclusive,Scott J. Shelton-Strong; Jo Mynard,Affective Factors in Self-Access Learning,Relay Journal,,,275-292,2018.0,Marcella Menegale; Lucia Spricigo,Enhancing L2 Confidence Through Learning Diaries: A Replication Study on Italian Lower-Secondary School Students,Studies in Self-Access Learning Journal,15.0,2,187-212,2024.0,,,,,,,,,,,,,,,,,,,,yes,FReD_API_team,Psychology,Developmental and Educational Psychology,"<a href=""https://doi.org/10.37237/150205"" target=""_blank"" style=""text-decoration:none; color:inherit;"">Menegale M. <i>et al.</i> <i>Studies in Self-Access Learning Journal</i> 2024</a>","<a href=""https://doi.org/10.37237/relay/010204"" target=""_blank"" style=""text-decoration:none; color:inherit;"">Shelton-Strong S. <i>et al.</i> <i>Relay Journal</i> 2018</a>",inconclusive
http://doi.org/10.3389/fped.2019.00206,http://doi.org/10.3389/fped.2021.590040,Testing previously reported genetic factors for Chronic Fatigue Syndrome.,failure,Melanie Perez; Rajeev Jaundoo; Kelly Hilton; Ana del Alamo; Kristina Gemayel; Nancy G. Klimas; Travis J. A. Craddock; Lubov Nathanson,"Genetic Predisposition for Immune System, Hormone, and Metabolic Dysfunction in Myalgic Encephalomyelitis/Chronic Fatigue Syndrome: A Pilot Study",Frontiers in Pediatrics,7.0,,206,2019.0,Felice L. Bedford; Bastian Greshake Tzovaras,Re-analysis of Genetic Risks for Chronic Fatigue Syndrome From 23andMe Data Finds Few Remain,Frontiers in Pediatrics,9.0,,590040,2021.0,,,,,,,,,,,,,,,,,,,,yes,FReD_API_team,Medicine,Psychiatry and Mental health,"<a href=""https://doi.org/10.3389/fped.2021.590040"" target=""_blank"" style=""text-decoration:none; color:inherit;"">Bedford F. <i>et al.</i> <i>Frontiers in Pediatrics</i> 2021</a>","<a href=""https://doi.org/10.3389/fped.2019.00206"" target=""_blank"" style=""text-decoration:none; color:inherit;"">Perez M. <i>et al.</i> <i>Frontiers in Pediatrics</i> 2019</a>",inconclusive
http://doi.org/10.1073/pnas.1908369116,http://doi.org/10.17645/mac.7807,Negativity causes an increase in skin conductance levels.,success,Stuart Soroka; Patrick Fournier; Lilach Nir,Cross-national evidence of a negativity bias in psychophysiological reactions to news,Proceedings of the National Academy of Sciences,116.0,38,18888-18892,2019.0,Roeland Dubèl; Gijs Schumacher; Maaike D. Homan; Delaney Peterson; Bert N. Bakker,"Replicating and Extending Soroka, Fournier, and Nir: Negative News Increases Arousal and Negative Affect",Media and Communication,12.0,,,2024.0,,,,,,,,,,,,,,,,,,,,yes,FReD_API_team,Social Sciences,Sociology and Political Science,"<a href=""https://doi.org/10.17645/mac.7807"" target=""_blank"" style=""text-decoration:none; color:inherit;"">Dubèl R. <i>et al.</i> <i>Media and Communication</i> 2024</a>","<a href=""https://doi.org/10.1073/pnas.1908369116"" target=""_blank"" style=""text-decoration:none; color:inherit;"">Soroka S. <i>et al.</i> <i>Proceedings of the National Academy of Sciences</i> 2019</a>",inconclusive
http://doi.org/10.1016/j.cortex.2020.12.017,http://doi.org/10.1038/s41598-022-04997-3,"Age impairs mnemonic discrimination ability, with a domain-specific effect showing stronger decline for object stimuli compared to scene stimuli",inconclusive,Jeremie Güsten; Gabriel Ziegler; Emrah Düzel; David Berron,"Age impairs mnemonic discrimination of objects more than scenes: A web-based, large-scale approach across the lifespan",Cortex,137.0,,138-148,2021.0,Jeremie Güsten; David Berron; Emrah Düzel; Gabriel Ziegler,Bayesian modeling of item heterogeneity in dichotomous recognition memory data and prospects for computerized adaptive testing,Scientific Reports,12.0,1,1250,2022.0,,,,,,,,,,,,,,,,,,,,yes,FReD_API_team,Psychology,Experimental and Cognitive Psychology,"<a href=""https://doi.org/10.1038/s41598-022-04997-3"" target=""_blank"" style=""text-decoration:none; color:inherit;"">Güsten J. <i>et al.</i> <i>Scientific Reports</i> 2022</a>","<a href=""https://doi.org/10.1016/j.cortex.2020.12.017"" target=""_blank"" style=""text-decoration:none; color:inherit;"">Güsten J. <i>et al.</i> <i>Cortex</i> 2021</a>",inconclusive
http://doi.org/10.1186/s40163-021-00141-0,http://doi.org/10.1080/15614263.2022.2102494,A small number of incidents consume a disproportionately large amount of police officer time. Emergency demand is concentrated in time and space.,inconclusive,Jerry H. Ratcliffe,Policing and public health calls for service in Philadelphia,Crime Science,10.0,1,5,2021.0,Samuel Langton; Stijn Ruiter; Tim Verlaan,Describing the scale and composition of calls for police service: a replication and extension using open data,Police Practice and Research,24.0,5,523-538,2023.0,,,,,,,,,,,,,,,,,,,,yes,FReD_API_team,Social Sciences,Political Science and International Relations,"<a href=""https://doi.org/10.1080/15614263.2022.2102494"" target=""_blank"" style=""text-decoration:none; color:inherit;"">Langton S. <i>et al.</i> <i>Police Practice and Research</i> 2023</a>","<a href=""https://doi.org/10.1186/s40163-021-00141-0"" target=""_blank"" style=""text-decoration:none; color:inherit;"">Ratcliffe J. <i>et al.</i> <i>Crime Science</i> 2021</a>",inconclusive
http://doi.org/10.1177/01461672211025423,http://doi.org/10.31234/osf.io/fmdqe,,success,Tina Nguyen; Taku Togawa; Abigail A. Scholer; David B. Miele; Kentaro Fujita,A Cross-Cultural Investigation of Metamotivational Beliefs About Regulatory Focus Task-Motivation Fit,Personality and Social Psychology Bulletin,48.0,5,807-820,2022.0,Leigh Ann Vaughn; David Chun; Gavin Ruddy,Beliefs about the Usefulness of Promotion and Prevention Focus: Replications of the American-Independent Conditions of Nguyen et al.’s (2021) Studies 2 and 3,,,,,2023.0,,,,,,,,,,,,,,,,,,,,yes,FReD_API_team,Psychology,Applied Psychology,"<a href=""https://doi.org/10.31234/osf.io/fmdqe"" target=""_blank"" style=""text-decoration:none; color:inherit;"">Vaughn L. <i>et al.</i> <i></i> 2023</a>","<a href=""https://doi.org/10.1177/01461672211025423"" target=""_blank"" style=""text-decoration:none; color:inherit;"">Nguyen T. <i>et al.</i> <i>Personality and Social Psychology Bulletin</i> 2022</a>",inconclusive
http://doi.org/10.1016/j.jarmac.2021.08.001,http://doi.org/10.1002/acp.4202,"Misinformation availability negatively correlates with misinformation effect change, that is, at high levels of MA resultin a reduction of the misinformation effect
(compared to single misinformation) ",inconclusive,Hartmut Blank; Anu Panday; Ross Edwards; Ewa Skopicz-Radkiewicz; Violet Gibson; Vasudevi Reddy,Double misinformation: Effects on eyewitness remembering.,Journal of Applied Research in Memory and Cognition,11.0,1,97-105,2022.0,Ewa Smołka; Hartmut Blank,Double misinformation and eyewitness performance: An experimental replication,Applied Cognitive Psychology,38.0,3,,2024.0,,,,,,,,,,,,,,,,,,,,yes,FReD_API_team,Neuroscience,Cognitive Neuroscience,"<a href=""https://doi.org/10.1002/acp.4202"" target=""_blank"" style=""text-decoration:none; color:inherit;"">Smołka E. <i>et al.</i> <i>Applied Cognitive Psychology</i> 2024</a>","<a href=""https://doi.org/10.1016/j.jarmac.2021.08.001"" target=""_blank"" style=""text-decoration:none; color:inherit;"">Blank H. <i>et al.</i> <i>Journal of Applied Research in Memory and Cognition</i> 2022</a>",inconclusive
http://doi.org/10.1016/j.paid.2021.111472,http://doi.org/10.1016/j.paid.2024.112692,"The present study replicated this bi-factor structure of repetitive thinking in a younger sample from the
Netherlands (N = 3906).",success,Ariana A. Castro; Juyoen Hur; Howard Berenbaum,A bifactor approach to modeling the structure of repetitive thinking: Replication and extension,Personality and Individual Differences,189.0,,111472,2022.0,Kevin Liu; Madison E. Wright; Levi A. Cole; Stacie L. Warren,Bi-factor model of repetitive thinking: Replication and extension,Personality and Individual Differences,226.0,,112692,2024.0,,,,,,,,,,,,,,,,,,,,yes,FReD_API_team,Psychology,Experimental and Cognitive Psychology,"<a href=""https://doi.org/10.1016/j.paid.2024.112692"" target=""_blank"" style=""text-decoration:none; color:inherit;"">Liu K. <i>et al.</i> <i>Personality and Individual Differences</i> 2024</a>","<a href=""https://doi.org/10.1016/j.paid.2021.111472"" target=""_blank"" style=""text-decoration:none; color:inherit;"">Castro A. <i>et al.</i> <i>Personality and Individual Differences</i> 2022</a>",inconclusive
http://doi.org/10.1075/jslp.22013.tel,http://doi.org/10.1093/applin/amae042,"whether L1 Brazilian Portuguese speakers are ranked as more competent and comprehensible than L1 Spanish speakers, recieving prefered treatment. ",failure,Cesar Teló; Pavel Trofimovich; Mary Grantham O’Brien,Disentangling professional competence and foreign accent,Journal of Second Language Pronunciation,8.0,3,413-443,2022.0,Cesar Teló; Rosane Silveira; Ana Flávia Boeing Marcelino; Mary G O’Brien,Accent Bias in Professional Evaluations: A Conceptual Replication Study in Brazil,Applied Linguistics,45.0,6,1010-1029,2024.0,,,,,,,,,,,,,,,,,,,,yes,FReD_API_team,Social Sciences,Linguistics and Language,"<a href=""https://doi.org/10.1093/applin/amae042"" target=""_blank"" style=""text-decoration:none; color:inherit;"">Teló C. <i>et al.</i> <i>Applied Linguistics</i> 2024</a>","<a href=""https://doi.org/10.1075/jslp.22013.tel"" target=""_blank"" style=""text-decoration:none; color:inherit;"">Teló C. <i>et al.</i> <i>Journal of Second Language Pronunciation</i> 2022</a>",inconclusive
http://doi.org/10.1007/s11150-021-09593-4,http://doi.org/10.1007/s10834-024-09975-7,parental involvement and the quality of parent–child interaction improves children’s language,failure,Juanita Bloomfield; Ana Balsa; Alejandro Cid,Using behavioral insights in early childhood interventions: the effects of Crianza Positiva e-messaging program on parental investment,Review of Economics of the Household,21.0,1,95-130,2023.0,Ana Balsa; Juanita Bloomfield; Alejandro Cid,The Conceptual Replication of Crianza Positiva E-Messaging Program During the COVID-19 Pandemic: Too Much or Too Little Information?,Journal of Family and Economic Issues,,,,2024.0,,,,,,,,,,,,,,,,,,,,yes,FReD_API_team,Psychology,Clinical Psychology,"<a href=""https://doi.org/10.1007/s10834-024-09975-7"" target=""_blank"" style=""text-decoration:none; color:inherit;"">Balsa A. <i>et al.</i> <i>Journal of Family and Economic Issues</i> 2024</a>","<a href=""https://doi.org/10.1007/s11150-021-09593-4"" target=""_blank"" style=""text-decoration:none; color:inherit;"">Bloomfield J. <i>et al.</i> <i>Review of Economics of the Household</i> 2023</a>",inconclusive
https://doi.org/10.1037/0022-3514.71.2.230,https://doi.org/10.1371/journal.pone.0029081,Hearing about old age makes people walk slower,failure,John A. Bargh; Mark Chen; Lara Burrows,Automaticity of social behavior: Direct effects of trait construct and stereotype activation on action,PLoS ONE,8.0,9,e74557,2013.0,Stéphane Doyen; Olivier Klein; Cora-Lise Pichon; Axel Cleeremans,"Behavioral Priming: It's All in the Mind, but Whose Mind?
",PLoS ONE,7.0,1,e29081,2012.0,30.0,0.73,d,,,,,120.0,0.1,d,0.342874187129986,0.0499376169438922,,,,,social psychology,,,yes,Dan Elton,,,"<a href=""https://doi.org/10.1371/journal.pone.0029081"" target=""_blank"" style=""text-decoration:none; color:inherit;"">Doyen S. <i>et al.</i> <i>PLoS ONE</i> 2012</a>",Giancardo L. <i>et al.</i> <i>PLoS ONE</i> 2013,inconclusive
http://doi.org/10.1037/0022-3514.37.10.1660,http://doi.org/10.1177/2515245918777487,The paper demonstrated that the ease with which a social category (like a personality trait) comes to mind influences how information is interpreted and stored.,failure,Thomas K. Srull; Robert S. Wyer,"The role of category accessibility in the interpretation of
information about persons: Some determinants and implications",Journal of Personality and Social Psychology,37.0,10,1660,1979.0,McCarthy et al. 2018,"Registered Replication Report on Srull and Wyer (1979)
",Advances in Methods and Practices in Psychological Science,1.0,3,321,2018.0,96.0,2.6,d,,,,,1402.0,-0.08,,0.7926239891046,,,,,,social psychology,,,yes,Dan Elton,,,"<a href=""https://doi.org/10.1177/2515245918777487"" target=""_blank"" style=""text-decoration:none; color:inherit;"">2018 M. <i>et al.</i> <i>Advances in Methods and Practices in Psychological Science</i> 2018</a>","<a href=""https://doi.org/10.1037/0022-3514.37.10.1660"" target=""_blank"" style=""text-decoration:none; color:inherit;"">Srull T. <i>et al.</i> <i>Journal of Personality and Social Psychology</i> 1979</a>",inconclusive
http://doi.org/10.14695/kjsos.2015.18.4.15,http://doi.org/10.1027/1864-9335/a000186,"Participants who cleansed their hands before judging moral scenarios rated the behaviors as less immoral—that is, cleanliness made moral judgments less severe.",failure,David J. Johnson; Felix Cheung; Brent Donnellan,"Cleanliness Reduces the Severity of
Moral Judgment",Korean Society for Emotion and Sensibility,18.0,4,15-24,2013.0,Johnson et al.,"Replication Does Cleanliness Influence Moral Judgments?
",Social Psychology,45.0,3,209-215,2014.0,40.0,-0.6,,,,,,208.0,-0.01,d,,-0.0049999375011718,,,,,social psychology,,priming,yes,Dan Elton,,,"<a href=""https://doi.org/10.1027/1864-9335/a000186"" target=""_blank"" style=""text-decoration:none; color:inherit;"">al. J. <i>et al.</i> <i>Social Psychology</i> 2014</a>","<a href=""https://doi.org/10.14695/kjsos.2015.18.4.15"" target=""_blank"" style=""text-decoration:none; color:inherit;"">Johnson D. <i>et al.</i> <i>Korean Society for Emotion and Sensibility</i> 2013</a>",inconclusive
http://doi.org/10.1509/jmkr.45.6.633,http://doi.org/10.1177/2515245918781032,"When participants had more opportunity to cheat on a math task, they cheat—but only a little—suggesting people balance gaining from dishonesty with maintaining a positive self-concept as honest individuals",failure,Nina Mažar; On Amir; Dan Ariely,"The Dishonesty of Honest People: A Theory of Self-Concept
Maintenance", Journal of Marketing Research,45.0,6,633,2008.0,Verschuere et al. 2018,"Registered replication report on Mazar, Amir, and Ariely (2008)",Advances in Methods and Practices in Psychological Science,1.0,3,299-317,2018.0,229.0,-1.45,d,,,,,5786.0,0.11,d,-0.586967571460931,0.0549170007571355,"[-0.09, 0.31]",,,,social psychology,,,yes,Dan Elton,,,"<a href=""https://doi.org/10.1177/2515245918781032"" target=""_blank"" style=""text-decoration:none; color:inherit;"">2018 V. <i>et al.</i> <i>Advances in Methods and Practices in Psychological Science</i> 2018</a>","<a href=""https://doi.org/10.1509/jmkr.45.6.633"" target=""_blank"" style=""text-decoration:none; color:inherit;"">Mažar N. <i>et al.</i> <i> Journal of Marketing Research</i> 2008</a>",reversal
https://doi.org/10.1111/j.1467-9280.2008.02084.x,https://doi.org/10.1371/journal.pone.0042510,"Priming people with cues of physical spatial distance (versus closeness) leads to reduced emotional engagement and altered evaluations—in this case, greater enjoyment of embarrassing media and less distress from violent media.",failure,Lawrence E. Williams; John A. Bargh,Keeping One's Distance,Psychological Science,19.0,3,302,2008.0,Pashler 2021,Priming of Social Distance? Failure to Replicate Effects on Social and Food Judgments,PLoS ONE,7.0,8,e42510,2012.0,73.0,0.31,d,,,,,92.0,0.009,d,0.153170954413191,0.0044999544381919,,,,,social psychology,,,yes,Dan Elton,,,"<a href=""https://doi.org/10.1371/journal.pone.0042510"" target=""_blank"" style=""text-decoration:none; color:inherit;"">2021 P. <i>et al.</i> <i>PLoS ONE</i> 2012</a>","<a href=""https://doi.org/10.1111/j.1467-9280.2008.02084.x"" target=""_blank"" style=""text-decoration:none; color:inherit;"">Williams L. <i>et al.</i> <i>Psychological Science</i> 2008</a>",inconclusive
http://doi.org/10.1037/0022-3514.82.6.956,http://doi.org/10.1177/1745691616664694,There is a causal link between subjective commitment to a relationship and how people responded to hypothetical betrayals of that relationship.,failure,Eli J. Finkel; Caryl E. Rusbult; Madoka Kumashiro; Peggy A. Hannon,"Dealing with betrayal in close relationships: Does commitment
promote forgiveness?",Journal of Personality and Social Psychology,82.0,6,956,2002.0,I. Cheung; L. Campbell; E. P. LeBel; R. A. Ackerman; B. Aykutoğlu; Š. Bahník; J. D. Bowen; C. A. Bredow; C. Bromberg; P. A. Caprariello; R. J. Carcedo; K. J. Carson; R. J. Cobb; N. L. Collins; C. A. Corretti; T. E. DiDonato; C. Ellithorpe; N. Fernández-Rouco; P. T. Fuglestad; R. M. Goldberg; F. D. Golom; E. Gündoğdu-Aktürk; L. B. Hoplock; P. Houdek; H. S. Kane; J. S. Kim; S. Kraus; C. T. Leone; N. P. Li; J. M. Logan; R. D. Millman; M. M. Morry; J. C. Pink; T. Ritchey; L. M. Root Luna; H. C. Sinclair; D. A. Stinson; T. A. Sucharyna; N. D. Tidwell; A. Uysal; M. Vranka; L. A. Winczewski; J. C. Yong,"Registered Replication Report: Study 1 from Finkel, Rusbult, Kumashiro, & Hannon",Perspectives on Psychological Science,11.0,5,750-764,2016.0,89.0,-0.65,,,,,,2284.0,-0.22,,,,,,,,psychology,,,yes,Dan Elton,,,"<a href=""https://doi.org/10.1177/1745691616664694"" target=""_blank"" style=""text-decoration:none; color:inherit;"">Cheung I. <i>et al.</i> <i>Perspectives on Psychological Science</i> 2016</a>","<a href=""https://doi.org/10.1037/0022-3514.82.6.956"" target=""_blank"" style=""text-decoration:none; color:inherit;"">Finkel E. <i>et al.</i> <i>Journal of Personality and Social Psychology</i> 2002</a>",inconclusive
http://doi.org/10.1162/qjec.2009.124.3.1057,http://doi.org/10.23846/rps0002,"Introduction of cable television in rural Indian villages reduces women's tolerance of spousal beatings, increases female autonomy, reduces son preference and fertility rates, and increases school enrollment",failure,Robert Jensen; Emily Oster,The Power of TV: Cable Television and Women's Status in India,Quarterly Journal of Economics,124,3,1057-1094,2009,Vegard Iversen; Richard Palmer‐Jones,"TV, female empowerment and demographic change in rural India",,,,,2014,,,,,,,,,,,,,,,,,,,,yes,Dan Elton,,,,,
http://doi.org/10.1162/003465398557744,http://doi.org/10.1007/s00181-005-0242-z,The Hotelling Valuation Principle (that the present discounted value of mineral reserves equals current market price minus extraction costs) accurately predicts gold mine values,failure,Robert D. Cairns; Graham A. Davis,On using current information to value hard-rock mineral properties,Review of Economics and Statistics,80,4,658,1998,Joseph G. Eisenhauer,A test of Hotelling’s Valuation Principle for nonrenewable resources,Empirical Economics,30,2,465,2005,,,,,,,,,,,,,,,,,,,,yes,Dan Elton,,,,,
http://doi.org/10.1162/003355304772839533,http://doi.org/10.1007/s00181-018-1457-0,"Deregulation of the German Trade and Crafts Code in 2004 caused uniform increases in market entry across fully and partially deregulated trades, with no change in exit probabilities",failure,Timothy Besley; Robin Burgess,Entry regulation and entrepreneurship: a natural experiment in German craftsmanship,The Quarterly Journal of Economics,119,1,91,2004,Petrik Runst; Jörg Thomä; Katarzyna Haverkamp; Klaus Müller,A replication of ‘Entry regulation and entrepreneurship: a natural experiment in German craftsmanship’,Empirical Economics,56,6,2225,2018,,,,,,,,,,,,,,,,,,,,yes,Dan Elton,,,,,
